pattern_rank,model,error_category,subrule,normalised_annotated_text,distinct_annotations,affected_documents,affected_reviewers,affected_archives,annotations_per_1000_model_tokens,prompt_candidate,example_surface_forms,example_documents,reviewers,archives
1,Llama 3.3 70B · 12 000 TPM,Cambios,Sustitución,y,82,18,6,13,1.9290940315712706,True,Y | y,AGI_INDIFERENTE_1529_N36_07 | AGI_INDIFERENTE_1529_N8_06 | AGN_HospJesus_c474_leg267-2_exp024_7473-7537_02 | BnF_032_33 | BnF_075_026,Adriana | Arturo | Flor | Paco | Paloma,agi_indiferente | agn_hospjesus | bnf_032 | bnf_075 | bnf_111
2,GPT OSS 120B · 8 000 TPM,Abreviaturas,Expansión completa,franco,28,13,7,11,2.403020940611054,True,Franco | franco,AGI_PATRONATO_182_R3_04 | AGN_AHHacienda_v268_exp046_01 | AGN_GralParte_v006_exp617_01 | AGN_IndiferenteVirreinal_caja4071_exp024_2 | AMP_AC_v021__doc026_1,Adriana | Arturo | Flor | Javier | Paco,agi_patronato | agn_ahhacienda | agn_gralparte | agn_indiferentevirreinal | amp_ac
3,Llama 3.3 70B · 12 000 TPM,Abreviaturas,Expansión completa,franco,27,12,5,11,0.6351894982002965,True,Franco | franco,AGI_CONTRATACION_1089_N8_151 | AGN_AHHacienda_v268_exp046_03 | AGN_HospJesus_c474_leg267-2_exp024_7473-7537_02 | AGN_Marina_v031A_exp02_fs85-92_15 | BnF_030_22,Arturo | Flor | Paco | Paloma | Rodrigo,agi_contratacion | agn_ahhacienda | agn_hospjesus | agn_marina | bnf_030
4,GPT OSS 120B · 8 000 TPM,Abreviaturas,Expansión completa,dha,25,10,7,9,2.1455544112598695,True,dha,AGI_PATRONATO_182_R3_01 | AGI_PATRONATO_182_R3_04 | AGN_AHHacienda_v1292_exp135 | AGN_GralParte_v006_exp617_01 | AGN_Indios_v019_exp354_2,Alba | Arturo | Flor | Javier | Paco,agi_patronato | agn_ahhacienda | agn_gralparte | agn_indios | agn_realesceddup
5,GPT OSS 120B · 8 000 TPM,Abreviaturas,Expansión completa,dho,32,9,7,8,2.7463096464126333,True,dho,AGI_PATRONATO_182_R3_01 | AGN_AHHacienda_v1292_exp135 | AGN_AHHacienda_v268_exp046_01 | AGN_GralParte_v006_exp617_01 | AGN_Indios_v019_exp354_2,Adriana | Alba | Arturo | Flor | Javier,agi_patronato | agn_ahhacienda | agn_gralparte | agn_indios | bne_ms3047
6,Llama 3.3 70B · 12 000 TPM,Abreviaturas,"Excepciones (desto/a/os, dello/a/os)",de esta,21,9,4,8,0.49403627637800834,True,de esta,AGN_AHHacienda_v268_exp046_02 | AGN_GralParte_v006_exp617_02 | AGN_IndiferenteVirreinal_caja4071_exp024_1 | AGN_Inquisicion_v1568A_exp152_fs115-116v_01 | BnF_032_23,Adriana | Arturo | Paloma | Rodrigo,agn_ahhacienda | agn_gralparte | agn_indiferentevirreinal | agn_inquisicion | bnf_032
7,Llama 3.3 70B · 12 000 TPM,Abreviaturas,Expansión completa,po,75,8,6,5,1.7644152727786013,True,Po | po,BP_CM_R494_156_2 | BnF_032_23 | BnF_111_21 | BnF_111_22 | BnF_111_27,Alba | Arturo | Flor | Javier | Paco,bnf_032 | bnf_111 | bnf_117 | bnf_267 | bp_cm
8,Llama 3.3 70B · 12 000 TPM,Cambios,Inserción,que,18,8,4,8,0.4234596654668643,True,que,AGN_AHHacienda_v268_exp046_02 | AGN_GralParte_v001_exp1020_01 | BP_CM_R481_016 | BnF_032_23 | BnF_118_03,Arturo | Edna | Paco | Paloma,agn_ahhacienda | agn_gralparte | bnf_032 | bnf_118 | bnf_119-148
9,Llama 3.3 70B · 12 000 TPM,Abreviaturas,Expansión completa,juo,18,8,4,7,0.4234596654668643,True,Juo | juo,AGI_INDIFERENTE_1529_N36_07 | AGN_AHHacienda_v268_exp046_03 | BnF_032_23 | BnF_032_33 | BnF_110_13,Adriana | Alba | Arturo | Rodrigo,agi_indiferente | agn_ahhacienda | bnf_032 | bnf_110 | bnf_111
10,Llama 3.3 70B · 12 000 TPM,Abreviaturas,"Excepciones (desto/a/os, dello/a/os)",de este,12,7,2,6,0.2823064436445762,True,de este,AGN_AHHacienda_v268_exp046_02 | AGN_GralParte_v001_exp1020_01 | BnF_032_39 | BnF_075_026 | BnF_075_035,Arturo | Paloma,agn_ahhacienda | agn_gralparte | bnf_032 | bnf_075 | bnf_112
11,GPT OSS 120B · 8 000 TPM,Abreviaturas,Expansión completa,do,19,6,6,6,1.6306213525575008,True,do,AGN_AHHacienda_v1292_exp135 | AGN_Tierras_v039-2_exp003_72 | AMP_AC_v021__doc026_1 | BnF_075_014 | BnF_104_2,Alba | Arturo | Edna | Javier | Paco,agn_ahhacienda | agn_tierras | amp_ac | bnf_075 | bnf_104
12,GPT OSS 120B · 8 000 TPM,Cambios,Sustitución,dos,9,6,5,6,0.772399588053553,True,dos,AGI_GUADALAJARA_230_L2_F_45V-46V_1 | AGN_Indios_v009_exp003_fs4v-5_01 | AGN_Marina_v004_exp006_014 | BnF_030_27 | BnF_104_2,Arturo | Edna | Javier | Paco | Rodrigo,agi_guadalajara | agn_indios | agn_marina | bnf_030 | bnf_104
13,GPT OSS 120B · 8 000 TPM,Abreviaturas,Expansión completa,q,40,6,5,5,3.4328870580157913,True,q,AGN_GralParte_v006_exp617_01 | AGN_Indios_v019_exp354_2 | BnF_032_36 | BnF_111_20 | BnF_113_04,Alba | Flor | Paco | Paloma | Rodrigo,agn_gralparte | agn_indios | bnf_032 | bnf_111 | bnf_113
14,GPT OSS 120B · 8 000 TPM,Abreviaturas,Expansión completa,po,9,6,5,5,0.772399588053553,True,Po | po,AGN_GralParte_v006_exp617_01 | AGN_Indios_v019_exp354_2 | BNE_ms3047_4 | BnF_032_36 | BnF_112_02,Alba | Arturo | Javier | Paco | Rodrigo,agn_gralparte | agn_indios | bne_ms3047 | bnf_032 | bnf_112
15,GPT OSS 120B · 8 000 TPM,Abreviaturas,Expansión completa,quios,6,6,4,6,0.5149330587023687,True,quios,AGI_PATRONATO_182_R3_01 | AGN_AHHacienda_v1292_exp135 | AGN_Mercedes_v003_exp520 | BnF_030_21 | BnF_032_36,Alba | Edna | Javier | Paco,agi_patronato | agn_ahhacienda | agn_mercedes | bnf_030 | bnf_032
16,GPT OSS 120B · 8 000 TPM,Abreviaturas,Expansión completa,dhas,7,5,5,4,0.6007552351527635,True,dhas,AGN_GralParte_v006_exp617_01 | AGN_Indios_v019_exp354_2 | BnF_112_02 | BnF_112_25 | BnF_113_22,Alba | Arturo | Paco | Paloma | Rodrigo,agn_gralparte | agn_indios | bnf_112 | bnf_113
17,Llama 3.3 70B · 12 000 TPM,Cambios,Sustitución,seiscientos,5,5,5,4,0.11762768485190674,True,seiscientos,BnF_075_003 | BnF_075_035 | BnF_117_13 | BnF_119-148_13 | utblac_wbs_1433_duplicated_1,Adriana | Arturo | Edna | Paco | Rodrigo,bnf_075 | bnf_117 | bnf_119-148 | utblac_wbs
18,GPT OSS 120B · 8 000 TPM,Abreviaturas,No sub-rule assigned,dha,9,5,4,4,0.772399588053553,True,dha,AGN_AHHacienda_v268_exp046_01 | AGN_Mercedes_v003_exp520 | BnF_030_21 | BnF_112_04 | BnF_112_23,Adriana | Alba | Edna | Paloma,agn_ahhacienda | agn_mercedes | bnf_030 | bnf_112
19,GPT OSS 120B · 8 000 TPM,Filológicas - instrucciones,Regularización de i/y vocálicas,yndio,7,5,4,3,0.6007552351527635,True,yndio,BnF_111_20 | BnF_112_02 | BnF_112_04 | BnF_112_23 | BnF_113_22,Arturo | Edna | Flor | Paloma,bnf_111 | bnf_112 | bnf_113
20,GPT OSS 120B · 8 000 TPM,Acentuación,No sub-rule assigned,dias,7,5,3,5,0.6007552351527635,True,dias,AGI_PATRONATO_182_R3_01 | AGN_GralParte_v006_exp617_01 | AGN_Indios_v019_exp354_2 | AGN_Mercedes_v003_exp520 | BnF_113_22,Alba | Paloma | Rodrigo,agi_patronato | agn_gralparte | agn_indios | agn_mercedes | bnf_113
21,Llama 3.3 70B · 12 000 TPM,Cambios,Deleción,así,6,5,3,5,0.1411532218222881,True,así,AGI_INDIFERENTE_1529_N8_06 | BnF_075_035 | BnF_113_43 | BnF_117_03 | BnF_119-148_33,Arturo | Paloma | Rodrigo,agi_indiferente | bnf_075 | bnf_113 | bnf_117 | bnf_119-148
22,GPT OSS 120B · 8 000 TPM,Filológicas - instrucciones,Regularización de H etimológica,a,5,5,3,5,0.4291108822519739,True,A | a,AGI_INDIFERENTE_2065_N45_09 | AGN_GralParte_v006_exp617_01 | BnF_030_27 | BnF_111_20 | BnF_113_22,Flor | Paloma | Rodrigo,agi_indiferente | agn_gralparte | bnf_030 | bnf_111 | bnf_113
23,GPT OSS 120B · 8 000 TPM,Abreviaturas,Expansión completa,mag,7,5,3,3,0.6007552351527635,True,mag,AGI_PATRONATO_182_R3_01 | AGI_PATRONATO_182_R3_04 | AGN_Mercedes_v003_exp520 | BnF_032_15 | BnF_032_36,Alba | Flor | Paco,agi_patronato | agn_mercedes | bnf_032
24,GPT OSS 120B · 8 000 TPM,Abreviaturas,Expansión completa,puo,11,4,4,4,0.9440439409543426,True,puo,AGN_Indios_v019_exp354_2 | BNE_ms3047_4 | BnF_111_20 | BnF_113_04,Alba | Flor | Javier | Paco,agn_indios | bne_ms3047 | bnf_111 | bnf_113
25,GPT OSS 120B · 8 000 TPM,Cambios,Sustitución,de,8,4,4,4,0.6865774116031583,True,de,AGI_PATRONATO_181_R13_1 | AGN_Indios_v009_exp003_fs4v-5_01 | BnF_030_27 | BnF_112_25,Arturo | Paco | Paloma | Rodrigo,agi_patronato | agn_indios | bnf_030 | bnf_112
26,GPT OSS 120B · 8 000 TPM,Abreviaturas,No sub-rule assigned,dho,11,4,4,3,0.9440439409543426,True,dho,AGN_Mercedes_v003_exp520 | BnF_111_20 | BnF_112_04 | BnF_112_23,Alba | Edna | Flor | Paloma,agn_mercedes | bnf_111 | bnf_112
27,GPT OSS 120B · 8 000 TPM,Abreviaturas,Expansión completa,aos,4,4,4,3,0.34328870580157916,True,aos,AGN_AHHacienda_v1292_exp135 | AGN_AHHacienda_v268_exp046_01 | AGN_GralParte_v006_exp617_01 | AGN_Indios_v019_exp354_2,Adriana | Alba | Javier | Rodrigo,agn_ahhacienda | agn_gralparte | agn_indios
28,Llama 3.3 70B · 12 000 TPM,Cambios,Sustitución,juan,16,4,3,4,0.3764085915261016,True,Juan,BnF_030_22 | BnF_075_003 | BnF_110_13 | BnF_174_04,Adriana | Paco | Paloma,bnf_030 | bnf_075 | bnf_110 | bnf_174
29,GPT OSS 120B · 8 000 TPM,Acentuación,No sub-rule assigned,mi,8,4,3,4,0.6865774116031583,True,mi,AGI_CONTRATACION_1183_N8_78 | AGN_Indios_v009_exp003_fs4v-5_01 | BnF_104_2 | BnF_113_04,Adriana | Arturo | Paco,agi_contratacion | agn_indios | bnf_104 | bnf_113
30,GPT OSS 120B · 8 000 TPM,Abreviaturas,Expansión completa,de,6,4,3,4,0.5149330587023687,True,de,AGI_PATRONATO_182_R3_04 | BNE_ms3047_4 | BnF_030_27 | BnF_112_25,Javier | Paco | Rodrigo,agi_patronato | bne_ms3047 | bnf_030 | bnf_112
31,GPT OSS 120B · 8 000 TPM,Abreviaturas,Expansión completa,rs,5,4,3,4,0.4291108822519739,True,Rs,AGI_CONTRATACION_1091_N3_098 | AGN_AHHacienda_v1292_exp135 | AGN_IndiferenteVirreinal_caja4071_exp024_2 | AGN_Indios_v019_exp354_2,Alba | Javier | Paloma,agi_contratacion | agn_ahhacienda | agn_indiferentevirreinal | agn_indios
32,GPT OSS 120B · 8 000 TPM,Acentuación,No sub-rule assigned,el,4,4,3,4,0.34328870580157916,True,el,AGN_Marina_v004_exp006_005 | AMP_AC_v021__doc026_1 | BNE_ms3047_1 | BnF_112_02,Arturo | Edna | Rodrigo,agn_marina | amp_ac | bne_ms3047 | bnf_112
33,GPT OSS 120B · 8 000 TPM,Filológicas - instrucciones,x sibilante → j,dixo,6,4,3,3,0.5149330587023687,True,dixo,BnF_111_20 | BnF_112_04 | BnF_112_23 | BnF_113_22,Edna | Flor | Paloma,bnf_111 | bnf_112 | bnf_113
34,Llama 3.3 70B · 12 000 TPM,Cambios,Sustitución,principales,10,4,3,2,0.23525536970381347,True,principales,AGN_HospJesus_c474_leg267-2_exp024_7473-7537_02 | AGN_HospJesus_c474_leg267-2_exp024_7473-7537_05 | AGN_HospJesus_c474_leg267-2_exp024_7473-7537_10 | BnF_032_23,Arturo | Paco | Rodrigo,agn_hospjesus | bnf_032
35,GPT OSS 120B · 8 000 TPM,Cambios,Sustitución,y,32,4,2,4,2.7463096464126333,True,Y | y,AGI_INDIFERENTE_2065_N45_09 | BnF_030_27 | BnF_104_2 | BnF_116_02,Paco | Rodrigo,agi_indiferente | bnf_030 | bnf_104 | bnf_116
36,GPT OSS 120B · 8 000 TPM,Abreviaturas,"Excepciones (desto/a/os, dello/a/os)",desta,10,4,2,4,0.8582217645039478,True,deSta | desta,AGI_PATRONATO_182_R3_01 | AGN_RealesCedDup_v030_exp874 | BnF_112_25 | BnF_116_02,Alba | Paco,agi_patronato | agn_realesceddup | bnf_112 | bnf_116
37,GPT OSS 120B · 8 000 TPM,Abreviaturas,Expansión completa,da,5,4,2,4,0.4291108822519739,True,da,AGI_PATRONATO_182_R3_04 | BnF_075_014 | BnF_104_2 | BnF_112_25,Alba | Paco,agi_patronato | bnf_075 | bnf_104 | bnf_112
38,GPT OSS 120B · 8 000 TPM,Abreviaturas,No sub-rule assigned,franco,4,4,2,4,0.34328870580157916,True,Franco | franco,AGI_GUADALAJARA_230_L2_F_45V-46V_1 | BnF_030_21 | BnF_112_23 | BnF_113_22,Edna | Paloma,agi_guadalajara | bnf_030 | bnf_112 | bnf_113
39,Llama 3.3 70B · 12 000 TPM,Abreviaturas,"Excepciones (desto/a/os, dello/a/os)",de ellos,4,4,2,4,0.0941021478815254,True,de ellos,AGN_GralParte_v006_exp617_02 | AGN_Inquisicion_v1568A_exp152_fs115-116v_01 | BP_CM_R481_016 | BnF_075_026,Arturo | Rodrigo,agn_gralparte | agn_inquisicion | bnf_075 | bp_cm
40,Llama 3.3 70B · 12 000 TPM,Abreviaturas,Expansión completa,to,71,4,2,3,1.670313124897076,True,to,AGN_HospJesus_c205_exp041_04 | BnF_111_21 | BnF_267_03 | BnF_267_23,Flor | Paco,agn_hospjesus | bnf_111 | bnf_267
41,Llama 3.3 70B · 12 000 TPM,Abreviaturas,No sub-rule assigned,seiscientos,4,4,2,3,0.0941021478815254,True,seiscientos,BnF_110_09 | BnF_110_33 | BnF_118_05 | BnF_119-148_13,Alba | Edna,bnf_110 | bnf_118 | bnf_119-148
42,GPT OSS 120B · 8 000 TPM,Abreviaturas,No sub-rule assigned,q,14,3,3,3,1.201510470305527,True,q,AGN_Mercedes_v003_exp520 | BnF_112_23 | BnF_113_22,Alba | Edna | Paloma,agn_mercedes | bnf_112 | bnf_113
43,GPT OSS 120B · 8 000 TPM,Cambios,Sustitución,del,12,3,3,3,1.0298661174047374,True,del,AGN_Indios_v002_exp835 | BnF_030_21 | BnF_112_25,Edna | Paco | Paloma,agn_indios | bnf_030 | bnf_112
44,Llama 3.3 70B · 12 000 TPM,Abreviaturas,Expansión completa,dn,10,3,3,3,0.23525536970381347,True,Dn,BnF_174_02 | BnF_243_16 | UIA_Ms149_Exp3_04,Alba | Javier | Rodrigo,bnf_174 | bnf_243 | uia_ms149
45,GPT OSS 120B · 8 000 TPM,Filológicas - instrucciones,Regularización de H etimológica,ay,6,3,3,3,0.5149330587023687,True,ay,AGN_Mercedes_v003_exp520 | BNE_ms3047_1 | BnF_112_23,Alba | Edna | Rodrigo,agn_mercedes | bne_ms3047 | bnf_112
46,GPT OSS 120B · 8 000 TPM,Abreviaturas,Expansión completa,dhos,5,3,3,3,0.4291108822519739,True,dhos,AGI_PATRONATO_182_R3_01 | BnF_032_36 | BnF_111_20,Alba | Flor | Paco,agi_patronato | bnf_032 | bnf_111
47,GPT OSS 120B · 8 000 TPM,Abreviaturas,No sub-rule assigned,dos,4,3,3,3,0.34328870580157916,True,dos,AGI_GUADALAJARA_230_L2_F_45V-46V_1 | AGN_Marina_v004_exp006_014 | BnF_116_02,Edna | Javier | Paco,agi_guadalajara | agn_marina | bnf_116
48,GPT OSS 120B · 8 000 TPM,Acentuación,No sub-rule assigned,relacion,4,3,3,3,0.34328870580157916,True,Relacion | relacion,AGN_GralParte_v006_exp617_01 | AGN_Indios_v019_exp354_2 | BnF_112_23,Alba | Edna | Rodrigo,agn_gralparte | agn_indios | bnf_112
49,GPT OSS 120B · 8 000 TPM,Filológicas - instrucciones,Regularización de i/y vocálicas,yndios,4,3,3,3,0.34328870580157916,True,Yndios | yndios,AGN_Indios_v019_exp354_2 | BnF_111_20 | BnF_113_22,Alba | Flor | Paloma,agn_indios | bnf_111 | bnf_113
50,Llama 3.3 70B · 12 000 TPM,Abreviaturas,Expansión completa,anto,4,3,3,3,0.0941021478815254,True,Anto,AGI_CONTRATACION_1089_N8_151 | AGN_HospJesus_c205_exp041_04 | BnF_243_16,Flor | Paco | Rodrigo,agi_contratacion | agn_hospjesus | bnf_243
51,Llama 3.3 70B · 12 000 TPM,Acentuación,No sub-rule assigned,declaro,4,3,3,3,0.0941021478815254,True,declaro,AGI_CONTRATACION_1089_N8_176 | AGN_GralParte_v006_exp617_02 | BnF_075_026,Arturo | Flor | Rodrigo,agi_contratacion | agn_gralparte | bnf_075
52,Llama 3.3 70B · 12 000 TPM,Acentuación,No sub-rule assigned,el,4,3,3,3,0.0941021478815254,True,el,AGN_HospJesus_c474_leg267-2_exp024_7473-7537_05 | BnF_117_03 | Mechoacan_Yurirapundaro_1,Adriana | Arturo | Rodrigo,agn_hospjesus | bnf_117 | mechoacan_yurirapundaro
53,Llama 3.3 70B · 12 000 TPM,Cambios,Inserción,de la,4,3,3,3,0.0941021478815254,True,de la,AGN_HospJesus_c474_leg267-2_exp024_7473-7537_05 | BnF_119-148_33 | BnF_266_07,Paco | Paloma | Rodrigo,agn_hospjesus | bnf_119-148 | bnf_266
54,GPT OSS 120B · 8 000 TPM,Abreviaturas,Expansión completa,nra,3,3,3,3,0.25746652935118436,True,nra,AGI_GUADALAJARA_230_L2_F_45V-46V_2 | AGI_PATRONATO_182_R3_01 | BNE_ms3047_1,Adriana | Alba | Rodrigo,agi_guadalajara | agi_patronato | bne_ms3047
55,GPT OSS 120B · 8 000 TPM,Cambios,Sustitución,él,3,3,3,3,0.25746652935118436,True,él,AGI_INDIFERENTE_2065_N45_09 | AGI_PATRONATO_182_R3_04 | AGN_Indios_v002_exp835,Paco | Paloma | Rodrigo,agi_indiferente | agi_patronato | agn_indios
56,Llama 3.3 70B · 12 000 TPM,Abreviaturas,Expansión completa,sor,3,3,3,3,0.07057661091114405,True,Sor | sor,BnF_113_25 | BnF_117_13 | BnF_174_02,Flor | Javier | Paco,bnf_113 | bnf_117 | bnf_174
57,Llama 3.3 70B · 12 000 TPM,Cambios,Sustitución,hecho,3,3,3,3,0.07057661091114405,True,hecho,BnF_112_08 | BnF_394_10 | Mechoacan_Yurirapundaro_2,Arturo | Flor | Paloma,bnf_112 | bnf_394 | mechoacan_yurirapundaro
58,Llama 3.3 70B · 12 000 TPM,Cambios,Sustitución,para,6,3,3,2,0.1411532218222881,True,para,BP_CM_R481_071_2 | BnF_266_03 | BnF_266_10,Adriana | Flor | Rodrigo,bnf_266 | bp_cm
59,GPT OSS 120B · 8 000 TPM,Filológicas - instrucciones,Regularización de H etimológica,aver,4,3,3,2,0.34328870580157916,True,aver,BnF_111_20 | BnF_112_02 | BnF_112_23,Arturo | Edna | Flor,bnf_111 | bnf_112
60,GPT OSS 120B · 8 000 TPM,Filológicas - instrucciones,Regularización de labiales (b/v),aver,4,3,3,2,0.34328870580157916,True,aver,BnF_111_20 | BnF_112_02 | BnF_112_23,Arturo | Edna | Flor,bnf_111 | bnf_112
61,GPT OSS 120B · 8 000 TPM,Cambios,Sustitución,do,14,3,2,3,1.201510470305527,True,do,AGN_Tierras_v039-2_exp003_72 | BnF_030_21 | BnF_104_2,Edna | Paco,agn_tierras | bnf_030 | bnf_104
62,GPT OSS 120B · 8 000 TPM,Abreviaturas,"Excepciones (desto/a/os, dello/a/os)",deste,7,3,2,3,0.6007552351527635,True,deste,AGI_PATRONATO_182_R3_01 | BnF_032_36 | BnF_104_2,Alba | Paco,agi_patronato | bnf_032 | bnf_104
63,Llama 3.3 70B · 12 000 TPM,Abreviaturas,No sub-rule assigned,franco,7,3,2,3,0.16467875879266947,True,Franco,AGN_HospJesus_c205_exp041_04 | BnF_113_43 | BnF_174_04,Flor | Paloma,agn_hospjesus | bnf_113 | bnf_174
64,GPT OSS 120B · 8 000 TPM,Abreviaturas,Expansión completa,justa,6,3,2,3,0.5149330587023687,True,justa,BnF_111_20 | BnF_112_25 | BnF_116_02,Flor | Paco,bnf_111 | bnf_112 | bnf_116
65,Llama 3.3 70B · 12 000 TPM,Filológicas - instrucciones,Regularización de labiales (b/v),escrivano,6,3,2,3,0.1411532218222881,True,escrivano,AGN_AHHacienda_v268_exp046_03 | BnF_075_003 | BnF_116_07,Adriana | Arturo,agn_ahhacienda | bnf_075 | bnf_116
66,GPT OSS 120B · 8 000 TPM,Abreviaturas,Expansión completa,pa,5,3,2,3,0.4291108822519739,True,pa,AGN_Indios_v019_exp354_2 | AGN_Mercedes_v003_exp520 | BnF_032_36,Alba | Paco,agn_indios | agn_mercedes | bnf_032
67,GPT OSS 120B · 8 000 TPM,Abreviaturas,Expansión completa,dos,4,3,2,3,0.34328870580157916,True,dos,BnF_075_014 | BnF_104_2 | BnF_112_25,Alba | Paco,bnf_075 | bnf_104 | bnf_112
68,GPT OSS 120B · 8 000 TPM,Abreviaturas,Expansión completa,esta,4,3,2,3,0.34328870580157916,True,esta,AGI_PATRONATO_182_R3_04 | AGN_GralParte_v006_exp617_01 | BNE_ms3047_1,Paco | Rodrigo,agi_patronato | agn_gralparte | bne_ms3047
69,GPT OSS 120B · 8 000 TPM,Abreviaturas,No sub-rule assigned,mexco,4,3,2,3,0.34328870580157916,True,Mexco | mexco,AGN_Indios_v019_exp354_2 | AGN_RealesCedDup_v030_exp874 | BnF_112_23,Alba | Edna,agn_indios | agn_realesceddup | bnf_112
70,Llama 3.3 70B · 12 000 TPM,Abreviaturas,"Excepciones (desto/a/os, dello/a/os)",de ellas,4,3,2,3,0.0941021478815254,True,de ellas,AGN_HospJesus_c474_leg267-2_exp024_7473-7537_10 | BnF_112_08 | BnF_118_08,Arturo | Paloma,agn_hospjesus | bnf_112 | bnf_118
71,Llama 3.3 70B · 12 000 TPM,Abreviaturas,"Excepciones (desto/a/os, dello/a/os)",della,4,3,2,3,0.0941021478815254,True,della,AMP_AC_v021__doc026_2 | BNE_ms3047_3 | BnF_111_27,Alba | Javier,amp_ac | bne_ms3047 | bnf_111
72,GPT OSS 120B · 8 000 TPM,Abreviaturas,Expansión completa,mo,3,3,2,3,0.25746652935118436,True,Mo | mo,AGI_CONTRATACION_1091_N3_098 | AGN_AHHacienda_v1292_exp135 | BNE_ms3047_1,Javier | Rodrigo,agi_contratacion | agn_ahhacienda | bne_ms3047
73,GPT OSS 120B · 8 000 TPM,Abreviaturas,Expansión completa,nro,3,3,2,3,0.25746652935118436,True,nro,BnF_112_04 | BnF_113_04 | BnF_116_02,Paco | Paloma,bnf_112 | bnf_113 | bnf_116
74,Llama 3.3 70B · 12 000 TPM,Acentuación,No sub-rule assigned,como,3,3,2,3,0.07057661091114405,True,como,BnF_110_09 | BnF_174_03 | UIA_Ms149_Exp2_51,Alba | Arturo,bnf_110 | bnf_174 | uia_ms149
75,Llama 3.3 70B · 12 000 TPM,Cambios,Inserción,los,3,3,2,3,0.07057661091114405,True,los,BnF_032_23 | BnF_117_15 | UIA_Ms149_Exp2_51,Arturo | Flor,bnf_032 | bnf_117 | uia_ms149
76,Llama 3.3 70B · 12 000 TPM,Cambios,Sustitución,que,3,3,2,3,0.07057661091114405,True,que,BnF_030_22 | BnF_111_21 | utblac_gg_mss_g62_duplicated_09,Flor | Paco,bnf_030 | bnf_111 | utblac_gg
77,Llama 3.3 70B · 12 000 TPM,Cambios,No sub-rule assigned,y,43,3,2,2,1.011598089726398,True,y,BnF_032_33 | BnF_075_003 | BnF_075_026,Adriana | Arturo,bnf_032 | bnf_075
78,GPT OSS 120B · 8 000 TPM,Abreviaturas,Expansión completa,sor,9,3,2,2,0.772399588053553,True,Sor | sor,AGN_RealesCedDup_v030_exp874 | AGN_RealesCedDup_v050_exp062 | BnF_112_04,Alba | Paloma,agn_realesceddup | bnf_112
79,GPT OSS 120B · 8 000 TPM,Abreviaturas,Expansión completa,pos,16,2,2,2,1.3731548232063167,True,pos,AGN_AHHacienda_v1292_exp135 | BNE_ms3047_1,Javier | Rodrigo,agn_ahhacienda | bne_ms3047
80,GPT OSS 120B · 8 000 TPM,Abreviaturas,Expansión completa,del,9,2,2,2,0.772399588053553,True,del,BnF_075_014 | BnF_112_25,Alba | Paco,bnf_075 | bnf_112
81,GPT OSS 120B · 8 000 TPM,Abreviaturas,Expansión completa,to,8,2,2,2,0.6865774116031583,True,To | to,AGN_AHHacienda_v1292_exp135 | BnF_111_20,Flor | Javier,agn_ahhacienda | bnf_111
82,GPT OSS 120B · 8 000 TPM,Abreviaturas,No sub-rule assigned,puo,8,2,2,2,0.6865774116031583,True,puo,AGN_Mercedes_v003_exp520 | BnF_113_22,Alba | Paloma,agn_mercedes | bnf_113
83,Llama 3.3 70B · 12 000 TPM,Abreviaturas,No sub-rule assigned,dn,7,2,2,2,0.16467875879266947,True,Dn,BnF_243_17 | BnF_244_02,Alba | Edna,bnf_243 | bnf_244
84,Llama 3.3 70B · 12 000 TPM,Cambios,Inserción,y,7,2,2,2,0.16467875879266947,True,y,AGN_HospJesus_c474_leg267-2_exp024_7473-7537_05 | BnF_266_10,Flor | Rodrigo,agn_hospjesus | bnf_266
85,GPT OSS 120B · 8 000 TPM,Filológicas - instrucciones,Regularización de la nasal palatal,anos,6,2,2,2,0.5149330587023687,True,anos,AGI_CONTRATACION_1183_N8_78 | BnF_113_22,Adriana | Paloma,agi_contratacion | bnf_113
86,Llama 3.3 70B · 12 000 TPM,Abreviaturas,Expansión completa,p.,6,2,2,2,0.1411532218222881,True,P.,BnF_244_04 | BnF_264_03,Adriana | Edna,bnf_244 | bnf_264
87,Llama 3.3 70B · 12 000 TPM,Cambios,Deleción,del,6,2,2,2,0.1411532218222881,True,del,AGI_INDIFERENTE_1529_N36_07 | BnF_174_04,Paloma | Rodrigo,agi_indiferente | bnf_174
88,GPT OSS 120B · 8 000 TPM,Abreviaturas,Expansión completa,ao,5,2,2,2,0.4291108822519739,True,ao,AGN_AHHacienda_v268_exp046_01 | BnF_032_36,Adriana | Paco,agn_ahhacienda | bnf_032
89,GPT OSS 120B · 8 000 TPM,Abreviaturas,Expansión completa,rl,5,2,2,2,0.4291108822519739,True,RL | Rl,AGN_AHHacienda_v268_exp046_01 | AGN_Indios_v019_exp354_2,Adriana | Alba,agn_ahhacienda | agn_indios
90,GPT OSS 120B · 8 000 TPM,Cambios,Sustitución,poco,5,2,2,2,0.4291108822519739,True,poco,AGI_INDIFERENTE_2065_N45_09 | AGN_Tierras_v039-2_exp003_72,Edna | Rodrigo,agi_indiferente | agn_tierras
91,GPT OSS 120B · 8 000 TPM,Cambios,Sustitución,quiso,5,2,2,2,0.4291108822519739,True,quiso,AGN_Tierras_v039-2_exp003_72 | BnF_111_20,Edna | Flor,agn_tierras | bnf_111
92,Llama 3.3 70B · 12 000 TPM,Cambios,Deleción,mi,5,2,2,2,0.11762768485190674,True,mi,BnF_030_22 | BnF_032_39,Paco | Paloma,bnf_030 | bnf_032
93,Llama 3.3 70B · 12 000 TPM,Cambios,Sustitución,mi,5,2,2,2,0.11762768485190674,True,mi,BnF_030_22 | BnF_032_39,Paco | Paloma,bnf_030 | bnf_032
94,GPT OSS 120B · 8 000 TPM,Abreviaturas,No sub-rule assigned,do,4,2,2,2,0.34328870580157916,True,do,AGN_RealesCedDup_v050_exp062 | BnF_030_21,Edna | Paloma,agn_realesceddup | bnf_030
95,GPT OSS 120B · 8 000 TPM,Cambios,Deleción,españa,4,2,2,2,0.34328870580157916,True,España,AGI_PATRONATO_181_R13_1 | AGN_Mercedes_v003_exp520,Alba | Paloma,agi_patronato | agn_mercedes
96,GPT OSS 120B · 8 000 TPM,Cambios,Sustitución,el,4,2,2,2,0.34328870580157916,True,El | el,AGI_INDIFERENTE_2065_N45_09 | AGN_AHHacienda_v1292_exp135,Javier | Rodrigo,agi_indiferente | agn_ahhacienda
97,GPT OSS 120B · 8 000 TPM,Filológicas - instrucciones,Regularización de i/y vocálicas,myguel,4,2,2,2,0.34328870580157916,True,myguel,BnF_111_20 | BnF_113_22,Flor | Paloma,bnf_111 | bnf_113
98,Llama 3.3 70B · 12 000 TPM,Acentuación,No sub-rule assigned,firme,4,2,2,2,0.0941021478815254,True,firme,AGN_Tierras_v039-2_exp003_41 | BnF_243_16,Flor | Rodrigo,agn_tierras | bnf_243
99,Llama 3.3 70B · 12 000 TPM,Cambios,Deleción,a,4,2,2,2,0.0941021478815254,True,a,AGI_INDIFERENTE_1529_N36_07 | AGI_PATRONATO_181_R13_2,Paloma | Rodrigo,agi_indiferente | agi_patronato
100,GPT OSS 120B · 8 000 TPM,Abreviaturas,Expansión completa,anto,3,2,2,2,0.25746652935118436,True,anto,AGN_GralParte_v006_exp617_01 | BnF_104_2,Paco | Rodrigo,agn_gralparte | bnf_104
101,GPT OSS 120B · 8 000 TPM,Abreviaturas,Expansión completa,audía,3,2,2,2,0.25746652935118436,True,audía,AGI_GUADALAJARA_230_L2_F_45V-46V_2 | BnF_116_02,Adriana | Paco,agi_guadalajara | bnf_116
102,GPT OSS 120B · 8 000 TPM,Abreviaturas,Expansión completa,ciud,3,2,2,2,0.25746652935118436,True,Ciud | ciud,AGN_RealesCedDup_v050_exp062 | BNE_ms3047_4,Javier | Paloma,agn_realesceddup | bne_ms3047
103,GPT OSS 120B · 8 000 TPM,Abreviaturas,Expansión completa,dio,3,2,2,2,0.25746652935118436,True,dio,BnF_075_014 | BnF_112_02,Alba | Arturo,bnf_075 | bnf_112
104,GPT OSS 120B · 8 000 TPM,Abreviaturas,Expansión completa,exa,3,2,2,2,0.25746652935118436,True,exa,AGN_GralParte_v006_exp617_01 | AGN_Indios_v019_exp354_2,Alba | Rodrigo,agn_gralparte | agn_indios
105,GPT OSS 120B · 8 000 TPM,Abreviaturas,Expansión completa,mexco,3,2,2,2,0.25746652935118436,True,mexco,AGN_GralParte_v006_exp617_01 | AGN_RealesCedDup_v050_exp062,Paloma | Rodrigo,agn_gralparte | agn_realesceddup
106,GPT OSS 120B · 8 000 TPM,Abreviaturas,Expansión completa,xptoval,3,2,2,2,0.25746652935118436,True,Xptoval | xptoval,AGI_PATRONATO_182_R3_04 | AGN_Indios_v019_exp354_2,Alba | Paco,agi_patronato | agn_indios
107,GPT OSS 120B · 8 000 TPM,Abreviaturas,No sub-rule assigned,dhos,3,2,2,2,0.25746652935118436,True,dhos,AGN_Mercedes_v003_exp520 | BnF_113_22,Alba | Paloma,agn_mercedes | bnf_113
108,GPT OSS 120B · 8 000 TPM,Abreviaturas,No sub-rule assigned,tpo,3,2,2,2,0.25746652935118436,True,tpo,AGN_RealesCedDup_v030_exp874 | BnF_112_04,Alba | Paloma,agn_realesceddup | bnf_112
109,GPT OSS 120B · 8 000 TPM,Acentuación,No sub-rule assigned,mando,3,2,2,2,0.25746652935118436,True,mando,BnF_032_36 | BnF_112_02,Arturo | Paco,bnf_032 | bnf_112
110,GPT OSS 120B · 8 000 TPM,Acentuación,No sub-rule assigned,posesion,3,2,2,2,0.25746652935118436,True,posesion,AGN_Mercedes_v003_exp520 | BnF_112_02,Alba | Arturo,agn_mercedes | bnf_112
111,GPT OSS 120B · 8 000 TPM,Acentuación,No sub-rule assigned,terminos,3,2,2,2,0.25746652935118436,True,terminos,AGN_GralParte_v006_exp617_01 | AGN_Mercedes_v003_exp520,Alba | Rodrigo,agn_gralparte | agn_mercedes
112,GPT OSS 120B · 8 000 TPM,Cambios,Deleción,del pueblo,3,2,2,2,0.25746652935118436,True,del pueblo,AGN_Indios_v009_exp003_fs4v-5_01 | BnF_116_02,Arturo | Paco,agn_indios | bnf_116
113,GPT OSS 120B · 8 000 TPM,Cambios,Otros,para,3,2,2,2,0.25746652935118436,True,Para | para,AGN_GralParte_v006_exp617_01 | BnF_116_02,Paco | Rodrigo,agn_gralparte | bnf_116
114,GPT OSS 120B · 8 000 TPM,Cambios,Sustitución,allá,3,2,2,2,0.25746652935118436,True,allá,AGI_INDIFERENTE_2065_N45_09 | AGN_Tierras_v039-2_exp003_72,Edna | Rodrigo,agi_indiferente | agn_tierras
115,GPT OSS 120B · 8 000 TPM,Cambios,Sustitución,se,3,2,2,2,0.25746652935118436,True,se,AGN_RealesCedDup_v050_exp062 | AMP_AC_v021__doc026_1,Paloma | Rodrigo,agn_realesceddup | amp_ac
116,GPT OSS 120B · 8 000 TPM,Filológicas - instrucciones,Regularización de labiales (b/v),nueba,3,2,2,2,0.25746652935118436,True,nueba,AGI_PATRONATO_182_R3_04 | AGN_Mercedes_v003_exp520,Alba | Paco,agi_patronato | agn_mercedes
117,GPT OSS 120B · 8 000 TPM,Filológicas - mecánicas,Regularización de sibilantes,doze,3,2,2,2,0.25746652935118436,True,doze,AGI_CONTRATACION_1183_N8_78 | AGN_RealesCedDup_v030_exp874,Adriana | Alba,agi_contratacion | agn_realesceddup
118,Llama 3.3 70B · 12 000 TPM,Abreviaturas,"Excepciones (desto/a/os, dello/a/os)",de ello,3,2,2,2,0.07057661091114405,True,de ello,BnF_075_035 | utblac_wbs_1433_duplicated_1,Arturo | Rodrigo,bnf_075 | utblac_wbs
119,Llama 3.3 70B · 12 000 TPM,Abreviaturas,"Excepciones (desto/a/os, dello/a/os)",de estos,3,2,2,2,0.07057661091114405,True,de estos,AGI_INDIFERENTE_1529_N8_06 | Mechoacan_Yurirapundaro_1,Adriana | Rodrigo,agi_indiferente | mechoacan_yurirapundaro
120,Llama 3.3 70B · 12 000 TPM,Abreviaturas,Expansión completa,vo,3,2,2,2,0.07057661091114405,True,Vo | vo,AGI_CONTRATACION_1089_N8_151 | utblac_gg_mss_g62_duplicated_11,Alba | Paco,agi_contratacion | utblac_gg
121,Llama 3.3 70B · 12 000 TPM,Cambios,Deleción,al,3,2,2,2,0.07057661091114405,True,al,AGN_GralParte_v001_exp1020_01 | BnF_266_07,Paco | Paloma,agn_gralparte | bnf_266
122,Llama 3.3 70B · 12 000 TPM,Cambios,Sustitución,ciudad,3,2,2,2,0.07057661091114405,True,ciudad,BnF_032_39 | BnF_394_07,Paloma | Rodrigo,bnf_032 | bnf_394
123,Llama 3.3 70B · 12 000 TPM,Cambios,Sustitución,fue,3,2,2,2,0.07057661091114405,True,Fue | fue,AGN_Congregaciones_v001_exp076 | AGN_GralParte_v001_exp1020_02,Edna | Javier,agn_congregaciones | agn_gralparte
124,Llama 3.3 70B · 12 000 TPM,Cambios,Sustitución,lo,3,2,2,2,0.07057661091114405,True,lo,BnF_110_09 | utblac_wbs_0912a_duplicated,Alba | Arturo,bnf_110 | utblac_wbs
125,Llama 3.3 70B · 12 000 TPM,Filológicas - instrucciones,Regularización de i/y vocálicas,yndio,3,2,2,2,0.07057661091114405,True,yndio,BnF_032_33 | BnF_104_3,Adriana | Alba,bnf_032 | bnf_104
126,Llama 3.3 70B · 12 000 TPM,Filológicas - instrucciones,Regularización de labiales (b/v),aver,3,2,2,2,0.07057661091114405,True,aver,AGN_Tierras_v039-2_exp003_41 | BnF_112_08,Flor | Paloma,agn_tierras | bnf_112
127,GPT OSS 120B · 8 000 TPM,Abreviaturas,Expansión completa,das,2,2,2,2,0.17164435290078958,True,das,AGI_PATRONATO_182_R3_04 | BnF_112_02,Arturo | Paco,agi_patronato | bnf_112
128,GPT OSS 120B · 8 000 TPM,Abreviaturas,Expansión completa,juo,2,2,2,2,0.17164435290078958,True,Juo | juo,AGN_GralParte_v006_exp617_01 | BNE_ms3047_4,Javier | Rodrigo,agn_gralparte | bne_ms3047
129,GPT OSS 120B · 8 000 TPM,Abreviaturas,Expansión completa,la,2,2,2,2,0.17164435290078958,True,La | la,AGN_GralParte_v006_exp617_01 | BnF_113_04,Paco | Rodrigo,agn_gralparte | bnf_113
130,GPT OSS 120B · 8 000 TPM,Abreviaturas,Expansión completa,magno,2,2,2,2,0.17164435290078958,True,magno,AMP_AC_v021__doc026_1 | BnF_104_2,Paco | Rodrigo,amp_ac | bnf_104
131,GPT OSS 120B · 8 000 TPM,Abreviaturas,Expansión completa,mdo,2,2,2,2,0.17164435290078958,True,mdo,AGN_GralParte_v006_exp617_01 | AGN_Indios_v019_exp354_2,Alba | Rodrigo,agn_gralparte | agn_indios
132,GPT OSS 120B · 8 000 TPM,Abreviaturas,Expansión completa,modo,2,2,2,2,0.17164435290078958,True,modo,AGI_GUADALAJARA_230_L2_F_45V-46V_2 | AGN_Tierras_v039-2_exp003_72,Adriana | Edna,agi_guadalajara | agn_tierras
133,GPT OSS 120B · 8 000 TPM,Abreviaturas,Expansión completa,ne,2,2,2,2,0.17164435290078958,True,ne,AGN_AHHacienda_v1292_exp135 | BnF_112_02,Arturo | Javier,agn_ahhacienda | bnf_112
134,GPT OSS 120B · 8 000 TPM,Abreviaturas,Expansión completa,partdo,2,2,2,2,0.17164435290078958,True,Partdo | partdo,AGN_AHHacienda_v1292_exp135 | AGN_RealesCedDup_v050_exp062,Javier | Paloma,agn_ahhacienda | agn_realesceddup
135,GPT OSS 120B · 8 000 TPM,Abreviaturas,Expansión completa,pueblo,2,2,2,2,0.17164435290078958,True,pueblo,AGN_Indios_v019_exp354_2 | BnF_112_25,Alba | Paco,agn_indios | bnf_112
136,GPT OSS 120B · 8 000 TPM,Abreviaturas,Expansión completa,qto,2,2,2,2,0.17164435290078958,True,qto,AGN_AHHacienda_v268_exp046_01 | AGN_Indios_v019_exp354_2,Adriana | Alba,agn_ahhacienda | agn_indios
137,GPT OSS 120B · 8 000 TPM,Abreviaturas,Expansión completa,seiso,2,2,2,2,0.17164435290078958,True,Seiso | seiso,AGN_Indios_v019_exp354_2 | AGN_RealesCedDup_v050_exp062,Alba | Paloma,agn_indios | agn_realesceddup
138,GPT OSS 120B · 8 000 TPM,Abreviaturas,Expansión completa,servo,2,2,2,2,0.17164435290078958,True,Servo | servo,AGN_Indios_v009_exp003_fs4v-5_01 | BNE_ms3047_1,Arturo | Rodrigo,agn_indios | bne_ms3047
139,GPT OSS 120B · 8 000 TPM,Acentuación,No sub-rule assigned,adjudico,2,2,2,2,0.17164435290078958,True,adjudico,BnF_032_36 | BnF_112_02,Arturo | Paco,bnf_032 | bnf_112
140,GPT OSS 120B · 8 000 TPM,Acentuación,No sub-rule assigned,despues,2,2,2,2,0.17164435290078958,True,despues,AGI_PATRONATO_182_R3_01 | BnF_113_22,Alba | Paloma,agi_patronato | bnf_113
141,GPT OSS 120B · 8 000 TPM,Acentuación,No sub-rule assigned,mexico,2,2,2,2,0.17164435290078958,True,mexico,AGI_PATRONATO_182_R3_01 | BnF_112_23,Alba | Edna,agi_patronato | bnf_112
142,GPT OSS 120B · 8 000 TPM,Acentuación,No sub-rule assigned,pidio,2,2,2,2,0.17164435290078958,True,pidio,AGN_GralParte_v006_exp617_01 | BnF_112_02,Arturo | Rodrigo,agn_gralparte | bnf_112
143,GPT OSS 120B · 8 000 TPM,Acentuación,No sub-rule assigned,vendio,2,2,2,2,0.17164435290078958,True,vendio,AGN_GralParte_v006_exp617_01 | BnF_112_02,Arturo | Rodrigo,agn_gralparte | bnf_112
144,GPT OSS 120B · 8 000 TPM,Cambios,Deleción,da,2,2,2,2,0.17164435290078958,True,da,AGN_RealesCedDup_v050_exp062 | BnF_112_25,Paco | Paloma,agn_realesceddup | bnf_112
145,GPT OSS 120B · 8 000 TPM,Cambios,Sustitución,alta,2,2,2,2,0.17164435290078958,True,alta,AGI_GUADALAJARA_230_L2_F_45V-46V_1 | AMP_AC_v021__doc026_1,Edna | Rodrigo,agi_guadalajara | amp_ac
146,GPT OSS 120B · 8 000 TPM,Cambios,Sustitución,haya,2,2,2,2,0.17164435290078958,True,haya,AGN_Indios_v002_exp835 | AMP_AC_v021__doc026_1,Paloma | Rodrigo,agn_indios | amp_ac
147,GPT OSS 120B · 8 000 TPM,Cambios,Sustitución,magno,2,2,2,2,0.17164435290078958,True,magno,AMP_AC_v021__doc026_1 | BnF_104_2,Paco | Rodrigo,amp_ac | bnf_104
148,GPT OSS 120B · 8 000 TPM,Cambios,Sustitución,trato,2,2,2,2,0.17164435290078958,True,trato,AGN_Indios_v009_exp003_fs4v-5_01 | BnF_104_2,Arturo | Paco,agn_indios | bnf_104
149,GPT OSS 120B · 8 000 TPM,Filológicas - instrucciones,Regularización de i/y vocálicas,myll,2,2,2,2,0.17164435290078958,True,myll,AGI_PATRONATO_182_R3_01 | BnF_112_23,Alba | Edna,agi_patronato | bnf_112
150,GPT OSS 120B · 8 000 TPM,Filológicas - instrucciones,Regularización de i/y vocálicas,yglesia,2,2,2,2,0.17164435290078958,True,yglesia,BnF_111_20 | BnF_112_04,Flor | Paloma,bnf_111 | bnf_112
151,GPT OSS 120B · 8 000 TPM,Filológicas - instrucciones,Regularización de labiales (b/v),boluntad,2,2,2,2,0.17164435290078958,True,boluntad,AGN_Mercedes_v003_exp520 | BnF_112_23,Alba | Edna,agn_mercedes | bnf_112
152,GPT OSS 120B · 8 000 TPM,Filológicas - instrucciones,Regularización de labiales (b/v),governador,2,2,2,2,0.17164435290078958,True,governador,BnF_111_20 | BnF_112_02,Arturo | Flor,bnf_111 | bnf_112
153,GPT OSS 120B · 8 000 TPM,Filológicas - mecánicas,Regularización de sibilantes,catorze,2,2,2,2,0.17164435290078958,True,Catorze | catorze,AGI_CONTRATACION_1183_N8_78 | BnF_111_20,Adriana | Flor,agi_contratacion | bnf_111
154,GPT OSS 120B · 8 000 TPM,Filológicas - mecánicas,Regularización de sibilantes,dizen,2,2,2,2,0.17164435290078958,True,dizen,BnF_112_02 | BnF_113_22,Arturo | Paloma,bnf_112 | bnf_113
155,GPT OSS 120B · 8 000 TPM,Filológicas - mecánicas,Regularización de sibilantes,haze,2,2,2,2,0.17164435290078958,True,haze,AGN_AHHacienda_v1292_exp135 | BnF_112_02,Arturo | Javier,agn_ahhacienda | bnf_112
156,GPT OSS 120B · 8 000 TPM,Filológicas - mecánicas,Simplificación de grupos vocálicos,myll,2,2,2,2,0.17164435290078958,True,myll,AGI_PATRONATO_182_R3_01 | BnF_112_23,Alba | Edna,agi_patronato | bnf_112
157,Llama 3.3 70B · 12 000 TPM,Abreviaturas,"Excepciones (desto/a/os, dello/a/os)",que está,2,2,2,2,0.0470510739407627,True,que está,BnF_116_08 | utblac_eog_j_04_duplicated_02,Adriana | Arturo,bnf_116 | utblac_eog
158,Llama 3.3 70B · 12 000 TPM,Abreviaturas,Expansión completa,dn.,2,2,2,2,0.0470510739407627,True,Dn.,BnF_167_29 | BnF_174_03,Adriana | Arturo,bnf_167 | bnf_174
159,Llama 3.3 70B · 12 000 TPM,Abreviaturas,Expansión completa,min,2,2,2,2,0.0470510739407627,True,Min | min,AGI_INDIFERENTE_1529_N36_07 | BnF_032_33,Adriana | Rodrigo,agi_indiferente | bnf_032
160,Llama 3.3 70B · 12 000 TPM,Abreviaturas,Expansión completa,seiscientos,2,2,2,2,0.0470510739407627,True,seiscientos,BnF_075_003 | BnF_117_13,Adriana | Paco,bnf_075 | bnf_117
161,Llama 3.3 70B · 12 000 TPM,Abreviaturas,Expansión completa,ses,2,2,2,2,0.0470510739407627,True,ses,AGN_AHHacienda_v268_exp046_03 | UIA_Ms149_Exp3_04,Alba | Arturo,agn_ahhacienda | uia_ms149
162,Llama 3.3 70B · 12 000 TPM,Abreviaturas,No sub-rule assigned,fue,2,2,2,2,0.0470510739407627,True,Fue | fue,AGN_GralParte_v001_exp1020_02 | BnF_118_05,Alba | Edna,agn_gralparte | bnf_118
163,Llama 3.3 70B · 12 000 TPM,Acentuación,No sub-rule assigned,obligo,2,2,2,2,0.0470510739407627,True,obligo,AGI_CONTRATACION_1089_N8_151 | AGN_AHHacienda_v268_exp046_03,Arturo | Paco,agi_contratacion | agn_ahhacienda
164,Llama 3.3 70B · 12 000 TPM,Cambios,Deleción,mil quinientos sesenta,2,2,2,2,0.0470510739407627,True,mil quinientos sesenta,BnF_113_43 | BnF_243_16,Paloma | Rodrigo,bnf_113 | bnf_243
165,Llama 3.3 70B · 12 000 TPM,Cambios,Deleción,que,2,2,2,2,0.0470510739407627,True,Que | que,AGN_AHHacienda_v268_exp046_03 | BnF_394_07,Arturo | Rodrigo,agn_ahhacienda | bnf_394
166,Llama 3.3 70B · 12 000 TPM,Cambios,Deleción,seiscientos,2,2,2,2,0.0470510739407627,True,seiscientos,BnF_075_035 | BnF_117_13,Arturo | Paco,bnf_075 | bnf_117
167,Llama 3.3 70B · 12 000 TPM,Cambios,Deleción,veintisiete,2,2,2,2,0.0470510739407627,True,veintisiete,BnF_030_22 | utblac_wbs_1433_duplicated_1,Paco | Rodrigo,bnf_030 | utblac_wbs
168,Llama 3.3 70B · 12 000 TPM,Cambios,Inserción,a,2,2,2,2,0.0470510739407627,True,a,BnF_118_03 | UIA_Ms149_Exp2_51,Arturo | Paloma,bnf_118 | uia_ms149
169,Llama 3.3 70B · 12 000 TPM,Cambios,Inserción,lo,2,2,2,2,0.0470510739407627,True,lo,AGN_HospJesus_c474_leg267-2_exp024_7473-7537_02 | BnF_118_08,Arturo | Paco,agn_hospjesus | bnf_118
170,Llama 3.3 70B · 12 000 TPM,Cambios,Sustitución,ahora,2,2,2,2,0.0470510739407627,True,ahora,AGI_INDIFERENTE_1529_N8_06 | utblac_wbs_0912a_duplicated,Arturo | Rodrigo,agi_indiferente | utblac_wbs
171,Llama 3.3 70B · 12 000 TPM,Cambios,Sustitución,así,2,2,2,2,0.0470510739407627,True,así,BnF_110_13 | BnF_119-148_16,Adriana | Flor,bnf_110 | bnf_119-148
172,Llama 3.3 70B · 12 000 TPM,Cambios,Sustitución,braza,2,2,2,2,0.0470510739407627,True,braza,BP_CM_R494_156_2 | BnF_032_23,Arturo | Javier,bnf_032 | bp_cm
173,Llama 3.3 70B · 12 000 TPM,Cambios,Sustitución,cien,2,2,2,2,0.0470510739407627,True,cien,BnF_118_06 | BnF_119-148_24,Adriana | Edna,bnf_118 | bnf_119-148
174,Llama 3.3 70B · 12 000 TPM,Cambios,Sustitución,del,2,2,2,2,0.0470510739407627,True,del,BnF_111_21 | utblac_eog_j_04_duplicated_02,Arturo | Flor,bnf_111 | utblac_eog
175,Llama 3.3 70B · 12 000 TPM,Cambios,Sustitución,dije,2,2,2,2,0.0470510739407627,True,dije,AGN_GralParte_v001_exp1020_01 | BnF_032_23,Arturo | Paloma,agn_gralparte | bnf_032
176,Llama 3.3 70B · 12 000 TPM,Cambios,Sustitución,envió,2,2,2,2,0.0470510739407627,True,envió,BnF_032_33 | BnF_266_03,Adriana | Rodrigo,bnf_032 | bnf_266
177,Llama 3.3 70B · 12 000 TPM,Cambios,Sustitución,ha,2,2,2,2,0.0470510739407627,True,ha,AGN_Marina_v031A_exp02_fs85-92_15 | BnF_119-148_33,Paco | Paloma,agn_marina | bnf_119-148
178,Llama 3.3 70B · 12 000 TPM,Cambios,Sustitución,hemos,2,2,2,2,0.0470510739407627,True,hemos,BnF_111_27 | BnF_119-148_24,Adriana | Alba,bnf_111 | bnf_119-148
179,Llama 3.3 70B · 12 000 TPM,Cambios,Sustitución,hubieren,2,2,2,2,0.0470510739407627,True,hubieren,AGN_Indios_v009_exp002_fs3v-4_01 | BnF_112_08,Arturo | Paloma,agn_indios | bnf_112
180,Llama 3.3 70B · 12 000 TPM,Cambios,Sustitución,josé,2,2,2,2,0.0470510739407627,True,José,AGN_Inquisicion_v1570A_exp134_fs159-160v_02 | BnF_113_25,Adriana | Flor,agn_inquisicion | bnf_113
181,Llama 3.3 70B · 12 000 TPM,Cambios,Sustitución,prueba,2,2,2,2,0.0470510739407627,True,prueba,BnF_110_29 | BnF_117_03,Arturo | Paloma,bnf_110 | bnf_117
182,Llama 3.3 70B · 12 000 TPM,Cambios,Sustitución,renuncia,2,2,2,2,0.0470510739407627,True,renuncia,AGN_AHHacienda_v268_exp046_02 | AGN_IndiferenteVirreinal_caja4071_exp024_1,Paloma | Rodrigo,agn_ahhacienda | agn_indiferentevirreinal
183,Llama 3.3 70B · 12 000 TPM,Cambios,Sustitución,siembra,2,2,2,2,0.0470510739407627,True,siembra,BnF_174_05 | UIA_Ms149_Exp3_43,Adriana | Paco,bnf_174 | uia_ms149
184,Llama 3.3 70B · 12 000 TPM,Cambios,Sustitución,veintisiete,2,2,2,2,0.0470510739407627,True,veintisiete,AGN_Indios_v009_exp002_fs3v-4_01 | BnF_030_22,Arturo | Paco,agn_indios | bnf_030
185,Llama 3.3 70B · 12 000 TPM,Cambios,Sustitución,vino,2,2,2,2,0.0470510739407627,True,Vino,AGN_HospJesus_c474_leg267-2_exp024_7473-7537_02 | BnF_266_03,Paco | Rodrigo,agn_hospjesus | bnf_266
186,Llama 3.3 70B · 12 000 TPM,Filológicas - instrucciones,Regularización de H etimológica,aver,2,2,2,2,0.0470510739407627,True,aver,AGN_Tierras_v039-2_exp003_41 | BnF_112_08,Flor | Paloma,agn_tierras | bnf_112
187,Llama 3.3 70B · 12 000 TPM,Abreviaturas,Expansión completa,tpo,3,3,2,1,0.07057661091114405,False,tpo,BnF_267_03 | BnF_267_15 | BnF_267_23,Adriana | Paco,bnf_267
188,GPT OSS 120B · 8 000 TPM,Cambios,Otros,la,6,3,1,3,0.5149330587023687,False,La,AGI_INDIFERENTE_2065_N45_09 | AGN_GralParte_v006_exp617_01 | BNE_ms3047_1,Rodrigo,agi_indiferente | agn_gralparte | bne_ms3047
189,GPT OSS 120B · 8 000 TPM,Acentuación,No sub-rule assigned,mas,4,3,1,3,0.34328870580157916,False,maS | mas,AGI_PATRONATO_182_R3_01 | AGN_Indios_v019_exp354_2 | AGN_RealesCedDup_v030_exp874,Alba,agi_patronato | agn_indios | agn_realesceddup
190,Llama 3.3 70B · 12 000 TPM,Acentuación,No sub-rule assigned,de,4,3,1,3,0.0941021478815254,False,de,AGN_GralParte_v006_exp617_02 | AGN_IndiferenteVirreinal_caja4071_exp024_1 | BnF_243_16,Rodrigo,agn_gralparte | agn_indiferentevirreinal | bnf_243
191,GPT OSS 120B · 8 000 TPM,Abreviaturas,Expansión completa,tos,3,3,1,3,0.25746652935118436,False,tos,BnF_032_36 | BnF_104_2 | BnF_113_04,Paco,bnf_032 | bnf_104 | bnf_113
192,GPT OSS 120B · 8 000 TPM,Acentuación,No sub-rule assigned,presento,3,3,1,3,0.25746652935118436,False,presento,BnF_032_36 | BnF_112_25 | BnF_113_04,Paco,bnf_032 | bnf_112 | bnf_113
193,Llama 3.3 70B · 12 000 TPM,Abreviaturas,Expansión completa,v. s.,16,2,2,1,0.3764085915261016,False,V. S.,BnF_174_03 | BnF_174_04,Arturo | Paloma,bnf_174
194,Llama 3.3 70B · 12 000 TPM,Filológicas - instrucciones,No modificar otros idiomas,tlacotepec,7,2,2,1,0.16467875879266947,False,Tlacotepec,BnF_032_23 | BnF_032_33,Adriana | Arturo,bnf_032
195,GPT OSS 120B · 8 000 TPM,Abreviaturas,Expansión completa,s.,5,2,2,1,0.4291108822519739,False,S. | s.,BNE_ms3047_1 | BNE_ms3047_4,Javier | Rodrigo,bne_ms3047
196,GPT OSS 120B · 8 000 TPM,Acentuación,No sub-rule assigned,camellon,5,2,2,1,0.4291108822519739,False,Camellon | camellon,BnF_112_02 | BnF_112_23,Arturo | Edna,bnf_112
197,Llama 3.3 70B · 12 000 TPM,Acentuación,No sub-rule assigned,cortes,5,2,2,1,0.11762768485190674,False,Cortes | cortes,AGI_CONTRATACION_1089_N8_151 | AGI_CONTRATACION_1089_N8_176,Flor | Paco,agi_contratacion
198,GPT OSS 120B · 8 000 TPM,Cambios,Sustitución,están,4,2,2,1,0.34328870580157916,False,Están,BnF_030_21 | BnF_030_27,Edna | Rodrigo,bnf_030
199,GPT OSS 120B · 8 000 TPM,Abreviaturas,Expansión completa,exmo,3,2,2,1,0.25746652935118436,False,exmo,AGN_RealesCedDup_v030_exp874 | AGN_RealesCedDup_v050_exp062,Alba | Paloma,agn_realesceddup
200,GPT OSS 120B · 8 000 TPM,Filológicas - instrucciones,Regularización de labiales (b/v),llamava,3,2,2,1,0.25746652935118436,False,llamava,BnF_112_02 | BnF_112_23,Arturo | Edna,bnf_112
201,GPT OSS 120B · 8 000 TPM,Filológicas - instrucciones,x sibilante → j,caxa,3,2,2,1,0.25746652935118436,False,caxa,AGN_AHHacienda_v1292_exp135 | AGN_AHHacienda_v268_exp046_01,Adriana | Javier,agn_ahhacienda
202,Llama 3.3 70B · 12 000 TPM,Abreviaturas,Expansión completa,franca,3,2,2,1,0.07057661091114405,False,Franca,BnF_243_16 | BnF_243_18,Adriana | Rodrigo,bnf_243
203,Llama 3.3 70B · 12 000 TPM,Abreviaturas,Expansión completa,justa,3,2,2,1,0.07057661091114405,False,justa,BnF_110_13 | BnF_110_29,Adriana | Paloma,bnf_110
204,GPT OSS 120B · 8 000 TPM,Abreviaturas,"Excepciones (desto/a/os, dello/a/os)",della,2,2,2,1,0.17164435290078958,False,della,AGI_PATRONATO_182_R3_01 | AGI_PATRONATO_182_R3_04,Alba | Paco,agi_patronato
205,GPT OSS 120B · 8 000 TPM,Abreviaturas,Expansión completa,sigtes,2,2,2,1,0.17164435290078958,False,Sigtes | sigtes,BNE_ms3047_1 | BNE_ms3047_4,Javier | Rodrigo,bne_ms3047
206,GPT OSS 120B · 8 000 TPM,Abreviaturas,Expansión completa,tie,2,2,2,1,0.17164435290078958,False,tie,BNE_ms3047_1 | BNE_ms3047_4,Javier | Rodrigo,bne_ms3047
207,GPT OSS 120B · 8 000 TPM,Cambios,Deleción,carvajal,2,2,2,1,0.17164435290078958,False,Carvajal | carvajal,BnF_112_02 | BnF_112_25,Arturo | Paco,bnf_112
208,GPT OSS 120B · 8 000 TPM,Filológicas - instrucciones,Regularización de labiales (b/v),dava,2,2,2,1,0.17164435290078958,False,dava,BnF_112_04 | BnF_112_23,Edna | Paloma,bnf_112
209,GPT OSS 120B · 8 000 TPM,Filológicas - instrucciones,x sibilante → j,debaxo,2,2,2,1,0.17164435290078958,False,debaxo,BnF_112_02 | BnF_112_04,Arturo | Paloma,bnf_112
210,GPT OSS 120B · 8 000 TPM,Filológicas - instrucciones,x sibilante → j,dexo,2,2,2,1,0.17164435290078958,False,dexo,BnF_112_02 | BnF_112_23,Arturo | Edna,bnf_112
211,Llama 3.3 70B · 12 000 TPM,Abreviaturas,Expansión completa,so,2,2,2,1,0.0470510739407627,False,So,BnF_117_03 | BnF_117_13,Arturo | Paco,bnf_117
212,Llama 3.3 70B · 12 000 TPM,Cambios,Sustitución,coyuacán,2,2,2,1,0.0470510739407627,False,Coyuacán,AGN_HospJesus_c474_leg267-2_exp024_7473-7537_02 | AGN_HospJesus_c474_leg267-2_exp024_7473-7537_10,Arturo | Paco,agn_hospjesus
213,Llama 3.3 70B · 12 000 TPM,Cambios,Sustitución,noroeste,2,2,2,1,0.0470510739407627,False,noroeste,BnF_174_03 | BnF_174_04,Arturo | Paloma,bnf_174
214,Llama 3.3 70B · 12 000 TPM,Abreviaturas,Expansión completa,dho,6,2,1,2,0.1411532218222881,False,dho,AGI_CONTRATACION_1089_N8_151 | BnF_267_23,Paco,agi_contratacion | bnf_267
215,GPT OSS 120B · 8 000 TPM,Abreviaturas,No sub-rule assigned,ma,5,2,1,2,0.4291108822519739,False,ma,AGN_Mercedes_v003_exp520 | AGN_RealesCedDup_v030_exp874,Alba,agn_mercedes | agn_realesceddup
216,GPT OSS 120B · 8 000 TPM,Abreviaturas,Expansión completa,marqs,4,2,1,2,0.34328870580157916,False,MarqS | Marqs,AGN_Indios_v019_exp354_2 | AGN_RealesCedDup_v030_exp874,Alba,agn_indios | agn_realesceddup
217,Llama 3.3 70B · 12 000 TPM,Abreviaturas,"Excepciones (desto/a/os, dello/a/os)",del,4,2,1,2,0.0941021478815254,False,del,AGS_CE_RG_L379_02 | utblac_eog_j_04_duplicated_02,Arturo,ags_ce | utblac_eog
218,Llama 3.3 70B · 12 000 TPM,Filológicas - instrucciones,Regularización de H etimológica,agora,4,2,1,2,0.0941021478815254,False,agora,LoC_HPKraus_138_new_07 | utblac_JGI_XXV-05_Tequixquiac_25,Edna,loc_hpkraus | utblac_jgi
219,GPT OSS 120B · 8 000 TPM,Abreviaturas,Expansión completa,audia,3,2,1,2,0.25746652935118436,False,audia,AGI_PATRONATO_182_R3_01 | AGN_Indios_v019_exp354_2,Alba,agi_patronato | agn_indios
220,GPT OSS 120B · 8 000 TPM,Abreviaturas,Expansión completa,eta,3,2,1,2,0.25746652935118436,False,eta,AGN_Indios_v019_exp354_2 | AGN_RealesCedDup_v030_exp874,Alba,agn_indios | agn_realesceddup
221,GPT OSS 120B · 8 000 TPM,Abreviaturas,Expansión completa,magd,3,2,1,2,0.25746652935118436,False,Magd | magd,AGN_IndiferenteVirreinal_caja4071_exp024_2 | AGN_RealesCedDup_v050_exp062,Paloma,agn_indiferentevirreinal | agn_realesceddup
222,GPT OSS 120B · 8 000 TPM,Cambios,Sustitución,da,3,2,1,2,0.25746652935118436,False,da,AGI_PATRONATO_182_R3_04 | BnF_104_2,Paco,agi_patronato | bnf_104
223,GPT OSS 120B · 8 000 TPM,Filológicas - instrucciones,Regularización de labiales (b/v),vienes,3,2,1,2,0.25746652935118436,False,vienes,AGN_IndiferenteVirreinal_caja4071_exp024_2 | AGN_RealesCedDup_v050_exp062,Paloma,agn_indiferentevirreinal | agn_realesceddup
224,Llama 3.3 70B · 12 000 TPM,Abreviaturas,"Excepciones (desto/a/os, dello/a/os)",de estas,3,2,1,2,0.07057661091114405,False,de estas,AGI_INDIFERENTE_1529_N36_07 | AGN_GralParte_v006_exp617_02,Rodrigo,agi_indiferente | agn_gralparte
225,Llama 3.3 70B · 12 000 TPM,Abreviaturas,Expansión completa,de este,3,2,1,2,0.07057661091114405,False,de este,AGN_AHHacienda_v268_exp046_02 | BnF_113_43,Paloma,agn_ahhacienda | bnf_113
226,Llama 3.3 70B · 12 000 TPM,Abreviaturas,No sub-rule assigned,setecientos,3,2,1,2,0.07057661091114405,False,setecientos,AGN_GralParte_v001_exp1020_02 | BnF_117_08,Edna,agn_gralparte | bnf_117
227,Llama 3.3 70B · 12 000 TPM,Cambios,Inserción,las,3,2,1,2,0.07057661091114405,False,las,BnF_119-148_33 | BnF_264_02,Paloma,bnf_119-148 | bnf_264
228,Llama 3.3 70B · 12 000 TPM,Cambios,Sustitución,setecientos,3,2,1,2,0.07057661091114405,False,setecientos,AGN_GralParte_v001_exp1020_02 | BnF_117_08,Edna,agn_gralparte | bnf_117
229,GPT OSS 120B · 8 000 TPM,Abreviaturas,Expansión completa,capan,2,2,1,2,0.17164435290078958,False,Capan | capan,AGN_GralParte_v006_exp617_01 | BNE_ms3047_1,Rodrigo,agn_gralparte | bne_ms3047
230,GPT OSS 120B · 8 000 TPM,Abreviaturas,Expansión completa,por,2,2,1,2,0.17164435290078958,False,por,AGI_PATRONATO_182_R3_04 | BnF_116_02,Paco,agi_patronato | bnf_116
231,GPT OSS 120B · 8 000 TPM,Abreviaturas,No sub-rule assigned,quios,2,2,1,2,0.17164435290078958,False,quios,AGI_GUADALAJARA_230_L2_F_45V-46V_1 | BnF_112_23,Edna,agi_guadalajara | bnf_112
232,GPT OSS 120B · 8 000 TPM,Acentuación,No sub-rule assigned,paso,2,2,1,2,0.17164435290078958,False,paso,AGI_PATRONATO_182_R3_04 | BnF_104_2,Paco,agi_patronato | bnf_104
233,GPT OSS 120B · 8 000 TPM,Cambios,Inserción,se,2,2,1,2,0.17164435290078958,False,se,AMP_AC_v021__doc026_1 | BnF_030_27,Rodrigo,amp_ac | bnf_030
234,GPT OSS 120B · 8 000 TPM,Filológicas - instrucciones,No sub-rule assigned,anos,2,2,1,2,0.17164435290078958,False,anos,BnF_032_36 | BnF_113_04,Paco,bnf_032 | bnf_113
235,Llama 3.3 70B · 12 000 TPM,Abreviaturas,Expansión completa,d.,2,2,1,2,0.0470510739407627,False,D.,AGN_AHHacienda_v268_exp046_03 | BnF_119-148_18,Arturo,agn_ahhacienda | bnf_119-148
236,Llama 3.3 70B · 12 000 TPM,Abreviaturas,Expansión completa,esta,2,2,1,2,0.0470510739407627,False,esta,AGI_CONTRATACION_1089_N8_151 | utblac_gg_mss_g62_duplicated_15,Paco,agi_contratacion | utblac_gg
237,Llama 3.3 70B · 12 000 TPM,Acentuación,No sub-rule assigned,aun,2,2,1,2,0.0470510739407627,False,aun,AGI_INDIFERENTE_1529_N8_06 | BnF_266_03,Rodrigo,agi_indiferente | bnf_266
238,Llama 3.3 70B · 12 000 TPM,Cambios,Deleción,mil quinientos setenta,2,2,1,2,0.0470510739407627,False,mil quinientos setenta,BnF_119-148_18 | utblac_wbs_0912a_duplicated,Arturo,bnf_119-148 | utblac_wbs
239,Llama 3.3 70B · 12 000 TPM,Cambios,Inserción,de,2,2,1,2,0.0470510739407627,False,de,AGI_CONTRATACION_1089_N8_176 | BnF_119-148_16,Flor,agi_contratacion | bnf_119-148
240,Llama 3.3 70B · 12 000 TPM,Cambios,Inserción,el,2,2,1,2,0.0470510739407627,False,el,AGN_Indios_v009_exp002_fs3v-4_01 | BnF_032_23,Arturo,agn_indios | bnf_032
241,Llama 3.3 70B · 12 000 TPM,Cambios,Sustitución,teniente,2,2,1,2,0.0470510739407627,False,teniente,BnF_113_43 | BnF_174_04,Paloma,bnf_113 | bnf_174
242,Llama 3.3 70B · 12 000 TPM,Cambios,Sustitución,y lo,2,2,1,2,0.0470510739407627,False,y lo,BnF_111_22 | BnF_113_43,Paloma,bnf_111 | bnf_113
243,Llama 3.3 70B · 12 000 TPM,Puntuación,"Coma (,)","costas, y",2,2,1,2,0.0470510739407627,False,"costas, y",AGN_HospJesus_c474_leg267-2_exp024_7473-7537_10 | BnF_117_03,Arturo,agn_hospjesus | bnf_117
244,Llama 3.3 70B · 12 000 TPM,Puntuación,"Coma (,)","justicia,",2,2,1,2,0.0470510739407627,False,"justicia,",BnF_075_035 | UIA_Ms149_Exp2_51,Arturo,bnf_075 | uia_ms149
245,Llama 3.3 70B · 12 000 TPM,Puntuación,"Coma (,)","paz, y",2,2,1,2,0.0470510739407627,False,"Paz, y | paz, y",AGS_CE_RG_L379_02 | BnF_174_03,Arturo,ags_ce | bnf_174
246,Llama 3.3 70B · 12 000 TPM,Puntuación,"Coma (,)","tierras, y",2,2,1,2,0.0470510739407627,False,"tierras, y",BnF_174_03 | UIA_Ms149_Exp2_51,Arturo,bnf_174 | uia_ms149
247,Llama 3.3 70B · 12 000 TPM,Filológicas - instrucciones,Regularización de i/y vocálicas,ytem,18,2,1,1,0.4234596654668643,False,Ytem,BnF_244_04 | BnF_244_05,Edna,bnf_244
248,Llama 3.3 70B · 12 000 TPM,Abreviaturas,Expansión completa,pdo,11,2,1,1,0.25878090667419484,False,pdo,BnF_267_03 | BnF_267_23,Paco,bnf_267
249,Llama 3.3 70B · 12 000 TPM,Abreviaturas,Expansión completa,puo,6,2,1,1,0.1411532218222881,False,puo,BnF_267_03 | BnF_267_23,Paco,bnf_267
250,Llama 3.3 70B · 12 000 TPM,Abreviaturas,Expansión completa,pos,5,2,1,1,0.11762768485190674,False,pos,BnF_267_03 | BnF_267_23,Paco,bnf_267
251,Llama 3.3 70B · 12 000 TPM,Puntuación,"Coma (,)","pueblo,",3,2,1,1,0.07057661091114405,False,"pueblo,",BnF_075_026 | BnF_075_035,Arturo,bnf_075
252,Llama 3.3 70B · 12 000 TPM,Puntuación,"Coma (,)","corregidor,",2,2,1,1,0.0470510739407627,False,"corregidor,",BnF_075_026 | BnF_075_035,Arturo,bnf_075
253,GPT OSS 120B · 8 000 TPM,Puntuación,Punto (.),.,17,1,1,1,1.4589769996567112,False,.,BnF_112_04,Paloma,bnf_112
254,Llama 3.3 70B · 12 000 TPM,Cambios,Inserción,granos,14,1,1,1,0.32935751758533893,False,granos,BnF_267_15,Adriana,bnf_267
255,GPT OSS 120B · 8 000 TPM,Abreviaturas,No sub-rule assigned,mi,12,1,1,1,1.0298661174047374,False,mi,BnF_030_21,Edna,bnf_030
256,GPT OSS 120B · 8 000 TPM,Filológicas - instrucciones,Regularización de i/y vocálicas,y,11,1,1,1,0.9440439409543426,False,Y | y,BNE_ms3047_4,Javier,bne_ms3047
257,Llama 3.3 70B · 12 000 TPM,Abreviaturas,Expansión completa,pr,11,1,1,1,0.25878090667419484,False,pr,BnF_264_03,Adriana,bnf_264
258,GPT OSS 120B · 8 000 TPM,Filológicas - mecánicas,Regularización de sibilantes,dho,10,1,1,1,0.8582217645039478,False,dho,BnF_113_22,Paloma,bnf_113
259,Llama 3.3 70B · 12 000 TPM,Abreviaturas,Expansión completa,partido,8,1,1,1,0.1882042957630508,False,partido,BnF_267_15,Adriana,bnf_267
260,Llama 3.3 70B · 12 000 TPM,Cambios,Deleción,y mocouh,8,1,1,1,0.1882042957630508,False,y mocouh,BnF_118_03,Paloma,bnf_118
261,Llama 3.3 70B · 12 000 TPM,Abreviaturas,Expansión completa,f,7,1,1,1,0.16467875879266947,False,f,BnF_264_03,Adriana,bnf_264
262,Llama 3.3 70B · 12 000 TPM,Abreviaturas,Expansión completa,fr,7,1,1,1,0.16467875879266947,False,Fr,BnF_244_04,Edna,bnf_244
263,Llama 3.3 70B · 12 000 TPM,Abreviaturas,Expansión completa,gos,7,1,1,1,0.16467875879266947,False,Gos,BnF_032_33,Adriana,bnf_032
264,Llama 3.3 70B · 12 000 TPM,Abreviaturas,Expansión completa,posos,7,1,1,1,0.16467875879266947,False,posos,BnF_116_07,Adriana,bnf_116
265,Llama 3.3 70B · 12 000 TPM,Cambios,Sustitución,esto,7,1,1,1,0.16467875879266947,False,esto,BnF_111_27,Alba,bnf_111
266,GPT OSS 120B · 8 000 TPM,Abreviaturas,Expansión completa,mi,6,1,1,1,0.5149330587023687,False,mi,BnF_104_2,Paco,bnf_104
267,Llama 3.3 70B · 12 000 TPM,Abreviaturas,Expansión completa,esn,6,1,1,1,0.1411532218222881,False,Esn,BnF_243_16,Rodrigo,bnf_243
268,Llama 3.3 70B · 12 000 TPM,Cambios,Deleción,ellos,6,1,1,1,0.1411532218222881,False,Ellos | ellos,BnF_266_10,Flor,bnf_266
269,Llama 3.3 70B · 12 000 TPM,Cambios,Inserción,ellos,6,1,1,1,0.1411532218222881,False,Ellos | ellos,BnF_266_10,Flor,bnf_266
270,Llama 3.3 70B · 12 000 TPM,Cambios,Inserción,esn,6,1,1,1,0.1411532218222881,False,Esn,BnF_243_16,Rodrigo,bnf_243
271,Llama 3.3 70B · 12 000 TPM,Cambios,Sustitución,tejas,6,1,1,1,0.1411532218222881,False,Tejas,BnF_167_25,Paco,bnf_167
272,Llama 3.3 70B · 12 000 TPM,Puntuación,"Coma (,)","magueyes, y",6,1,1,1,0.1411532218222881,False,"magueyes, y",BnF_032_23,Arturo,bnf_032
273,GPT OSS 120B · 8 000 TPM,Abreviaturas,Expansión completa,convto,5,1,1,1,0.4291108822519739,False,convto,BNE_ms3047_4,Javier,bne_ms3047
274,GPT OSS 120B · 8 000 TPM,Cambios,Otros,franco,5,1,1,1,0.4291108822519739,False,franco,AGN_GralParte_v006_exp617_01,Rodrigo,agn_gralparte
275,GPT OSS 120B · 8 000 TPM,Cambios,Otros,y,5,1,1,1,0.4291108822519739,False,Y,BNE_ms3047_1,Rodrigo,bne_ms3047
276,Llama 3.3 70B · 12 000 TPM,Abreviaturas,Expansión completa,col.,5,1,1,1,0.11762768485190674,False,col.,BnF_264_03,Adriana,bnf_264
277,Llama 3.3 70B · 12 000 TPM,Abreviaturas,Expansión completa,lib,5,1,1,1,0.11762768485190674,False,lib,BnF_264_03,Adriana,bnf_264
278,Llama 3.3 70B · 12 000 TPM,Abreviaturas,Expansión completa,lib.,5,1,1,1,0.11762768485190674,False,lib.,BnF_264_03,Adriana,bnf_264
279,Llama 3.3 70B · 12 000 TPM,Abreviaturas,Expansión completa,s,5,1,1,1,0.11762768485190674,False,S,BnF_174_02,Javier,bnf_174
280,Llama 3.3 70B · 12 000 TPM,Abreviaturas,Expansión completa,v,5,1,1,1,0.11762768485190674,False,V,BnF_174_02,Javier,bnf_174
281,Llama 3.3 70B · 12 000 TPM,Acentuación,No sub-rule assigned,que,5,1,1,1,0.11762768485190674,False,que,utblac_gg_mss_g62_duplicated_15,Paco,utblac_gg
282,Llama 3.3 70B · 12 000 TPM,Filológicas - instrucciones,Regularización de H etimológica,franco,5,1,1,1,0.11762768485190674,False,Franco,BnF_111_22,Paloma,bnf_111
283,Llama 3.3 70B · 12 000 TPM,Filológicas - instrucciones,Regularización de i/y vocálicas,pleyto,5,1,1,1,0.11762768485190674,False,pleyto,BnF_118_03,Paloma,bnf_118
284,GPT OSS 120B · 8 000 TPM,Abreviaturas,"Excepciones (desto/a/os, dello/a/os)",=,4,1,1,1,0.34328870580157916,False,=,AGN_RealesCedDup_v030_exp874,Alba,agn_realesceddup
285,GPT OSS 120B · 8 000 TPM,Abreviaturas,Expansión completa,mg,4,1,1,1,0.34328870580157916,False,mg,AGN_Mercedes_v003_exp520,Alba,agn_mercedes
286,GPT OSS 120B · 8 000 TPM,Abreviaturas,Expansión completa,novta,4,1,1,1,0.34328870580157916,False,novta,AGN_AHHacienda_v1292_exp135,Javier,agn_ahhacienda
287,GPT OSS 120B · 8 000 TPM,Abreviaturas,No sub-rule assigned,anata,4,1,1,1,0.34328870580157916,False,anata,AGN_RealesCedDup_v030_exp874,Alba,agn_realesceddup
288,GPT OSS 120B · 8 000 TPM,Abreviaturas,No sub-rule assigned,dro,4,1,1,1,0.34328870580157916,False,dro,AGN_RealesCedDup_v030_exp874,Alba,agn_realesceddup
289,GPT OSS 120B · 8 000 TPM,Abreviaturas,No sub-rule assigned,poco,4,1,1,1,0.34328870580157916,False,poco,AGN_Tierras_v039-2_exp003_72,Edna,agn_tierras
290,GPT OSS 120B · 8 000 TPM,Abreviaturas,No sub-rule assigned,v mrd,4,1,1,1,0.34328870580157916,False,V mrd,AGN_RealesCedDup_v030_exp874,Alba,agn_realesceddup
291,GPT OSS 120B · 8 000 TPM,Cambios,Deleción,=,4,1,1,1,0.34328870580157916,False,=,AGN_RealesCedDup_v030_exp874,Alba,agn_realesceddup
292,GPT OSS 120B · 8 000 TPM,Cambios,Inserción,en lla,4,1,1,1,0.34328870580157916,False,en lla,BnF_032_36,Paco,bnf_032
293,GPT OSS 120B · 8 000 TPM,Filológicas - instrucciones,Regularización de H etimológica,e,4,1,1,1,0.34328870580157916,False,E,BnF_112_23,Edna,bnf_112
294,GPT OSS 120B · 8 000 TPM,Filológicas - instrucciones,x sibilante → j,oxos,4,1,1,1,0.34328870580157916,False,oxos,AGI_CONTRATACION_1183_N8_78,Adriana,agi_contratacion
295,GPT OSS 120B · 8 000 TPM,Puntuación,"Coma (,)",herrera escribano,4,1,1,1,0.34328870580157916,False,Herrera escribano | herrera escribano,AGN_Tierras_v039-2_exp003_72,Edna,agn_tierras
296,Llama 3.3 70B · 12 000 TPM,Abreviaturas,Expansión completa,cap.,4,1,1,1,0.0941021478815254,False,cap.,BnF_264_03,Adriana,bnf_264
297,Llama 3.3 70B · 12 000 TPM,Abreviaturas,Expansión completa,herr.,4,1,1,1,0.0941021478815254,False,Herr.,BnF_264_03,Adriana,bnf_264
298,Llama 3.3 70B · 12 000 TPM,Abreviaturas,Expansión completa,mrs,4,1,1,1,0.0941021478815254,False,mrs,AGI_CONTRATACION_1089_N8_151,Paco,agi_contratacion
299,Llama 3.3 70B · 12 000 TPM,Abreviaturas,Expansión completa,pueblecito,4,1,1,1,0.0941021478815254,False,pueblecito,AGI_INDIFERENTE_1529_N36_07,Rodrigo,agi_indiferente
300,Llama 3.3 70B · 12 000 TPM,Cambios,Deleción,esto,4,1,1,1,0.0941021478815254,False,esto,BnF_111_27,Alba,bnf_111
301,Llama 3.3 70B · 12 000 TPM,Cambios,Inserción,que están,4,1,1,1,0.0941021478815254,False,que están,BnF_119-148_33,Paloma,bnf_119-148
302,Llama 3.3 70B · 12 000 TPM,Cambios,Otros,despuã©s,4,1,1,1,0.0941021478815254,False,despuÃ©s,BnF_266_05,Adriana,bnf_266
303,Llama 3.3 70B · 12 000 TPM,Cambios,Otros,dã­a,4,1,1,1,0.0941021478815254,False,dÃ­a,BnF_266_05,Adriana,bnf_266
304,Llama 3.3 70B · 12 000 TPM,Cambios,Sustitución,de que,4,1,1,1,0.0941021478815254,False,de que,BnF_119-148_33,Paloma,bnf_119-148
305,Llama 3.3 70B · 12 000 TPM,Cambios,Sustitución,despuã©s,4,1,1,1,0.0941021478815254,False,despuÃ©s,BnF_266_05,Adriana,bnf_266
306,Llama 3.3 70B · 12 000 TPM,Cambios,Sustitución,dã­a,4,1,1,1,0.0941021478815254,False,dÃ­a,BnF_266_05,Adriana,bnf_266
307,Llama 3.3 70B · 12 000 TPM,Cambios,Sustitución,pueblecito,4,1,1,1,0.0941021478815254,False,pueblecito,AGI_INDIFERENTE_1529_N36_07,Rodrigo,agi_indiferente
308,Llama 3.3 70B · 12 000 TPM,Cambios,Sustitución,riego,4,1,1,1,0.0941021478815254,False,Riego,AGS_CE_RG_L379_04,Rodrigo,ags_ce
309,Llama 3.3 70B · 12 000 TPM,Filológicas - instrucciones,No modificar otros idiomas,suchimilco,4,1,1,1,0.0941021478815254,False,Suchimilco,UIA_Ms149_Exp2_51,Arturo,uia_ms149
310,Llama 3.3 70B · 12 000 TPM,Filológicas - instrucciones,Regularización de H etimológica,a,4,1,1,1,0.0941021478815254,False,a,BnF_032_23,Arturo,bnf_032
311,Llama 3.3 70B · 12 000 TPM,Filológicas - instrucciones,Regularización de H etimológica,acha,4,1,1,1,0.0941021478815254,False,acha,BnF_111_22,Paloma,bnf_111
312,Llama 3.3 70B · 12 000 TPM,Filológicas - instrucciones,Regularización de labiales (b/v),ba,4,1,1,1,0.0941021478815254,False,ba,AGN_Marina_v031A_exp02_fs85-92_11,Adriana,agn_marina
313,Llama 3.3 70B · 12 000 TPM,Filológicas - instrucciones,Regularización de labiales (b/v),olbera,4,1,1,1,0.0941021478815254,False,Olbera,BnF_394_10,Flor,bnf_394
314,GPT OSS 120B · 8 000 TPM,Abreviaturas,Expansión completa,aca,3,1,1,1,0.25746652935118436,False,aCa | aca,AGN_Mercedes_v003_exp520,Alba,agn_mercedes
315,GPT OSS 120B · 8 000 TPM,Abreviaturas,Expansión completa,p,3,1,1,1,0.25746652935118436,False,p,AGN_AHHacienda_v268_exp046_01,Adriana,agn_ahhacienda
316,GPT OSS 120B · 8 000 TPM,Abreviaturas,Expansión completa,poco,3,1,1,1,0.25746652935118436,False,poco,BnF_075_014,Alba,bnf_075
317,GPT OSS 120B · 8 000 TPM,Abreviaturas,Expansión completa,primo,3,1,1,1,0.25746652935118436,False,Primo | primo,AGN_AHHacienda_v268_exp046_01,Adriana,agn_ahhacienda
318,GPT OSS 120B · 8 000 TPM,Abreviaturas,Expansión completa,q sumado,3,1,1,1,0.25746652935118436,False,q Sumado,BnF_113_22,Paloma,bnf_113
319,GPT OSS 120B · 8 000 TPM,Abreviaturas,Expansión completa,quiso,3,1,1,1,0.25746652935118436,False,quiso,AGN_Tierras_v039-2_exp003_72,Edna,agn_tierras
320,GPT OSS 120B · 8 000 TPM,Abreviaturas,Expansión completa,todos,3,1,1,1,0.25746652935118436,False,todos,BnF_113_04,Paco,bnf_113
321,GPT OSS 120B · 8 000 TPM,Abreviaturas,No sub-rule assigned,del,3,1,1,1,0.25746652935118436,False,del,BnF_030_21,Edna,bnf_030
322,GPT OSS 120B · 8 000 TPM,Abreviaturas,No sub-rule assigned,exa,3,1,1,1,0.25746652935118436,False,exa,AGN_RealesCedDup_v030_exp874,Alba,agn_realesceddup
323,GPT OSS 120B · 8 000 TPM,Abreviaturas,No sub-rule assigned,masa,3,1,1,1,0.25746652935118436,False,masa,AGN_Mercedes_v003_exp520,Alba,agn_mercedes
324,GPT OSS 120B · 8 000 TPM,Abreviaturas,No sub-rule assigned,md,3,1,1,1,0.25746652935118436,False,md,AGN_Mercedes_v003_exp520,Alba,agn_mercedes
325,GPT OSS 120B · 8 000 TPM,Abreviaturas,No sub-rule assigned,que,3,1,1,1,0.25746652935118436,False,que,AGN_Marina_v002_exp024_005,Flor,agn_marina
326,GPT OSS 120B · 8 000 TPM,Abreviaturas,No sub-rule assigned,vra,3,1,1,1,0.25746652935118436,False,vra,AGN_Mercedes_v003_exp520,Alba,agn_mercedes
327,GPT OSS 120B · 8 000 TPM,Acentuación,No sub-rule assigned,avia,3,1,1,1,0.25746652935118436,False,avia,BnF_112_02,Arturo,bnf_112
328,GPT OSS 120B · 8 000 TPM,Acentuación,No sub-rule assigned,caballerã­a,3,1,1,1,0.25746652935118436,False,caballerÃ­a,AGN_Mercedes_v003_exp520,Alba,agn_mercedes
329,GPT OSS 120B · 8 000 TPM,Acentuación,No sub-rule assigned,de la,3,1,1,1,0.25746652935118436,False,de la,AGN_Mercedes_v003_exp520,Alba,agn_mercedes
330,GPT OSS 120B · 8 000 TPM,Acentuación,No sub-rule assigned,limytes,3,1,1,1,0.25746652935118436,False,limytes,AGI_PATRONATO_182_R3_01,Alba,agi_patronato
331,GPT OSS 120B · 8 000 TPM,Acentuación,No sub-rule assigned,rio,3,1,1,1,0.25746652935118436,False,rio,AGI_PATRONATO_182_R3_01,Alba,agi_patronato
332,GPT OSS 120B · 8 000 TPM,Acentuación,No sub-rule assigned,tellez,3,1,1,1,0.25746652935118436,False,tellez,AGN_Mercedes_v003_exp520,Alba,agn_mercedes
333,GPT OSS 120B · 8 000 TPM,Cambios,Deleción,el corregidor,3,1,1,1,0.25746652935118436,False,el corregidor,AGN_Indios_v002_exp835,Paloma,agn_indios
334,GPT OSS 120B · 8 000 TPM,Cambios,Deleción,el mandamiento,3,1,1,1,0.25746652935118436,False,el mandamiento,AGN_Indios_v002_exp835,Paloma,agn_indios
335,GPT OSS 120B · 8 000 TPM,Cambios,Deleción,mi,3,1,1,1,0.25746652935118436,False,mi,BnF_104_2,Paco,bnf_104
336,GPT OSS 120B · 8 000 TPM,Cambios,Deleción,sujetos,3,1,1,1,0.25746652935118436,False,sujetos,AGN_Indios_v009_exp003_fs4v-5_01,Arturo,agn_indios
337,GPT OSS 120B · 8 000 TPM,Cambios,Inserción,suyo del,3,1,1,1,0.25746652935118436,False,suyo del,BnF_030_27,Rodrigo,bnf_030
338,GPT OSS 120B · 8 000 TPM,Cambios,Inserción,todos,3,1,1,1,0.25746652935118436,False,todos,BnF_113_04,Paco,bnf_113
339,GPT OSS 120B · 8 000 TPM,Cambios,No sub-rule assigned,de la,3,1,1,1,0.25746652935118436,False,de la,AGN_Mercedes_v003_exp520,Alba,agn_mercedes
340,GPT OSS 120B · 8 000 TPM,Cambios,No sub-rule assigned,miguel,3,1,1,1,0.25746652935118436,False,miguel,AGN_GralParte_v006_exp617_01,Rodrigo,agn_gralparte
341,GPT OSS 120B · 8 000 TPM,Cambios,Otros,mesa,3,1,1,1,0.25746652935118436,False,meSa,BNE_ms3047_1,Rodrigo,bne_ms3047
342,GPT OSS 120B · 8 000 TPM,Cambios,Otros,miguel,3,1,1,1,0.25746652935118436,False,miguel,AGN_GralParte_v006_exp617_01,Rodrigo,agn_gralparte
343,GPT OSS 120B · 8 000 TPM,Cambios,Sustitución,ocelutle,3,1,1,1,0.25746652935118436,False,ocelutle,BnF_032_36,Paco,bnf_032
344,GPT OSS 120B · 8 000 TPM,Cambios,Sustitución,suyo del,3,1,1,1,0.25746652935118436,False,suyo del,BnF_030_27,Rodrigo,bnf_030
345,GPT OSS 120B · 8 000 TPM,Filológicas - instrucciones,Regularización de H etimológica,avia,3,1,1,1,0.25746652935118436,False,avia,BnF_112_02,Arturo,bnf_112
346,GPT OSS 120B · 8 000 TPM,Filológicas - instrucciones,Regularización de i/y vocálicas,desta,3,1,1,1,0.25746652935118436,False,desta,AGI_PATRONATO_182_R3_01,Alba,agi_patronato
347,GPT OSS 120B · 8 000 TPM,Filológicas - instrucciones,Regularización de i/y vocálicas,limytes,3,1,1,1,0.25746652935118436,False,limytes,AGI_PATRONATO_182_R3_01,Alba,agi_patronato
348,GPT OSS 120B · 8 000 TPM,Filológicas - instrucciones,Regularización de i/y vocálicas,reyno,3,1,1,1,0.25746652935118436,False,reyno,AGI_PATRONATO_182_R3_01,Alba,agi_patronato
349,GPT OSS 120B · 8 000 TPM,Filológicas - instrucciones,Regularización de i/y vocálicas,to,3,1,1,1,0.25746652935118436,False,to,BnF_111_20,Flor,bnf_111
350,GPT OSS 120B · 8 000 TPM,Filológicas - instrucciones,Regularización de labiales (b/v),/,3,1,1,1,0.25746652935118436,False,/,BnF_111_20,Flor,bnf_111
351,GPT OSS 120B · 8 000 TPM,Filológicas - instrucciones,Regularización de labiales (b/v),avia,3,1,1,1,0.25746652935118436,False,avia,BnF_112_02,Arturo,bnf_112
352,GPT OSS 120B · 8 000 TPM,Filológicas - instrucciones,Regularización de labiales (b/v),franco,3,1,1,1,0.25746652935118436,False,Franco | franco,BnF_111_20,Flor,bnf_111
353,GPT OSS 120B · 8 000 TPM,Filológicas - instrucciones,x sibilante → j,dixeran,3,1,1,1,0.25746652935118436,False,dixeran,BnF_113_22,Paloma,bnf_113
354,GPT OSS 120B · 8 000 TPM,Filológicas - instrucciones,x sibilante → j,paxe,3,1,1,1,0.25746652935118436,False,paxe,AGI_CONTRATACION_1183_N8_78,Adriana,agi_contratacion
355,GPT OSS 120B · 8 000 TPM,Filológicas - mecánicas,No sub-rule assigned,mechoacán,3,1,1,1,0.25746652935118436,False,Mechoacán,BNE_ms3047_4,Javier,bne_ms3047
356,GPT OSS 120B · 8 000 TPM,Filológicas - mecánicas,Regularización de sibilantes,alcozer,3,1,1,1,0.25746652935118436,False,Alcozer | alcozer,AGN_Indios_v019_exp354_2,Alba,agn_indios
357,GPT OSS 120B · 8 000 TPM,Filológicas - mecánicas,Regularización de sibilantes,estansia,3,1,1,1,0.25746652935118436,False,Estansia | estansia,BnF_113_22,Paloma,bnf_113
358,GPT OSS 120B · 8 000 TPM,Filológicas - mecánicas,Regularización de sibilantes,zibdad,3,1,1,1,0.25746652935118436,False,zibdad,AGI_PATRONATO_182_R3_04,Paco,agi_patronato
359,GPT OSS 120B · 8 000 TPM,Puntuación,Punto (.),uno,3,1,1,1,0.25746652935118436,False,Uno | uno,BNE_ms3047_1,Rodrigo,bne_ms3047
360,Llama 3.3 70B · 12 000 TPM,Abreviaturas,Expansión completa,dec.,3,1,1,1,0.07057661091114405,False,Dec.,BnF_264_03,Adriana,bnf_264
361,Llama 3.3 70B · 12 000 TPM,Abreviaturas,Expansión completa,escribo,3,1,1,1,0.07057661091114405,False,escribo,BnF_032_39,Paloma,bnf_032
362,Llama 3.3 70B · 12 000 TPM,Abreviaturas,Expansión completa,jph,3,1,1,1,0.07057661091114405,False,Jph,AGS_CE_RG_L379_02,Arturo,ags_ce
363,Llama 3.3 70B · 12 000 TPM,Abreviaturas,Expansión completa,mi,3,1,1,1,0.07057661091114405,False,mi,BnF_030_22,Paco,bnf_030
364,Llama 3.3 70B · 12 000 TPM,Abreviaturas,Expansión completa,pe.,3,1,1,1,0.07057661091114405,False,Pe.,BnF_167_29,Adriana,bnf_167
365,Llama 3.3 70B · 12 000 TPM,Abreviaturas,Expansión completa,poder,3,1,1,1,0.07057661091114405,False,poder,BnF_118_05,Alba,bnf_118
366,Llama 3.3 70B · 12 000 TPM,Abreviaturas,Expansión completa,péz,3,1,1,1,0.07057661091114405,False,Péz,AGN_GralParte_v006_exp617_02,Rodrigo,agn_gralparte
367,Llama 3.3 70B · 12 000 TPM,Abreviaturas,Expansión completa,tras,3,1,1,1,0.07057661091114405,False,Tras,AGS_CE_RG_L379_04,Rodrigo,ags_ce
368,Llama 3.3 70B · 12 000 TPM,Abreviaturas,Expansión completa,va.,3,1,1,1,0.07057661091114405,False,Va. | va.,BNE_ms3047_3,Javier,bne_ms3047
369,Llama 3.3 70B · 12 000 TPM,Abreviaturas,Expansión completa,ynston,3,1,1,1,0.07057661091114405,False,ynston,AGN_GralParte_v006_exp617_02,Rodrigo,agn_gralparte
370,Llama 3.3 70B · 12 000 TPM,Abreviaturas,No sub-rule assigned,cap,3,1,1,1,0.07057661091114405,False,cap,BnF_264_02,Paloma,bnf_264
371,Llama 3.3 70B · 12 000 TPM,Abreviaturas,No sub-rule assigned,coatepec,3,1,1,1,0.07057661091114405,False,Coatepec,BnF_030_22,Paco,bnf_030
372,Llama 3.3 70B · 12 000 TPM,Abreviaturas,No sub-rule assigned,col.,3,1,1,1,0.07057661091114405,False,col.,BnF_264_02,Paloma,bnf_264
373,Llama 3.3 70B · 12 000 TPM,Abreviaturas,No sub-rule assigned,da,3,1,1,1,0.07057661091114405,False,Da,BnF_243_17,Edna,bnf_243
374,Llama 3.3 70B · 12 000 TPM,Abreviaturas,No sub-rule assigned,dec,3,1,1,1,0.07057661091114405,False,Dec,BnF_264_02,Paloma,bnf_264
375,Llama 3.3 70B · 12 000 TPM,Abreviaturas,No sub-rule assigned,f.,3,1,1,1,0.07057661091114405,False,f.,BnF_264_02,Paloma,bnf_264
376,Llama 3.3 70B · 12 000 TPM,Abreviaturas,No sub-rule assigned,lib,3,1,1,1,0.07057661091114405,False,lib,BnF_264_02,Paloma,bnf_264
377,Llama 3.3 70B · 12 000 TPM,Abreviaturas,No sub-rule assigned,santo,3,1,1,1,0.07057661091114405,False,Santo,BnF_174_04,Paloma,bnf_174
378,Llama 3.3 70B · 12 000 TPM,Abreviaturas,No sub-rule assigned,sr,3,1,1,1,0.07057661091114405,False,Sr,BnF_243_17,Edna,bnf_243
379,Llama 3.3 70B · 12 000 TPM,Acentuación,No sub-rule assigned,pregono,3,1,1,1,0.07057661091114405,False,pregono,BnF_075_035,Arturo,bnf_075
380,Llama 3.3 70B · 12 000 TPM,Cambios,Deleción,la,3,1,1,1,0.07057661091114405,False,la,AGI_INDIFERENTE_1529_N36_07,Rodrigo,agi_indiferente
381,Llama 3.3 70B · 12 000 TPM,Cambios,Deleción,pregono,3,1,1,1,0.07057661091114405,False,pregono,BnF_075_035,Arturo,bnf_075
382,Llama 3.3 70B · 12 000 TPM,Cambios,Deleción,ynston,3,1,1,1,0.07057661091114405,False,ynston,AGN_GralParte_v006_exp617_02,Rodrigo,agn_gralparte
383,Llama 3.3 70B · 12 000 TPM,Cambios,Inserción,ha,3,1,1,1,0.07057661091114405,False,ha,BnF_119-148_33,Paloma,bnf_119-148
384,Llama 3.3 70B · 12 000 TPM,Cambios,Inserción,monte,3,1,1,1,0.07057661091114405,False,monte,BnF_030_22,Paco,bnf_030
385,Llama 3.3 70B · 12 000 TPM,Cambios,Inserción,que es,3,1,1,1,0.07057661091114405,False,que es,AGI_INDIFERENTE_1529_N8_06,Rodrigo,agi_indiferente
386,Llama 3.3 70B · 12 000 TPM,Cambios,Inserción,sean,3,1,1,1,0.07057661091114405,False,sean,BnF_119-148_33,Paloma,bnf_119-148
387,Llama 3.3 70B · 12 000 TPM,Cambios,No sub-rule assigned,así,3,1,1,1,0.07057661091114405,False,así,BnF_075_003,Adriana,bnf_075
388,Llama 3.3 70B · 12 000 TPM,Cambios,No sub-rule assigned,habría,3,1,1,1,0.07057661091114405,False,habría,BnF_032_33,Adriana,bnf_032
389,Llama 3.3 70B · 12 000 TPM,Cambios,No sub-rule assigned,mixteca,3,1,1,1,0.07057661091114405,False,Mixteca,BnF_264_03,Adriana,bnf_264
390,Llama 3.3 70B · 12 000 TPM,Cambios,Otros,a,3,1,1,1,0.07057661091114405,False,a,AGI_INDIFERENTE_1529_N36_07,Rodrigo,agi_indiferente
391,Llama 3.3 70B · 12 000 TPM,Cambios,Otros,iiii,3,1,1,1,0.07057661091114405,False,iiii,AGN_HospJesus_c205_exp041_04,Flor,agn_hospjesus
392,Llama 3.3 70B · 12 000 TPM,Cambios,Otros,mã¡s,3,1,1,1,0.07057661091114405,False,mÃ¡s,BnF_266_05,Adriana,bnf_266
393,Llama 3.3 70B · 12 000 TPM,Cambios,Otros,tenã­a,3,1,1,1,0.07057661091114405,False,tenÃ­a,BnF_266_05,Adriana,bnf_266
394,Llama 3.3 70B · 12 000 TPM,Cambios,Otros,tenã­an,3,1,1,1,0.07057661091114405,False,tenÃ­an,BnF_266_05,Adriana,bnf_266
395,Llama 3.3 70B · 12 000 TPM,Cambios,Otros,zultepec,3,1,1,1,0.07057661091114405,False,zultepec,AGI_INDIFERENTE_1529_N36_07,Rodrigo,agi_indiferente
396,Llama 3.3 70B · 12 000 TPM,Cambios,Otros,ã©l,3,1,1,1,0.07057661091114405,False,Ã©l,BnF_266_05,Adriana,bnf_266
397,Llama 3.3 70B · 12 000 TPM,Cambios,Sustitución,albaneses,3,1,1,1,0.07057661091114405,False,albaneses,BnF_030_22,Paco,bnf_030
398,Llama 3.3 70B · 12 000 TPM,Cambios,Sustitución,bautizar,3,1,1,1,0.07057661091114405,False,bautizar,BnF_174_05,Adriana,bnf_174
399,Llama 3.3 70B · 12 000 TPM,Cambios,Sustitución,en el,3,1,1,1,0.07057661091114405,False,en el,AGN_GralParte_v006_exp617_02,Rodrigo,agn_gralparte
400,Llama 3.3 70B · 12 000 TPM,Cambios,Sustitución,mã¡s,3,1,1,1,0.07057661091114405,False,mÃ¡s,BnF_266_05,Adriana,bnf_266
401,Llama 3.3 70B · 12 000 TPM,Cambios,Sustitución,ruy,3,1,1,1,0.07057661091114405,False,Ruy,BnF_119-148_24,Adriana,bnf_119-148
402,Llama 3.3 70B · 12 000 TPM,Cambios,Sustitución,señor,3,1,1,1,0.07057661091114405,False,señor,BnF_075_003,Adriana,bnf_075
403,Llama 3.3 70B · 12 000 TPM,Cambios,Sustitución,tenã­a,3,1,1,1,0.07057661091114405,False,tenÃ­a,BnF_266_05,Adriana,bnf_266
404,Llama 3.3 70B · 12 000 TPM,Cambios,Sustitución,tenã­an,3,1,1,1,0.07057661091114405,False,tenÃ­an,BnF_266_05,Adriana,bnf_266
405,Llama 3.3 70B · 12 000 TPM,Cambios,Sustitución,tlacotepec,3,1,1,1,0.07057661091114405,False,Tlacotepec,BnF_032_33,Adriana,bnf_032
406,Llama 3.3 70B · 12 000 TPM,Cambios,Sustitución,viniere,3,1,1,1,0.07057661091114405,False,viniere,AGN_GralParte_v006_exp617_02,Rodrigo,agn_gralparte
407,Llama 3.3 70B · 12 000 TPM,Cambios,Sustitución,ã©l,3,1,1,1,0.07057661091114405,False,Ã©l,BnF_266_05,Adriana,bnf_266
408,Llama 3.3 70B · 12 000 TPM,Filológicas - instrucciones,No modificar otros idiomas,culhuacán,3,1,1,1,0.07057661091114405,False,Culhuacán,UIA_Ms149_Exp2_51,Arturo,uia_ms149
409,Llama 3.3 70B · 12 000 TPM,Filológicas - instrucciones,No modificar otros idiomas,mixteca,3,1,1,1,0.07057661091114405,False,Mixteca,BnF_264_03,Adriana,bnf_264
410,Llama 3.3 70B · 12 000 TPM,Filológicas - instrucciones,Regularización de H etimológica,ay,3,1,1,1,0.07057661091114405,False,Ay,AGI_PATRONATO_181_R13_2,Paloma,agi_patronato
411,Llama 3.3 70B · 12 000 TPM,Filológicas - instrucciones,Regularización de labiales (b/v),de este,3,1,1,1,0.07057661091114405,False,de este,BnF_032_39,Paloma,bnf_032
412,Llama 3.3 70B · 12 000 TPM,Filológicas - instrucciones,x sibilante → j,xerez,3,1,1,1,0.07057661091114405,False,Xerez,BnF_118_05,Alba,bnf_118
413,Llama 3.3 70B · 12 000 TPM,Filológicas - mecánicas,Regularización de la diéresis,guipil,3,1,1,1,0.07057661091114405,False,guipil,BnF_111_22,Paloma,bnf_111
414,GPT OSS 120B · 8 000 TPM,Abreviaturas,"Excepciones (desto/a/os, dello/a/os)",de las,2,1,1,1,0.17164435290078958,False,de las,AGI_INDIFERENTE_2065_N45_09,Rodrigo,agi_indiferente
415,GPT OSS 120B · 8 000 TPM,Abreviaturas,"Excepciones (desto/a/os, dello/a/os)",del,2,1,1,1,0.17164435290078958,False,del,BnF_112_25,Paco,bnf_112
416,GPT OSS 120B · 8 000 TPM,Abreviaturas,"Excepciones (desto/a/os, dello/a/os)",dellas,2,1,1,1,0.17164435290078958,False,dellas,BnF_032_36,Paco,bnf_032
417,GPT OSS 120B · 8 000 TPM,Abreviaturas,"Excepciones (desto/a/os, dello/a/os)","martín, el",2,1,1,1,0.17164435290078958,False,"Martín, el",AGN_RealesCedDup_v030_exp874,Alba,agn_realesceddup
418,GPT OSS 120B · 8 000 TPM,Abreviaturas,"Excepciones (desto/a/os, dello/a/os)",mañana,2,1,1,1,0.17164435290078958,False,mañana,AGN_RealesCedDup_v030_exp874,Alba,agn_realesceddup
419,GPT OSS 120B · 8 000 TPM,Abreviaturas,Expansión completa,4a,2,1,1,1,0.17164435290078958,False,4a,BNE_ms3047_1,Rodrigo,bne_ms3047
420,GPT OSS 120B · 8 000 TPM,Abreviaturas,Expansión completa,aldees,2,1,1,1,0.17164435290078958,False,aldees,BnF_075_014,Alba,bnf_075
421,GPT OSS 120B · 8 000 TPM,Abreviaturas,Expansión completa,alto,2,1,1,1,0.17164435290078958,False,alto,BnF_104_2,Paco,bnf_104
422,GPT OSS 120B · 8 000 TPM,Abreviaturas,Expansión completa,años por,2,1,1,1,0.17164435290078958,False,años por,AGN_Tierras_v039-2_exp003_72,Edna,agn_tierras
423,GPT OSS 120B · 8 000 TPM,Abreviaturas,Expansión completa,celemis,2,1,1,1,0.17164435290078958,False,celemis,BnF_030_27,Rodrigo,bnf_030
424,GPT OSS 120B · 8 000 TPM,Abreviaturas,Expansión completa,cientos,2,1,1,1,0.17164435290078958,False,cientos,AGN_AHHacienda_v1292_exp135,Javier,agn_ahhacienda
425,GPT OSS 120B · 8 000 TPM,Abreviaturas,Expansión completa,conde,2,1,1,1,0.17164435290078958,False,conde,AGN_Indios_v019_exp354_2,Alba,agn_indios
426,GPT OSS 120B · 8 000 TPM,Abreviaturas,Expansión completa,crela,2,1,1,1,0.17164435290078958,False,crela,BnF_075_014,Alba,bnf_075
427,GPT OSS 120B · 8 000 TPM,Abreviaturas,Expansión completa,escribo,2,1,1,1,0.17164435290078958,False,escribo,BnF_104_2,Paco,bnf_104
428,GPT OSS 120B · 8 000 TPM,Abreviaturas,Expansión completa,escrio,2,1,1,1,0.17164435290078958,False,escrio,AGI_PATRONATO_182_R3_04,Paco,agi_patronato
429,GPT OSS 120B · 8 000 TPM,Abreviaturas,Expansión completa,esnia,2,1,1,1,0.17164435290078958,False,esnia,BnF_032_36,Paco,bnf_032
430,GPT OSS 120B · 8 000 TPM,Abreviaturas,Expansión completa,esno,2,1,1,1,0.17164435290078958,False,esno,BnF_032_36,Paco,bnf_032
431,GPT OSS 120B · 8 000 TPM,Abreviaturas,Expansión completa,etra,2,1,1,1,0.17164435290078958,False,etra,AGN_GralParte_v006_exp617_01,Rodrigo,agn_gralparte
432,GPT OSS 120B · 8 000 TPM,Abreviaturas,Expansión completa,gos,2,1,1,1,0.17164435290078958,False,Gos,BnF_032_36,Paco,bnf_032
433,GPT OSS 120B · 8 000 TPM,Abreviaturas,Expansión completa,gros,2,1,1,1,0.17164435290078958,False,gros,AGN_AHHacienda_v1292_exp135,Javier,agn_ahhacienda
434,GPT OSS 120B · 8 000 TPM,Abreviaturas,Expansión completa,herdo,2,1,1,1,0.17164435290078958,False,herdo,AGN_AHHacienda_v1292_exp135,Javier,agn_ahhacienda
435,GPT OSS 120B · 8 000 TPM,Abreviaturas,Expansión completa,ilustre,2,1,1,1,0.17164435290078958,False,ilustre,AGN_RealesCedDup_v030_exp874,Alba,agn_realesceddup
436,GPT OSS 120B · 8 000 TPM,Abreviaturas,Expansión completa,jul,2,1,1,1,0.17164435290078958,False,jul,AGN_AHHacienda_v1292_exp135,Javier,agn_ahhacienda
437,GPT OSS 120B · 8 000 TPM,Abreviaturas,Expansión completa,juron,2,1,1,1,0.17164435290078958,False,Juron,AGN_RealesCedDup_v050_exp062,Paloma,agn_realesceddup
438,GPT OSS 120B · 8 000 TPM,Abreviaturas,Expansión completa,licz.,2,1,1,1,0.17164435290078958,False,Licz.,AGN_Mercedes_v003_exp520,Alba,agn_mercedes
439,GPT OSS 120B · 8 000 TPM,Abreviaturas,Expansión completa,lizdo,2,1,1,1,0.17164435290078958,False,lizdo,AGN_RealesCedDup_v030_exp874,Alba,agn_realesceddup
440,GPT OSS 120B · 8 000 TPM,Abreviaturas,Expansión completa,min,2,1,1,1,0.17164435290078958,False,min,BnF_032_36,Paco,bnf_032
441,GPT OSS 120B · 8 000 TPM,Abreviaturas,Expansión completa,mterrey,2,1,1,1,0.17164435290078958,False,mterrey,AGN_GralParte_v006_exp617_01,Rodrigo,agn_gralparte
442,GPT OSS 120B · 8 000 TPM,Abreviaturas,Expansión completa,más,2,1,1,1,0.17164435290078958,False,más,BnF_075_014,Alba,bnf_075
443,GPT OSS 120B · 8 000 TPM,Abreviaturas,Expansión completa,psona,2,1,1,1,0.17164435290078958,False,psona,BnF_032_36,Paco,bnf_032
444,GPT OSS 120B · 8 000 TPM,Abreviaturas,Expansión completa,puso,2,1,1,1,0.17164435290078958,False,puso,BnF_113_04,Paco,bnf_113
445,GPT OSS 120B · 8 000 TPM,Abreviaturas,Expansión completa,q l,2,1,1,1,0.17164435290078958,False,q l,BnF_032_36,Paco,bnf_032
446,GPT OSS 120B · 8 000 TPM,Abreviaturas,Expansión completa,qn,2,1,1,1,0.17164435290078958,False,qn,AGN_RealesCedDup_v050_exp062,Paloma,agn_realesceddup
447,GPT OSS 120B · 8 000 TPM,Abreviaturas,Expansión completa,r.,2,1,1,1,0.17164435290078958,False,R.,AGN_Indios_v019_exp354_2,Alba,agn_indios
448,GPT OSS 120B · 8 000 TPM,Abreviaturas,Expansión completa,repuca,2,1,1,1,0.17164435290078958,False,Repuca,AGN_Indios_v019_exp354_2,Alba,agn_indios
449,GPT OSS 120B · 8 000 TPM,Abreviaturas,Expansión completa,res,2,1,1,1,0.17164435290078958,False,res,AGN_GralParte_v006_exp617_01,Rodrigo,agn_gralparte
450,GPT OSS 120B · 8 000 TPM,Abreviaturas,Expansión completa,ro,2,1,1,1,0.17164435290078958,False,ro,BnF_113_04,Paco,bnf_113
451,GPT OSS 120B · 8 000 TPM,Abreviaturas,Expansión completa,rta,2,1,1,1,0.17164435290078958,False,Rta,AGN_AHHacienda_v268_exp046_01,Adriana,agn_ahhacienda
452,GPT OSS 120B · 8 000 TPM,Abreviaturas,Expansión completa,septie,2,1,1,1,0.17164435290078958,False,septie,AGN_GralParte_v006_exp617_01,Rodrigo,agn_gralparte
453,GPT OSS 120B · 8 000 TPM,Abreviaturas,Expansión completa,vara,2,1,1,1,0.17164435290078958,False,vara,AGI_PATRONATO_182_R3_04,Paco,agi_patronato
454,GPT OSS 120B · 8 000 TPM,Abreviaturas,No sub-rule assigned,alta,2,1,1,1,0.17164435290078958,False,alta,AGI_GUADALAJARA_230_L2_F_45V-46V_1,Edna,agi_guadalajara
455,GPT OSS 120B · 8 000 TPM,Abreviaturas,No sub-rule assigned,juo,2,1,1,1,0.17164435290078958,False,Juo,AGN_Mercedes_v003_exp520,Alba,agn_mercedes
456,GPT OSS 120B · 8 000 TPM,Abreviaturas,No sub-rule assigned,ofs,2,1,1,1,0.17164435290078958,False,ofs,AGN_RealesCedDup_v030_exp874,Alba,agn_realesceddup
457,GPT OSS 120B · 8 000 TPM,Abreviaturas,No sub-rule assigned,preste,2,1,1,1,0.17164435290078958,False,preste,AGI_GUADALAJARA_230_L2_F_45V-46V_1,Edna,agi_guadalajara
458,GPT OSS 120B · 8 000 TPM,Abreviaturas,No sub-rule assigned,rs,2,1,1,1,0.17164435290078958,False,Rs,AGN_RealesCedDup_v030_exp874,Alba,agn_realesceddup
459,GPT OSS 120B · 8 000 TPM,Acentuación,No sub-rule assigned,caballeria,2,1,1,1,0.17164435290078958,False,caballeria,AGN_Mercedes_v003_exp520,Alba,agn_mercedes
460,GPT OSS 120B · 8 000 TPM,Acentuación,No sub-rule assigned,comun,2,1,1,1,0.17164435290078958,False,comun,AGN_RealesCedDup_v030_exp874,Alba,agn_realesceddup
461,GPT OSS 120B · 8 000 TPM,Acentuación,No sub-rule assigned,común,2,1,1,1,0.17164435290078958,False,común,AGN_RealesCedDup_v030_exp874,Alba,agn_realesceddup
462,GPT OSS 120B · 8 000 TPM,Acentuación,No sub-rule assigned,cédulas,2,1,1,1,0.17164435290078958,False,cédulas,AGN_Indios_v019_exp354_2,Alba,agn_indios
463,GPT OSS 120B · 8 000 TPM,Acentuación,No sub-rule assigned,esta,2,1,1,1,0.17164435290078958,False,esta,BnF_113_04,Paco,bnf_113
464,GPT OSS 120B · 8 000 TPM,Acentuación,No sub-rule assigned,gonzalez,2,1,1,1,0.17164435290078958,False,gonzaLez | gonzalez,AGI_CONTRATACION_1183_N8_78,Adriana,agi_contratacion
465,GPT OSS 120B · 8 000 TPM,Acentuación,No sub-rule assigned,guzman,2,1,1,1,0.17164435290078958,False,guzman,AGI_PATRONATO_182_R3_01,Alba,agi_patronato
466,GPT OSS 120B · 8 000 TPM,Acentuación,No sub-rule assigned,gã©neros,2,1,1,1,0.17164435290078958,False,gÃ©neros,AGN_Marina_v004_exp006_014,Javier,agn_marina
467,GPT OSS 120B · 8 000 TPM,Acentuación,No sub-rule assigned,justa,2,1,1,1,0.17164435290078958,False,justa,BnF_112_23,Edna,bnf_112
468,GPT OSS 120B · 8 000 TPM,Acentuación,No sub-rule assigned,más,2,1,1,1,0.17164435290078958,False,más,AGN_RealesCedDup_v030_exp874,Alba,agn_realesceddup
469,GPT OSS 120B · 8 000 TPM,Acentuación,No sub-rule assigned,navio,2,1,1,1,0.17164435290078958,False,navio,AGN_GralParte_v006_exp617_01,Rodrigo,agn_gralparte
470,GPT OSS 120B · 8 000 TPM,Acentuación,No sub-rule assigned,podais,2,1,1,1,0.17164435290078958,False,podais,AGN_Mercedes_v003_exp520,Alba,agn_mercedes
471,GPT OSS 120B · 8 000 TPM,Acentuación,No sub-rule assigned,pronuncio,2,1,1,1,0.17164435290078958,False,pronuncio,BnF_032_36,Paco,bnf_032
472,GPT OSS 120B · 8 000 TPM,Acentuación,No sub-rule assigned,suares,2,1,1,1,0.17164435290078958,False,SuareS,AGN_RealesCedDup_v030_exp874,Alba,agn_realesceddup
473,GPT OSS 120B · 8 000 TPM,Acentuación,No sub-rule assigned,ynformacion,2,1,1,1,0.17164435290078958,False,ynformacion,BnF_112_02,Arturo,bnf_112
474,GPT OSS 120B · 8 000 TPM,Cambios,Deleción,al,2,1,1,1,0.17164435290078958,False,al,AGI_INDIFERENTE_2065_N45_09,Rodrigo,agi_indiferente
475,GPT OSS 120B · 8 000 TPM,Cambios,Deleción,del año,2,1,1,1,0.17164435290078958,False,del año,BnF_030_27,Rodrigo,bnf_030
476,GPT OSS 120B · 8 000 TPM,Cambios,Deleción,do,2,1,1,1,0.17164435290078958,False,do,BnF_112_02,Arturo,bnf_112
477,GPT OSS 120B · 8 000 TPM,Cambios,Deleción,dos,2,1,1,1,0.17164435290078958,False,dos,BnF_116_02,Paco,bnf_116
478,GPT OSS 120B · 8 000 TPM,Cambios,Deleción,la piedra,2,1,1,1,0.17164435290078958,False,la piedra,BnF_030_21,Edna,bnf_030
479,GPT OSS 120B · 8 000 TPM,Cambios,Deleción,"martín, el",2,1,1,1,0.17164435290078958,False,"Martín, el",AGN_RealesCedDup_v030_exp874,Alba,agn_realesceddup
480,GPT OSS 120B · 8 000 TPM,Cambios,Deleción,ro,2,1,1,1,0.17164435290078958,False,ro,BnF_113_04,Paco,bnf_113
481,GPT OSS 120B · 8 000 TPM,Cambios,Deleción,tepoztlan,2,1,1,1,0.17164435290078958,False,tepoztlan,AGN_Indios_v009_exp003_fs4v-5_01,Arturo,agn_indios
482,GPT OSS 120B · 8 000 TPM,Cambios,Deleción,turcios,2,1,1,1,0.17164435290078958,False,turcios,AGN_Mercedes_v003_exp520,Alba,agn_mercedes
483,GPT OSS 120B · 8 000 TPM,Cambios,Inserción,albaneses,2,1,1,1,0.17164435290078958,False,albaneses,BnF_030_21,Edna,bnf_030
484,GPT OSS 120B · 8 000 TPM,Cambios,Inserción,albañiles,2,1,1,1,0.17164435290078958,False,albañiles,BnF_030_21,Edna,bnf_030
485,GPT OSS 120B · 8 000 TPM,Cambios,Inserción,mando,2,1,1,1,0.17164435290078958,False,mando,BnF_032_36,Paco,bnf_032
486,GPT OSS 120B · 8 000 TPM,Cambios,Inserción,puso,2,1,1,1,0.17164435290078958,False,puso,BnF_113_04,Paco,bnf_113
487,GPT OSS 120B · 8 000 TPM,Cambios,Inserción,quien,2,1,1,1,0.17164435290078958,False,quien,AMP_AC_v021__doc026_1,Rodrigo,amp_ac
488,GPT OSS 120B · 8 000 TPM,Cambios,Inserción,se ha servido,2,1,1,1,0.17164435290078958,False,Se ha servido | se ha servido,AGN_RealesCedDup_v030_exp874,Alba,agn_realesceddup
489,GPT OSS 120B · 8 000 TPM,Cambios,No sub-rule assigned,báez,2,1,1,1,0.17164435290078958,False,Báez,BnF_075_014,Alba,bnf_075
490,GPT OSS 120B · 8 000 TPM,Cambios,No sub-rule assigned,gaspar,2,1,1,1,0.17164435290078958,False,Gaspar | gaspar,AGN_GralParte_v006_exp617_01,Rodrigo,agn_gralparte
491,GPT OSS 120B · 8 000 TPM,Cambios,No sub-rule assigned,la voluntad de,2,1,1,1,0.17164435290078958,False,la voluntad de,AGN_RealesCedDup_v030_exp874,Alba,agn_realesceddup
492,GPT OSS 120B · 8 000 TPM,Cambios,No sub-rule assigned,melchior,2,1,1,1,0.17164435290078958,False,melchior,AGN_Tierras_v039-2_exp003_72,Edna,agn_tierras
493,GPT OSS 120B · 8 000 TPM,Cambios,No sub-rule assigned,moreno,2,1,1,1,0.17164435290078958,False,moreno,AGN_GralParte_v006_exp617_01,Rodrigo,agn_gralparte
494,GPT OSS 120B · 8 000 TPM,Cambios,No sub-rule assigned,por,2,1,1,1,0.17164435290078958,False,Por,AGN_GralParte_v006_exp617_01,Rodrigo,agn_gralparte
495,GPT OSS 120B · 8 000 TPM,Cambios,Otros,azãºcar,2,1,1,1,0.17164435290078958,False,azÃºcar,BNE_ms3047_1,Rodrigo,bne_ms3047
496,GPT OSS 120B · 8 000 TPM,Cambios,Otros,gaspar,2,1,1,1,0.17164435290078958,False,Gaspar | gaspar,AGN_GralParte_v006_exp617_01,Rodrigo,agn_gralparte
497,GPT OSS 120B · 8 000 TPM,Cambios,Otros,las,2,1,1,1,0.17164435290078958,False,Las,AGN_GralParte_v006_exp617_01,Rodrigo,agn_gralparte
498,GPT OSS 120B · 8 000 TPM,Cambios,Otros,moreno,2,1,1,1,0.17164435290078958,False,moreno,AGN_GralParte_v006_exp617_01,Rodrigo,agn_gralparte
499,GPT OSS 120B · 8 000 TPM,Cambios,Otros,mterrey,2,1,1,1,0.17164435290078958,False,mterrey,AGN_GralParte_v006_exp617_01,Rodrigo,agn_gralparte
500,GPT OSS 120B · 8 000 TPM,Cambios,Otros,por,2,1,1,1,0.17164435290078958,False,Por,AGN_GralParte_v006_exp617_01,Rodrigo,agn_gralparte
501,GPT OSS 120B · 8 000 TPM,Cambios,Otros,tuspa,2,1,1,1,0.17164435290078958,False,tuspa,AGN_GralParte_v006_exp617_01,Rodrigo,agn_gralparte
502,GPT OSS 120B · 8 000 TPM,Cambios,Otros,un,2,1,1,1,0.17164435290078958,False,Un,BNE_ms3047_1,Rodrigo,bne_ms3047
503,GPT OSS 120B · 8 000 TPM,Cambios,Otros,zamora,2,1,1,1,0.17164435290078958,False,zamora,AGN_GralParte_v006_exp617_01,Rodrigo,agn_gralparte
504,GPT OSS 120B · 8 000 TPM,Cambios,Otros,zapotlan,2,1,1,1,0.17164435290078958,False,zapotlan,AGN_GralParte_v006_exp617_01,Rodrigo,agn_gralparte
505,GPT OSS 120B · 8 000 TPM,Cambios,Sustitución,albaneses,2,1,1,1,0.17164435290078958,False,albaneses,BnF_030_21,Edna,bnf_030
506,GPT OSS 120B · 8 000 TPM,Cambios,Sustitución,alto,2,1,1,1,0.17164435290078958,False,alto,BnF_104_2,Paco,bnf_104
507,GPT OSS 120B · 8 000 TPM,Cambios,Sustitución,cientos,2,1,1,1,0.17164435290078958,False,cientos,AGN_AHHacienda_v1292_exp135,Javier,agn_ahhacienda
508,GPT OSS 120B · 8 000 TPM,Cambios,Sustitución,cuyo,2,1,1,1,0.17164435290078958,False,cuyo,BnF_030_20,Paloma,bnf_030
509,GPT OSS 120B · 8 000 TPM,Cambios,Sustitución,das,2,1,1,1,0.17164435290078958,False,das,BnF_030_21,Edna,bnf_030
510,GPT OSS 120B · 8 000 TPM,Cambios,Sustitución,de la,2,1,1,1,0.17164435290078958,False,de la,AGN_Indios_v002_exp835,Paloma,agn_indios
511,GPT OSS 120B · 8 000 TPM,Cambios,Sustitución,dices,2,1,1,1,0.17164435290078958,False,dices,AGI_GUADALAJARA_230_L2_F_45V-46V_2,Adriana,agi_guadalajara
512,GPT OSS 120B · 8 000 TPM,Cambios,Sustitución,gastan,2,1,1,1,0.17164435290078958,False,gastan,BnF_030_27,Rodrigo,bnf_030
513,GPT OSS 120B · 8 000 TPM,Cambios,Sustitución,interpretó,2,1,1,1,0.17164435290078958,False,interpretó,BnF_113_22,Paloma,bnf_113
514,GPT OSS 120B · 8 000 TPM,Cambios,Sustitución,my,2,1,1,1,0.17164435290078958,False,my,BnF_112_25,Paco,bnf_112
515,GPT OSS 120B · 8 000 TPM,Cambios,Sustitución,original,2,1,1,1,0.17164435290078958,False,original,BnF_104_2,Paco,bnf_104
516,GPT OSS 120B · 8 000 TPM,Cambios,Sustitución,provisto,2,1,1,1,0.17164435290078958,False,provisto,AGN_Indios_v002_exp835,Paloma,agn_indios
517,GPT OSS 120B · 8 000 TPM,Cambios,Sustitución,señor,2,1,1,1,0.17164435290078958,False,señor,BnF_030_27,Rodrigo,bnf_030
518,GPT OSS 120B · 8 000 TPM,Cambios,Sustitución,siguiente,2,1,1,1,0.17164435290078958,False,siguiente,AGN_Indios_v002_exp835,Paloma,agn_indios
519,GPT OSS 120B · 8 000 TPM,Cambios,Sustitución,tomas,2,1,1,1,0.17164435290078958,False,tomas,BnF_030_27,Rodrigo,bnf_030
520,GPT OSS 120B · 8 000 TPM,Cambios,Sustitución,tomenes,2,1,1,1,0.17164435290078958,False,tomenes,BnF_030_20,Paloma,bnf_030
521,GPT OSS 120B · 8 000 TPM,Cambios,Sustitución,vara,2,1,1,1,0.17164435290078958,False,vara,AGI_PATRONATO_182_R3_04,Paco,agi_patronato
522,GPT OSS 120B · 8 000 TPM,Cambios,Sustitución,y la,2,1,1,1,0.17164435290078958,False,y la,AGN_Indios_v002_exp835,Paloma,agn_indios
523,GPT OSS 120B · 8 000 TPM,Filológicas - instrucciones,No sub-rule assigned,reyno,2,1,1,1,0.17164435290078958,False,reyno,AGI_PATRONATO_182_R3_04,Paco,agi_patronato
524,GPT OSS 120B · 8 000 TPM,Filológicas - instrucciones,Regularización de H etimológica,a servido,2,1,1,1,0.17164435290078958,False,a Servido,AGN_RealesCedDup_v030_exp874,Alba,agn_realesceddup
525,GPT OSS 120B · 8 000 TPM,Filológicas - instrucciones,Regularización de H etimológica,hordinario,2,1,1,1,0.17164435290078958,False,hordinario,AGN_RealesCedDup_v030_exp874,Alba,agn_realesceddup
526,GPT OSS 120B · 8 000 TPM,Filológicas - instrucciones,Regularización de H etimológica,huso,2,1,1,1,0.17164435290078958,False,huso,AGN_GralParte_v006_exp617_01,Rodrigo,agn_gralparte
527,GPT OSS 120B · 8 000 TPM,Filológicas - instrucciones,Regularización de H etimológica,juron,2,1,1,1,0.17164435290078958,False,Juron,AGN_RealesCedDup_v050_exp062,Paloma,agn_realesceddup
528,GPT OSS 120B · 8 000 TPM,Filológicas - instrucciones,Regularización de i/y vocálicas,juron,2,1,1,1,0.17164435290078958,False,Juron,AGN_RealesCedDup_v050_exp062,Paloma,agn_realesceddup
529,GPT OSS 120B · 8 000 TPM,Filológicas - instrucciones,Regularización de i/y vocálicas,my,2,1,1,1,0.17164435290078958,False,my,BnF_112_23,Edna,bnf_112
530,GPT OSS 120B · 8 000 TPM,Filológicas - instrucciones,Regularización de i/y vocálicas,visorei,2,1,1,1,0.17164435290078958,False,visoRei,AGN_Mercedes_v003_exp520,Alba,agn_mercedes
531,GPT OSS 120B · 8 000 TPM,Filológicas - instrucciones,Regularización de i/y vocálicas,ynformacion,2,1,1,1,0.17164435290078958,False,ynformacion,BnF_112_02,Arturo,bnf_112
532,GPT OSS 120B · 8 000 TPM,Filológicas - instrucciones,Regularización de la nasal palatal,ano,2,1,1,1,0.17164435290078958,False,ano,BnF_113_22,Paloma,bnf_113
533,GPT OSS 120B · 8 000 TPM,Filológicas - instrucciones,Regularización de la nasal palatal,aã±os,2,1,1,1,0.17164435290078958,False,aÃ±os,AGN_Mercedes_v003_exp520,Alba,agn_mercedes
534,GPT OSS 120B · 8 000 TPM,Filológicas - instrucciones,Regularización de labiales (b/v),bos,2,1,1,1,0.17164435290078958,False,bos,AGN_Mercedes_v003_exp520,Alba,agn_mercedes
535,GPT OSS 120B · 8 000 TPM,Filológicas - instrucciones,x sibilante → j,mexor,2,1,1,1,0.17164435290078958,False,mexor,BNE_ms3047_4,Javier,bne_ms3047
536,GPT OSS 120B · 8 000 TPM,Filológicas - mecánicas,E protética,del,2,1,1,1,0.17164435290078958,False,del,AGN_Indios_v019_exp354_2,Alba,agn_indios
537,GPT OSS 120B · 8 000 TPM,Filológicas - mecánicas,Regularización de sibilantes,bara,2,1,1,1,0.17164435290078958,False,bara,BnF_111_20,Flor,bnf_111
538,GPT OSS 120B · 8 000 TPM,Filológicas - mecánicas,Regularización de sibilantes,cierra,2,1,1,1,0.17164435290078958,False,cierra,BNE_ms3047_4,Javier,bne_ms3047
539,GPT OSS 120B · 8 000 TPM,Filológicas - mecánicas,Regularización de sibilantes,dies,2,1,1,1,0.17164435290078958,False,dies,BnF_113_22,Paloma,bnf_113
540,GPT OSS 120B · 8 000 TPM,Filológicas - mecánicas,Regularización de sibilantes,hazienda,2,1,1,1,0.17164435290078958,False,hazienda,BnF_112_23,Edna,bnf_112
541,GPT OSS 120B · 8 000 TPM,Filológicas - mecánicas,Regularización de sibilantes,suares,2,1,1,1,0.17164435290078958,False,SuareS,AGN_RealesCedDup_v030_exp874,Alba,agn_realesceddup
542,GPT OSS 120B · 8 000 TPM,Filológicas - mecánicas,Regularización de vibrantes,visorei,2,1,1,1,0.17164435290078958,False,visoRei,AGN_Mercedes_v003_exp520,Alba,agn_mercedes
543,GPT OSS 120B · 8 000 TPM,Puntuación,"Coma (,)",años por,2,1,1,1,0.17164435290078958,False,años por,AGN_Tierras_v039-2_exp003_72,Edna,agn_tierras
544,GPT OSS 120B · 8 000 TPM,Puntuación,"Coma (,)",virrey pedro,2,1,1,1,0.17164435290078958,False,virrey Pedro,AGN_GralParte_v006_exp617_01,Rodrigo,agn_gralparte
545,GPT OSS 120B · 8 000 TPM,Puntuación,No sub-rule assigned,garcía indio,2,1,1,1,0.17164435290078958,False,García indio,AGN_Indios_v009_exp003_fs4v-5_01,Arturo,agn_indios
546,GPT OSS 120B · 8 000 TPM,Puntuación,No sub-rule assigned,proceso,2,1,1,1,0.17164435290078958,False,Proceso | proceso,BnF_112_02,Arturo,bnf_112
547,GPT OSS 120B · 8 000 TPM,Puntuación,Punto (.),años el,2,1,1,1,0.17164435290078958,False,años el,AGN_GralParte_v006_exp617_01,Rodrigo,agn_gralparte
548,GPT OSS 120B · 8 000 TPM,Puntuación,Punto (.),campos,2,1,1,1,0.17164435290078958,False,campos,AGN_GralParte_v006_exp617_01,Rodrigo,agn_gralparte
549,Llama 3.3 70B · 12 000 TPM,Abreviaturas,"Excepciones (desto/a/os, dello/a/os)",que están,2,1,1,1,0.0470510739407627,False,que están,BnF_118_08,Arturo,bnf_118
550,Llama 3.3 70B · 12 000 TPM,Abreviaturas,Expansión completa,abadía,2,1,1,1,0.0470510739407627,False,Abadía | abadía,BnF_104_3,Alba,bnf_104
551,Llama 3.3 70B · 12 000 TPM,Abreviaturas,Expansión completa,combate,2,1,1,1,0.0470510739407627,False,combate,BnF_266_03,Rodrigo,bnf_266
552,Llama 3.3 70B · 12 000 TPM,Abreviaturas,Expansión completa,compa.,2,1,1,1,0.0470510739407627,False,Compa. | compa.,BnF_174_03,Arturo,bnf_174
553,Llama 3.3 70B · 12 000 TPM,Abreviaturas,Expansión completa,da,2,1,1,1,0.0470510739407627,False,Da,BnF_243_16,Rodrigo,bnf_243
554,Llama 3.3 70B · 12 000 TPM,Abreviaturas,Expansión completa,done,2,1,1,1,0.0470510739407627,False,done,BnF_264_03,Adriana,bnf_264
555,Llama 3.3 70B · 12 000 TPM,Abreviaturas,Expansión completa,mino,2,1,1,1,0.0470510739407627,False,mino,AGN_GralParte_v006_exp617_02,Rodrigo,agn_gralparte
556,Llama 3.3 70B · 12 000 TPM,Abreviaturas,Expansión completa,minos,2,1,1,1,0.0470510739407627,False,minos,AGN_GralParte_v006_exp617_02,Rodrigo,agn_gralparte
557,Llama 3.3 70B · 12 000 TPM,Abreviaturas,Expansión completa,mucha,2,1,1,1,0.0470510739407627,False,mucha,BnF_264_03,Adriana,bnf_264
558,Llama 3.3 70B · 12 000 TPM,Abreviaturas,Expansión completa,mías,2,1,1,1,0.0470510739407627,False,mías,AGI_INDIFERENTE_1529_N36_07,Rodrigo,agi_indiferente
559,Llama 3.3 70B · 12 000 TPM,Abreviaturas,Expansión completa,no.,2,1,1,1,0.0470510739407627,False,No. | no.,AGI_CONTRATACION_1089_N8_151,Paco,agi_contratacion
560,Llama 3.3 70B · 12 000 TPM,Abreviaturas,Expansión completa,nonigo,2,1,1,1,0.0470510739407627,False,nonigo,AGN_Inquisicion_v1568A_exp152_fs115-116v_03,Javier,agn_inquisicion
561,Llama 3.3 70B · 12 000 TPM,Abreviaturas,Expansión completa,prova.,2,1,1,1,0.0470510739407627,False,Prova.,BnF_174_03,Arturo,bnf_174
562,Llama 3.3 70B · 12 000 TPM,Abreviaturas,Expansión completa,q,2,1,1,1,0.0470510739407627,False,q,AGI_CONTRATACION_1089_N8_151,Paco,agi_contratacion
563,Llama 3.3 70B · 12 000 TPM,Abreviaturas,Expansión completa,rego,2,1,1,1,0.0470510739407627,False,rego,AGI_CONTRATACION_1089_N8_151,Paco,agi_contratacion
564,Llama 3.3 70B · 12 000 TPM,Abreviaturas,Expansión completa,v.m.,2,1,1,1,0.0470510739407627,False,V.M.,BnF_110_13,Adriana,bnf_110
565,Llama 3.3 70B · 12 000 TPM,Abreviaturas,Expansión completa,vala,2,1,1,1,0.0470510739407627,False,vaLa,AGN_Inquisicion_v1568A_exp152_fs115-116v_03,Javier,agn_inquisicion
566,Llama 3.3 70B · 12 000 TPM,Abreviaturas,Expansión completa,vm.,2,1,1,1,0.0470510739407627,False,Vm.,utblac_eog_v_41_orig_03,Flor,utblac_eog
567,Llama 3.3 70B · 12 000 TPM,Abreviaturas,No sub-rule assigned,cuarta,2,1,1,1,0.0470510739407627,False,cuarta,AMP_AC_v021__doc026_2,Alba,amp_ac
568,Llama 3.3 70B · 12 000 TPM,Abreviaturas,No sub-rule assigned,escriano,2,1,1,1,0.0470510739407627,False,escriano,BnF_075_035,Arturo,bnf_075
569,Llama 3.3 70B · 12 000 TPM,Abreviaturas,No sub-rule assigned,justa,2,1,1,1,0.0470510739407627,False,justa,BnF_117_08,Edna,bnf_117
570,Llama 3.3 70B · 12 000 TPM,Abreviaturas,No sub-rule assigned,mozo,2,1,1,1,0.0470510739407627,False,mozo,AGI_CONTRATACION_1089_N8_176,Flor,agi_contratacion
571,Llama 3.3 70B · 12 000 TPM,Abreviaturas,No sub-rule assigned,nativos,2,1,1,1,0.0470510739407627,False,nativos,BnF_264_02,Paloma,bnf_264
572,Llama 3.3 70B · 12 000 TPM,Acentuación,No sub-rule assigned,medanos,2,1,1,1,0.0470510739407627,False,Medanos | medanos,BnF_266_03,Rodrigo,bnf_266
573,Llama 3.3 70B · 12 000 TPM,Acentuación,No sub-rule assigned,mercaderias,2,1,1,1,0.0470510739407627,False,mercaderias,AGI_CONTRATACION_1089_N8_151,Paco,agi_contratacion
574,Llama 3.3 70B · 12 000 TPM,Acentuación,No sub-rule assigned,mozo,2,1,1,1,0.0470510739407627,False,mozo,AGI_CONTRATACION_1089_N8_176,Flor,agi_contratacion
575,Llama 3.3 70B · 12 000 TPM,Acentuación,No sub-rule assigned,perez,2,1,1,1,0.0470510739407627,False,perez,AGI_CONTRATACION_1089_N8_151,Paco,agi_contratacion
576,Llama 3.3 70B · 12 000 TPM,Acentuación,No sub-rule assigned,se,2,1,1,1,0.0470510739407627,False,se,BnF_266_03,Rodrigo,bnf_266
577,Llama 3.3 70B · 12 000 TPM,Acentuación,No sub-rule assigned,ynterprete,2,1,1,1,0.0470510739407627,False,ynterprete,BnF_104_3,Alba,bnf_104
578,Llama 3.3 70B · 12 000 TPM,Cambios,Deleción,a quien,2,1,1,1,0.0470510739407627,False,a quien,BnF_174_04,Paloma,bnf_174
579,Llama 3.3 70B · 12 000 TPM,Cambios,Deleción,consentí,2,1,1,1,0.0470510739407627,False,consentí,BnF_113_43,Paloma,bnf_113
580,Llama 3.3 70B · 12 000 TPM,Cambios,Deleción,corona,2,1,1,1,0.0470510739407627,False,corona,AGN_RealesCedDup_v003_exp334,Alba,agn_realesceddup
581,Llama 3.3 70B · 12 000 TPM,Cambios,Deleción,de cuatro,2,1,1,1,0.0470510739407627,False,de cuatro,BnF_266_06,Adriana,bnf_266
582,Llama 3.3 70B · 12 000 TPM,Cambios,Deleción,firmó,2,1,1,1,0.0470510739407627,False,firmó,BnF_112_08,Paloma,bnf_112
583,Llama 3.3 70B · 12 000 TPM,Cambios,Deleción,hará,2,1,1,1,0.0470510739407627,False,hará,BnF_104_3,Alba,bnf_104
584,Llama 3.3 70B · 12 000 TPM,Cambios,Deleción,los indios,2,1,1,1,0.0470510739407627,False,los indios,BnF_264_12,Edna,bnf_264
585,Llama 3.3 70B · 12 000 TPM,Cambios,Deleción,maría,2,1,1,1,0.0470510739407627,False,María,BnF_174_04,Paloma,bnf_174
586,Llama 3.3 70B · 12 000 TPM,Cambios,Deleción,mil setecientos,2,1,1,1,0.0470510739407627,False,mil setecientos,UIA_Ms149_Exp2_51,Arturo,uia_ms149
587,Llama 3.3 70B · 12 000 TPM,Cambios,Deleción,mí,2,1,1,1,0.0470510739407627,False,mí,BnF_032_39,Paloma,bnf_032
588,Llama 3.3 70B · 12 000 TPM,Cambios,Deleción,natural,2,1,1,1,0.0470510739407627,False,natural,AGI_CONTRATACION_1089_N8_176,Flor,agi_contratacion
589,Llama 3.3 70B · 12 000 TPM,Cambios,Deleción,señor,2,1,1,1,0.0470510739407627,False,señor,BnF_075_035,Arturo,bnf_075
590,Llama 3.3 70B · 12 000 TPM,Cambios,Deleción,ynsos,2,1,1,1,0.0470510739407627,False,ynsos,AGN_GralParte_v006_exp617_02,Rodrigo,agn_gralparte
591,Llama 3.3 70B · 12 000 TPM,Cambios,Inserción,a los,2,1,1,1,0.0470510739407627,False,a los,BnF_119-148_33,Paloma,bnf_119-148
592,Llama 3.3 70B · 12 000 TPM,Cambios,Inserción,de esa,2,1,1,1,0.0470510739407627,False,de esa,BnF_119-148_33,Paloma,bnf_119-148
593,Llama 3.3 70B · 12 000 TPM,Cambios,Inserción,francesa,2,1,1,1,0.0470510739407627,False,francesa,BnF_266_03,Rodrigo,bnf_266
594,Llama 3.3 70B · 12 000 TPM,Cambios,Inserción,patrono,2,1,1,1,0.0470510739407627,False,patrono,BnF_283_05,Alba,bnf_283
595,Llama 3.3 70B · 12 000 TPM,Cambios,Inserción,predicador de,2,1,1,1,0.0470510739407627,False,predicador de,Mechoacan_Yurirapundaro_1,Adriana,mechoacan_yurirapundaro
596,Llama 3.3 70B · 12 000 TPM,Cambios,Inserción,principales,2,1,1,1,0.0470510739407627,False,principales,AGN_HospJesus_c474_leg267-2_exp024_7473-7537_05,Rodrigo,agn_hospjesus
597,Llama 3.3 70B · 12 000 TPM,Cambios,Inserción,que el,2,1,1,1,0.0470510739407627,False,que el,BnF_119-148_33,Paloma,bnf_119-148
598,Llama 3.3 70B · 12 000 TPM,Cambios,Inserción,temporal,2,1,1,1,0.0470510739407627,False,Temporal,AGN_RealesCedDup_v003_exp334,Alba,agn_realesceddup
599,Llama 3.3 70B · 12 000 TPM,Cambios,No sub-rule assigned,dijeran,2,1,1,1,0.0470510739407627,False,dijeran,BnF_266_05,Adriana,bnf_266
600,Llama 3.3 70B · 12 000 TPM,Cambios,No sub-rule assigned,y cinco,2,1,1,1,0.0470510739407627,False,y cinco,BnF_032_23,Arturo,bnf_032
601,Llama 3.3 70B · 12 000 TPM,Cambios,Otros,1619,2,1,1,1,0.0470510739407627,False,1619,AGN_HospJesus_c205_exp041_04,Flor,agn_hospjesus
602,Llama 3.3 70B · 12 000 TPM,Cambios,Otros,allã­,2,1,1,1,0.0470510739407627,False,allÃ­,BnF_266_05,Adriana,bnf_266
603,Llama 3.3 70B · 12 000 TPM,Cambios,Otros,asã­,2,1,1,1,0.0470510739407627,False,asÃ­,BnF_266_05,Adriana,bnf_266
604,Llama 3.3 70B · 12 000 TPM,Cambios,Otros,habã­a,2,1,1,1,0.0470510739407627,False,habÃ­a,BnF_266_05,Adriana,bnf_266
605,Llama 3.3 70B · 12 000 TPM,Cambios,Otros,habã­an,2,1,1,1,0.0470510739407627,False,habÃ­an,BnF_266_05,Adriana,bnf_266
606,Llama 3.3 70B · 12 000 TPM,Cambios,Otros,les dijo,2,1,1,1,0.0470510739407627,False,les dijo,BnF_266_07,Paco,bnf_266
607,Llama 3.3 70B · 12 000 TPM,Cambios,Otros,murieron,2,1,1,1,0.0470510739407627,False,murieron,BnF_266_05,Adriana,bnf_266
608,Llama 3.3 70B · 12 000 TPM,Cambios,Otros,mã,2,1,1,1,0.0470510739407627,False,mÃ,BnF_266_05,Adriana,bnf_266
609,Llama 3.3 70B · 12 000 TPM,Cambios,Otros,navã­os,2,1,1,1,0.0470510739407627,False,navÃ­os,BnF_266_05,Adriana,bnf_266
610,Llama 3.3 70B · 12 000 TPM,Cambios,Otros,prometiã³,2,1,1,1,0.0470510739407627,False,prometiÃ³,BnF_266_05,Adriana,bnf_266
611,Llama 3.3 70B · 12 000 TPM,Cambios,Otros,pã³lvora,2,1,1,1,0.0470510739407627,False,pÃ³lvora,BnF_266_05,Adriana,bnf_266
612,Llama 3.3 70B · 12 000 TPM,Cambios,Otros,santa ana,2,1,1,1,0.0470510739407627,False,santa ana,AGI_INDIFERENTE_1529_N36_07,Rodrigo,agi_indiferente
613,Llama 3.3 70B · 12 000 TPM,Cambios,Otros,seã±or,2,1,1,1,0.0470510739407627,False,seÃ±or,BnF_266_05,Adriana,bnf_266
614,Llama 3.3 70B · 12 000 TPM,Cambios,Otros,virrey,2,1,1,1,0.0470510739407627,False,Virrey,UIA_Ms149_Exp2_51,Arturo,uia_ms149
615,Llama 3.3 70B · 12 000 TPM,Cambios,Sustitución,1576,2,1,1,1,0.0470510739407627,False,1576,BnF_119-148_24,Adriana,bnf_119-148
616,Llama 3.3 70B · 12 000 TPM,Cambios,Sustitución,algunos,2,1,1,1,0.0470510739407627,False,algunos,BnF_266_06,Adriana,bnf_266
617,Llama 3.3 70B · 12 000 TPM,Cambios,Sustitución,allã­,2,1,1,1,0.0470510739407627,False,allÃ­,BnF_266_05,Adriana,bnf_266
618,Llama 3.3 70B · 12 000 TPM,Cambios,Sustitución,asã­,2,1,1,1,0.0470510739407627,False,asÃ­,BnF_266_05,Adriana,bnf_266
619,Llama 3.3 70B · 12 000 TPM,Cambios,Sustitución,ciento,2,1,1,1,0.0470510739407627,False,ciento,BnF_116_07,Adriana,bnf_116
620,Llama 3.3 70B · 12 000 TPM,Cambios,Sustitución,cobrado y,2,1,1,1,0.0470510739407627,False,cobrado y,AGN_AHHacienda_v268_exp046_02,Paloma,agn_ahhacienda
621,Llama 3.3 70B · 12 000 TPM,Cambios,Sustitución,combate,2,1,1,1,0.0470510739407627,False,combate,BnF_266_03,Rodrigo,bnf_266
622,Llama 3.3 70B · 12 000 TPM,Cambios,Sustitución,conviene,2,1,1,1,0.0470510739407627,False,conviene,BnF_119-148_33,Paloma,bnf_119-148
623,Llama 3.3 70B · 12 000 TPM,Cambios,Sustitución,culuacán,2,1,1,1,0.0470510739407627,False,Culuacán,UIA_Ms149_Exp3_31,Alba,uia_ms149
624,Llama 3.3 70B · 12 000 TPM,Cambios,Sustitución,de este,2,1,1,1,0.0470510739407627,False,de este,BnF_032_33,Adriana,bnf_032
625,Llama 3.3 70B · 12 000 TPM,Cambios,Sustitución,debiera,2,1,1,1,0.0470510739407627,False,debiera,BnF_119-148_18,Arturo,bnf_119-148
626,Llama 3.3 70B · 12 000 TPM,Cambios,Sustitución,dijo,2,1,1,1,0.0470510739407627,False,dijo,BnF_111_21,Flor,bnf_111
627,Llama 3.3 70B · 12 000 TPM,Cambios,Sustitución,habã­a,2,1,1,1,0.0470510739407627,False,habÃ­a,BnF_266_05,Adriana,bnf_266
628,Llama 3.3 70B · 12 000 TPM,Cambios,Sustitución,habã­an,2,1,1,1,0.0470510739407627,False,habÃ­an,BnF_266_05,Adriana,bnf_266
629,Llama 3.3 70B · 12 000 TPM,Cambios,Sustitución,hacer,2,1,1,1,0.0470510739407627,False,hacer,BnF_264_12,Edna,bnf_264
630,Llama 3.3 70B · 12 000 TPM,Cambios,Sustitución,les,2,1,1,1,0.0470510739407627,False,les,BnF_266_10,Flor,bnf_266
631,Llama 3.3 70B · 12 000 TPM,Cambios,Sustitución,mercaderías,2,1,1,1,0.0470510739407627,False,mercaderías,BnF_119-148_16,Flor,bnf_119-148
632,Llama 3.3 70B · 12 000 TPM,Cambios,Sustitución,mil setecientos,2,1,1,1,0.0470510739407627,False,mil setecientos,UIA_Ms149_Exp2_51,Arturo,uia_ms149
633,Llama 3.3 70B · 12 000 TPM,Cambios,Sustitución,monte rey,2,1,1,1,0.0470510739407627,False,Monte Rey,AGN_GralParte_v006_exp617_02,Rodrigo,agn_gralparte
634,Llama 3.3 70B · 12 000 TPM,Cambios,Sustitución,mozocuaotle,2,1,1,1,0.0470510739407627,False,Mozocuaotle,BnF_032_33,Adriana,bnf_032
635,Llama 3.3 70B · 12 000 TPM,Cambios,Sustitución,murieron,2,1,1,1,0.0470510739407627,False,murieron,BnF_266_05,Adriana,bnf_266
636,Llama 3.3 70B · 12 000 TPM,Cambios,Sustitución,mã,2,1,1,1,0.0470510739407627,False,mÃ,BnF_266_05,Adriana,bnf_266
637,Llama 3.3 70B · 12 000 TPM,Cambios,Sustitución,mí,2,1,1,1,0.0470510739407627,False,mí,BnF_032_39,Paloma,bnf_032
638,Llama 3.3 70B · 12 000 TPM,Cambios,Sustitución,navã­os,2,1,1,1,0.0470510739407627,False,navÃ­os,BnF_266_05,Adriana,bnf_266
639,Llama 3.3 70B · 12 000 TPM,Cambios,Sustitución,nulo,2,1,1,1,0.0470510739407627,False,nulo,BnF_117_03,Arturo,bnf_117
640,Llama 3.3 70B · 12 000 TPM,Cambios,Sustitución,ocelotl,2,1,1,1,0.0470510739407627,False,Ocelotl,BnF_032_33,Adriana,bnf_032
641,Llama 3.3 70B · 12 000 TPM,Cambios,Sustitución,oposición,2,1,1,1,0.0470510739407627,False,oposición,AGN_HospJesus_c474_leg267-2_exp024_7473-7537_10,Arturo,agn_hospjesus
642,Llama 3.3 70B · 12 000 TPM,Cambios,Sustitución,pertenecen,2,1,1,1,0.0470510739407627,False,pertenecen,BnF_112_08,Paloma,bnf_112
643,Llama 3.3 70B · 12 000 TPM,Cambios,Sustitución,prometiã³,2,1,1,1,0.0470510739407627,False,prometiÃ³,BnF_266_05,Adriana,bnf_266
644,Llama 3.3 70B · 12 000 TPM,Cambios,Sustitución,pã³lvora,2,1,1,1,0.0470510739407627,False,pÃ³lvora,BnF_266_05,Adriana,bnf_266
645,Llama 3.3 70B · 12 000 TPM,Cambios,Sustitución,sardierna,2,1,1,1,0.0470510739407627,False,Sardierna,AGN_AHHacienda_v268_exp046_02,Paloma,agn_ahhacienda
646,Llama 3.3 70B · 12 000 TPM,Cambios,Sustitución,seã±or,2,1,1,1,0.0470510739407627,False,seÃ±or,BnF_266_05,Adriana,bnf_266
647,Llama 3.3 70B · 12 000 TPM,Cambios,Sustitución,sujeto a la dicha cámara,2,1,1,1,0.0470510739407627,False,sujeto a la dicha cámara,BnF_113_43,Paloma,bnf_113
648,Llama 3.3 70B · 12 000 TPM,Cambios,Sustitución,tlaxcala,2,1,1,1,0.0470510739407627,False,Tlaxcala,BnF_117_13,Paco,bnf_117
649,Llama 3.3 70B · 12 000 TPM,Cambios,Sustitución,trajesen,2,1,1,1,0.0470510739407627,False,trajesen,BnF_266_06,Adriana,bnf_266
650,Llama 3.3 70B · 12 000 TPM,Cambios,Sustitución,y a,2,1,1,1,0.0470510739407627,False,y a,AGN_HospJesus_c474_leg267-2_exp024_7473-7537_10,Arturo,agn_hospjesus
651,Llama 3.3 70B · 12 000 TPM,Filológicas - instrucciones,No modificar otros idiomas,mozocoatle,2,1,1,1,0.0470510739407627,False,Mozocoatle,BnF_032_23,Arturo,bnf_032
652,Llama 3.3 70B · 12 000 TPM,Filológicas - instrucciones,No modificar otros idiomas,mozocuaotle,2,1,1,1,0.0470510739407627,False,Mozocuaotle,BnF_032_33,Adriana,bnf_032
653,Llama 3.3 70B · 12 000 TPM,Filológicas - instrucciones,No modificar otros idiomas,nesahualcóyotl,2,1,1,1,0.0470510739407627,False,Nesahualcóyotl,BnF_243_18,Adriana,bnf_243
654,Llama 3.3 70B · 12 000 TPM,Filológicas - instrucciones,No modificar otros idiomas,ocelotl,2,1,1,1,0.0470510739407627,False,Ocelotl,BnF_032_33,Adriana,bnf_032
655,Llama 3.3 70B · 12 000 TPM,Filológicas - instrucciones,Regularización de H etimológica,oy,2,1,1,1,0.0470510739407627,False,Oy | oy,BnF_243_16,Rodrigo,bnf_243
656,Llama 3.3 70B · 12 000 TPM,Filológicas - instrucciones,Regularización de i/y vocálicas,ynterprete,2,1,1,1,0.0470510739407627,False,ynterprete,BnF_104_3,Alba,bnf_104
657,Llama 3.3 70B · 12 000 TPM,Filológicas - instrucciones,Regularización de labiales (b/v),baras,2,1,1,1,0.0470510739407627,False,baras,AGS_CE_RG_L379_05,Flor,ags_ce
658,Llama 3.3 70B · 12 000 TPM,Filológicas - instrucciones,Regularización de labiales (b/v),bido,2,1,1,1,0.0470510739407627,False,bido,BnF_111_22,Paloma,bnf_111
659,Llama 3.3 70B · 12 000 TPM,Filológicas - instrucciones,Regularización de labiales (b/v),córdova,2,1,1,1,0.0470510739407627,False,Córdova,utblac_gg_mss_g62_duplicated_11,Alba,utblac_gg
660,Llama 3.3 70B · 12 000 TPM,Filológicas - instrucciones,Regularización de labiales (b/v),varco,2,1,1,1,0.0470510739407627,False,Varco,BnF_266_03,Rodrigo,bnf_266
661,Llama 3.3 70B · 12 000 TPM,Filológicas - instrucciones,Regularización de labiales (b/v),vestias,2,1,1,1,0.0470510739407627,False,vestias,AGI_INDIFERENTE_1529_N8_06,Rodrigo,agi_indiferente
662,Llama 3.3 70B · 12 000 TPM,Filológicas - mecánicas,Regularización de sibilantes,serro,2,1,1,1,0.0470510739407627,False,serro,UIA_Ms149_Exp3_31,Alba,uia_ms149
663,Llama 3.3 70B · 12 000 TPM,Puntuación,"Coma (,)","aguardados, y",2,1,1,1,0.0470510739407627,False,"aguardados, y",BnF_174_03,Arturo,bnf_174
664,Llama 3.3 70B · 12 000 TPM,Puntuación,"Coma (,)","nadie, y",2,1,1,1,0.0470510739407627,False,"nadie, y",BnF_032_23,Arturo,bnf_032
665,Llama 3.3 70B · 12 000 TPM,Puntuación,"Coma (,)","señora,",2,1,1,1,0.0470510739407627,False,"señora,",BnF_118_08,Arturo,bnf_118
666,Llama 3.3 70B · 12 000 TPM,Puntuación,"Coma (,)","verdad, y",2,1,1,1,0.0470510739407627,False,"verdad, y",BnF_032_23,Arturo,bnf_032
667,Llama 3.3 70B · 12 000 TPM,Puntuación,"Coma (,)",y a,2,1,1,1,0.0470510739407627,False,y a,BnF_032_23,Arturo,bnf_032
668,Llama 3.3 70B · 12 000 TPM,Puntuación,Punto (.),la flota,2,1,1,1,0.0470510739407627,False,la flota,BnF_266_10,Flor,bnf_266
669,GPT OSS 120B · 8 000 TPM,Abreviaturas,"Excepciones (desto/a/os, dello/a/os)",de,1,1,1,1,0.08582217645039479,False,de,AGN_Mercedes_v003_exp520,Alba,agn_mercedes
670,GPT OSS 120B · 8 000 TPM,Abreviaturas,"Excepciones (desto/a/os, dello/a/os)",dello,1,1,1,1,0.08582217645039479,False,dello,BnF_112_23,Edna,bnf_112
671,GPT OSS 120B · 8 000 TPM,Abreviaturas,"Excepciones (desto/a/os, dello/a/os)",dellos,1,1,1,1,0.08582217645039479,False,dellos,AGN_Indios_v019_exp354_2,Alba,agn_indios
672,GPT OSS 120B · 8 000 TPM,Abreviaturas,"Excepciones (desto/a/os, dello/a/os)",destotra,1,1,1,1,0.08582217645039479,False,destotra,BnF_113_04,Paco,bnf_113
673,GPT OSS 120B · 8 000 TPM,Abreviaturas,"Excepciones (desto/a/os, dello/a/os)",entre ellos,1,1,1,1,0.08582217645039479,False,entre ellos,AGN_Indios_v009_exp003_fs4v-5_01,Arturo,agn_indios
674,GPT OSS 120B · 8 000 TPM,Abreviaturas,"Excepciones (desto/a/os, dello/a/os)",esniores,1,1,1,1,0.08582217645039479,False,esniores,AGI_PATRONATO_182_R3_01,Alba,agi_patronato
675,GPT OSS 120B · 8 000 TPM,Abreviaturas,"Excepciones (desto/a/os, dello/a/os)",la,1,1,1,1,0.08582217645039479,False,la ,AGN_Mercedes_v003_exp520,Alba,agn_mercedes
676,GPT OSS 120B · 8 000 TPM,Abreviaturas,"Excepciones (desto/a/os, dello/a/os)",queste,1,1,1,1,0.08582217645039479,False,queste,AGI_PATRONATO_182_R3_01,Alba,agi_patronato
677,GPT OSS 120B · 8 000 TPM,Abreviaturas,"Excepciones (desto/a/os, dello/a/os)",v. m. r. d,1,1,1,1,0.08582217645039479,False,V. M. R. D,AGN_RealesCedDup_v030_exp874,Alba,agn_realesceddup
678,GPT OSS 120B · 8 000 TPM,Abreviaturas,Expansión completa,.v. sa.,1,1,1,1,0.08582217645039479,False,.v. sa.,BnF_112_25,Paco,bnf_112
679,GPT OSS 120B · 8 000 TPM,Abreviaturas,Expansión completa,a,1,1,1,1,0.08582217645039479,False,a,BnF_113_22,Paloma,bnf_113
680,GPT OSS 120B · 8 000 TPM,Abreviaturas,Expansión completa,a la,1,1,1,1,0.08582217645039479,False,A la,BnF_116_02,Paco,bnf_116
681,GPT OSS 120B · 8 000 TPM,Abreviaturas,Expansión completa,alde,1,1,1,1,0.08582217645039479,False,alde,AGN_Tierras_v039-2_exp003_72,Edna,agn_tierras
682,GPT OSS 120B · 8 000 TPM,Abreviaturas,Expansión completa,alguaziles,1,1,1,1,0.08582217645039479,False,alguaziles,BnF_111_20,Flor,bnf_111
683,GPT OSS 120B · 8 000 TPM,Abreviaturas,Expansión completa,alld,1,1,1,1,0.08582217645039479,False,alld,BnF_032_36,Paco,bnf_032
684,GPT OSS 120B · 8 000 TPM,Abreviaturas,Expansión completa,allds,1,1,1,1,0.08582217645039479,False,Allds,AGI_PATRONATO_182_R3_01,Alba,agi_patronato
685,GPT OSS 120B · 8 000 TPM,Abreviaturas,Expansión completa,allá,1,1,1,1,0.08582217645039479,False,allá,AGN_Tierras_v039-2_exp003_72,Edna,agn_tierras
686,GPT OSS 120B · 8 000 TPM,Abreviaturas,Expansión completa,alta,1,1,1,1,0.08582217645039479,False,alta,AMP_AC_v021__doc026_1,Rodrigo,amp_ac
687,GPT OSS 120B · 8 000 TPM,Abreviaturas,Expansión completa,apersevimto,1,1,1,1,0.08582217645039479,False,apersevimto,AGN_Indios_v019_exp354_2,Alba,agn_indios
688,GPT OSS 120B · 8 000 TPM,Abreviaturas,Expansión completa,as,1,1,1,1,0.08582217645039479,False,as,AGN_AHHacienda_v268_exp046_01,Adriana,agn_ahhacienda
689,GPT OSS 120B · 8 000 TPM,Abreviaturas,Expansión completa,aug,1,1,1,1,0.08582217645039479,False,Aug,BNE_ms3047_4,Javier,bne_ms3047
690,GPT OSS 120B · 8 000 TPM,Abreviaturas,Expansión completa,aug.,1,1,1,1,0.08582217645039479,False,Aug.,BNE_ms3047_1,Rodrigo,bne_ms3047
691,GPT OSS 120B · 8 000 TPM,Abreviaturas,Expansión completa,augt,1,1,1,1,0.08582217645039479,False,Augt,BNE_ms3047_1,Rodrigo,bne_ms3047
692,GPT OSS 120B · 8 000 TPM,Abreviaturas,Expansión completa,berno,1,1,1,1,0.08582217645039479,False,berno,AMP_AC_v021__doc026_1,Rodrigo,amp_ac
693,GPT OSS 120B · 8 000 TPM,Abreviaturas,Expansión completa,bies,1,1,1,1,0.08582217645039479,False,bies,AGN_GralParte_v006_exp617_01,Rodrigo,agn_gralparte
694,GPT OSS 120B · 8 000 TPM,Abreviaturas,Expansión completa,bua,1,1,1,1,0.08582217645039479,False,bua,BNE_ms3047_4,Javier,bne_ms3047
695,GPT OSS 120B · 8 000 TPM,Abreviaturas,Expansión completa,cabeza,1,1,1,1,0.08582217645039479,False,cabeza,AMP_AC_v021__doc026_1,Rodrigo,amp_ac
696,GPT OSS 120B · 8 000 TPM,Abreviaturas,Expansión completa,cantidad,1,1,1,1,0.08582217645039479,False,cantidad,BnF_030_27,Rodrigo,bnf_030
697,GPT OSS 120B · 8 000 TPM,Abreviaturas,Expansión completa,capán,1,1,1,1,0.08582217645039479,False,capán,AGN_RealesCedDup_v030_exp874,Alba,agn_realesceddup
698,GPT OSS 120B · 8 000 TPM,Abreviaturas,Expansión completa,colón,1,1,1,1,0.08582217645039479,False,colón,AGI_INDIFERENTE_2065_N45_09,Rodrigo,agi_indiferente
699,GPT OSS 120B · 8 000 TPM,Abreviaturas,Expansión completa,con,1,1,1,1,0.08582217645039479,False,con,BnF_113_04,Paco,bnf_113
700,GPT OSS 120B · 8 000 TPM,Abreviaturas,Expansión completa,congr,1,1,1,1,0.08582217645039479,False,Congr,AGN_AHHacienda_v268_exp046_01,Adriana,agn_ahhacienda
701,GPT OSS 120B · 8 000 TPM,Abreviaturas,Expansión completa,conoscimito,1,1,1,1,0.08582217645039479,False,conoscimito,AGN_GralParte_v006_exp617_01,Rodrigo,agn_gralparte
702,GPT OSS 120B · 8 000 TPM,Abreviaturas,Expansión completa,conoscio,1,1,1,1,0.08582217645039479,False,conoscio,BnF_111_20,Flor,bnf_111
703,GPT OSS 120B · 8 000 TPM,Abreviaturas,Expansión completa,consdo,1,1,1,1,0.08582217645039479,False,consdo,AGI_CONTRATACION_1091_N3_098,Javier,agi_contratacion
704,GPT OSS 120B · 8 000 TPM,Abreviaturas,Expansión completa,contra,1,1,1,1,0.08582217645039479,False,Contra,AGN_RealesCedDup_v050_exp062,Paloma,agn_realesceddup
705,GPT OSS 120B · 8 000 TPM,Abreviaturas,Expansión completa,contrd,1,1,1,1,0.08582217645039479,False,Contrd,AGN_AHHacienda_v268_exp046_01,Adriana,agn_ahhacienda
706,GPT OSS 120B · 8 000 TPM,Abreviaturas,Expansión completa,convoto,1,1,1,1,0.08582217645039479,False,convoto,BNE_ms3047_1,Rodrigo,bne_ms3047
707,GPT OSS 120B · 8 000 TPM,Abreviaturas,Expansión completa,cor,1,1,1,1,0.08582217645039479,False,cor,AGN_AHHacienda_v1292_exp135,Javier,agn_ahhacienda
708,GPT OSS 120B · 8 000 TPM,Abreviaturas,Expansión completa,corregor,1,1,1,1,0.08582217645039479,False,Corregor,AGN_RealesCedDup_v050_exp062,Paloma,agn_realesceddup
709,GPT OSS 120B · 8 000 TPM,Abreviaturas,Expansión completa,corregr,1,1,1,1,0.08582217645039479,False,Corregr,AGN_AHHacienda_v268_exp046_01,Adriana,agn_ahhacienda
710,GPT OSS 120B · 8 000 TPM,Abreviaturas,Expansión completa,de enero de mil y,1,1,1,1,0.08582217645039479,False,de enero de mil y,AGN_Tierras_v039-2_exp003_72,Edna,agn_tierras
711,GPT OSS 120B · 8 000 TPM,Abreviaturas,Expansión completa,della,1,1,1,1,0.08582217645039479,False,della,AGI_PATRONATO_182_R3_04,Paco,agi_patronato
712,GPT OSS 120B · 8 000 TPM,Abreviaturas,Expansión completa,des,1,1,1,1,0.08582217645039479,False,des,BnF_111_20,Flor,bnf_111
713,GPT OSS 120B · 8 000 TPM,Abreviaturas,Expansión completa,dia,1,1,1,1,0.08582217645039479,False,dia,AGN_IndiferenteVirreinal_caja4071_exp024_2,Paloma,agn_indiferentevirreinal
714,GPT OSS 120B · 8 000 TPM,Abreviaturas,Expansión completa,diez,1,1,1,1,0.08582217645039479,False,diez,AMP_AC_v021__doc026_1,Rodrigo,amp_ac
715,GPT OSS 120B · 8 000 TPM,Abreviaturas,Expansión completa,difinia,1,1,1,1,0.08582217645039479,False,difinia,BnF_032_36,Paco,bnf_032
716,GPT OSS 120B · 8 000 TPM,Abreviaturas,Expansión completa,doctor,1,1,1,1,0.08582217645039479,False,doctor,AGN_AHHacienda_v268_exp046_01,Adriana,agn_ahhacienda
717,GPT OSS 120B · 8 000 TPM,Abreviaturas,Expansión completa,domyngo,1,1,1,1,0.08582217645039479,False,domyngo,BnF_111_20,Flor,bnf_111
718,GPT OSS 120B · 8 000 TPM,Abreviaturas,Expansión completa,dor,1,1,1,1,0.08582217645039479,False,dor,AGN_RealesCedDup_v030_exp874,Alba,agn_realesceddup
719,GPT OSS 120B · 8 000 TPM,Abreviaturas,Expansión completa,dras,1,1,1,1,0.08582217645039479,False,dras,BnF_111_20,Flor,bnf_111
720,GPT OSS 120B · 8 000 TPM,Abreviaturas,Expansión completa,edificio,1,1,1,1,0.08582217645039479,False,edificio,BNE_ms3047_4,Javier,bne_ms3047
721,GPT OSS 120B · 8 000 TPM,Abreviaturas,Expansión completa,el corregidor,1,1,1,1,0.08582217645039479,False,el corregidor,AGN_Indios_v002_exp835,Paloma,agn_indios
722,GPT OSS 120B · 8 000 TPM,Abreviaturas,Expansión completa,empedimio,1,1,1,1,0.08582217645039479,False,Empedimio,AGN_Mercedes_v003_exp520,Alba,agn_mercedes
723,GPT OSS 120B · 8 000 TPM,Abreviaturas,Expansión completa,escno,1,1,1,1,0.08582217645039479,False,escno,BnF_032_15,Flor,bnf_032
724,GPT OSS 120B · 8 000 TPM,Abreviaturas,Expansión completa,esmo,1,1,1,1,0.08582217645039479,False,esmo,AGN_RealesCedDup_v050_exp062,Paloma,agn_realesceddup
725,GPT OSS 120B · 8 000 TPM,Abreviaturas,Expansión completa,esr.,1,1,1,1,0.08582217645039479,False,esr.,BnF_113_04,Paco,bnf_113
726,GPT OSS 120B · 8 000 TPM,Abreviaturas,Expansión completa,etc.,1,1,1,1,0.08582217645039479,False,etc.,AGN_Indios_v002_exp835,Paloma,agn_indios
727,GPT OSS 120B · 8 000 TPM,Abreviaturas,Expansión completa,etza,1,1,1,1,0.08582217645039479,False,etza,AGN_Indios_v009_exp003_fs4v-5_01,Arturo,agn_indios
728,GPT OSS 120B · 8 000 TPM,Abreviaturas,Expansión completa,exon,1,1,1,1,0.08582217645039479,False,exon,AGN_Indios_v019_exp354_2,Alba,agn_indios
729,GPT OSS 120B · 8 000 TPM,Abreviaturas,Expansión completa,exor,1,1,1,1,0.08582217645039479,False,exor,AGN_AHHacienda_v1292_exp135,Javier,agn_ahhacienda
730,GPT OSS 120B · 8 000 TPM,Abreviaturas,Expansión completa,exptoval,1,1,1,1,0.08582217645039479,False,exptoval,AGN_Indios_v019_exp354_2,Alba,agn_indios
731,GPT OSS 120B · 8 000 TPM,Abreviaturas,Expansión completa,fe q,1,1,1,1,0.08582217645039479,False,fe q,AGN_RealesCedDup_v050_exp062,Paloma,agn_realesceddup
732,GPT OSS 120B · 8 000 TPM,Abreviaturas,Expansión completa,fhos.,1,1,1,1,0.08582217645039479,False,fhos.,AGN_Indios_v009_exp003_fs4v-5_01,Arturo,agn_indios
733,GPT OSS 120B · 8 000 TPM,Abreviaturas,Expansión completa,fo,1,1,1,1,0.08582217645039479,False,fo,AGN_Indios_v002_exp835,Paloma,agn_indios
734,GPT OSS 120B · 8 000 TPM,Abreviaturas,Expansión completa,gens.,1,1,1,1,0.08582217645039479,False,gens.,AGS_CE_RG_L379_01,Javier,ags_ce
735,GPT OSS 120B · 8 000 TPM,Abreviaturas,Expansión completa,ges,1,1,1,1,0.08582217645039479,False,ges,AGN_AHHacienda_v1292_exp135,Javier,agn_ahhacienda
736,GPT OSS 120B · 8 000 TPM,Abreviaturas,Expansión completa,gobern,1,1,1,1,0.08582217645039479,False,gobern,BnF_116_02,Paco,bnf_116
737,GPT OSS 120B · 8 000 TPM,Abreviaturas,Expansión completa,gor,1,1,1,1,0.08582217645039479,False,gor,BnF_113_04,Paco,bnf_113
738,GPT OSS 120B · 8 000 TPM,Abreviaturas,Expansión completa,governdor,1,1,1,1,0.08582217645039479,False,Governdor,AGN_Indios_v019_exp354_2,Alba,agn_indios
739,GPT OSS 120B · 8 000 TPM,Abreviaturas,Expansión completa,govor,1,1,1,1,0.08582217645039479,False,govor,AGN_Mercedes_v003_exp520,Alba,agn_mercedes
740,GPT OSS 120B · 8 000 TPM,Abreviaturas,Expansión completa,greco,1,1,1,1,0.08582217645039479,False,greco,AGN_RealesCedDup_v050_exp062,Paloma,agn_realesceddup
741,GPT OSS 120B · 8 000 TPM,Abreviaturas,Expansión completa,grmo,1,1,1,1,0.08582217645039479,False,grmo,AGI_PATRONATO_182_R3_04,Paco,agi_patronato
742,GPT OSS 120B · 8 000 TPM,Abreviaturas,Expansión completa,hazda,1,1,1,1,0.08582217645039479,False,hazda,BNE_ms3047_4,Javier,bne_ms3047
743,GPT OSS 120B · 8 000 TPM,Abreviaturas,Expansión completa,heredo,1,1,1,1,0.08582217645039479,False,heredo,BnF_112_02,Arturo,bnf_112
744,GPT OSS 120B · 8 000 TPM,Abreviaturas,Expansión completa,hres,1,1,1,1,0.08582217645039479,False,hres,AGN_GralParte_v006_exp617_01,Rodrigo,agn_gralparte
745,GPT OSS 120B · 8 000 TPM,Abreviaturas,Expansión completa,hrez,1,1,1,1,0.08582217645039479,False,Hrez,AGN_GralParte_v006_exp617_01,Rodrigo,agn_gralparte
746,GPT OSS 120B · 8 000 TPM,Abreviaturas,Expansión completa,hrrs,1,1,1,1,0.08582217645039479,False,hrrs,BnF_032_36,Paco,bnf_032
747,GPT OSS 120B · 8 000 TPM,Abreviaturas,Expansión completa,hrz,1,1,1,1,0.08582217645039479,False,hrz,AGN_GralParte_v006_exp617_01,Rodrigo,agn_gralparte
748,GPT OSS 120B · 8 000 TPM,Abreviaturas,Expansión completa,ilmo.,1,1,1,1,0.08582217645039479,False,Ilmo.,AGI_PATRONATO_182_R3_04,Paco,agi_patronato
749,GPT OSS 120B · 8 000 TPM,Abreviaturas,Expansión completa,jrme,1,1,1,1,0.08582217645039479,False,jrme,AGN_GralParte_v006_exp617_01,Rodrigo,agn_gralparte
750,GPT OSS 120B · 8 000 TPM,Abreviaturas,Expansión completa,juo.,1,1,1,1,0.08582217645039479,False,Juo.,AGN_IndiferenteVirreinal_caja4071_exp024_2,Paloma,agn_indiferentevirreinal
751,GPT OSS 120B · 8 000 TPM,Abreviaturas,Expansión completa,juridicion,1,1,1,1,0.08582217645039479,False,Juridicion,AGN_IndiferenteVirreinal_caja4071_exp024_2,Paloma,agn_indiferentevirreinal
752,GPT OSS 120B · 8 000 TPM,Abreviaturas,Expansión completa,juró,1,1,1,1,0.08582217645039479,False,juró,AGN_RealesCedDup_v050_exp062,Paloma,agn_realesceddup
753,GPT OSS 120B · 8 000 TPM,Abreviaturas,Expansión completa,jusgdo,1,1,1,1,0.08582217645039479,False,Jusgdo,AGN_GralParte_v006_exp617_01,Rodrigo,agn_gralparte
754,GPT OSS 120B · 8 000 TPM,Abreviaturas,Expansión completa,legito,1,1,1,1,0.08582217645039479,False,legito,BnF_112_02,Arturo,bnf_112
755,GPT OSS 120B · 8 000 TPM,Abreviaturas,Expansión completa,libremte,1,1,1,1,0.08582217645039479,False,libremte,AGN_GralParte_v006_exp617_01,Rodrigo,agn_gralparte
756,GPT OSS 120B · 8 000 TPM,Abreviaturas,Expansión completa,lopz,1,1,1,1,0.08582217645039479,False,lopz,BnF_112_02,Arturo,bnf_112
757,GPT OSS 120B · 8 000 TPM,Abreviaturas,Expansión completa,ma.,1,1,1,1,0.08582217645039479,False,ma.,BnF_112_25,Paco,bnf_112
758,GPT OSS 120B · 8 000 TPM,Abreviaturas,Expansión completa,magdalena,1,1,1,1,0.08582217645039479,False,magdalena,AGN_Indios_v002_exp835,Paloma,agn_indios
759,GPT OSS 120B · 8 000 TPM,Abreviaturas,Expansión completa,mandado,1,1,1,1,0.08582217645039479,False,mandado,AGN_Indios_v019_exp354_2,Alba,agn_indios
760,GPT OSS 120B · 8 000 TPM,Abreviaturas,Expansión completa,mandamyto,1,1,1,1,0.08582217645039479,False,mandamyto,BnF_111_20,Flor,bnf_111
761,GPT OSS 120B · 8 000 TPM,Abreviaturas,Expansión completa,manl,1,1,1,1,0.08582217645039479,False,ManL,AGN_RealesCedDup_v030_exp874,Alba,agn_realesceddup
762,GPT OSS 120B · 8 000 TPM,Abreviaturas,Expansión completa,masesca,1,1,1,1,0.08582217645039479,False,Masesca,BNE_ms3047_1,Rodrigo,bne_ms3047
763,GPT OSS 120B · 8 000 TPM,Abreviaturas,Expansión completa,md.,1,1,1,1,0.08582217645039479,False,md.,BNE_ms3047_1,Rodrigo,bne_ms3047
764,GPT OSS 120B · 8 000 TPM,Abreviaturas,Expansión completa,mex,1,1,1,1,0.08582217645039479,False,mex,BnF_112_02,Arturo,bnf_112
765,GPT OSS 120B · 8 000 TPM,Abreviaturas,Expansión completa,mexio,1,1,1,1,0.08582217645039479,False,mexio,AGN_GralParte_v006_exp617_01,Rodrigo,agn_gralparte
766,GPT OSS 120B · 8 000 TPM,Abreviaturas,Expansión completa,mgd,1,1,1,1,0.08582217645039479,False,mgd,AGN_AHHacienda_v1292_exp135,Javier,agn_ahhacienda
767,GPT OSS 120B · 8 000 TPM,Abreviaturas,Expansión completa,monje,1,1,1,1,0.08582217645039479,False,monje,BNE_ms3047_1,Rodrigo,bne_ms3047
768,GPT OSS 120B · 8 000 TPM,Abreviaturas,Expansión completa,moro,1,1,1,1,0.08582217645039479,False,moro,BNE_ms3047_1,Rodrigo,bne_ms3047
769,GPT OSS 120B · 8 000 TPM,Abreviaturas,Expansión completa,ms,1,1,1,1,0.08582217645039479,False,ms,AGI_CONTRATACION_1091_N3_098,Javier,agi_contratacion
770,GPT OSS 120B · 8 000 TPM,Abreviaturas,Expansión completa,n,1,1,1,1,0.08582217645039479,False,n,AGN_AHHacienda_v268_exp046_01,Adriana,agn_ahhacienda
771,GPT OSS 120B · 8 000 TPM,Abreviaturas,Expansión completa,neceso,1,1,1,1,0.08582217645039479,False,neceso,AGI_GUADALAJARA_230_L2_F_45V-46V_1,Edna,agi_guadalajara
772,GPT OSS 120B · 8 000 TPM,Abreviaturas,Expansión completa,notifiq,1,1,1,1,0.08582217645039479,False,notifiq,BnF_032_36,Paco,bnf_032
773,GPT OSS 120B · 8 000 TPM,Abreviaturas,Expansión completa,novie,1,1,1,1,0.08582217645039479,False,novie,AGN_AHHacienda_v1292_exp135,Javier,agn_ahhacienda
774,GPT OSS 120B · 8 000 TPM,Abreviaturas,Expansión completa,nua espa,1,1,1,1,0.08582217645039479,False,nua eSpa,AGN_RealesCedDup_v050_exp062,Paloma,agn_realesceddup
775,GPT OSS 120B · 8 000 TPM,Abreviaturas,Expansión completa,números,1,1,1,1,0.08582217645039479,False,números,AGI_GUADALAJARA_230_L2_F_45V-46V_2,Adriana,agi_guadalajara
776,GPT OSS 120B · 8 000 TPM,Abreviaturas,Expansión completa,obligó,1,1,1,1,0.08582217645039479,False,obligó,AGN_RealesCedDup_v050_exp062,Paloma,agn_realesceddup
777,GPT OSS 120B · 8 000 TPM,Abreviaturas,Expansión completa,ofes,1,1,1,1,0.08582217645039479,False,ofes,AGN_Indios_v019_exp354_2,Alba,agn_indios
778,GPT OSS 120B · 8 000 TPM,Abreviaturas,Expansión completa,ofrs,1,1,1,1,0.08582217645039479,False,ofrs,AGN_RealesCedDup_v030_exp874,Alba,agn_realesceddup
779,GPT OSS 120B · 8 000 TPM,Abreviaturas,Expansión completa,ordena,1,1,1,1,0.08582217645039479,False,ordena,AGN_GralParte_v006_exp617_01,Rodrigo,agn_gralparte
780,GPT OSS 120B · 8 000 TPM,Abreviaturas,Expansión completa,ordin,1,1,1,1,0.08582217645039479,False,ordin,BNE_ms3047_1,Rodrigo,bne_ms3047
781,GPT OSS 120B · 8 000 TPM,Abreviaturas,Expansión completa,oyes,1,1,1,1,0.08582217645039479,False,oyes,AGI_GUADALAJARA_230_L2_F_45V-46V_2,Adriana,agi_guadalajara
782,GPT OSS 120B · 8 000 TPM,Abreviaturas,Expansión completa,pagra,1,1,1,1,0.08582217645039479,False,pagra,AGN_RealesCedDup_v050_exp062,Paloma,agn_realesceddup
783,GPT OSS 120B · 8 000 TPM,Abreviaturas,Expansión completa,para,1,1,1,1,0.08582217645039479,False,para,AGN_AHHacienda_v268_exp046_01,Adriana,agn_ahhacienda
784,GPT OSS 120B · 8 000 TPM,Abreviaturas,Expansión completa,para q,1,1,1,1,0.08582217645039479,False,para q,AGN_IndiferenteVirreinal_caja4071_exp024_2,Paloma,agn_indiferentevirreinal
785,GPT OSS 120B · 8 000 TPM,Abreviaturas,Expansión completa,pedido,1,1,1,1,0.08582217645039479,False,pedido,BnF_075_014,Alba,bnf_075
786,GPT OSS 120B · 8 000 TPM,Abreviaturas,Expansión completa,pedimto.,1,1,1,1,0.08582217645039479,False,pedimto.,BnF_112_02,Arturo,bnf_112
787,GPT OSS 120B · 8 000 TPM,Abreviaturas,Expansión completa,pocos.,1,1,1,1,0.08582217645039479,False,pocos.,AGN_Indios_v009_exp003_fs4v-5_01,Arturo,agn_indios
788,GPT OSS 120B · 8 000 TPM,Abreviaturas,Expansión completa,pod,1,1,1,1,0.08582217645039479,False,pod,AGN_Indios_v019_exp354_2,Alba,agn_indios
789,GPT OSS 120B · 8 000 TPM,Abreviaturas,Expansión completa,porq,1,1,1,1,0.08582217645039479,False,porq,BnF_111_20,Flor,bnf_111
790,GPT OSS 120B · 8 000 TPM,Abreviaturas,Expansión completa,pra,1,1,1,1,0.08582217645039479,False,pra,BnF_111_20,Flor,bnf_111
791,GPT OSS 120B · 8 000 TPM,Abreviaturas,Expansión completa,prco,1,1,1,1,0.08582217645039479,False,prco,AGI_PATRONATO_182_R3_04,Paco,agi_patronato
792,GPT OSS 120B · 8 000 TPM,Abreviaturas,Expansión completa,prestado,1,1,1,1,0.08582217645039479,False,prestado,AGN_Indios_v019_exp354_2,Alba,agn_indios
793,GPT OSS 120B · 8 000 TPM,Abreviaturas,Expansión completa,preste,1,1,1,1,0.08582217645039479,False,Preste,AGN_AHHacienda_v1292_exp135,Javier,agn_ahhacienda
794,GPT OSS 120B · 8 000 TPM,Abreviaturas,Expansión completa,prestes,1,1,1,1,0.08582217645039479,False,prestes,AGN_IndiferenteVirreinal_caja4071_exp024_2,Paloma,agn_indiferentevirreinal
795,GPT OSS 120B · 8 000 TPM,Abreviaturas,Expansión completa,provia,1,1,1,1,0.08582217645039479,False,provia,AGN_GralParte_v006_exp617_01,Rodrigo,agn_gralparte
796,GPT OSS 120B · 8 000 TPM,Abreviaturas,Expansión completa,provieron,1,1,1,1,0.08582217645039479,False,provieron,BnF_116_02,Paco,bnf_116
797,GPT OSS 120B · 8 000 TPM,Abreviaturas,Expansión completa,provo,1,1,1,1,0.08582217645039479,False,provo,BnF_032_36,Paco,bnf_032
798,GPT OSS 120B · 8 000 TPM,Abreviaturas,Expansión completa,ps.,1,1,1,1,0.08582217645039479,False,ps.,BNE_ms3047_1,Rodrigo,bne_ms3047
799,GPT OSS 120B · 8 000 TPM,Abreviaturas,Expansión completa,psonas,1,1,1,1,0.08582217645039479,False,psonas,BnF_032_36,Paco,bnf_032
800,GPT OSS 120B · 8 000 TPM,Abreviaturas,Expansión completa,pta,1,1,1,1,0.08582217645039479,False,pta,AGN_AHHacienda_v1292_exp135,Javier,agn_ahhacienda
801,GPT OSS 120B · 8 000 TPM,Abreviaturas,Expansión completa,pts,1,1,1,1,0.08582217645039479,False,pts,BnF_032_36,Paco,bnf_032
802,GPT OSS 120B · 8 000 TPM,Abreviaturas,Expansión completa,pturbe,1,1,1,1,0.08582217645039479,False,pturbe,BnF_032_36,Paco,bnf_032
803,GPT OSS 120B · 8 000 TPM,Abreviaturas,Expansión completa,pues,1,1,1,1,0.08582217645039479,False,pues,AGN_Indios_v019_exp354_2,Alba,agn_indios
804,GPT OSS 120B · 8 000 TPM,Abreviaturas,Expansión completa,q a,1,1,1,1,0.08582217645039479,False,q a,BnF_113_22,Paloma,bnf_113
805,GPT OSS 120B · 8 000 TPM,Abreviaturas,Expansión completa,q hara,1,1,1,1,0.08582217645039479,False,q hara,AGN_RealesCedDup_v050_exp062,Paloma,agn_realesceddup
806,GPT OSS 120B · 8 000 TPM,Abreviaturas,Expansión completa,q se,1,1,1,1,0.08582217645039479,False,q se,AGN_RealesCedDup_v050_exp062,Paloma,agn_realesceddup
807,GPT OSS 120B · 8 000 TPM,Abreviaturas,Expansión completa,q todo,1,1,1,1,0.08582217645039479,False,q todo,BnF_113_22,Paloma,bnf_113
808,GPT OSS 120B · 8 000 TPM,Abreviaturas,Expansión completa,qdaron,1,1,1,1,0.08582217645039479,False,qdaron,BnF_032_36,Paco,bnf_032
809,GPT OSS 120B · 8 000 TPM,Abreviaturas,Expansión completa,ql,1,1,1,1,0.08582217645039479,False,ql,BnF_032_36,Paco,bnf_032
810,GPT OSS 120B · 8 000 TPM,Abreviaturas,Expansión completa,qles,1,1,1,1,0.08582217645039479,False,qles,BnF_111_20,Flor,bnf_111
811,GPT OSS 120B · 8 000 TPM,Abreviaturas,Expansión completa,qo,1,1,1,1,0.08582217645039479,False,qo,AGI_CONTRATACION_1091_N3_098,Javier,agi_contratacion
812,GPT OSS 120B · 8 000 TPM,Abreviaturas,Expansión completa,qt,1,1,1,1,0.08582217645039479,False,qt,AGN_AHHacienda_v268_exp046_01,Adriana,agn_ahhacienda
813,GPT OSS 120B · 8 000 TPM,Abreviaturas,Expansión completa,quinta,1,1,1,1,0.08582217645039479,False,quinta,AGN_Mercedes_v003_exp520,Alba,agn_mercedes
814,GPT OSS 120B · 8 000 TPM,Abreviaturas,Expansión completa,quytar,1,1,1,1,0.08582217645039479,False,quytar,BnF_111_20,Flor,bnf_111
815,GPT OSS 120B · 8 000 TPM,Abreviaturas,Expansión completa,qxar,1,1,1,1,0.08582217645039479,False,qxar,BnF_111_20,Flor,bnf_111
816,GPT OSS 120B · 8 000 TPM,Abreviaturas,Expansión completa,re,1,1,1,1,0.08582217645039479,False,re,AGN_Mercedes_v003_exp520,Alba,agn_mercedes
817,GPT OSS 120B · 8 000 TPM,Abreviaturas,Expansión completa,rego,1,1,1,1,0.08582217645039479,False,rego,AGN_GralParte_v006_exp617_01,Rodrigo,agn_gralparte
818,GPT OSS 120B · 8 000 TPM,Abreviaturas,Expansión completa,relón.,1,1,1,1,0.08582217645039479,False,relón.,AGN_Indios_v002_exp835,Paloma,agn_indios
819,GPT OSS 120B · 8 000 TPM,Abreviaturas,Expansión completa,repartimto,1,1,1,1,0.08582217645039479,False,Repartimto,AGN_Indios_v019_exp354_2,Alba,agn_indios
820,GPT OSS 120B · 8 000 TPM,Abreviaturas,Expansión completa,residen,1,1,1,1,0.08582217645039479,False,residen,BnF_116_02,Paco,bnf_116
821,GPT OSS 120B · 8 000 TPM,Abreviaturas,Expansión completa,ron,1,1,1,1,0.08582217645039479,False,Ron ,AGN_RealesCedDup_v050_exp062,Paloma,agn_realesceddup
822,GPT OSS 120B · 8 000 TPM,Abreviaturas,Expansión completa,rosa,1,1,1,1,0.08582217645039479,False,Rosa,BnF_116_02,Paco,bnf_116
823,GPT OSS 120B · 8 000 TPM,Abreviaturas,Expansión completa,rtor,1,1,1,1,0.08582217645039479,False,Rtor,AGN_Indios_v019_exp354_2,Alba,agn_indios
824,GPT OSS 120B · 8 000 TPM,Abreviaturas,Expansión completa,rón,1,1,1,1,0.08582217645039479,False,Rón,AGN_Indios_v009_exp003_fs4v-5_01,Arturo,agn_indios
825,GPT OSS 120B · 8 000 TPM,Abreviaturas,Expansión completa,s,1,1,1,1,0.08582217645039479,False,S,BNE_ms3047_4,Javier,bne_ms3047
826,GPT OSS 120B · 8 000 TPM,Abreviaturas,Expansión completa,sa,1,1,1,1,0.08582217645039479,False,sa,BNE_ms3047_1,Rodrigo,bne_ms3047
827,GPT OSS 120B · 8 000 TPM,Abreviaturas,Expansión completa,segundo,1,1,1,1,0.08582217645039479,False,segundo,BnF_113_04,Paco,bnf_113
828,GPT OSS 120B · 8 000 TPM,Abreviaturas,Expansión completa,seiscios,1,1,1,1,0.08582217645039479,False,seiscios,AGN_GralParte_v006_exp617_01,Rodrigo,agn_gralparte
829,GPT OSS 120B · 8 000 TPM,Abreviaturas,Expansión completa,senia,1,1,1,1,0.08582217645039479,False,senia,BnF_032_36,Paco,bnf_032
830,GPT OSS 120B · 8 000 TPM,Abreviaturas,Expansión completa,servo rl,1,1,1,1,0.08582217645039479,False,Servo RL,AGN_Indios_v009_exp003_fs4v-5_01,Arturo,agn_indios
831,GPT OSS 120B · 8 000 TPM,Abreviaturas,Expansión completa,sienta,1,1,1,1,0.08582217645039479,False,sienta,AGN_RealesCedDup_v050_exp062,Paloma,agn_realesceddup
832,GPT OSS 120B · 8 000 TPM,Abreviaturas,Expansión completa,sigue,1,1,1,1,0.08582217645039479,False,sigue,AGI_CONTRATACION_1091_N3_098,Javier,agi_contratacion
833,GPT OSS 120B · 8 000 TPM,Abreviaturas,Expansión completa,siguiente,1,1,1,1,0.08582217645039479,False,siguiente,AGN_Indios_v002_exp835,Paloma,agn_indios
834,GPT OSS 120B · 8 000 TPM,Abreviaturas,Expansión completa,sometio,1,1,1,1,0.08582217645039479,False,sometio,AGN_IndiferenteVirreinal_caja4071_exp024_2,Paloma,agn_indiferentevirreinal
835,GPT OSS 120B · 8 000 TPM,Abreviaturas,Expansión completa,su,1,1,1,1,0.08582217645039479,False,su,BnF_116_02,Paco,bnf_116
836,GPT OSS 120B · 8 000 TPM,Abreviaturas,Expansión completa,suso dho,1,1,1,1,0.08582217645039479,False,suso dho,AGN_RealesCedDup_v050_exp062,Paloma,agn_realesceddup
837,GPT OSS 120B · 8 000 TPM,Abreviaturas,Expansión completa,tanto,1,1,1,1,0.08582217645039479,False,tanto,AGN_Indios_v019_exp354_2,Alba,agn_indios
838,GPT OSS 120B · 8 000 TPM,Abreviaturas,Expansión completa,tenido,1,1,1,1,0.08582217645039479,False,tenido,AGN_Indios_v009_exp003_fs4v-5_01,Arturo,agn_indios
839,GPT OSS 120B · 8 000 TPM,Abreviaturas,Expansión completa,tenie,1,1,1,1,0.08582217645039479,False,tenie,BnF_032_36,Paco,bnf_032
840,GPT OSS 120B · 8 000 TPM,Abreviaturas,Expansión completa,tes,1,1,1,1,0.08582217645039479,False,Tes,AGN_AHHacienda_v1292_exp135,Javier,agn_ahhacienda
841,GPT OSS 120B · 8 000 TPM,Abreviaturas,Expansión completa,teso,1,1,1,1,0.08582217645039479,False,Teso,AGN_AHHacienda_v1292_exp135,Javier,agn_ahhacienda
842,GPT OSS 120B · 8 000 TPM,Abreviaturas,Expansión completa,thenie,1,1,1,1,0.08582217645039479,False,Thenie,AGN_AHHacienda_v1292_exp135,Javier,agn_ahhacienda
843,GPT OSS 120B · 8 000 TPM,Abreviaturas,Expansión completa,theso,1,1,1,1,0.08582217645039479,False,Theso,AGN_AHHacienda_v1292_exp135,Javier,agn_ahhacienda
844,GPT OSS 120B · 8 000 TPM,Abreviaturas,Expansión completa,tlacotepeq,1,1,1,1,0.08582217645039479,False,tlacotepeq,BnF_032_36,Paco,bnf_032
845,GPT OSS 120B · 8 000 TPM,Abreviaturas,Expansión completa,trato,1,1,1,1,0.08582217645039479,False,trato,BnF_104_2,Paco,bnf_104
846,GPT OSS 120B · 8 000 TPM,Abreviaturas,Expansión completa,trras,1,1,1,1,0.08582217645039479,False,trras,BnF_032_36,Paco,bnf_032
847,GPT OSS 120B · 8 000 TPM,Abreviaturas,Expansión completa,v ala.,1,1,1,1,0.08582217645039479,False,v ala.,BnF_116_02,Paco,bnf_116
848,GPT OSS 120B · 8 000 TPM,Abreviaturas,Expansión completa,v s ilma,1,1,1,1,0.08582217645039479,False,v s Ilma,BnF_112_02,Arturo,bnf_112
849,GPT OSS 120B · 8 000 TPM,Abreviaturas,Expansión completa,valle,1,1,1,1,0.08582217645039479,False,valle,BNE_ms3047_1,Rodrigo,bne_ms3047
850,GPT OSS 120B · 8 000 TPM,Abreviaturas,Expansión completa,velasqz,1,1,1,1,0.08582217645039479,False,Velasqz,AGN_Indios_v019_exp354_2,Alba,agn_indios
851,GPT OSS 120B · 8 000 TPM,Abreviaturas,Expansión completa,vezio,1,1,1,1,0.08582217645039479,False,vezio,AGN_GralParte_v006_exp617_01,Rodrigo,agn_gralparte
852,GPT OSS 120B · 8 000 TPM,Abreviaturas,Expansión completa,vio,1,1,1,1,0.08582217645039479,False,vio,AGI_INDIFERENTE_2065_N45_09,Rodrigo,agi_indiferente
853,GPT OSS 120B · 8 000 TPM,Abreviaturas,Expansión completa,vlld,1,1,1,1,0.08582217645039479,False,Vlld,BNE_ms3047_1,Rodrigo,bne_ms3047
854,GPT OSS 120B · 8 000 TPM,Abreviaturas,Expansión completa,vs.,1,1,1,1,0.08582217645039479,False,vs.,BnF_112_02,Arturo,bnf_112
855,GPT OSS 120B · 8 000 TPM,Abreviaturas,Expansión completa,vzo,1,1,1,1,0.08582217645039479,False,Vzo,AGN_RealesCedDup_v050_exp062,Paloma,agn_realesceddup
856,GPT OSS 120B · 8 000 TPM,Abreviaturas,Expansión completa,xalpantepeq,1,1,1,1,0.08582217645039479,False,xalpantepeq,BnF_113_04,Paco,bnf_113
857,GPT OSS 120B · 8 000 TPM,Abreviaturas,Expansión completa,xpoval,1,1,1,1,0.08582217645039479,False,Xpoval,AGI_INDIFERENTE_2065_N45_09,Rodrigo,agi_indiferente
858,GPT OSS 120B · 8 000 TPM,Abreviaturas,Expansión completa,y q,1,1,1,1,0.08582217645039479,False,y q,AGN_RealesCedDup_v050_exp062,Paloma,agn_realesceddup
859,GPT OSS 120B · 8 000 TPM,Abreviaturas,Expansión completa,yllmo,1,1,1,1,0.08582217645039479,False,yllmo,AGI_PATRONATO_182_R3_01,Alba,agi_patronato
860,GPT OSS 120B · 8 000 TPM,Abreviaturas,Expansión completa,yos,1,1,1,1,0.08582217645039479,False,yos,BNE_ms3047_1,Rodrigo,bne_ms3047
861,GPT OSS 120B · 8 000 TPM,Abreviaturas,No sub-rule assigned,acapco,1,1,1,1,0.08582217645039479,False,acapco,AGN_RealesCedDup_v030_exp874,Alba,agn_realesceddup
862,GPT OSS 120B · 8 000 TPM,Abreviaturas,No sub-rule assigned,al,1,1,1,1,0.08582217645039479,False,al,BnF_075_014,Alba,bnf_075
863,GPT OSS 120B · 8 000 TPM,Abreviaturas,No sub-rule assigned,alga,1,1,1,1,0.08582217645039479,False,alga,AGN_AHHacienda_v268_exp046_01,Adriana,agn_ahhacienda
864,GPT OSS 120B · 8 000 TPM,Abreviaturas,No sub-rule assigned,allde,1,1,1,1,0.08582217645039479,False,allde,BnF_112_23,Edna,bnf_112
865,GPT OSS 120B · 8 000 TPM,Abreviaturas,No sub-rule assigned,cabezeras,1,1,1,1,0.08582217645039479,False,cabezeras,AGI_PATRONATO_181_R13_1,Paloma,agi_patronato
866,GPT OSS 120B · 8 000 TPM,Abreviaturas,No sub-rule assigned,casas,1,1,1,1,0.08582217645039479,False,casas,BnF_075_014,Alba,bnf_075
867,GPT OSS 120B · 8 000 TPM,Abreviaturas,No sub-rule assigned,cualqr,1,1,1,1,0.08582217645039479,False,cualqr,BnF_112_04,Paloma,bnf_112
868,GPT OSS 120B · 8 000 TPM,Abreviaturas,No sub-rule assigned,dhas,1,1,1,1,0.08582217645039479,False,dhas,BnF_112_23,Edna,bnf_112
869,GPT OSS 120B · 8 000 TPM,Abreviaturas,No sub-rule assigned,diligja,1,1,1,1,0.08582217645039479,False,diligja,AGN_RealesCedDup_v050_exp062,Paloma,agn_realesceddup
870,GPT OSS 120B · 8 000 TPM,Abreviaturas,No sub-rule assigned,dixo,1,1,1,1,0.08582217645039479,False,dixo,BnF_113_22,Paloma,bnf_113
871,GPT OSS 120B · 8 000 TPM,Abreviaturas,No sub-rule assigned,don,1,1,1,1,0.08582217645039479,False,Don,AGS_CE_RG_L379_01,Javier,ags_ce
872,GPT OSS 120B · 8 000 TPM,Abreviaturas,No sub-rule assigned,escribió,1,1,1,1,0.08582217645039479,False,escribió,AGI_INDIFERENTE_2065_N45_09,Rodrigo,agi_indiferente
873,GPT OSS 120B · 8 000 TPM,Abreviaturas,No sub-rule assigned,excurso,1,1,1,1,0.08582217645039479,False,excurso,AGN_RealesCedDup_v050_exp062,Paloma,agn_realesceddup
874,GPT OSS 120B · 8 000 TPM,Abreviaturas,No sub-rule assigned,fue,1,1,1,1,0.08582217645039479,False,fue,AGN_Marina_v002_exp024_005,Flor,agn_marina
875,GPT OSS 120B · 8 000 TPM,Abreviaturas,No sub-rule assigned,gl,1,1,1,1,0.08582217645039479,False,GL,AGN_Indios_v019_exp354_2,Alba,agn_indios
876,GPT OSS 120B · 8 000 TPM,Abreviaturas,No sub-rule assigned,goveor,1,1,1,1,0.08582217645039479,False,goveor,AGN_Mercedes_v003_exp520,Alba,agn_mercedes
877,GPT OSS 120B · 8 000 TPM,Abreviaturas,No sub-rule assigned,governor,1,1,1,1,0.08582217645039479,False,Governor,AGN_Indios_v019_exp354_2,Alba,agn_indios
878,GPT OSS 120B · 8 000 TPM,Abreviaturas,No sub-rule assigned,haca,1,1,1,1,0.08582217645039479,False,haca,AGN_Mercedes_v003_exp520,Alba,agn_mercedes
879,GPT OSS 120B · 8 000 TPM,Abreviaturas,No sub-rule assigned,juio,1,1,1,1,0.08582217645039479,False,juio,BnF_112_04,Paloma,bnf_112
880,GPT OSS 120B · 8 000 TPM,Abreviaturas,No sub-rule assigned,jun,1,1,1,1,0.08582217645039479,False,Jun,AGN_Inquisicion_v1570A_exp134_fs159-160v_04,Flor,agn_inquisicion
881,GPT OSS 120B · 8 000 TPM,Abreviaturas,No sub-rule assigned,justa,1,1,1,1,0.08582217645039479,False,justa,BnF_112_23,Edna,bnf_112
882,GPT OSS 120B · 8 000 TPM,Abreviaturas,No sub-rule assigned,lizardo,1,1,1,1,0.08582217645039479,False,Lizardo,AGS_CE_RG_L379_01,Javier,ags_ce
883,GPT OSS 120B · 8 000 TPM,Abreviaturas,No sub-rule assigned,los dos,1,1,1,1,0.08582217645039479,False,los dos,BnF_075_014,Alba,bnf_075
884,GPT OSS 120B · 8 000 TPM,Abreviaturas,No sub-rule assigned,mag,1,1,1,1,0.08582217645039479,False,mag,BnF_112_23,Edna,bnf_112
885,GPT OSS 120B · 8 000 TPM,Abreviaturas,No sub-rule assigned,magd,1,1,1,1,0.08582217645039479,False,magd,AGI_PATRONATO_181_R13_1,Paloma,agi_patronato
886,GPT OSS 120B · 8 000 TPM,Abreviaturas,No sub-rule assigned,muy señor asistente,1,1,1,1,0.08582217645039479,False,muy señor Asistente,AGN_Marina_v002_exp024_005,Flor,agn_marina
887,GPT OSS 120B · 8 000 TPM,Abreviaturas,No sub-rule assigned,oficio,1,1,1,1,0.08582217645039479,False,oficio,AGN_RealesCedDup_v030_exp874,Alba,agn_realesceddup
888,GPT OSS 120B · 8 000 TPM,Abreviaturas,No sub-rule assigned,ofo,1,1,1,1,0.08582217645039479,False,ofo,AGN_RealesCedDup_v030_exp874,Alba,agn_realesceddup
889,GPT OSS 120B · 8 000 TPM,Abreviaturas,No sub-rule assigned,pa,1,1,1,1,0.08582217645039479,False,pa,BnF_030_21,Edna,bnf_030
890,GPT OSS 120B · 8 000 TPM,Abreviaturas,No sub-rule assigned,pl.,1,1,1,1,0.08582217645039479,False,pl.,AGN_Marina_v002_exp024_005,Flor,agn_marina
891,GPT OSS 120B · 8 000 TPM,Abreviaturas,No sub-rule assigned,porq,1,1,1,1,0.08582217645039479,False,porq,BnF_113_22,Paloma,bnf_113
892,GPT OSS 120B · 8 000 TPM,Abreviaturas,No sub-rule assigned,pos,1,1,1,1,0.08582217645039479,False,pos,BnF_113_22,Paloma,bnf_113
893,GPT OSS 120B · 8 000 TPM,Abreviaturas,No sub-rule assigned,prorrogdo,1,1,1,1,0.08582217645039479,False,prorrogdo,AGN_AHHacienda_v268_exp046_01,Adriana,agn_ahhacienda
894,GPT OSS 120B · 8 000 TPM,Abreviaturas,No sub-rule assigned,puó,1,1,1,1,0.08582217645039479,False,puó,BnF_030_21,Edna,bnf_030
895,GPT OSS 120B · 8 000 TPM,Abreviaturas,No sub-rule assigned,q dixo,1,1,1,1,0.08582217645039479,False,q dixo,BnF_113_22,Paloma,bnf_113
896,GPT OSS 120B · 8 000 TPM,Abreviaturas,No sub-rule assigned,q yra,1,1,1,1,0.08582217645039479,False,q yra,BnF_112_04,Paloma,bnf_112
897,GPT OSS 120B · 8 000 TPM,Abreviaturas,No sub-rule assigned,qel,1,1,1,1,0.08582217645039479,False,qel,AGN_GralParte_v006_exp617_01,Rodrigo,agn_gralparte
898,GPT OSS 120B · 8 000 TPM,Abreviaturas,No sub-rule assigned,ql,1,1,1,1,0.08582217645039479,False,ql,BnF_113_22,Paloma,bnf_113
899,GPT OSS 120B · 8 000 TPM,Abreviaturas,No sub-rule assigned,rd,1,1,1,1,0.08582217645039479,False,Rd,AGN_RealesCedDup_v030_exp874,Alba,agn_realesceddup
900,GPT OSS 120B · 8 000 TPM,Abreviaturas,No sub-rule assigned,segdo,1,1,1,1,0.08582217645039479,False,segdo,AGN_AHHacienda_v268_exp046_01,Adriana,agn_ahhacienda
901,GPT OSS 120B · 8 000 TPM,Abreviaturas,No sub-rule assigned,sor,1,1,1,1,0.08582217645039479,False,sor,BnF_113_22,Paloma,bnf_113
902,GPT OSS 120B · 8 000 TPM,Abreviaturas,No sub-rule assigned,terra,1,1,1,1,0.08582217645039479,False,terra,AGI_PATRONATO_181_R13_1,Paloma,agi_patronato
903,GPT OSS 120B · 8 000 TPM,Abreviaturas,No sub-rule assigned,testamo,1,1,1,1,0.08582217645039479,False,testamo,BnF_112_04,Paloma,bnf_112
904,GPT OSS 120B · 8 000 TPM,Abreviaturas,No sub-rule assigned,testigo,1,1,1,1,0.08582217645039479,False,testigo,AGN_Inquisicion_v1570A_exp134_fs159-160v_04,Flor,agn_inquisicion
905,GPT OSS 120B · 8 000 TPM,Abreviaturas,No sub-rule assigned,testimo,1,1,1,1,0.08582217645039479,False,testimo,AGN_AHHacienda_v268_exp046_01,Adriana,agn_ahhacienda
906,GPT OSS 120B · 8 000 TPM,Abreviaturas,No sub-rule assigned,todo,1,1,1,1,0.08582217645039479,False,todo,AGI_INDIFERENTE_2065_N45_09,Rodrigo,agi_indiferente
907,GPT OSS 120B · 8 000 TPM,Abreviaturas,No sub-rule assigned,tos,1,1,1,1,0.08582217645039479,False,tos,BnF_113_22,Paloma,bnf_113
908,GPT OSS 120B · 8 000 TPM,Abreviaturas,No sub-rule assigned,tras,1,1,1,1,0.08582217645039479,False,tras,BnF_030_21,Edna,bnf_030
909,GPT OSS 120B · 8 000 TPM,Abreviaturas,No sub-rule assigned,trra,1,1,1,1,0.08582217645039479,False,trra,AGI_PATRONATO_181_R13_1,Paloma,agi_patronato
910,GPT OSS 120B · 8 000 TPM,Abreviaturas,No sub-rule assigned,trras,1,1,1,1,0.08582217645039479,False,trras,AGN_Mercedes_v003_exp520,Alba,agn_mercedes
911,GPT OSS 120B · 8 000 TPM,Abreviaturas,No sub-rule assigned,vros,1,1,1,1,0.08582217645039479,False,vros,AGN_Mercedes_v003_exp520,Alba,agn_mercedes
912,GPT OSS 120B · 8 000 TPM,Acentuación,No sub-rule assigned,/ y,1,1,1,1,0.08582217645039479,False,/ y,BnF_112_23,Edna,bnf_112
913,GPT OSS 120B · 8 000 TPM,Acentuación,No sub-rule assigned,ad,1,1,1,1,0.08582217645039479,False,ad,AGN_GralParte_v006_exp617_01,Rodrigo,agn_gralparte
914,GPT OSS 120B · 8 000 TPM,Acentuación,No sub-rule assigned,ais,1,1,1,1,0.08582217645039479,False,ais,AGN_Mercedes_v003_exp520,Alba,agn_mercedes
915,GPT OSS 120B · 8 000 TPM,Acentuación,No sub-rule assigned,amparé,1,1,1,1,0.08582217645039479,False,amparé,AGN_Indios_v019_exp354_2,Alba,agn_indios
916,GPT OSS 120B · 8 000 TPM,Acentuación,No sub-rule assigned,andeis,1,1,1,1,0.08582217645039479,False,andeis,AGN_Mercedes_v003_exp520,Alba,agn_mercedes
917,GPT OSS 120B · 8 000 TPM,Acentuación,No sub-rule assigned,angeles,1,1,1,1,0.08582217645039479,False,angeles,BnF_113_04,Paco,bnf_113
918,GPT OSS 120B · 8 000 TPM,Acentuación,No sub-rule assigned,anima,1,1,1,1,0.08582217645039479,False,anima,BnF_112_04,Paloma,bnf_112
919,GPT OSS 120B · 8 000 TPM,Acentuación,No sub-rule assigned,anticipaciã³n,1,1,1,1,0.08582217645039479,False,anticipaciÃ³n,AGN_Marina_v004_exp006_014,Javier,agn_marina
920,GPT OSS 120B · 8 000 TPM,Acentuación,No sub-rule assigned,aorcarian,1,1,1,1,0.08582217645039479,False,aorcarian,BnF_111_20,Flor,bnf_111
921,GPT OSS 120B · 8 000 TPM,Acentuación,No sub-rule assigned,articulo,1,1,1,1,0.08582217645039479,False,articulo,BnF_112_04,Paloma,bnf_112
922,GPT OSS 120B · 8 000 TPM,Acentuación,No sub-rule assigned,asi,1,1,1,1,0.08582217645039479,False,asi,AGN_Indios_v019_exp354_2,Alba,agn_indios
923,GPT OSS 120B · 8 000 TPM,Acentuación,No sub-rule assigned,averiguacion,1,1,1,1,0.08582217645039479,False,averiguacion,BnF_112_02,Arturo,bnf_112
924,GPT OSS 120B · 8 000 TPM,Acentuación,No sub-rule assigned,baldias,1,1,1,1,0.08582217645039479,False,baldias,AGN_Mercedes_v003_exp520,Alba,agn_mercedes
925,GPT OSS 120B · 8 000 TPM,Acentuación,No sub-rule assigned,bision,1,1,1,1,0.08582217645039479,False,bision,BnF_111_20,Flor,bnf_111
926,GPT OSS 120B · 8 000 TPM,Acentuación,No sub-rule assigned,cadiz,1,1,1,1,0.08582217645039479,False,cadiz,AGI_CONTRATACION_1183_N8_78,Adriana,agi_contratacion
927,GPT OSS 120B · 8 000 TPM,Acentuación,No sub-rule assigned,capitan,1,1,1,1,0.08582217645039479,False,capitan,AGI_PATRONATO_182_R3_01,Alba,agi_patronato
928,GPT OSS 120B · 8 000 TPM,Acentuación,No sub-rule assigned,catolica,1,1,1,1,0.08582217645039479,False,catolica,BnF_112_04,Paloma,bnf_112
929,GPT OSS 120B · 8 000 TPM,Acentuación,No sub-rule assigned,cedulas,1,1,1,1,0.08582217645039479,False,cedulas,AGN_Indios_v019_exp354_2,Alba,agn_indios
930,GPT OSS 120B · 8 000 TPM,Acentuación,No sub-rule assigned,celemin,1,1,1,1,0.08582217645039479,False,celemin,BnF_030_27,Rodrigo,bnf_030
931,GPT OSS 120B · 8 000 TPM,Acentuación,No sub-rule assigned,cero,1,1,1,1,0.08582217645039479,False,cero,BnF_030_27,Rodrigo,bnf_030
932,GPT OSS 120B · 8 000 TPM,Acentuación,No sub-rule assigned,ceron,1,1,1,1,0.08582217645039479,False,ceron,BnF_030_27,Rodrigo,bnf_030
933,GPT OSS 120B · 8 000 TPM,Acentuación,No sub-rule assigned,cometio,1,1,1,1,0.08582217645039479,False,cometio,BnF_112_02,Arturo,bnf_112
934,GPT OSS 120B · 8 000 TPM,Acentuación,No sub-rule assigned,como,1,1,1,1,0.08582217645039479,False,como,BnF_112_02,Arturo,bnf_112
935,GPT OSS 120B · 8 000 TPM,Acentuación,No sub-rule assigned,compro,1,1,1,1,0.08582217645039479,False,compro,BnF_112_23,Edna,bnf_112
936,GPT OSS 120B · 8 000 TPM,Acentuación,No sub-rule assigned,condenacion,1,1,1,1,0.08582217645039479,False,Condenacion,BnF_032_36,Paco,bnf_032
937,GPT OSS 120B · 8 000 TPM,Acentuación,No sub-rule assigned,contra,1,1,1,1,0.08582217645039479,False,contra,AGN_GralParte_v006_exp617_01,Rodrigo,agn_gralparte
938,GPT OSS 120B · 8 000 TPM,Acentuación,No sub-rule assigned,dabila,1,1,1,1,0.08582217645039479,False,dabila,BnF_032_15,Flor,bnf_032
939,GPT OSS 120B · 8 000 TPM,Acentuación,No sub-rule assigned,davila,1,1,1,1,0.08582217645039479,False,davila,BnF_032_36,Paco,bnf_032
940,GPT OSS 120B · 8 000 TPM,Acentuación,No sub-rule assigned,declaro,1,1,1,1,0.08582217645039479,False,declaro,BnF_032_36,Paco,bnf_032
941,GPT OSS 120B · 8 000 TPM,Acentuación,No sub-rule assigned,dejo,1,1,1,1,0.08582217645039479,False,dejo,BNE_ms3047_1,Rodrigo,bne_ms3047
942,GPT OSS 120B · 8 000 TPM,Acentuación,No sub-rule assigned,demã¡s,1,1,1,1,0.08582217645039479,False,demÃ¡s,AGN_Mercedes_v003_exp520,Alba,agn_mercedes
943,GPT OSS 120B · 8 000 TPM,Acentuación,No sub-rule assigned,despuã©s,1,1,1,1,0.08582217645039479,False,despuÃ©s,AGN_Marina_v004_exp006_014,Javier,agn_marina
944,GPT OSS 120B · 8 000 TPM,Acentuación,No sub-rule assigned,dexo,1,1,1,1,0.08582217645039479,False,dexo,BnF_112_02,Arturo,bnf_112
945,GPT OSS 120B · 8 000 TPM,Acentuación,No sub-rule assigned,dia,1,1,1,1,0.08582217645039479,False,dia,AGN_IndiferenteVirreinal_caja4071_exp024_2,Paloma,agn_indiferentevirreinal
946,GPT OSS 120B · 8 000 TPM,Acentuación,No sub-rule assigned,diaz,1,1,1,1,0.08582217645039479,False,diaz,BnF_112_02,Arturo,bnf_112
947,GPT OSS 120B · 8 000 TPM,Acentuación,No sub-rule assigned,dicion,1,1,1,1,0.08582217645039479,False,dicion,AGN_GralParte_v006_exp617_01,Rodrigo,agn_gralparte
948,GPT OSS 120B · 8 000 TPM,Acentuación,No sub-rule assigned,dio,1,1,1,1,0.08582217645039479,False,dio,BnF_116_02,Paco,bnf_116
949,GPT OSS 120B · 8 000 TPM,Acentuación,No sub-rule assigned,do,1,1,1,1,0.08582217645039479,False,do,BnF_032_36,Paco,bnf_032
950,GPT OSS 120B · 8 000 TPM,Acentuación,No sub-rule assigned,eclesiã¡stica,1,1,1,1,0.08582217645039479,False,eclesiÃ¡stica,AGN_Mercedes_v003_exp520,Alba,agn_mercedes
951,GPT OSS 120B · 8 000 TPM,Acentuación,No sub-rule assigned,entendiendolo,1,1,1,1,0.08582217645039479,False,Entendiendolo,AGI_PATRONATO_182_R3_01,Alba,agi_patronato
952,GPT OSS 120B · 8 000 TPM,Acentuación,No sub-rule assigned,enter,1,1,1,1,0.08582217645039479,False, enter,AGN_GralParte_v006_exp617_01,Rodrigo,agn_gralparte
953,GPT OSS 120B · 8 000 TPM,Acentuación,No sub-rule assigned,erede,1,1,1,1,0.08582217645039479,False,Erede,BnF_112_23,Edna,bnf_112
954,GPT OSS 120B · 8 000 TPM,Acentuación,No sub-rule assigned,fabrica,1,1,1,1,0.08582217645039479,False,fabrica,BNE_ms3047_1,Rodrigo,bne_ms3047
955,GPT OSS 120B · 8 000 TPM,Acentuación,No sub-rule assigned,fallecio,1,1,1,1,0.08582217645039479,False,fallecio,BnF_112_02,Arturo,bnf_112
956,GPT OSS 120B · 8 000 TPM,Acentuación,No sub-rule assigned,firme,1,1,1,1,0.08582217645039479,False,firme,BnF_113_04,Paco,bnf_113
957,GPT OSS 120B · 8 000 TPM,Acentuación,No sub-rule assigned,geronimo,1,1,1,1,0.08582217645039479,False,geronimo,AGI_CONTRATACION_1183_N8_78,Adriana,agi_contratacion
958,GPT OSS 120B · 8 000 TPM,Acentuación,No sub-rule assigned,gomez,1,1,1,1,0.08582217645039479,False,Gomez,BnF_032_36,Paco,bnf_032
959,GPT OSS 120B · 8 000 TPM,Acentuación,No sub-rule assigned,granxerias,1,1,1,1,0.08582217645039479,False,granxerias,AGN_Mercedes_v003_exp520,Alba,agn_mercedes
960,GPT OSS 120B · 8 000 TPM,Acentuación,No sub-rule assigned,hara,1,1,1,1,0.08582217645039479,False,hara,AGN_Indios_v019_exp354_2,Alba,agn_indios
961,GPT OSS 120B · 8 000 TPM,Acentuación,No sub-rule assigned,harã¡n,1,1,1,1,0.08582217645039479,False,harÃ¡n,AGN_Marina_v004_exp006_014,Javier,agn_marina
962,GPT OSS 120B · 8 000 TPM,Acentuación,No sub-rule assigned,herede,1,1,1,1,0.08582217645039479,False,herede,BnF_112_23,Edna,bnf_112
963,GPT OSS 120B · 8 000 TPM,Acentuación,No sub-rule assigned,idolatrias,1,1,1,1,0.08582217645039479,False,idolatrias,AGN_Indios_v009_exp003_fs4v-5_01,Arturo,agn_indios
964,GPT OSS 120B · 8 000 TPM,Acentuación,No sub-rule assigned,juridicion,1,1,1,1,0.08582217645039479,False,juridicion,BnF_112_23,Edna,bnf_112
965,GPT OSS 120B · 8 000 TPM,Acentuación,No sub-rule assigned,lograrã¡,1,1,1,1,0.08582217645039479,False,lograrÃ¡,AGN_Marina_v004_exp006_014,Javier,agn_marina
966,GPT OSS 120B · 8 000 TPM,Acentuación,No sub-rule assigned,lopez,1,1,1,1,0.08582217645039479,False,lopez,BnF_112_23,Edna,bnf_112
967,GPT OSS 120B · 8 000 TPM,Acentuación,No sub-rule assigned,man,1,1,1,1,0.08582217645039479,False,man,BnF_032_36,Paco,bnf_032
968,GPT OSS 120B · 8 000 TPM,Acentuación,No sub-rule assigned,martin,1,1,1,1,0.08582217645039479,False,Martin,BnF_030_27,Rodrigo,bnf_030
969,GPT OSS 120B · 8 000 TPM,Acentuación,No sub-rule assigned,"maíz, formase",1,1,1,1,0.08582217645039479,False,"maíz, formase",BNE_ms3047_1,Rodrigo,bne_ms3047
970,GPT OSS 120B · 8 000 TPM,Acentuación,No sub-rule assigned,mia,1,1,1,1,0.08582217645039479,False,mia,AGN_Mercedes_v003_exp520,Alba,agn_mercedes
971,GPT OSS 120B · 8 000 TPM,Acentuación,No sub-rule assigned,ministracion,1,1,1,1,0.08582217645039479,False,ministracion,AGN_GralParte_v006_exp617_01,Rodrigo,agn_gralparte
972,GPT OSS 120B · 8 000 TPM,Acentuación,No sub-rule assigned,minos,1,1,1,1,0.08582217645039479,False,minos,AGN_GralParte_v006_exp617_01,Rodrigo,agn_gralparte
973,GPT OSS 120B · 8 000 TPM,Acentuación,No sub-rule assigned,mojon,1,1,1,1,0.08582217645039479,False,mojon,AGI_PATRONATO_182_R3_01,Alba,agi_patronato
974,GPT OSS 120B · 8 000 TPM,Acentuación,No sub-rule assigned,musica,1,1,1,1,0.08582217645039479,False,musica,BNE_ms3047_1,Rodrigo,bne_ms3047
975,GPT OSS 120B · 8 000 TPM,Acentuación,No sub-rule assigned,musicos,1,1,1,1,0.08582217645039479,False,musicos,BNE_ms3047_1,Rodrigo,bne_ms3047
976,GPT OSS 120B · 8 000 TPM,Acentuación,No sub-rule assigned,mã¡s,1,1,1,1,0.08582217645039479,False,mÃ¡s,AGN_Marina_v004_exp006_014,Javier,agn_marina
977,GPT OSS 120B · 8 000 TPM,Acentuación,No sub-rule assigned,naci,1,1,1,1,0.08582217645039479,False,naci,BnF_112_23,Edna,bnf_112
978,GPT OSS 120B · 8 000 TPM,Acentuación,No sub-rule assigned,notificarmela,1,1,1,1,0.08582217645039479,False,notificarmela,BnF_113_04,Paco,bnf_113
979,GPT OSS 120B · 8 000 TPM,Acentuación,No sub-rule assigned,ocupazion,1,1,1,1,0.08582217645039479,False,ocupazion,AGN_RealesCedDup_v030_exp874,Alba,agn_realesceddup
980,GPT OSS 120B · 8 000 TPM,Acentuación,No sub-rule assigned,otorgo,1,1,1,1,0.08582217645039479,False,otorgo,BnF_112_02,Arturo,bnf_112
981,GPT OSS 120B · 8 000 TPM,Acentuación,No sub-rule assigned,oydo,1,1,1,1,0.08582217645039479,False,oydo,AGN_Mercedes_v003_exp520,Alba,agn_mercedes
982,GPT OSS 120B · 8 000 TPM,Acentuación,No sub-rule assigned,pagalos,1,1,1,1,0.08582217645039479,False,pagalos,BNE_ms3047_1,Rodrigo,bne_ms3047
983,GPT OSS 120B · 8 000 TPM,Acentuación,No sub-rule assigned,parecio,1,1,1,1,0.08582217645039479,False,parecio,BnF_113_04,Paco,bnf_113
984,GPT OSS 120B · 8 000 TPM,Acentuación,No sub-rule assigned,pascuaro,1,1,1,1,0.08582217645039479,False,pascuaro,BNE_ms3047_1,Rodrigo,bne_ms3047
985,GPT OSS 120B · 8 000 TPM,Acentuación,No sub-rule assigned,perez,1,1,1,1,0.08582217645039479,False,Perez,AGN_Indios_v019_exp354_2,Alba,agn_indios
986,GPT OSS 120B · 8 000 TPM,Acentuación,No sub-rule assigned,peticion,1,1,1,1,0.08582217645039479,False,peticion,AGI_PATRONATO_182_R3_01,Alba,agi_patronato
987,GPT OSS 120B · 8 000 TPM,Acentuación,No sub-rule assigned,pido,1,1,1,1,0.08582217645039479,False,pido,BnF_113_04,Paco,bnf_113
988,GPT OSS 120B · 8 000 TPM,Acentuación,No sub-rule assigned,podeis,1,1,1,1,0.08582217645039479,False,podeis,AGN_Mercedes_v003_exp520,Alba,agn_mercedes
989,GPT OSS 120B · 8 000 TPM,Acentuación,No sub-rule assigned,posã¡is,1,1,1,1,0.08582217645039479,False,posÃ¡is,AGN_Mercedes_v003_exp520,Alba,agn_mercedes
990,GPT OSS 120B · 8 000 TPM,Acentuación,No sub-rule assigned,presentacion,1,1,1,1,0.08582217645039479,False,presentacion,BnF_113_22,Paloma,bnf_113
991,GPT OSS 120B · 8 000 TPM,Acentuación,No sub-rule assigned,probicion,1,1,1,1,0.08582217645039479,False,probicion,BnF_113_04,Paco,bnf_113
992,GPT OSS 120B · 8 000 TPM,Acentuación,No sub-rule assigned,provehera,1,1,1,1,0.08582217645039479,False,provehera,AGN_Indios_v019_exp354_2,Alba,agn_indios
993,GPT OSS 120B · 8 000 TPM,Acentuación,No sub-rule assigned,pérez,1,1,1,1,0.08582217645039479,False,Pérez,AGN_Indios_v019_exp354_2,Alba,agn_indios
994,GPT OSS 120B · 8 000 TPM,Acentuación,No sub-rule assigned,razon,1,1,1,1,0.08582217645039479,False,razon,BnF_112_23,Edna,bnf_112
995,GPT OSS 120B · 8 000 TPM,Acentuación,No sub-rule assigned,relación,1,1,1,1,0.08582217645039479,False,relación,AGN_Indios_v019_exp354_2,Alba,agn_indios
996,GPT OSS 120B · 8 000 TPM,Acentuación,No sub-rule assigned,relã³n,1,1,1,1,0.08582217645039479,False,RelÃ³n,AGN_Mercedes_v003_exp520,Alba,agn_mercedes
997,GPT OSS 120B · 8 000 TPM,Acentuación,No sub-rule assigned,rodriguez,1,1,1,1,0.08582217645039479,False,rodriguez,AGI_CONTRATACION_1183_N8_78,Adriana,agi_contratacion
998,GPT OSS 120B · 8 000 TPM,Acentuación,No sub-rule assigned,rón,1,1,1,1,0.08582217645039479,False,Rón,AGN_Indios_v009_exp003_fs4v-5_01,Arturo,agn_indios
999,GPT OSS 120B · 8 000 TPM,Acentuación,No sub-rule assigned,sabiendolo,1,1,1,1,0.08582217645039479,False,sabiendolo,AGI_PATRONATO_182_R3_01,Alba,agi_patronato
1000,GPT OSS 120B · 8 000 TPM,Acentuación,No sub-rule assigned,se,1,1,1,1,0.08582217645039479,False,se,AGN_Mercedes_v003_exp520,Alba,agn_mercedes
1001,GPT OSS 120B · 8 000 TPM,Acentuación,No sub-rule assigned,seais,1,1,1,1,0.08582217645039479,False,seais,AGN_Mercedes_v003_exp520,Alba,agn_mercedes
1002,GPT OSS 120B · 8 000 TPM,Acentuación,No sub-rule assigned,seguiran,1,1,1,1,0.08582217645039479,False,seguiran,AGN_GralParte_v006_exp617_01,Rodrigo,agn_gralparte
1003,GPT OSS 120B · 8 000 TPM,Acentuación,No sub-rule assigned,segun,1,1,1,1,0.08582217645039479,False,segun,BnF_111_20,Flor,bnf_111
1004,GPT OSS 120B · 8 000 TPM,Acentuación,No sub-rule assigned,seã¡is,1,1,1,1,0.08582217645039479,False,seÃ¡is,AGN_Mercedes_v003_exp520,Alba,agn_mercedes
1005,GPT OSS 120B · 8 000 TPM,Acentuación,No sub-rule assigned,seã±orã­a,1,1,1,1,0.08582217645039479,False,seÃ±orÃ­a,AGN_Mercedes_v003_exp520,Alba,agn_mercedes
1006,GPT OSS 120B · 8 000 TPM,Acentuación,No sub-rule assigned,señalo,1,1,1,1,0.08582217645039479,False,señalo,AGI_PATRONATO_182_R3_01,Alba,agi_patronato
1007,GPT OSS 120B · 8 000 TPM,Acentuación,No sub-rule assigned,señoria,1,1,1,1,0.08582217645039479,False,señoria,AGN_Mercedes_v003_exp520,Alba,agn_mercedes
1008,GPT OSS 120B · 8 000 TPM,Acentuación,No sub-rule assigned,simon,1,1,1,1,0.08582217645039479,False,simon,AGI_PATRONATO_182_R3_04,Paco,agi_patronato
1009,GPT OSS 120B · 8 000 TPM,Acentuación,No sub-rule assigned,sometio,1,1,1,1,0.08582217645039479,False,sometio,AGN_IndiferenteVirreinal_caja4071_exp024_2,Paloma,agn_indiferentevirreinal
1010,GPT OSS 120B · 8 000 TPM,Acentuación,No sub-rule assigned,suplico,1,1,1,1,0.08582217645039479,False,suplico,BnF_113_04,Paco,bnf_113
1011,GPT OSS 120B · 8 000 TPM,Acentuación,No sub-rule assigned,sí,1,1,1,1,0.08582217645039479,False,sí,AGI_PATRONATO_181_R13_1,Paloma,agi_patronato
1012,GPT OSS 120B · 8 000 TPM,Acentuación,No sub-rule assigned,tengais,1,1,1,1,0.08582217645039479,False,tengais,AGN_Mercedes_v003_exp520,Alba,agn_mercedes
1013,GPT OSS 120B · 8 000 TPM,Acentuación,No sub-rule assigned,tetlan,1,1,1,1,0.08582217645039479,False,tetlan,AGI_PATRONATO_181_R13_1,Paloma,agi_patronato
1014,GPT OSS 120B · 8 000 TPM,Acentuación,No sub-rule assigned,tetlán,1,1,1,1,0.08582217645039479,False,tetlán,AGI_PATRONATO_181_R13_1,Paloma,agi_patronato
1015,GPT OSS 120B · 8 000 TPM,Acentuación,No sub-rule assigned,tomas,1,1,1,1,0.08582217645039479,False,tomas,BnF_113_22,Paloma,bnf_113
1016,GPT OSS 120B · 8 000 TPM,Acentuación,No sub-rule assigned,trasunto,1,1,1,1,0.08582217645039479,False,trasunto,BnF_116_02,Paco,bnf_116
1017,GPT OSS 120B · 8 000 TPM,Acentuación,No sub-rule assigned,tã©rminos,1,1,1,1,0.08582217645039479,False,tÃ©rminos,AGN_Mercedes_v003_exp520,Alba,agn_mercedes
1018,GPT OSS 120B · 8 000 TPM,Acentuación,No sub-rule assigned,yden,1,1,1,1,0.08582217645039479,False,yden,AGN_Mercedes_v003_exp520,Alba,agn_mercedes
1019,GPT OSS 120B · 8 000 TPM,Cambios,Deleción,a la,1,1,1,1,0.08582217645039479,False,A la,BnF_116_02,Paco,bnf_116
1020,GPT OSS 120B · 8 000 TPM,Cambios,Deleción,a señor,1,1,1,1,0.08582217645039479,False,a señor,AMP_AC_v021__doc026_1,Rodrigo,amp_ac
1021,GPT OSS 120B · 8 000 TPM,Cambios,Deleción,adonde,1,1,1,1,0.08582217645039479,False,adonde,BnF_111_20,Flor,bnf_111
1022,GPT OSS 120B · 8 000 TPM,Cambios,Deleción,antevera,1,1,1,1,0.08582217645039479,False,antevera,AGN_Indios_v002_exp835,Paloma,agn_indios
1023,GPT OSS 120B · 8 000 TPM,Cambios,Deleción,cacuala,1,1,1,1,0.08582217645039479,False,cacuala,AGN_Indios_v002_exp835,Paloma,agn_indios
1024,GPT OSS 120B · 8 000 TPM,Cambios,Deleción,calejón,1,1,1,1,0.08582217645039479,False,calejón,BnF_112_02,Arturo,bnf_112
1025,GPT OSS 120B · 8 000 TPM,Cambios,Deleción,"carryllo, de",1,1,1,1,0.08582217645039479,False,"Carryllo, de",BnF_113_04,Paco,bnf_113
1026,GPT OSS 120B · 8 000 TPM,Cambios,Deleción,chorro,1,1,1,1,0.08582217645039479,False,chorro,AMP_AC_v021__doc026_1,Rodrigo,amp_ac
1027,GPT OSS 120B · 8 000 TPM,Cambios,Deleción,compró,1,1,1,1,0.08582217645039479,False,compró,BnF_030_27,Rodrigo,bnf_030
1028,GPT OSS 120B · 8 000 TPM,Cambios,Deleción,crencia,1,1,1,1,0.08582217645039479,False,crencia,BnF_112_04,Paloma,bnf_112
1029,GPT OSS 120B · 8 000 TPM,Cambios,Deleción,córdoba,1,1,1,1,0.08582217645039479,False,Córdoba,AGN_RealesCedDup_v030_exp874,Alba,agn_realesceddup
1030,GPT OSS 120B · 8 000 TPM,Cambios,Deleción,d. po,1,1,1,1,0.08582217645039479,False,D. Po,AGN_RealesCedDup_v050_exp062,Paloma,agn_realesceddup
1031,GPT OSS 120B · 8 000 TPM,Cambios,Deleción,darse,1,1,1,1,0.08582217645039479,False,darse,AGI_INDIFERENTE_2065_N45_09,Rodrigo,agi_indiferente
1032,GPT OSS 120B · 8 000 TPM,Cambios,Deleción,das,1,1,1,1,0.08582217645039479,False,das,BnF_112_02,Arturo,bnf_112
1033,GPT OSS 120B · 8 000 TPM,Cambios,Deleción,de,1,1,1,1,0.08582217645039479,False,de,BnF_112_02,Arturo,bnf_112
1034,GPT OSS 120B · 8 000 TPM,Cambios,Deleción,del,1,1,1,1,0.08582217645039479,False,del,AGI_INDIFERENTE_2065_N45_09,Rodrigo,agi_indiferente
1035,GPT OSS 120B · 8 000 TPM,Cambios,Deleción,dice,1,1,1,1,0.08582217645039479,False,dice,AGI_PATRONATO_181_R13_1,Paloma,agi_patronato
1036,GPT OSS 120B · 8 000 TPM,Cambios,Deleción,dicho,1,1,1,1,0.08582217645039479,False,dicho,AGN_Indios_v002_exp835,Paloma,agn_indios
1037,GPT OSS 120B · 8 000 TPM,Cambios,Deleción,dios,1,1,1,1,0.08582217645039479,False,Dios,BnF_113_22,Paloma,bnf_113
1038,GPT OSS 120B · 8 000 TPM,Cambios,Deleción,el mayordomo,1,1,1,1,0.08582217645039479,False,el mayordomo,BnF_030_27,Rodrigo,bnf_030
1039,GPT OSS 120B · 8 000 TPM,Cambios,Deleción,en,1,1,1,1,0.08582217645039479,False,En,AMP_AC_v021__doc026_1,Rodrigo,amp_ac
1040,GPT OSS 120B · 8 000 TPM,Cambios,Deleción,en se,1,1,1,1,0.08582217645039479,False,en se,AGN_Indios_v002_exp835,Paloma,agn_indios
1041,GPT OSS 120B · 8 000 TPM,Cambios,Deleción,eses,1,1,1,1,0.08582217645039479,False,eses,BnF_116_02,Paco,bnf_116
1042,GPT OSS 120B · 8 000 TPM,Cambios,Deleción,esta,1,1,1,1,0.08582217645039479,False,esta,AGI_PATRONATO_182_R3_04,Paco,agi_patronato
1043,GPT OSS 120B · 8 000 TPM,Cambios,Deleción,esto,1,1,1,1,0.08582217645039479,False,esto,AGI_INDIFERENTE_2065_N45_09,Rodrigo,agi_indiferente
1044,GPT OSS 120B · 8 000 TPM,Cambios,Deleción,igual,1,1,1,1,0.08582217645039479,False,Igual,BNE_ms3047_4,Javier,bne_ms3047
1045,GPT OSS 120B · 8 000 TPM,Cambios,Deleción,la,1,1,1,1,0.08582217645039479,False,la,BnF_113_04,Paco,bnf_113
1046,GPT OSS 120B · 8 000 TPM,Cambios,Deleción,la estancia,1,1,1,1,0.08582217645039479,False,la estancia,BnF_111_20,Flor,bnf_111
1047,GPT OSS 120B · 8 000 TPM,Cambios,Deleción,lo dicho,1,1,1,1,0.08582217645039479,False,lo dicho,AGI_INDIFERENTE_2065_N45_09,Rodrigo,agi_indiferente
1048,GPT OSS 120B · 8 000 TPM,Cambios,Deleción,los dos,1,1,1,1,0.08582217645039479,False,los dos,BnF_075_014,Alba,bnf_075
1049,GPT OSS 120B · 8 000 TPM,Cambios,Deleción,magno,1,1,1,1,0.08582217645039479,False,magno,AMP_AC_v021__doc026_1,Rodrigo,amp_ac
1050,GPT OSS 120B · 8 000 TPM,Cambios,Deleción,mandado,1,1,1,1,0.08582217645039479,False,mandado,AGN_Indios_v019_exp354_2,Alba,agn_indios
1051,GPT OSS 120B · 8 000 TPM,Cambios,Deleción,mandó,1,1,1,1,0.08582217645039479,False,mandó,AGN_Indios_v002_exp835,Paloma,agn_indios
1052,GPT OSS 120B · 8 000 TPM,Cambios,Deleción,manteca y,1,1,1,1,0.08582217645039479,False,manteca y,BnF_030_27,Rodrigo,bnf_030
1053,GPT OSS 120B · 8 000 TPM,Cambios,Deleción,mil,1,1,1,1,0.08582217645039479,False,mil,AGI_CONTRATACION_1091_N3_098,Javier,agi_contratacion
1054,GPT OSS 120B · 8 000 TPM,Cambios,Deleción,nalgas,1,1,1,1,0.08582217645039479,False,nalgas,BnF_111_20,Flor,bnf_111
1055,GPT OSS 120B · 8 000 TPM,Cambios,Deleción,ni,1,1,1,1,0.08582217645039479,False,ni,AGN_Indios_v002_exp835,Paloma,agn_indios
1056,GPT OSS 120B · 8 000 TPM,Cambios,Deleción,ofrs,1,1,1,1,0.08582217645039479,False,ofrs,AGN_RealesCedDup_v030_exp874,Alba,agn_realesceddup
1057,GPT OSS 120B · 8 000 TPM,Cambios,Deleción,paga,1,1,1,1,0.08582217645039479,False,paga,AGN_RealesCedDup_v050_exp062,Paloma,agn_realesceddup
1058,GPT OSS 120B · 8 000 TPM,Cambios,Deleción,pagos,1,1,1,1,0.08582217645039479,False,pagos,AGN_RealesCedDup_v030_exp874,Alba,agn_realesceddup
1059,GPT OSS 120B · 8 000 TPM,Cambios,Deleción,que,1,1,1,1,0.08582217645039479,False,que,BnF_112_02,Arturo,bnf_112
1060,GPT OSS 120B · 8 000 TPM,Cambios,Deleción,seiscientos diez,1,1,1,1,0.08582217645039479,False,Seiscientos diez,AGN_Indios_v009_exp003_fs4v-5_01,Arturo,agn_indios
1061,GPT OSS 120B · 8 000 TPM,Cambios,Deleción,señor,1,1,1,1,0.08582217645039479,False,señor,BnF_113_22,Paloma,bnf_113
1062,GPT OSS 120B · 8 000 TPM,Cambios,Deleción,señor don,1,1,1,1,0.08582217645039479,False,señor don,AMP_AC_v021__doc026_1,Rodrigo,amp_ac
1063,GPT OSS 120B · 8 000 TPM,Cambios,Deleción,sombreros,1,1,1,1,0.08582217645039479,False,sombreros,BnF_112_02,Arturo,bnf_112
1064,GPT OSS 120B · 8 000 TPM,Cambios,Deleción,su,1,1,1,1,0.08582217645039479,False,su,BnF_116_02,Paco,bnf_116
1065,GPT OSS 120B · 8 000 TPM,Cambios,Deleción,sus,1,1,1,1,0.08582217645039479,False,sus,AGI_PATRONATO_182_R3_04,Paco,agi_patronato
1066,GPT OSS 120B · 8 000 TPM,Cambios,Deleción,ten,1,1,1,1,0.08582217645039479,False,Ten,BnF_030_20,Paloma,bnf_030
1067,GPT OSS 120B · 8 000 TPM,Cambios,Deleción,tetlan,1,1,1,1,0.08582217645039479,False,tetlan,AGI_PATRONATO_181_R13_1,Paloma,agi_patronato
1068,GPT OSS 120B · 8 000 TPM,Cambios,Deleción,tetlán,1,1,1,1,0.08582217645039479,False,tetlán,AGI_PATRONATO_181_R13_1,Paloma,agi_patronato
1069,GPT OSS 120B · 8 000 TPM,Cambios,Deleción,trasunen,1,1,1,1,0.08582217645039479,False,trasunen,BnF_116_02,Paco,bnf_116
1070,GPT OSS 120B · 8 000 TPM,Cambios,Deleción,trra,1,1,1,1,0.08582217645039479,False,trra,AGI_PATRONATO_181_R13_1,Paloma,agi_patronato
1071,GPT OSS 120B · 8 000 TPM,Cambios,Deleción,turales,1,1,1,1,0.08582217645039479,False,turales,AGN_Indios_v002_exp835,Paloma,agn_indios
1072,GPT OSS 120B · 8 000 TPM,Cambios,Deleción,y estaban,1,1,1,1,0.08582217645039479,False,y estaban,BnF_075_014,Alba,bnf_075
1073,GPT OSS 120B · 8 000 TPM,Cambios,Deleción,y setenta,1,1,1,1,0.08582217645039479,False,y setenta,BnF_104_2,Paco,bnf_104
1074,GPT OSS 120B · 8 000 TPM,Cambios,Inserción,abriendo,1,1,1,1,0.08582217645039479,False,abriendo,BnF_104_2,Paco,bnf_104
1075,GPT OSS 120B · 8 000 TPM,Cambios,Inserción,al ser,1,1,1,1,0.08582217645039479,False,al ser,BnF_116_02,Paco,bnf_116
1076,GPT OSS 120B · 8 000 TPM,Cambios,Inserción,an,1,1,1,1,0.08582217645039479,False,an,BnF_112_04,Paloma,bnf_112
1077,GPT OSS 120B · 8 000 TPM,Cambios,Inserción,avdien,1,1,1,1,0.08582217645039479,False,avdien,BnF_032_36,Paco,bnf_032
1078,GPT OSS 120B · 8 000 TPM,Cambios,Inserción,caca guatlacatl,1,1,1,1,0.08582217645039479,False,Caca guatlacatl,BnF_104_2,Paco,bnf_104
1079,GPT OSS 120B · 8 000 TPM,Cambios,Inserción,cacagua tlatle,1,1,1,1,0.08582217645039479,False,Cacagua tlatle,BnF_104_2,Paco,bnf_104
1080,GPT OSS 120B · 8 000 TPM,Cambios,Inserción,casa sano,1,1,1,1,0.08582217645039479,False,casa sano,BnF_113_04,Paco,bnf_113
1081,GPT OSS 120B · 8 000 TPM,Cambios,Inserción,cia,1,1,1,1,0.08582217645039479,False,cia,BnF_032_36,Paco,bnf_032
1082,GPT OSS 120B · 8 000 TPM,Cambios,Inserción,con,1,1,1,1,0.08582217645039479,False,con,BnF_112_25,Paco,bnf_112
1083,GPT OSS 120B · 8 000 TPM,Cambios,Inserción,conjuntamente,1,1,1,1,0.08582217645039479,False,conjuntamente,AGN_Indios_v002_exp835,Paloma,agn_indios
1084,GPT OSS 120B · 8 000 TPM,Cambios,Inserción,de,1,1,1,1,0.08582217645039479,False,de,BnF_113_22,Paloma,bnf_113
1085,GPT OSS 120B · 8 000 TPM,Cambios,Inserción,de aclarado,1,1,1,1,0.08582217645039479,False,de aclarado,BnF_030_27,Rodrigo,bnf_030
1086,GPT OSS 120B · 8 000 TPM,Cambios,Inserción,desma,1,1,1,1,0.08582217645039479,False,desma,AGI_PATRONATO_182_R3_04,Paco,agi_patronato
1087,GPT OSS 120B · 8 000 TPM,Cambios,Inserción,do,1,1,1,1,0.08582217645039479,False,do,BnF_032_36,Paco,bnf_032
1088,GPT OSS 120B · 8 000 TPM,Cambios,Inserción,en el viaje,1,1,1,1,0.08582217645039479,False,en el viaje,AGI_INDIFERENTE_2065_N45_09,Rodrigo,agi_indiferente
1089,GPT OSS 120B · 8 000 TPM,Cambios,Inserción,es,1,1,1,1,0.08582217645039479,False,es,AGI_PATRONATO_182_R3_04,Paco,agi_patronato
1090,GPT OSS 120B · 8 000 TPM,Cambios,Inserción,esniores,1,1,1,1,0.08582217645039479,False,esniores,AGI_PATRONATO_182_R3_01,Alba,agi_patronato
1091,GPT OSS 120B · 8 000 TPM,Cambios,Inserción,españa,1,1,1,1,0.08582217645039479,False,España,AGI_PATRONATO_182_R3_04,Paco,agi_patronato
1092,GPT OSS 120B · 8 000 TPM,Cambios,Inserción,esta,1,1,1,1,0.08582217645039479,False,esta,BNE_ms3047_1,Rodrigo,bne_ms3047
1093,GPT OSS 120B · 8 000 TPM,Cambios,Inserción,esy,1,1,1,1,0.08582217645039479,False,esy,BnF_112_04,Paloma,bnf_112
1094,GPT OSS 120B · 8 000 TPM,Cambios,Inserción,esyn,1,1,1,1,0.08582217645039479,False,esyn,BnF_111_20,Flor,bnf_111
1095,GPT OSS 120B · 8 000 TPM,Cambios,Inserción,firme,1,1,1,1,0.08582217645039479,False,firme,BnF_112_25,Paco,bnf_112
1096,GPT OSS 120B · 8 000 TPM,Cambios,Inserción,gastado,1,1,1,1,0.08582217645039479,False,gastado,BnF_030_27,Rodrigo,bnf_030
1097,GPT OSS 120B · 8 000 TPM,Cambios,Inserción,gueyes,1,1,1,1,0.08582217645039479,False,gueyes,BnF_032_36,Paco,bnf_032
1098,GPT OSS 120B · 8 000 TPM,Cambios,Inserción,heredo,1,1,1,1,0.08582217645039479,False,heredo,BnF_112_02,Arturo,bnf_112
1099,GPT OSS 120B · 8 000 TPM,Cambios,Inserción,la,1,1,1,1,0.08582217645039479,False,la,BnF_112_25,Paco,bnf_112
1100,GPT OSS 120B · 8 000 TPM,Cambios,Inserción,le das,1,1,1,1,0.08582217645039479,False,le das,BnF_030_21,Edna,bnf_030
1101,GPT OSS 120B · 8 000 TPM,Cambios,Inserción,libre,1,1,1,1,0.08582217645039479,False,libre,BnF_032_36,Paco,bnf_032
1102,GPT OSS 120B · 8 000 TPM,Cambios,Inserción,ma,1,1,1,1,0.08582217645039479,False,ma,BnF_032_36,Paco,bnf_032
1103,GPT OSS 120B · 8 000 TPM,Cambios,Inserción,magueyes,1,1,1,1,0.08582217645039479,False,magueyes,BnF_032_36,Paco,bnf_032
1104,GPT OSS 120B · 8 000 TPM,Cambios,Inserción,man,1,1,1,1,0.08582217645039479,False,man,BnF_032_36,Paco,bnf_032
1105,GPT OSS 120B · 8 000 TPM,Cambios,Inserción,me,1,1,1,1,0.08582217645039479,False,me,AGI_GUADALAJARA_230_L2_F_45V-46V_2,Adriana,agi_guadalajara
1106,GPT OSS 120B · 8 000 TPM,Cambios,Inserción,mente,1,1,1,1,0.08582217645039479,False,mente,BnF_032_36,Paco,bnf_032
1107,GPT OSS 120B · 8 000 TPM,Cambios,Inserción,paña,1,1,1,1,0.08582217645039479,False,paña,AGI_PATRONATO_182_R3_04,Paco,agi_patronato
1108,GPT OSS 120B · 8 000 TPM,Cambios,Inserción,pin,1,1,1,1,0.08582217645039479,False, pin,BnF_112_25,Paco,bnf_112
1109,GPT OSS 120B · 8 000 TPM,Cambios,Inserción,por,1,1,1,1,0.08582217645039479,False,por,BnF_116_02,Paco,bnf_116
1110,GPT OSS 120B · 8 000 TPM,Cambios,Inserción,por juicio /,1,1,1,1,0.08582217645039479,False,por juicio /,AGN_Mercedes_v003_exp520,Alba,agn_mercedes
1111,GPT OSS 120B · 8 000 TPM,Cambios,Inserción,por todos,1,1,1,1,0.08582217645039479,False,por todos,BnF_030_21,Edna,bnf_030
1112,GPT OSS 120B · 8 000 TPM,Cambios,Inserción,pose,1,1,1,1,0.08582217645039479,False,pose,BnF_112_25,Paco,bnf_112
1113,GPT OSS 120B · 8 000 TPM,Cambios,Inserción,provieron,1,1,1,1,0.08582217645039479,False,provieron,BnF_116_02,Paco,bnf_116
1114,GPT OSS 120B · 8 000 TPM,Cambios,Inserción,que es,1,1,1,1,0.08582217645039479,False,que es,AGI_INDIFERENTE_2065_N45_09,Rodrigo,agi_indiferente
1115,GPT OSS 120B · 8 000 TPM,Cambios,Inserción,responda,1,1,1,1,0.08582217645039479,False,Responda,AGI_GUADALAJARA_230_L2_F_45V-46V_1,Edna,agi_guadalajara
1116,GPT OSS 120B · 8 000 TPM,Cambios,Inserción,retiró,1,1,1,1,0.08582217645039479,False,retiró,BnF_075_014,Alba,bnf_075
1117,GPT OSS 120B · 8 000 TPM,Cambios,Inserción,rosa,1,1,1,1,0.08582217645039479,False,Rosa,BnF_116_02,Paco,bnf_116
1118,GPT OSS 120B · 8 000 TPM,Cambios,Inserción,san tiago,1,1,1,1,0.08582217645039479,False,San Tiago,BnF_112_02,Arturo,bnf_112
1119,GPT OSS 120B · 8 000 TPM,Cambios,Inserción,sienta,1,1,1,1,0.08582217645039479,False,sienta,BnF_030_27,Rodrigo,bnf_030
1120,GPT OSS 120B · 8 000 TPM,Cambios,Inserción,sion. presentes,1,1,1,1,0.08582217645039479,False,sion. presentes,BnF_112_25,Paco,bnf_112
1121,GPT OSS 120B · 8 000 TPM,Cambios,Inserción,son,1,1,1,1,0.08582217645039479,False,son,BnF_113_22,Paloma,bnf_113
1122,GPT OSS 120B · 8 000 TPM,Cambios,Inserción,tal alma,1,1,1,1,0.08582217645039479,False,tal alma,BnF_030_27,Rodrigo,bnf_030
1123,GPT OSS 120B · 8 000 TPM,Cambios,Inserción,tor,1,1,1,1,0.08582217645039479,False,tor,AGI_INDIFERENTE_2065_N45_09,Rodrigo,agi_indiferente
1124,GPT OSS 120B · 8 000 TPM,Cambios,Inserción,tratos,1,1,1,1,0.08582217645039479,False,tratos,BnF_075_014,Alba,bnf_075
1125,GPT OSS 120B · 8 000 TPM,Cambios,Inserción,tura,1,1,1,1,0.08582217645039479,False,tura,BnF_112_25,Paco,bnf_112
1126,GPT OSS 120B · 8 000 TPM,Cambios,Inserción,vio,1,1,1,1,0.08582217645039479,False,vio,BnF_075_014,Alba,bnf_075
1127,GPT OSS 120B · 8 000 TPM,Cambios,No sub-rule assigned,a / había abrirá,1,1,1,1,0.08582217645039479,False,a / había abrirá,BnF_075_014,Alba,bnf_075
1128,GPT OSS 120B · 8 000 TPM,Cambios,No sub-rule assigned,abriendo,1,1,1,1,0.08582217645039479,False,abriendo,BnF_075_014,Alba,bnf_075
1129,GPT OSS 120B · 8 000 TPM,Cambios,No sub-rule assigned,agua,1,1,1,1,0.08582217645039479,False,agua,AGI_GUADALAJARA_230_L2_F_45V-46V_1,Edna,agi_guadalajara
1130,GPT OSS 120B · 8 000 TPM,Cambios,No sub-rule assigned,asi mismo,1,1,1,1,0.08582217645039479,False,asi mismo,AGN_GralParte_v006_exp617_01,Rodrigo,agn_gralparte
1131,GPT OSS 120B · 8 000 TPM,Cambios,No sub-rule assigned,desdel,1,1,1,1,0.08582217645039479,False,desdel,AGI_PATRONATO_182_R3_01,Alba,agi_patronato
1132,GPT OSS 120B · 8 000 TPM,Cambios,No sub-rule assigned,deuarte,1,1,1,1,0.08582217645039479,False,deuarte,AGN_GralParte_v006_exp617_01,Rodrigo,agn_gralparte
1133,GPT OSS 120B · 8 000 TPM,Cambios,No sub-rule assigned,dies,1,1,1,1,0.08582217645039479,False,dies,AGN_GralParte_v006_exp617_01,Rodrigo,agn_gralparte
1134,GPT OSS 120B · 8 000 TPM,Cambios,No sub-rule assigned,gozan,1,1,1,1,0.08582217645039479,False,gozan,AGN_Indios_v019_exp354_2,Alba,agn_indios
1135,GPT OSS 120B · 8 000 TPM,Cambios,No sub-rule assigned,hecho,1,1,1,1,0.08582217645039479,False,hecho,BnF_104_2,Paco,bnf_104
1136,GPT OSS 120B · 8 000 TPM,Cambios,No sub-rule assigned,mi guel,1,1,1,1,0.08582217645039479,False,mi guel,BnF_075_014,Alba,bnf_075
1137,GPT OSS 120B · 8 000 TPM,Cambios,No sub-rule assigned,natos,1,1,1,1,0.08582217645039479,False,natOS,AGN_Indios_v019_exp354_2,Alba,agn_indios
1138,GPT OSS 120B · 8 000 TPM,Cambios,No sub-rule assigned,oficios,1,1,1,1,0.08582217645039479,False,oficios,AGN_RealesCedDup_v030_exp874,Alba,agn_realesceddup
1139,GPT OSS 120B · 8 000 TPM,Cambios,No sub-rule assigned,paresce,1,1,1,1,0.08582217645039479,False,paresce,BnF_112_25,Paco,bnf_112
1140,GPT OSS 120B · 8 000 TPM,Cambios,No sub-rule assigned,posã¡is,1,1,1,1,0.08582217645039479,False,posÃ¡is,AGN_Mercedes_v003_exp520,Alba,agn_mercedes
1141,GPT OSS 120B · 8 000 TPM,Cambios,No sub-rule assigned,puó,1,1,1,1,0.08582217645039479,False,puó,BnF_030_21,Edna,bnf_030
1142,GPT OSS 120B · 8 000 TPM,Cambios,No sub-rule assigned,quedó,1,1,1,1,0.08582217645039479,False,quedó,BnF_075_014,Alba,bnf_075
1143,GPT OSS 120B · 8 000 TPM,Cambios,No sub-rule assigned,sempra,1,1,1,1,0.08582217645039479,False,Sempra,AGN_RealesCedDup_v030_exp874,Alba,agn_realesceddup
1144,GPT OSS 120B · 8 000 TPM,Cambios,No sub-rule assigned,seã¡is,1,1,1,1,0.08582217645039479,False,seÃ¡is,AGN_Mercedes_v003_exp520,Alba,agn_mercedes
1145,GPT OSS 120B · 8 000 TPM,Cambios,No sub-rule assigned,seã±orã­a,1,1,1,1,0.08582217645039479,False,seÃ±orÃ­a,AGN_Mercedes_v003_exp520,Alba,agn_mercedes
1146,GPT OSS 120B · 8 000 TPM,Cambios,No sub-rule assigned,y,1,1,1,1,0.08582217645039479,False,y,BnF_116_02,Paco,bnf_116
1147,GPT OSS 120B · 8 000 TPM,Cambios,Otros,a siendo,1,1,1,1,0.08582217645039479,False,a siendo,BnF_116_02,Paco,bnf_116
1148,GPT OSS 120B · 8 000 TPM,Cambios,Otros,acredores,1,1,1,1,0.08582217645039479,False,acredores,AGN_GralParte_v006_exp617_01,Rodrigo,agn_gralparte
1149,GPT OSS 120B · 8 000 TPM,Cambios,Otros,ad,1,1,1,1,0.08582217645039479,False,ad,AGN_GralParte_v006_exp617_01,Rodrigo,agn_gralparte
1150,GPT OSS 120B · 8 000 TPM,Cambios,Otros,algunos,1,1,1,1,0.08582217645039479,False,algunos,BNE_ms3047_4,Javier,bne_ms3047
1151,GPT OSS 120B · 8 000 TPM,Cambios,Otros,asi mismo,1,1,1,1,0.08582217645039479,False,asi mismo,AGN_GralParte_v006_exp617_01,Rodrigo,agn_gralparte
1152,GPT OSS 120B · 8 000 TPM,Cambios,Otros,beynte,1,1,1,1,0.08582217645039479,False,beynte,BnF_113_04,Paco,bnf_113
1153,GPT OSS 120B · 8 000 TPM,Cambios,Otros,cabildo paso,1,1,1,1,0.08582217645039479,False,cabildo Paso,AMP_AC_v021__doc026_1,Rodrigo,amp_ac
1154,GPT OSS 120B · 8 000 TPM,Cambios,Otros,camo,1,1,1,1,0.08582217645039479,False,camo,AGN_GralParte_v006_exp617_01,Rodrigo,agn_gralparte
1155,GPT OSS 120B · 8 000 TPM,Cambios,Otros,camora,1,1,1,1,0.08582217645039479,False,camora,AGN_GralParte_v006_exp617_01,Rodrigo,agn_gralparte
1156,GPT OSS 120B · 8 000 TPM,Cambios,Otros,cero,1,1,1,1,0.08582217645039479,False,cero,BnF_030_27,Rodrigo,bnf_030
1157,GPT OSS 120B · 8 000 TPM,Cambios,Otros,ceron,1,1,1,1,0.08582217645039479,False,ceron,BnF_030_27,Rodrigo,bnf_030
1158,GPT OSS 120B · 8 000 TPM,Cambios,Otros,co,1,1,1,1,0.08582217645039479,False,co,AGN_GralParte_v006_exp617_01,Rodrigo,agn_gralparte
1159,GPT OSS 120B · 8 000 TPM,Cambios,Otros,colima,1,1,1,1,0.08582217645039479,False,colima,AGN_GralParte_v006_exp617_01,Rodrigo,agn_gralparte
1160,GPT OSS 120B · 8 000 TPM,Cambios,Otros,colimas,1,1,1,1,0.08582217645039479,False,colimas,AGN_GralParte_v006_exp617_01,Rodrigo,agn_gralparte
1161,GPT OSS 120B · 8 000 TPM,Cambios,Otros,com,1,1,1,1,0.08582217645039479,False,com,AGN_GralParte_v006_exp617_01,Rodrigo,agn_gralparte
1162,GPT OSS 120B · 8 000 TPM,Cambios,Otros,con para rezar,1,1,1,1,0.08582217645039479,False,con para rezar,AGN_Indios_v019_exp354_2,Alba,agn_indios
1163,GPT OSS 120B · 8 000 TPM,Cambios,Otros,contra,1,1,1,1,0.08582217645039479,False,contra,AGN_GralParte_v006_exp617_01,Rodrigo,agn_gralparte
1164,GPT OSS 120B · 8 000 TPM,Cambios,Otros,cuellar,1,1,1,1,0.08582217645039479,False,cuellar,AGN_GralParte_v006_exp617_01,Rodrigo,agn_gralparte
1165,GPT OSS 120B · 8 000 TPM,Cambios,Otros,declara,1,1,1,1,0.08582217645039479,False,declara,AGN_GralParte_v006_exp617_01,Rodrigo,agn_gralparte
1166,GPT OSS 120B · 8 000 TPM,Cambios,Otros,deuarte,1,1,1,1,0.08582217645039479,False,deuarte,AGN_GralParte_v006_exp617_01,Rodrigo,agn_gralparte
1167,GPT OSS 120B · 8 000 TPM,Cambios,Otros,dicion,1,1,1,1,0.08582217645039479,False,dicion,AGN_GralParte_v006_exp617_01,Rodrigo,agn_gralparte
1168,GPT OSS 120B · 8 000 TPM,Cambios,Otros,dies,1,1,1,1,0.08582217645039479,False,dies,AGN_GralParte_v006_exp617_01,Rodrigo,agn_gralparte
1169,GPT OSS 120B · 8 000 TPM,Cambios,Otros,enl,1,1,1,1,0.08582217645039479,False,enl,AGN_GralParte_v006_exp617_01,Rodrigo,agn_gralparte
1170,GPT OSS 120B · 8 000 TPM,Cambios,Otros,enter,1,1,1,1,0.08582217645039479,False,enter,AGN_GralParte_v006_exp617_01,Rodrigo,agn_gralparte
1171,GPT OSS 120B · 8 000 TPM,Cambios,Otros,gu,1,1,1,1,0.08582217645039479,False,gu,AGN_GralParte_v006_exp617_01,Rodrigo,agn_gralparte
1172,GPT OSS 120B · 8 000 TPM,Cambios,Otros,gutierres,1,1,1,1,0.08582217645039479,False,gutierres,AGN_GralParte_v006_exp617_01,Rodrigo,agn_gralparte
1173,GPT OSS 120B · 8 000 TPM,Cambios,Otros,habrã¡,1,1,1,1,0.08582217645039479,False,habrÃ¡,BNE_ms3047_1,Rodrigo,bne_ms3047
1174,GPT OSS 120B · 8 000 TPM,Cambios,Otros,hay,1,1,1,1,0.08582217645039479,False,hay,BNE_ms3047_1,Rodrigo,bne_ms3047
1175,GPT OSS 120B · 8 000 TPM,Cambios,Otros,hazido,1,1,1,1,0.08582217645039479,False,hazido,AGN_GralParte_v006_exp617_01,Rodrigo,agn_gralparte
1176,GPT OSS 120B · 8 000 TPM,Cambios,Otros,juramento,1,1,1,1,0.08582217645039479,False,Juramento,AGI_INDIFERENTE_2065_N45_09,Rodrigo,agi_indiferente
1177,GPT OSS 120B · 8 000 TPM,Cambios,Otros,le,1,1,1,1,0.08582217645039479,False,Le,BNE_ms3047_1,Rodrigo,bne_ms3047
1178,GPT OSS 120B · 8 000 TPM,Cambios,Otros,lima,1,1,1,1,0.08582217645039479,False,lima,AGN_GralParte_v006_exp617_01,Rodrigo,agn_gralparte
1179,GPT OSS 120B · 8 000 TPM,Cambios,Otros,llevar las,1,1,1,1,0.08582217645039479,False,llevar las,AGN_GralParte_v006_exp617_01,Rodrigo,agn_gralparte
1180,GPT OSS 120B · 8 000 TPM,Cambios,Otros,maã­z,1,1,1,1,0.08582217645039479,False,maÃ­z,BNE_ms3047_1,Rodrigo,bne_ms3047
1181,GPT OSS 120B · 8 000 TPM,Cambios,Otros,mechoacã¡n,1,1,1,1,0.08582217645039479,False,MechoacÃ¡n,BNE_ms3047_1,Rodrigo,bne_ms3047
1182,GPT OSS 120B · 8 000 TPM,Cambios,Otros,ministracion,1,1,1,1,0.08582217645039479,False,ministracion,AGN_GralParte_v006_exp617_01,Rodrigo,agn_gralparte
1183,GPT OSS 120B · 8 000 TPM,Cambios,Otros,mongas,1,1,1,1,0.08582217645039479,False,mongas,BNE_ms3047_1,Rodrigo,bne_ms3047
1184,GPT OSS 120B · 8 000 TPM,Cambios,Otros,mã¡s,1,1,1,1,0.08582217645039479,False,mÃ¡s,BNE_ms3047_1,Rodrigo,bne_ms3047
1185,GPT OSS 120B · 8 000 TPM,Cambios,Otros,pascuaro,1,1,1,1,0.08582217645039479,False,pascuaro,BNE_ms3047_1,Rodrigo,bne_ms3047
1186,GPT OSS 120B · 8 000 TPM,Cambios,Otros,pido,1,1,1,1,0.08582217645039479,False,pido,BnF_113_04,Paco,bnf_113
1187,GPT OSS 120B · 8 000 TPM,Cambios,Otros,pradas,1,1,1,1,0.08582217645039479,False,Pradas,AGN_GralParte_v006_exp617_01,Rodrigo,agn_gralparte
1188,GPT OSS 120B · 8 000 TPM,Cambios,Otros,qel,1,1,1,1,0.08582217645039479,False,qel,AGN_GralParte_v006_exp617_01,Rodrigo,agn_gralparte
1189,GPT OSS 120B · 8 000 TPM,Cambios,Otros,ra,1,1,1,1,0.08582217645039479,False,ra,AGN_GralParte_v006_exp617_01,Rodrigo,agn_gralparte
1190,GPT OSS 120B · 8 000 TPM,Cambios,Otros,recibido,1,1,1,1,0.08582217645039479,False,Recibido,AGI_INDIFERENTE_2065_N45_09,Rodrigo,agi_indiferente
1191,GPT OSS 120B · 8 000 TPM,Cambios,Otros,relã³n,1,1,1,1,0.08582217645039479,False,RelÃ³n,AGN_Mercedes_v003_exp520,Alba,agn_mercedes
1192,GPT OSS 120B · 8 000 TPM,Cambios,Otros,reyes,1,1,1,1,0.08582217645039479,False,reyes,AGI_GUADALAJARA_230_L2_F_45V-46V_1,Edna,agi_guadalajara
1193,GPT OSS 120B · 8 000 TPM,Cambios,Otros,sacan,1,1,1,1,0.08582217645039479,False,sacan,AGN_GralParte_v006_exp617_01,Rodrigo,agn_gralparte
1194,GPT OSS 120B · 8 000 TPM,Cambios,Otros,salario,1,1,1,1,0.08582217645039479,False,Salario,BNE_ms3047_1,Rodrigo,bne_ms3047
1195,GPT OSS 120B · 8 000 TPM,Cambios,Otros,sanicolas,1,1,1,1,0.08582217645039479,False,saniColas,BnF_032_36,Paco,bnf_032
1196,GPT OSS 120B · 8 000 TPM,Cambios,Otros,santana,1,1,1,1,0.08582217645039479,False,Santana,AGI_INDIFERENTE_2065_N45_09,Rodrigo,agi_indiferente
1197,GPT OSS 120B · 8 000 TPM,Cambios,Otros,seicientos,1,1,1,1,0.08582217645039479,False,seicientos,AGN_GralParte_v006_exp617_01,Rodrigo,agn_gralparte
1198,GPT OSS 120B · 8 000 TPM,Cambios,Otros,setyembre,1,1,1,1,0.08582217645039479,False,setyembre,BnF_113_04,Paco,bnf_113
1199,GPT OSS 120B · 8 000 TPM,Cambios,Otros,seã±or,1,1,1,1,0.08582217645039479,False,seÃ±or,BNE_ms3047_1,Rodrigo,bne_ms3047
1200,GPT OSS 120B · 8 000 TPM,Cambios,Otros,su,1,1,1,1,0.08582217645039479,False,Su,BNE_ms3047_1,Rodrigo,bne_ms3047
1201,GPT OSS 120B · 8 000 TPM,Cambios,Otros,superã¡vit.,1,1,1,1,0.08582217645039479,False,superÃ¡vit.,BNE_ms3047_1,Rodrigo,bne_ms3047
1202,GPT OSS 120B · 8 000 TPM,Cambios,Otros,ta,1,1,1,1,0.08582217645039479,False,ta,BNE_ms3047_4,Javier,bne_ms3047
1203,GPT OSS 120B · 8 000 TPM,Cambios,Otros,tendrã¡,1,1,1,1,0.08582217645039479,False,tendrÃ¡,BNE_ms3047_1,Rodrigo,bne_ms3047
1204,GPT OSS 120B · 8 000 TPM,Cambios,Otros,teremendo: guaniqueo: puruandiro: comanja: tirindaro: huirama,1,1,1,1,0.08582217645039479,False,teremendo: guaniqueo: puruandiro: comanJa: tirindaro: huirama,BNE_ms3047_1,Rodrigo,bne_ms3047
1205,GPT OSS 120B · 8 000 TPM,Cambios,Otros,tiene,1,1,1,1,0.08582217645039479,False,tiene,BNE_ms3047_1,Rodrigo,bne_ms3047
1206,GPT OSS 120B · 8 000 TPM,Cambios,Otros,tierres,1,1,1,1,0.08582217645039479,False,tierres,AGN_GralParte_v006_exp617_01,Rodrigo,agn_gralparte
1207,GPT OSS 120B · 8 000 TPM,Cambios,Otros,torí,1,1,1,1,0.08582217645039479,False,Torí,BnF_030_21,Edna,bnf_030
1208,GPT OSS 120B · 8 000 TPM,Cambios,Otros,tratando los,1,1,1,1,0.08582217645039479,False,tratando los,AGN_Indios_v019_exp354_2,Alba,agn_indios
1209,GPT OSS 120B · 8 000 TPM,Cambios,Otros,tã©rminos,1,1,1,1,0.08582217645039479,False,tÃ©rminos,AGN_Mercedes_v003_exp520,Alba,agn_mercedes
1210,GPT OSS 120B · 8 000 TPM,Cambios,Otros,valdrã¡,1,1,1,1,0.08582217645039479,False,ValdrÃ¡,BNE_ms3047_1,Rodrigo,bne_ms3047
1211,GPT OSS 120B · 8 000 TPM,Cambios,Otros,vazas,1,1,1,1,0.08582217645039479,False,vazas,AGN_GralParte_v006_exp617_01,Rodrigo,agn_gralparte
1212,GPT OSS 120B · 8 000 TPM,Cambios,Otros,virey,1,1,1,1,0.08582217645039479,False,viRey,AMP_AC_v021__doc026_1,Rodrigo,amp_ac
1213,GPT OSS 120B · 8 000 TPM,Cambios,Otros,visto por,1,1,1,1,0.08582217645039479,False,visto Por,AGN_GralParte_v006_exp617_01,Rodrigo,agn_gralparte
1214,GPT OSS 120B · 8 000 TPM,Cambios,Sustitución,abuelos,1,1,1,1,0.08582217645039479,False,abuelos,BnF_030_21,Edna,bnf_030
1215,GPT OSS 120B · 8 000 TPM,Cambios,Sustitución,ahora,1,1,1,1,0.08582217645039479,False,ahora,BnF_112_02,Arturo,bnf_112
1216,GPT OSS 120B · 8 000 TPM,Cambios,Sustitución,al ser,1,1,1,1,0.08582217645039479,False,al ser,BnF_116_02,Paco,bnf_116
1217,GPT OSS 120B · 8 000 TPM,Cambios,Sustitución,albanes,1,1,1,1,0.08582217645039479,False,albanes,BnF_030_21,Edna,bnf_030
1218,GPT OSS 120B · 8 000 TPM,Cambios,Sustitución,antevera,1,1,1,1,0.08582217645039479,False,antevera,AGN_Indios_v002_exp835,Paloma,agn_indios
1219,GPT OSS 120B · 8 000 TPM,Cambios,Sustitución,arcebispado,1,1,1,1,0.08582217645039479,False,arcebispado,BNE_ms3047_4,Javier,bne_ms3047
1220,GPT OSS 120B · 8 000 TPM,Cambios,Sustitución,cabeza,1,1,1,1,0.08582217645039479,False,cabeza,AMP_AC_v021__doc026_1,Rodrigo,amp_ac
1221,GPT OSS 120B · 8 000 TPM,Cambios,Sustitución,camilón,1,1,1,1,0.08582217645039479,False,camilón,BnF_112_25,Paco,bnf_112
1222,GPT OSS 120B · 8 000 TPM,Cambios,Sustitución,cantidad,1,1,1,1,0.08582217645039479,False,cantidad,BnF_030_27,Rodrigo,bnf_030
1223,GPT OSS 120B · 8 000 TPM,Cambios,Sustitución,canto,1,1,1,1,0.08582217645039479,False,canto,BNE_ms3047_1,Rodrigo,bne_ms3047
1224,GPT OSS 120B · 8 000 TPM,Cambios,Sustitución,capullas,1,1,1,1,0.08582217645039479,False,capullas,BnF_030_27,Rodrigo,bnf_030
1225,GPT OSS 120B · 8 000 TPM,Cambios,Sustitución,carnicero,1,1,1,1,0.08582217645039479,False,carnicero,AGI_PATRONATO_181_R13_1,Paloma,agi_patronato
1226,GPT OSS 120B · 8 000 TPM,Cambios,Sustitución,caza,1,1,1,1,0.08582217645039479,False,caza,BnF_111_20,Flor,bnf_111
1227,GPT OSS 120B · 8 000 TPM,Cambios,Sustitución,civil,1,1,1,1,0.08582217645039479,False,civil,BnF_112_02,Arturo,bnf_112
1228,GPT OSS 120B · 8 000 TPM,Cambios,Sustitución,colón,1,1,1,1,0.08582217645039479,False,colón,AGI_INDIFERENTE_2065_N45_09,Rodrigo,agi_indiferente
1229,GPT OSS 120B · 8 000 TPM,Cambios,Sustitución,cometieron,1,1,1,1,0.08582217645039479,False,cometieron,AGN_Indios_v009_exp003_fs4v-5_01,Arturo,agn_indios
1230,GPT OSS 120B · 8 000 TPM,Cambios,Sustitución,con ello,1,1,1,1,0.08582217645039479,False,con ello,AGN_Indios_v009_exp003_fs4v-5_01,Arturo,agn_indios
1231,GPT OSS 120B · 8 000 TPM,Cambios,Sustitución,conste,1,1,1,1,0.08582217645039479,False,conste,AGN_Indios_v019_exp354_2,Alba,agn_indios
1232,GPT OSS 120B · 8 000 TPM,Cambios,Sustitución,crear,1,1,1,1,0.08582217645039479,False,crear,AGI_PATRONATO_181_R13_1,Paloma,agi_patronato
1233,GPT OSS 120B · 8 000 TPM,Cambios,Sustitución,deberán,1,1,1,1,0.08582217645039479,False,deberán,AGN_Indios_v009_exp003_fs4v-5_01,Arturo,agn_indios
1234,GPT OSS 120B · 8 000 TPM,Cambios,Sustitución,decano,1,1,1,1,0.08582217645039479,False,decano,BNE_ms3047_1,Rodrigo,bne_ms3047
1235,GPT OSS 120B · 8 000 TPM,Cambios,Sustitución,deses,1,1,1,1,0.08582217645039479,False,deses,AGI_GUADALAJARA_230_L2_F_45V-46V_1,Edna,agi_guadalajara
1236,GPT OSS 120B · 8 000 TPM,Cambios,Sustitución,diez,1,1,1,1,0.08582217645039479,False,diez,AMP_AC_v021__doc026_1,Rodrigo,amp_ac
1237,GPT OSS 120B · 8 000 TPM,Cambios,Sustitución,dios señor,1,1,1,1,0.08582217645039479,False,Dios señor,AGN_Indios_v009_exp003_fs4v-5_01,Arturo,agn_indios
1238,GPT OSS 120B · 8 000 TPM,Cambios,Sustitución,en el viaje,1,1,1,1,0.08582217645039479,False,en el viaje,AGI_INDIFERENTE_2065_N45_09,Rodrigo,agi_indiferente
1239,GPT OSS 120B · 8 000 TPM,Cambios,Sustitución,enagã©naciã³n,1,1,1,1,0.08582217645039479,False,enagÃ©naciÃ³n,AGN_Mercedes_v003_exp520,Alba,agn_mercedes
1240,GPT OSS 120B · 8 000 TPM,Cambios,Sustitución,es,1,1,1,1,0.08582217645039479,False,es,AGN_Tierras_v039-2_exp003_72,Edna,agn_tierras
1241,GPT OSS 120B · 8 000 TPM,Cambios,Sustitución,es decir,1,1,1,1,0.08582217645039479,False,es decir,AGS_CE_RG_L379_01,Javier,ags_ce
1242,GPT OSS 120B · 8 000 TPM,Cambios,Sustitución,escribió,1,1,1,1,0.08582217645039479,False,escribió,AGI_INDIFERENTE_2065_N45_09,Rodrigo,agi_indiferente
1243,GPT OSS 120B · 8 000 TPM,Cambios,Sustitución,esta,1,1,1,1,0.08582217645039479,False,esta,AGI_PATRONATO_182_R3_04,Paco,agi_patronato
1244,GPT OSS 120B · 8 000 TPM,Cambios,Sustitución,exacción,1,1,1,1,0.08582217645039479,False,exacción,AGN_Indios_v002_exp835,Paloma,agn_indios
1245,GPT OSS 120B · 8 000 TPM,Cambios,Sustitución,firmó,1,1,1,1,0.08582217645039479,False,firmó,AGI_INDIFERENTE_2065_N45_09,Rodrigo,agi_indiferente
1246,GPT OSS 120B · 8 000 TPM,Cambios,Sustitución,formó,1,1,1,1,0.08582217645039479,False,formó,BnF_113_04,Paco,bnf_113
1247,GPT OSS 120B · 8 000 TPM,Cambios,Sustitución,fundamente,1,1,1,1,0.08582217645039479,False,Fundamente,AGS_CE_RG_L379_01,Javier,ags_ce
1248,GPT OSS 120B · 8 000 TPM,Cambios,Sustitución,gobern,1,1,1,1,0.08582217645039479,False,gobern,BnF_116_02,Paco,bnf_116
1249,GPT OSS 120B · 8 000 TPM,Cambios,Sustitución,guatemala,1,1,1,1,0.08582217645039479,False,Guatemala,BnF_116_02,Paco,bnf_116
1250,GPT OSS 120B · 8 000 TPM,Cambios,Sustitución,guaziles,1,1,1,1,0.08582217645039479,False,Guaziles,BnF_030_21,Edna,bnf_030
1251,GPT OSS 120B · 8 000 TPM,Cambios,Sustitución,guía,1,1,1,1,0.08582217645039479,False,Guía,AGS_CE_RG_L379_01,Javier,ags_ce
1252,GPT OSS 120B · 8 000 TPM,Cambios,Sustitución,haber,1,1,1,1,0.08582217645039479,False,haber,BnF_104_2,Paco,bnf_104
1253,GPT OSS 120B · 8 000 TPM,Cambios,Sustitución,haberlo,1,1,1,1,0.08582217645039479,False,haberlo,AGI_INDIFERENTE_2065_N45_09,Rodrigo,agi_indiferente
1254,GPT OSS 120B · 8 000 TPM,Cambios,Sustitución,haga,1,1,1,1,0.08582217645039479,False,haga,AGN_RealesCedDup_v050_exp062,Paloma,agn_realesceddup
1255,GPT OSS 120B · 8 000 TPM,Cambios,Sustitución,han,1,1,1,1,0.08582217645039479,False,han,BnF_030_27,Rodrigo,bnf_030
1256,GPT OSS 120B · 8 000 TPM,Cambios,Sustitución,herendo,1,1,1,1,0.08582217645039479,False,herendo,BnF_030_21,Edna,bnf_030
1257,GPT OSS 120B · 8 000 TPM,Cambios,Sustitución,hice,1,1,1,1,0.08582217645039479,False,hice,BnF_104_2,Paco,bnf_104
1258,GPT OSS 120B · 8 000 TPM,Cambios,Sustitución,inconvenían,1,1,1,1,0.08582217645039479,False,inconvenían,AGI_INDIFERENTE_2065_N45_09,Rodrigo,agi_indiferente
1259,GPT OSS 120B · 8 000 TPM,Cambios,Sustitución,interpelante,1,1,1,1,0.08582217645039479,False,interpelante,BnF_104_2,Paco,bnf_104
1260,GPT OSS 120B · 8 000 TPM,Cambios,Sustitución,la estancia,1,1,1,1,0.08582217645039479,False,la estancia,BnF_111_20,Flor,bnf_111
1261,GPT OSS 120B · 8 000 TPM,Cambios,Sustitución,le das,1,1,1,1,0.08582217645039479,False,le das,BnF_030_21,Edna,bnf_030
1262,GPT OSS 120B · 8 000 TPM,Cambios,Sustitución,ley leída,1,1,1,1,0.08582217645039479,False,ley leída,BnF_113_04,Paco,bnf_113
1263,GPT OSS 120B · 8 000 TPM,Cambios,Sustitución,lizardo,1,1,1,1,0.08582217645039479,False,Lizardo,AGS_CE_RG_L379_01,Javier,ags_ce
1264,GPT OSS 120B · 8 000 TPM,Cambios,Sustitución,magdalena,1,1,1,1,0.08582217645039479,False,magdalena,AGN_Indios_v002_exp835,Paloma,agn_indios
1265,GPT OSS 120B · 8 000 TPM,Cambios,Sustitución,mayor,1,1,1,1,0.08582217645039479,False,mayor,BNE_ms3047_1,Rodrigo,bne_ms3047
1266,GPT OSS 120B · 8 000 TPM,Cambios,Sustitución,mes,1,1,1,1,0.08582217645039479,False,mes,BnF_030_27,Rodrigo,bnf_030
1267,GPT OSS 120B · 8 000 TPM,Cambios,Sustitución,mi,1,1,1,1,0.08582217645039479,False,mi,BnF_104_2,Paco,bnf_104
1268,GPT OSS 120B · 8 000 TPM,Cambios,Sustitución,miguel,1,1,1,1,0.08582217645039479,False,Miguel,BnF_113_04,Paco,bnf_113
1269,GPT OSS 120B · 8 000 TPM,Cambios,Sustitución,mocemati,1,1,1,1,0.08582217645039479,False,mocemati,BnF_112_25,Paco,bnf_112
1270,GPT OSS 120B · 8 000 TPM,Cambios,Sustitución,modo,1,1,1,1,0.08582217645039479,False,modo,AGN_Tierras_v039-2_exp003_72,Edna,agn_tierras
1271,GPT OSS 120B · 8 000 TPM,Cambios,Sustitución,molo,1,1,1,1,0.08582217645039479,False,molo,AGI_INDIFERENTE_2065_N45_09,Rodrigo,agi_indiferente
1272,GPT OSS 120B · 8 000 TPM,Cambios,Sustitución,monje,1,1,1,1,0.08582217645039479,False,monje,BNE_ms3047_1,Rodrigo,bne_ms3047
1273,GPT OSS 120B · 8 000 TPM,Cambios,Sustitución,monjes,1,1,1,1,0.08582217645039479,False,monjes,AGN_Mercedes_v003_exp520,Alba,agn_mercedes
1274,GPT OSS 120B · 8 000 TPM,Cambios,Sustitución,monseñor,1,1,1,1,0.08582217645039479,False,Monseñor,AGS_CE_RG_L379_01,Javier,ags_ce
1275,GPT OSS 120B · 8 000 TPM,Cambios,Sustitución,moro,1,1,1,1,0.08582217645039479,False,moro,BNE_ms3047_1,Rodrigo,bne_ms3047
1276,GPT OSS 120B · 8 000 TPM,Cambios,Sustitución,muchas,1,1,1,1,0.08582217645039479,False,muchas,AGI_INDIFERENTE_2065_N45_09,Rodrigo,agi_indiferente
1277,GPT OSS 120B · 8 000 TPM,Cambios,Sustitución,nalgas,1,1,1,1,0.08582217645039479,False,nalgas,BnF_111_20,Flor,bnf_111
1278,GPT OSS 120B · 8 000 TPM,Cambios,Sustitución,naves,1,1,1,1,0.08582217645039479,False,naves,AGI_INDIFERENTE_2065_N45_09,Rodrigo,agi_indiferente
1279,GPT OSS 120B · 8 000 TPM,Cambios,Sustitución,nombre,1,1,1,1,0.08582217645039479,False,nombre,AGN_Inquisicion_v1570A_exp134_fs159-160v_04,Flor,agn_inquisicion
1280,GPT OSS 120B · 8 000 TPM,Cambios,Sustitución,noviembre,1,1,1,1,0.08582217645039479,False,noviembre,AGN_AHHacienda_v1292_exp135,Javier,agn_ahhacienda
1281,GPT OSS 120B · 8 000 TPM,Cambios,Sustitución,ofrecieron,1,1,1,1,0.08582217645039479,False,ofrecieron,AGN_Indios_v009_exp003_fs4v-5_01,Arturo,agn_indios
1282,GPT OSS 120B · 8 000 TPM,Cambios,Sustitución,pliego,1,1,1,1,0.08582217645039479,False,pliego,AGN_Indios_v019_exp354_2,Alba,agn_indios
1283,GPT OSS 120B · 8 000 TPM,Cambios,Sustitución,pocos.,1,1,1,1,0.08582217645039479,False,pocos.,AGN_Indios_v009_exp003_fs4v-5_01,Arturo,agn_indios
1284,GPT OSS 120B · 8 000 TPM,Cambios,Sustitución,por de,1,1,1,1,0.08582217645039479,False,por de,AGN_RealesCedDup_v050_exp062,Paloma,agn_realesceddup
1285,GPT OSS 120B · 8 000 TPM,Cambios,Sustitución,prohibido,1,1,1,1,0.08582217645039479,False,prohibido,AGS_CE_RG_L379_01,Javier,ags_ce
1286,GPT OSS 120B · 8 000 TPM,Cambios,Sustitución,pueblo,1,1,1,1,0.08582217645039479,False,pueblo,BnF_112_25,Paco,bnf_112
1287,GPT OSS 120B · 8 000 TPM,Cambios,Sustitución,que,1,1,1,1,0.08582217645039479,False,que,BnF_112_02,Arturo,bnf_112
1288,GPT OSS 120B · 8 000 TPM,Cambios,Sustitución,que de,1,1,1,1,0.08582217645039479,False,que de,BnF_030_20,Paloma,bnf_030
1289,GPT OSS 120B · 8 000 TPM,Cambios,Sustitución,que el siguiente,1,1,1,1,0.08582217645039479,False,que el siguiente,AGN_Indios_v002_exp835,Paloma,agn_indios
1290,GPT OSS 120B · 8 000 TPM,Cambios,Sustitución,quedan,1,1,1,1,0.08582217645039479,False,quedan,BnF_112_02,Arturo,bnf_112
1291,GPT OSS 120B · 8 000 TPM,Cambios,Sustitución,quien,1,1,1,1,0.08582217645039479,False,quien,AMP_AC_v021__doc026_1,Rodrigo,amp_ac
1292,GPT OSS 120B · 8 000 TPM,Cambios,Sustitución,quinta,1,1,1,1,0.08582217645039479,False,quinta,AGI_CONTRATACION_1091_N3_098,Javier,agi_contratacion
1293,GPT OSS 120B · 8 000 TPM,Cambios,Sustitución,reyes,1,1,1,1,0.08582217645039479,False,reyes,AGI_GUADALAJARA_230_L2_F_45V-46V_1,Edna,agi_guadalajara
1294,GPT OSS 120B · 8 000 TPM,Cambios,Sustitución,rosa,1,1,1,1,0.08582217645039479,False,Rosa,BnF_116_02,Paco,bnf_116
1295,GPT OSS 120B · 8 000 TPM,Cambios,Sustitución,se sentó,1,1,1,1,0.08582217645039479,False,se sentó,AGN_RealesCedDup_v030_exp874,Alba,agn_realesceddup
1296,GPT OSS 120B · 8 000 TPM,Cambios,Sustitución,segunda,1,1,1,1,0.08582217645039479,False,segunda,AGN_Indios_v019_exp354_2,Alba,agn_indios
1297,GPT OSS 120B · 8 000 TPM,Cambios,Sustitución,segundo,1,1,1,1,0.08582217645039479,False,segundo,BnF_113_04,Paco,bnf_113
1298,GPT OSS 120B · 8 000 TPM,Cambios,Sustitución,siete,1,1,1,1,0.08582217645039479,False,siete,BnF_030_27,Rodrigo,bnf_030
1299,GPT OSS 120B · 8 000 TPM,Cambios,Sustitución,sor,1,1,1,1,0.08582217645039479,False,Sor,AGS_CE_RG_L379_01,Javier,ags_ce
1300,GPT OSS 120B · 8 000 TPM,Cambios,Sustitución,su,1,1,1,1,0.08582217645039479,False,su,BnF_116_02,Paco,bnf_116
1301,GPT OSS 120B · 8 000 TPM,Cambios,Sustitución,sucedido,1,1,1,1,0.08582217645039479,False,sucedido,AGI_GUADALAJARA_230_L2_F_45V-46V_1,Edna,agi_guadalajara
1302,GPT OSS 120B · 8 000 TPM,Cambios,Sustitución,suso de,1,1,1,1,0.08582217645039479,False,suso de,BnF_030_20,Paloma,bnf_030
1303,GPT OSS 120B · 8 000 TPM,Cambios,Sustitución,suyo,1,1,1,1,0.08582217645039479,False,suyo,BnF_113_04,Paco,bnf_113
1304,GPT OSS 120B · 8 000 TPM,Cambios,Sustitución,sã­,1,1,1,1,0.08582217645039479,False,sÃ­,AGN_Mercedes_v003_exp520,Alba,agn_mercedes
1305,GPT OSS 120B · 8 000 TPM,Cambios,Sustitución,tal alma,1,1,1,1,0.08582217645039479,False,tal alma,BnF_030_27,Rodrigo,bnf_030
1306,GPT OSS 120B · 8 000 TPM,Cambios,Sustitución,tanto,1,1,1,1,0.08582217645039479,False,tanto,AGN_Indios_v019_exp354_2,Alba,agn_indios
1307,GPT OSS 120B · 8 000 TPM,Cambios,Sustitución,templo,1,1,1,1,0.08582217645039479,False,templo,AGI_PATRONATO_181_R13_1,Paloma,agi_patronato
1308,GPT OSS 120B · 8 000 TPM,Cambios,Sustitución,teniendo,1,1,1,1,0.08582217645039479,False,teniendo,AGI_GUADALAJARA_230_L2_F_45V-46V_2,Adriana,agi_guadalajara
1309,GPT OSS 120B · 8 000 TPM,Cambios,Sustitución,tercio,1,1,1,1,0.08582217645039479,False,tercio,AGN_Mercedes_v003_exp520,Alba,agn_mercedes
1310,GPT OSS 120B · 8 000 TPM,Cambios,Sustitución,todo,1,1,1,1,0.08582217645039479,False,todo,AGI_INDIFERENTE_2065_N45_09,Rodrigo,agi_indiferente
1311,GPT OSS 120B · 8 000 TPM,Cambios,Sustitución,tomarlos,1,1,1,1,0.08582217645039479,False,tomarlos,AGN_Indios_v002_exp835,Paloma,agn_indios
1312,GPT OSS 120B · 8 000 TPM,Cambios,Sustitución,tomó,1,1,1,1,0.08582217645039479,False,tomó,BnF_113_04,Paco,bnf_113
1313,GPT OSS 120B · 8 000 TPM,Cambios,Sustitución,tor,1,1,1,1,0.08582217645039479,False,tor,AGI_INDIFERENTE_2065_N45_09,Rodrigo,agi_indiferente
1314,GPT OSS 120B · 8 000 TPM,Cambios,Sustitución,tras,1,1,1,1,0.08582217645039479,False,tras,BnF_030_21,Edna,bnf_030
1315,GPT OSS 120B · 8 000 TPM,Cambios,Sustitución,tributación,1,1,1,1,0.08582217645039479,False,tributación,AGS_CE_RG_L379_01,Javier,ags_ce
1316,GPT OSS 120B · 8 000 TPM,Cambios,Sustitución,valerá,1,1,1,1,0.08582217645039479,False,valerá,BNE_ms3047_1,Rodrigo,bne_ms3047
1317,GPT OSS 120B · 8 000 TPM,Cambios,Sustitución,valle,1,1,1,1,0.08582217645039479,False,valle,BNE_ms3047_1,Rodrigo,bne_ms3047
1318,GPT OSS 120B · 8 000 TPM,Cambios,Sustitución,vio,1,1,1,1,0.08582217645039479,False,vio,AGI_INDIFERENTE_2065_N45_09,Rodrigo,agi_indiferente
1319,GPT OSS 120B · 8 000 TPM,Cambios,Sustitución,yos,1,1,1,1,0.08582217645039479,False,yos,BNE_ms3047_1,Rodrigo,bne_ms3047
1320,GPT OSS 120B · 8 000 TPM,Filológicas - instrucciones,No sub-rule assigned,aber,1,1,1,1,0.08582217645039479,False,aber,BnF_113_04,Paco,bnf_113
1321,GPT OSS 120B · 8 000 TPM,Filológicas - instrucciones,No sub-rule assigned,albaniles,1,1,1,1,0.08582217645039479,False,albaniles,BnF_030_21,Edna,bnf_030
1322,GPT OSS 120B · 8 000 TPM,Filológicas - instrucciones,No sub-rule assigned,avdien,1,1,1,1,0.08582217645039479,False,avdien,BnF_032_36,Paco,bnf_032
1323,GPT OSS 120B · 8 000 TPM,Filológicas - instrucciones,No sub-rule assigned,bendio,1,1,1,1,0.08582217645039479,False,bendio,BnF_112_25,Paco,bnf_112
1324,GPT OSS 120B · 8 000 TPM,Filológicas - instrucciones,No sub-rule assigned,binieron,1,1,1,1,0.08582217645039479,False,binieron,BnF_112_25,Paco,bnf_112
1325,GPT OSS 120B · 8 000 TPM,Filológicas - instrucciones,No sub-rule assigned,cavsas,1,1,1,1,0.08582217645039479,False,Cavsas,BnF_032_36,Paco,bnf_032
1326,GPT OSS 120B · 8 000 TPM,Filológicas - instrucciones,No sub-rule assigned,cia,1,1,1,1,0.08582217645039479,False,cia,BnF_032_36,Paco,bnf_032
1327,GPT OSS 120B · 8 000 TPM,Filológicas - instrucciones,No sub-rule assigned,convinyese,1,1,1,1,0.08582217645039479,False,convinyese,AGI_PATRONATO_182_R3_04,Paco,agi_patronato
1328,GPT OSS 120B · 8 000 TPM,Filológicas - instrucciones,No sub-rule assigned,dexe,1,1,1,1,0.08582217645039479,False,dexe,BnF_032_36,Paco,bnf_032
1329,GPT OSS 120B · 8 000 TPM,Filológicas - instrucciones,No sub-rule assigned,escrivano,1,1,1,1,0.08582217645039479,False,escrivano,BnF_113_04,Paco,bnf_113
1330,GPT OSS 120B · 8 000 TPM,Filológicas - instrucciones,No sub-rule assigned,espana,1,1,1,1,0.08582217645039479,False,espana,BnF_113_04,Paco,bnf_113
1331,GPT OSS 120B · 8 000 TPM,Filológicas - instrucciones,No sub-rule assigned,espanola,1,1,1,1,0.08582217645039479,False,espanola,BnF_112_25,Paco,bnf_112
1332,GPT OSS 120B · 8 000 TPM,Filológicas - instrucciones,No sub-rule assigned,mygel,1,1,1,1,0.08582217645039479,False,mygel,BnF_113_04,Paco,bnf_113
1333,GPT OSS 120B · 8 000 TPM,Filológicas - instrucciones,No sub-rule assigned,myll,1,1,1,1,0.08582217645039479,False,myll,BnF_113_04,Paco,bnf_113
1334,GPT OSS 120B · 8 000 TPM,Filológicas - instrucciones,No sub-rule assigned,oyan,1,1,1,1,0.08582217645039479,False,oyan,BnF_032_36,Paco,bnf_032
1335,GPT OSS 120B · 8 000 TPM,Filológicas - instrucciones,No sub-rule assigned,oydores,1,1,1,1,0.08582217645039479,False,oydores,AGI_PATRONATO_182_R3_04,Paco,agi_patronato
1336,GPT OSS 120B · 8 000 TPM,Filológicas - instrucciones,No sub-rule assigned,oyra,1,1,1,1,0.08582217645039479,False,oyra,BnF_104_2,Paco,bnf_104
1337,GPT OSS 120B · 8 000 TPM,Filológicas - instrucciones,No sub-rule assigned,roxo,1,1,1,1,0.08582217645039479,False,roxo,AGI_PATRONATO_182_R3_04,Paco,agi_patronato
1338,GPT OSS 120B · 8 000 TPM,Filológicas - instrucciones,No sub-rule assigned,senor,1,1,1,1,0.08582217645039479,False,senor,BnF_032_36,Paco,bnf_032
1339,GPT OSS 120B · 8 000 TPM,Filológicas - instrucciones,No sub-rule assigned,suplico. sea,1,1,1,1,0.08582217645039479,False,suplico. sea,BnF_112_25,Paco,bnf_112
1340,GPT OSS 120B · 8 000 TPM,Filológicas - instrucciones,No sub-rule assigned,tyniente,1,1,1,1,0.08582217645039479,False,tyniente,BnF_104_2,Paco,bnf_104
1341,GPT OSS 120B · 8 000 TPM,Filológicas - instrucciones,No sub-rule assigned,yndios,1,1,1,1,0.08582217645039479,False,yndios,BnF_112_25,Paco,bnf_112
1342,GPT OSS 120B · 8 000 TPM,Filológicas - instrucciones,No sub-rule assigned,ynformacion,1,1,1,1,0.08582217645039479,False,ynformacion,AGI_PATRONATO_182_R3_04,Paco,agi_patronato
1343,GPT OSS 120B · 8 000 TPM,Filológicas - instrucciones,No sub-rule assigned,ynterpetes,1,1,1,1,0.08582217645039479,False,ynterpetes,BnF_032_36,Paco,bnf_032
1344,GPT OSS 120B · 8 000 TPM,Filológicas - instrucciones,No sub-rule assigned,ysabel,1,1,1,1,0.08582217645039479,False,ysabel,BnF_112_25,Paco,bnf_112
1345,GPT OSS 120B · 8 000 TPM,Filológicas - instrucciones,Regularización de H etimológica,a / había abrirá,1,1,1,1,0.08582217645039479,False,a / había abrirá,BnF_075_014,Alba,bnf_075
1346,GPT OSS 120B · 8 000 TPM,Filológicas - instrucciones,Regularización de H etimológica,a proveydo,1,1,1,1,0.08582217645039479,False,a Proveydo,AGN_RealesCedDup_v050_exp062,Paloma,agn_realesceddup
1347,GPT OSS 120B · 8 000 TPM,Filológicas - instrucciones,Regularización de H etimológica,aber,1,1,1,1,0.08582217645039479,False,aber,BnF_113_22,Paloma,bnf_113
1348,GPT OSS 120B · 8 000 TPM,Filológicas - instrucciones,Regularización de H etimológica,aberles,1,1,1,1,0.08582217645039479,False,aberles,BnF_113_22,Paloma,bnf_113
1349,GPT OSS 120B · 8 000 TPM,Filológicas - instrucciones,Regularización de H etimológica,abiendo,1,1,1,1,0.08582217645039479,False,abiendo,BnF_111_20,Flor,bnf_111
1350,GPT OSS 120B · 8 000 TPM,Filológicas - instrucciones,Regularización de H etimológica,abriendo,1,1,1,1,0.08582217645039479,False,abriendo,BnF_075_014,Alba,bnf_075
1351,GPT OSS 120B · 8 000 TPM,Filológicas - instrucciones,Regularización de H etimológica,agora,1,1,1,1,0.08582217645039479,False,agora,BnF_112_23,Edna,bnf_112
1352,GPT OSS 120B · 8 000 TPM,Filológicas - instrucciones,Regularización de H etimológica,allan,1,1,1,1,0.08582217645039479,False,allan,BnF_075_014,Alba,bnf_075
1353,GPT OSS 120B · 8 000 TPM,Filológicas - instrucciones,Regularización de H etimológica,allanen,1,1,1,1,0.08582217645039479,False,allanen,BnF_075_014,Alba,bnf_075
1354,GPT OSS 120B · 8 000 TPM,Filológicas - instrucciones,Regularización de H etimológica,an tenido,1,1,1,1,0.08582217645039479,False,an tenido,AGN_RealesCedDup_v030_exp874,Alba,agn_realesceddup
1355,GPT OSS 120B · 8 000 TPM,Filológicas - instrucciones,Regularización de H etimológica,aorcarian,1,1,1,1,0.08582217645039479,False,aorcarian,BnF_111_20,Flor,bnf_111
1356,GPT OSS 120B · 8 000 TPM,Filológicas - instrucciones,Regularización de H etimológica,aviades,1,1,1,1,0.08582217645039479,False,aviades,AGI_GUADALAJARA_230_L2_F_45V-46V_1,Edna,agi_guadalajara
1357,GPT OSS 120B · 8 000 TPM,Filológicas - instrucciones,Regularización de H etimológica,aviendo,1,1,1,1,0.08582217645039479,False,aviendo,AGN_GralParte_v006_exp617_01,Rodrigo,agn_gralparte
1358,GPT OSS 120B · 8 000 TPM,Filológicas - instrucciones,Regularización de H etimológica,aya,1,1,1,1,0.08582217645039479,False,aya,AGN_Indios_v019_exp354_2,Alba,agn_indios
1359,GPT OSS 120B · 8 000 TPM,Filológicas - instrucciones,Regularización de H etimológica,choro,1,1,1,1,0.08582217645039479,False,choro,BNE_ms3047_1,Rodrigo,bne_ms3047
1360,GPT OSS 120B · 8 000 TPM,Filológicas - instrucciones,Regularización de H etimológica,corregor,1,1,1,1,0.08582217645039479,False,Corregor,AGN_RealesCedDup_v050_exp062,Paloma,agn_realesceddup
1361,GPT OSS 120B · 8 000 TPM,Filológicas - instrucciones,Regularización de H etimológica,erede,1,1,1,1,0.08582217645039479,False,Erede,BnF_112_23,Edna,bnf_112
1362,GPT OSS 120B · 8 000 TPM,Filológicas - instrucciones,Regularización de H etimológica,hedad,1,1,1,1,0.08582217645039479,False,hedad,AGN_GralParte_v006_exp617_01,Rodrigo,agn_gralparte
1363,GPT OSS 120B · 8 000 TPM,Filológicas - instrucciones,Regularización de H etimológica,hera,1,1,1,1,0.08582217645039479,False,hera,BnF_112_02,Arturo,bnf_112
1364,GPT OSS 120B · 8 000 TPM,Filológicas - instrucciones,Regularización de H etimológica,honze,1,1,1,1,0.08582217645039479,False,honze,AGN_AHHacienda_v1292_exp135,Javier,agn_ahhacienda
1365,GPT OSS 120B · 8 000 TPM,Filológicas - instrucciones,Regularización de H etimológica,ospital,1,1,1,1,0.08582217645039479,False,ospital,AGN_Indios_v019_exp354_2,Alba,agn_indios
1366,GPT OSS 120B · 8 000 TPM,Filológicas - instrucciones,Regularización de H etimológica,partdo,1,1,1,1,0.08582217645039479,False,partdo,AGN_RealesCedDup_v050_exp062,Paloma,agn_realesceddup
1367,GPT OSS 120B · 8 000 TPM,Filológicas - instrucciones,Regularización de H etimológica,provehera,1,1,1,1,0.08582217645039479,False,provehera,AGN_Indios_v019_exp354_2,Alba,agn_indios
1368,GPT OSS 120B · 8 000 TPM,Filológicas - instrucciones,Regularización de H etimológica,q,1,1,1,1,0.08582217645039479,False,q,BnF_113_22,Paloma,bnf_113
1369,GPT OSS 120B · 8 000 TPM,Filológicas - instrucciones,Regularización de H etimológica,q a,1,1,1,1,0.08582217645039479,False,q a,BnF_113_22,Paloma,bnf_113
1370,GPT OSS 120B · 8 000 TPM,Filológicas - instrucciones,Regularización de H etimológica,se ha servido,1,1,1,1,0.08582217645039479,False,Se ha servido,AGN_RealesCedDup_v030_exp874,Alba,agn_realesceddup
1371,GPT OSS 120B · 8 000 TPM,Filológicas - instrucciones,Regularización de H etimológica,selo,1,1,1,1,0.08582217645039479,False,selo,BnF_113_22,Paloma,bnf_113
1372,GPT OSS 120B · 8 000 TPM,Filológicas - instrucciones,Regularización de H etimológica,ubiere,1,1,1,1,0.08582217645039479,False,ubiere,AGN_IndiferenteVirreinal_caja4071_exp024_2,Paloma,agn_indiferentevirreinal
1373,GPT OSS 120B · 8 000 TPM,Filológicas - instrucciones,Regularización de i/y vocálicas,a proveydo,1,1,1,1,0.08582217645039479,False,a Proveydo,AGN_RealesCedDup_v050_exp062,Paloma,agn_realesceddup
1374,GPT OSS 120B · 8 000 TPM,Filológicas - instrucciones,Regularización de i/y vocálicas,an,1,1,1,1,0.08582217645039479,False,an,BnF_112_04,Paloma,bnf_112
1375,GPT OSS 120B · 8 000 TPM,Filológicas - instrucciones,Regularización de i/y vocálicas,bistos,1,1,1,1,0.08582217645039479,False,bistos,AGN_Mercedes_v003_exp520,Alba,agn_mercedes
1376,GPT OSS 120B · 8 000 TPM,Filológicas - instrucciones,Regularización de i/y vocálicas,cion,1,1,1,1,0.08582217645039479,False,cion,BnF_112_04,Paloma,bnf_112
1377,GPT OSS 120B · 8 000 TPM,Filológicas - instrucciones,Regularización de i/y vocálicas,confyesa,1,1,1,1,0.08582217645039479,False,confyesa,BnF_112_04,Paloma,bnf_112
1378,GPT OSS 120B · 8 000 TPM,Filológicas - instrucciones,Regularización de i/y vocálicas,confyeso,1,1,1,1,0.08582217645039479,False,confyeso,BnF_112_04,Paloma,bnf_112
1379,GPT OSS 120B · 8 000 TPM,Filológicas - instrucciones,Regularización de i/y vocálicas,contenydo,1,1,1,1,0.08582217645039479,False,contenydo,BnF_113_22,Paloma,bnf_113
1380,GPT OSS 120B · 8 000 TPM,Filológicas - instrucciones,Regularización de i/y vocálicas,contenydos,1,1,1,1,0.08582217645039479,False,contenydos,BnF_113_22,Paloma,bnf_113
1381,GPT OSS 120B · 8 000 TPM,Filológicas - instrucciones,Regularización de i/y vocálicas,corregor,1,1,1,1,0.08582217645039479,False,Corregor,AGN_RealesCedDup_v050_exp062,Paloma,agn_realesceddup
1382,GPT OSS 120B · 8 000 TPM,Filológicas - instrucciones,Regularización de i/y vocálicas,demonyo,1,1,1,1,0.08582217645039479,False,demonyo,BnF_112_04,Paloma,bnf_112
1383,GPT OSS 120B · 8 000 TPM,Filológicas - instrucciones,Regularización de i/y vocálicas,doi,1,1,1,1,0.08582217645039479,False,doi,AGN_Mercedes_v003_exp520,Alba,agn_mercedes
1384,GPT OSS 120B · 8 000 TPM,Filológicas - instrucciones,Regularización de i/y vocálicas,domyngo,1,1,1,1,0.08582217645039479,False,domyngo,BnF_111_20,Flor,bnf_111
1385,GPT OSS 120B · 8 000 TPM,Filológicas - instrucciones,Regularización de i/y vocálicas,entendimyento,1,1,1,1,0.08582217645039479,False,entendimyento,BnF_112_04,Paloma,bnf_112
1386,GPT OSS 120B · 8 000 TPM,Filológicas - instrucciones,Regularización de i/y vocálicas,esy,1,1,1,1,0.08582217645039479,False,esy,BnF_112_04,Paloma,bnf_112
1387,GPT OSS 120B · 8 000 TPM,Filológicas - instrucciones,Regularización de i/y vocálicas,esyn,1,1,1,1,0.08582217645039479,False,esyn,BnF_111_20,Flor,bnf_111
1388,GPT OSS 120B · 8 000 TPM,Filológicas - instrucciones,Regularización de i/y vocálicas,fysiere,1,1,1,1,0.08582217645039479,False,fysiere,BnF_112_04,Paloma,bnf_112
1389,GPT OSS 120B · 8 000 TPM,Filológicas - instrucciones,Regularización de i/y vocálicas,maior,1,1,1,1,0.08582217645039479,False,maior,AGN_Indios_v019_exp354_2,Alba,agn_indios
1390,GPT OSS 120B · 8 000 TPM,Filológicas - instrucciones,Regularización de i/y vocálicas,mandamyto,1,1,1,1,0.08582217645039479,False,mandamyto,BnF_111_20,Flor,bnf_111
1391,GPT OSS 120B · 8 000 TPM,Filológicas - instrucciones,Regularización de i/y vocálicas,myaualtepeq,1,1,1,1,0.08582217645039479,False,myaualtepeq,BnF_111_20,Flor,bnf_111
1392,GPT OSS 120B · 8 000 TPM,Filológicas - instrucciones,Regularización de i/y vocálicas,myel,1,1,1,1,0.08582217645039479,False,myel,BnF_113_22,Paloma,bnf_113
1393,GPT OSS 120B · 8 000 TPM,Filológicas - instrucciones,Regularización de i/y vocálicas,myn,1,1,1,1,0.08582217645039479,False,myn,BnF_113_22,Paloma,bnf_113
1394,GPT OSS 120B · 8 000 TPM,Filológicas - instrucciones,Regularización de i/y vocálicas,myo,1,1,1,1,0.08582217645039479,False,myo,BnF_112_23,Edna,bnf_112
1395,GPT OSS 120B · 8 000 TPM,Filológicas - instrucciones,Regularización de i/y vocálicas,myrasen,1,1,1,1,0.08582217645039479,False,myrasen,BnF_111_20,Flor,bnf_111
1396,GPT OSS 120B · 8 000 TPM,Filológicas - instrucciones,Regularización de i/y vocálicas,ny,1,1,1,1,0.08582217645039479,False,ny,BnF_111_20,Flor,bnf_111
1397,GPT OSS 120B · 8 000 TPM,Filológicas - instrucciones,Regularización de i/y vocálicas,oydo,1,1,1,1,0.08582217645039479,False,oydo,AGN_Mercedes_v003_exp520,Alba,agn_mercedes
1398,GPT OSS 120B · 8 000 TPM,Filológicas - instrucciones,Regularización de i/y vocálicas,oydores,1,1,1,1,0.08582217645039479,False,oydores,AGI_PATRONATO_182_R3_01,Alba,agi_patronato
1399,GPT OSS 120B · 8 000 TPM,Filológicas - instrucciones,Regularización de i/y vocálicas,partdo,1,1,1,1,0.08582217645039479,False,partdo,AGN_RealesCedDup_v050_exp062,Paloma,agn_realesceddup
1400,GPT OSS 120B · 8 000 TPM,Filológicas - instrucciones,Regularización de i/y vocálicas,patrimonyo,1,1,1,1,0.08582217645039479,False,patrimonyo,BnF_112_23,Edna,bnf_112
1401,GPT OSS 120B · 8 000 TPM,Filológicas - instrucciones,Regularización de i/y vocálicas,permyta,1,1,1,1,0.08582217645039479,False,permyta,BnF_112_04,Paloma,bnf_112
1402,GPT OSS 120B · 8 000 TPM,Filológicas - instrucciones,Regularización de i/y vocálicas,q yra,1,1,1,1,0.08582217645039479,False,q yra,BnF_112_04,Paloma,bnf_112
1403,GPT OSS 120B · 8 000 TPM,Filológicas - instrucciones,Regularización de i/y vocálicas,quytar,1,1,1,1,0.08582217645039479,False,quytar,BnF_111_20,Flor,bnf_111
1404,GPT OSS 120B · 8 000 TPM,Filológicas - instrucciones,Regularización de i/y vocálicas,regimyento,1,1,1,1,0.08582217645039479,False,regimyento,AGI_PATRONATO_182_R3_01,Alba,agi_patronato
1405,GPT OSS 120B · 8 000 TPM,Filológicas - instrucciones,Regularización de i/y vocálicas,rescybiese,1,1,1,1,0.08582217645039479,False,rescybiese,BnF_112_02,Arturo,bnf_112
1406,GPT OSS 120B · 8 000 TPM,Filológicas - instrucciones,Regularización de i/y vocálicas,ribas,1,1,1,1,0.08582217645039479,False,ribas,AGN_Tierras_v039-2_exp003_72,Edna,agn_tierras
1407,GPT OSS 120B · 8 000 TPM,Filológicas - instrucciones,Regularización de i/y vocálicas,ruydo,1,1,1,1,0.08582217645039479,False,ruydo,BnF_111_20,Flor,bnf_111
1408,GPT OSS 120B · 8 000 TPM,Filológicas - instrucciones,Regularización de i/y vocálicas,suchyl,1,1,1,1,0.08582217645039479,False,Suchyl,BnF_111_20,Flor,bnf_111
1409,GPT OSS 120B · 8 000 TPM,Filológicas - instrucciones,Regularización de i/y vocálicas,suios,1,1,1,1,0.08582217645039479,False,suios,AGN_IndiferenteVirreinal_caja4071_exp024_2,Paloma,agn_indiferentevirreinal
1410,GPT OSS 120B · 8 000 TPM,Filológicas - instrucciones,Regularización de i/y vocálicas,tenya,1,1,1,1,0.08582217645039479,False,tenya,BnF_111_20,Flor,bnf_111
1411,GPT OSS 120B · 8 000 TPM,Filológicas - instrucciones,Regularización de i/y vocálicas,tomynes,1,1,1,1,0.08582217645039479,False,tomynes,BnF_113_22,Paloma,bnf_113
1412,GPT OSS 120B · 8 000 TPM,Filológicas - instrucciones,Regularización de i/y vocálicas,trinydad,1,1,1,1,0.08582217645039479,False,trinydad,BnF_112_04,Paloma,bnf_112
1413,GPT OSS 120B · 8 000 TPM,Filológicas - instrucciones,Regularización de i/y vocálicas,veynte,1,1,1,1,0.08582217645039479,False,veynte,BnF_112_23,Edna,bnf_112
1414,GPT OSS 120B · 8 000 TPM,Filológicas - instrucciones,Regularización de i/y vocálicas,y dios,1,1,1,1,0.08582217645039479,False,y dios,BnF_075_014,Alba,bnf_075
1415,GPT OSS 120B · 8 000 TPM,Filológicas - instrucciones,Regularización de i/y vocálicas,yden,1,1,1,1,0.08582217645039479,False,yden,AGN_Mercedes_v003_exp520,Alba,agn_mercedes
1416,GPT OSS 120B · 8 000 TPM,Filológicas - instrucciones,Regularización de i/y vocálicas,yglecia,1,1,1,1,0.08582217645039479,False,Yglecia,BNE_ms3047_4,Javier,bne_ms3047
1417,GPT OSS 120B · 8 000 TPM,Filológicas - instrucciones,Regularización de i/y vocálicas,yllmo,1,1,1,1,0.08582217645039479,False,yllmo,AGI_PATRONATO_182_R3_01,Alba,agi_patronato
1418,GPT OSS 120B · 8 000 TPM,Filológicas - instrucciones,Regularización de i/y vocálicas,ymboca,1,1,1,1,0.08582217645039479,False,ymboca,BnF_112_04,Paloma,bnf_112
1419,GPT OSS 120B · 8 000 TPM,Filológicas - instrucciones,Regularización de i/y vocálicas,ympedimento,1,1,1,1,0.08582217645039479,False,ympedimento,AGN_GralParte_v006_exp617_01,Rodrigo,agn_gralparte
1420,GPT OSS 120B · 8 000 TPM,Filológicas - instrucciones,Regularización de i/y vocálicas,ympidiese,1,1,1,1,0.08582217645039479,False,ympidiese,AGN_GralParte_v006_exp617_01,Rodrigo,agn_gralparte
1421,GPT OSS 120B · 8 000 TPM,Filológicas - instrucciones,Regularización de i/y vocálicas,yncurir,1,1,1,1,0.08582217645039479,False,yncurir,AGN_Mercedes_v003_exp520,Alba,agn_mercedes
1422,GPT OSS 120B · 8 000 TPM,Filológicas - instrucciones,Regularización de i/y vocálicas,yndia,1,1,1,1,0.08582217645039479,False,yndia,BnF_112_04,Paloma,bnf_112
1423,GPT OSS 120B · 8 000 TPM,Filológicas - instrucciones,Regularización de i/y vocálicas,ynes,1,1,1,1,0.08582217645039479,False,ynes,BnF_112_23,Edna,bnf_112
1424,GPT OSS 120B · 8 000 TPM,Filológicas - instrucciones,Regularización de i/y vocálicas,ynterpetre,1,1,1,1,0.08582217645039479,False,ynterpetre,BnF_111_20,Flor,bnf_111
1425,GPT OSS 120B · 8 000 TPM,Filológicas - instrucciones,Regularización de i/y vocálicas,ynterpetres,1,1,1,1,0.08582217645039479,False,ynterpetres,BnF_111_20,Flor,bnf_111
1426,GPT OSS 120B · 8 000 TPM,Filológicas - instrucciones,Regularización de i/y vocálicas,yra,1,1,1,1,0.08582217645039479,False,yra,BnF_112_04,Paloma,bnf_112
1427,GPT OSS 120B · 8 000 TPM,Filológicas - instrucciones,Regularización de i/y vocálicas,yrian,1,1,1,1,0.08582217645039479,False,yrian,BnF_111_20,Flor,bnf_111
1428,GPT OSS 120B · 8 000 TPM,Filológicas - instrucciones,Regularización de i/y vocálicas,yslas,1,1,1,1,0.08582217645039479,False,yslaS,AGN_RealesCedDup_v030_exp874,Alba,agn_realesceddup
1429,GPT OSS 120B · 8 000 TPM,Filológicas - instrucciones,Regularización de i/y vocálicas,yzquierdo,1,1,1,1,0.08582217645039479,False,yzquierdo,AGI_CONTRATACION_1183_N8_78,Adriana,agi_contratacion
1430,GPT OSS 120B · 8 000 TPM,Filológicas - instrucciones,Regularización de la nasal palatal,companero,1,1,1,1,0.08582217645039479,False,companero,AGN_GralParte_v006_exp617_01,Rodrigo,agn_gralparte
1431,GPT OSS 120B · 8 000 TPM,Filológicas - instrucciones,Regularización de la nasal palatal,espana,1,1,1,1,0.08582217645039479,False,espana,BnF_112_04,Paloma,bnf_112
1432,GPT OSS 120B · 8 000 TPM,Filológicas - instrucciones,Regularización de labiales (b/v),aviades,1,1,1,1,0.08582217645039479,False,aviades,AGI_GUADALAJARA_230_L2_F_45V-46V_1,Edna,agi_guadalajara
1433,GPT OSS 120B · 8 000 TPM,Filológicas - instrucciones,Regularización de labiales (b/v),aviendo,1,1,1,1,0.08582217645039479,False,aviendo,AGN_GralParte_v006_exp617_01,Rodrigo,agn_gralparte
1434,GPT OSS 120B · 8 000 TPM,Filológicas - instrucciones,Regularización de labiales (b/v),bais,1,1,1,1,0.08582217645039479,False,bais,AGN_Mercedes_v003_exp520,Alba,agn_mercedes
1435,GPT OSS 120B · 8 000 TPM,Filológicas - instrucciones,Regularización de labiales (b/v),bara,1,1,1,1,0.08582217645039479,False,bara,BnF_111_20,Flor,bnf_111
1436,GPT OSS 120B · 8 000 TPM,Filológicas - instrucciones,Regularización de labiales (b/v),basco,1,1,1,1,0.08582217645039479,False,Basco,BNE_ms3047_1,Rodrigo,bne_ms3047
1437,GPT OSS 120B · 8 000 TPM,Filológicas - instrucciones,Regularización de labiales (b/v),beinte,1,1,1,1,0.08582217645039479,False,beinte,BnF_113_22,Paloma,bnf_113
1438,GPT OSS 120B · 8 000 TPM,Filológicas - instrucciones,Regularización de labiales (b/v),bencido,1,1,1,1,0.08582217645039479,False,bencido,AGN_Mercedes_v003_exp520,Alba,agn_mercedes
1439,GPT OSS 120B · 8 000 TPM,Filológicas - instrucciones,Regularización de labiales (b/v),bendí,1,1,1,1,0.08582217645039479,False,bendí,BnF_112_23,Edna,bnf_112
1440,GPT OSS 120B · 8 000 TPM,Filológicas - instrucciones,Regularización de labiales (b/v),bengo,1,1,1,1,0.08582217645039479,False,bengo,BnF_112_23,Edna,bnf_112
1441,GPT OSS 120B · 8 000 TPM,Filológicas - instrucciones,Regularización de labiales (b/v),ber,1,1,1,1,0.08582217645039479,False,ber,BnF_112_23,Edna,bnf_112
1442,GPT OSS 120B · 8 000 TPM,Filológicas - instrucciones,Regularización de labiales (b/v),bestir,1,1,1,1,0.08582217645039479,False,bestir,BnF_111_20,Flor,bnf_111
1443,GPT OSS 120B · 8 000 TPM,Filológicas - instrucciones,Regularización de labiales (b/v),bian,1,1,1,1,0.08582217645039479,False,bian,BnF_111_20,Flor,bnf_111
1444,GPT OSS 120B · 8 000 TPM,Filológicas - instrucciones,Regularización de labiales (b/v),bibian,1,1,1,1,0.08582217645039479,False,bibian,BnF_111_20,Flor,bnf_111
1445,GPT OSS 120B · 8 000 TPM,Filológicas - instrucciones,Regularización de labiales (b/v),bibir,1,1,1,1,0.08582217645039479,False,bibir,BnF_112_04,Paloma,bnf_112
1446,GPT OSS 120B · 8 000 TPM,Filológicas - instrucciones,Regularización de labiales (b/v),bision,1,1,1,1,0.08582217645039479,False,bision,BnF_111_20,Flor,bnf_111
1447,GPT OSS 120B · 8 000 TPM,Filológicas - instrucciones,Regularización de labiales (b/v),bolbio,1,1,1,1,0.08582217645039479,False,bolbio,BnF_111_20,Flor,bnf_111
1448,GPT OSS 120B · 8 000 TPM,Filológicas - instrucciones,Regularización de labiales (b/v),cion,1,1,1,1,0.08582217645039479,False,cion,BnF_112_04,Paloma,bnf_112
1449,GPT OSS 120B · 8 000 TPM,Filológicas - instrucciones,Regularización de labiales (b/v),combenga,1,1,1,1,0.08582217645039479,False,combenga,AGN_Indios_v019_exp354_2,Alba,agn_indios
1450,GPT OSS 120B · 8 000 TPM,Filológicas - instrucciones,Regularización de labiales (b/v),dabila,1,1,1,1,0.08582217645039479,False,dabila,BnF_032_15,Flor,bnf_032
1451,GPT OSS 120B · 8 000 TPM,Filológicas - instrucciones,Regularización de labiales (b/v),escrivano,1,1,1,1,0.08582217645039479,False,escrivano,BnF_112_04,Paloma,bnf_112
1452,GPT OSS 120B · 8 000 TPM,Filológicas - instrucciones,Regularización de labiales (b/v),estubiere,1,1,1,1,0.08582217645039479,False,estubiere,AGN_IndiferenteVirreinal_caja4071_exp024_2,Paloma,agn_indiferentevirreinal
1453,GPT OSS 120B · 8 000 TPM,Filológicas - instrucciones,Regularización de labiales (b/v),governado,1,1,1,1,0.08582217645039479,False,governado,BnF_113_22,Paloma,bnf_113
1454,GPT OSS 120B · 8 000 TPM,Filológicas - instrucciones,Regularización de labiales (b/v),govierna,1,1,1,1,0.08582217645039479,False,govierna,BnF_113_22,Paloma,bnf_113
1455,GPT OSS 120B · 8 000 TPM,Filológicas - instrucciones,Regularización de labiales (b/v),haver,1,1,1,1,0.08582217645039479,False,haver,AGN_IndiferenteVirreinal_caja4071_exp024_2,Paloma,agn_indiferentevirreinal
1456,GPT OSS 120B · 8 000 TPM,Filológicas - instrucciones,Regularización de labiales (b/v),haya,1,1,1,1,0.08582217645039479,False,haya,AMP_AC_v021__doc026_1,Rodrigo,amp_ac
1457,GPT OSS 120B · 8 000 TPM,Filológicas - instrucciones,Regularización de labiales (b/v),lebanto,1,1,1,1,0.08582217645039479,False,lebanto,BnF_111_20,Flor,bnf_111
1458,GPT OSS 120B · 8 000 TPM,Filológicas - instrucciones,Regularización de labiales (b/v),llebaron,1,1,1,1,0.08582217645039479,False,llebaron,BnF_111_20,Flor,bnf_111
1459,GPT OSS 120B · 8 000 TPM,Filológicas - instrucciones,Regularización de labiales (b/v),nuebe,1,1,1,1,0.08582217645039479,False,nuebe,BnF_111_20,Flor,bnf_111
1460,GPT OSS 120B · 8 000 TPM,Filológicas - instrucciones,Regularización de labiales (b/v),nuebo,1,1,1,1,0.08582217645039479,False,nuebo,AGI_PATRONATO_182_R3_04,Paco,agi_patronato
1461,GPT OSS 120B · 8 000 TPM,Filológicas - instrucciones,Regularización de labiales (b/v),probision,1,1,1,1,0.08582217645039479,False,probision,BnF_111_20,Flor,bnf_111
1462,GPT OSS 120B · 8 000 TPM,Filológicas - instrucciones,Regularización de labiales (b/v),reboco,1,1,1,1,0.08582217645039479,False,reboco,BnF_112_04,Paloma,bnf_112
1463,GPT OSS 120B · 8 000 TPM,Filológicas - instrucciones,Regularización de labiales (b/v),salbador,1,1,1,1,0.08582217645039479,False,salbador,AGI_CONTRATACION_1183_N8_78,Adriana,agi_contratacion
1464,GPT OSS 120B · 8 000 TPM,Filológicas - instrucciones,Regularización de labiales (b/v),saven,1,1,1,1,0.08582217645039479,False,saven,BnF_112_23,Edna,bnf_112
1465,GPT OSS 120B · 8 000 TPM,Filológicas - instrucciones,Regularización de labiales (b/v),travajo,1,1,1,1,0.08582217645039479,False,travajo,AGN_Indios_v019_exp354_2,Alba,agn_indios
1466,GPT OSS 120B · 8 000 TPM,Filológicas - instrucciones,Regularización de labiales (b/v),tubieredes,1,1,1,1,0.08582217645039479,False,tubieredes,AGN_Mercedes_v003_exp520,Alba,agn_mercedes
1467,GPT OSS 120B · 8 000 TPM,Filológicas - instrucciones,Regularización de labiales (b/v),tubieron,1,1,1,1,0.08582217645039479,False,tubieron,BnF_111_20,Flor,bnf_111
1468,GPT OSS 120B · 8 000 TPM,Filológicas - instrucciones,Regularización de labiales (b/v),ubiere,1,1,1,1,0.08582217645039479,False,ubiere,AGN_IndiferenteVirreinal_caja4071_exp024_2,Paloma,agn_indiferentevirreinal
1469,GPT OSS 120B · 8 000 TPM,Filológicas - instrucciones,Regularización de labiales (b/v),vno,1,1,1,1,0.08582217645039479,False,vno,BnF_113_22,Paloma,bnf_113
1470,GPT OSS 120B · 8 000 TPM,Filológicas - instrucciones,Regularización de labiales (b/v),ymboca,1,1,1,1,0.08582217645039479,False,ymboca,BnF_112_04,Paloma,bnf_112
1471,GPT OSS 120B · 8 000 TPM,Filológicas - instrucciones,Regularización de labiales (b/v),yra,1,1,1,1,0.08582217645039479,False,yra,BnF_112_04,Paloma,bnf_112
1472,GPT OSS 120B · 8 000 TPM,Filológicas - instrucciones,x sibilante → j,callexa,1,1,1,1,0.08582217645039479,False,callexa,AGI_CONTRATACION_1183_N8_78,Adriana,agi_contratacion
1473,GPT OSS 120B · 8 000 TPM,Filológicas - instrucciones,x sibilante → j,cocer,1,1,1,1,0.08582217645039479,False,cocer,BnF_075_014,Alba,bnf_075
1474,GPT OSS 120B · 8 000 TPM,Filológicas - instrucciones,x sibilante → j,consexos,1,1,1,1,0.08582217645039479,False,Consexos,AGS_CE_RG_L379_01,Javier,ags_ce
1475,GPT OSS 120B · 8 000 TPM,Filológicas - instrucciones,x sibilante → j,correximiento,1,1,1,1,0.08582217645039479,False,correximiento,AGN_RealesCedDup_v030_exp874,Alba,agn_realesceddup
1476,GPT OSS 120B · 8 000 TPM,Filológicas - instrucciones,x sibilante → j,dexado,1,1,1,1,0.08582217645039479,False,dexado,BnF_112_02,Arturo,bnf_112
1477,GPT OSS 120B · 8 000 TPM,Filológicas - instrucciones,x sibilante → j,dho,1,1,1,1,0.08582217645039479,False,dho,BnF_111_20,Flor,bnf_111
1478,GPT OSS 120B · 8 000 TPM,Filológicas - instrucciones,x sibilante → j,dixere,1,1,1,1,0.08582217645039479,False,dixere,BnF_112_04,Paloma,bnf_112
1479,GPT OSS 120B · 8 000 TPM,Filológicas - instrucciones,x sibilante → j,dixeron,1,1,1,1,0.08582217645039479,False,dixeron,BnF_111_20,Flor,bnf_111
1480,GPT OSS 120B · 8 000 TPM,Filológicas - instrucciones,x sibilante → j,granxerias,1,1,1,1,0.08582217645039479,False,granxerias,AGN_Mercedes_v003_exp520,Alba,agn_mercedes
1481,GPT OSS 120B · 8 000 TPM,Filológicas - instrucciones,x sibilante → j,oxo,1,1,1,1,0.08582217645039479,False,oxo,AGI_CONTRATACION_1183_N8_78,Adriana,agi_contratacion
1482,GPT OSS 120B · 8 000 TPM,Filológicas - instrucciones,x sibilante → j,para,1,1,1,1,0.08582217645039479,False,para,AGS_CE_RG_L379_01,Javier,ags_ce
1483,GPT OSS 120B · 8 000 TPM,Filológicas - instrucciones,x sibilante → j,q,1,1,1,1,0.08582217645039479,False,q,BnF_113_22,Paloma,bnf_113
1484,GPT OSS 120B · 8 000 TPM,Filológicas - instrucciones,x sibilante → j,q dixo,1,1,1,1,0.08582217645039479,False,q dixo,BnF_113_22,Paloma,bnf_113
1485,GPT OSS 120B · 8 000 TPM,Filológicas - instrucciones,x sibilante → j,qxar,1,1,1,1,0.08582217645039479,False,qxar,BnF_111_20,Flor,bnf_111
1486,GPT OSS 120B · 8 000 TPM,Filológicas - instrucciones,x sibilante → j,retiró,1,1,1,1,0.08582217645039479,False,retiró,BnF_075_014,Alba,bnf_075
1487,GPT OSS 120B · 8 000 TPM,Filológicas - instrucciones,x sibilante → j,rexor,1,1,1,1,0.08582217645039479,False,Rexor,AGS_CE_RG_L379_01,Javier,ags_ce
1488,GPT OSS 120B · 8 000 TPM,Filológicas - instrucciones,x sibilante → j,traxese,1,1,1,1,0.08582217645039479,False,traxese,BnF_111_20,Flor,bnf_111
1489,GPT OSS 120B · 8 000 TPM,Filológicas - instrucciones,x sibilante → j,xoares,1,1,1,1,0.08582217645039479,False,xoares,BnF_113_22,Paloma,bnf_113
1490,GPT OSS 120B · 8 000 TPM,Filológicas - instrucciones,x sibilante → j,xúarez,1,1,1,1,0.08582217645039479,False,Xúarez,AGI_INDIFERENTE_2065_N45_09,Rodrigo,agi_indiferente
1491,GPT OSS 120B · 8 000 TPM,Filológicas - mecánicas,Adecuación de grafía labiovelar,adqrida,1,1,1,1,0.08582217645039479,False,adqrida,AGN_Mercedes_v003_exp520,Alba,agn_mercedes
1492,GPT OSS 120B · 8 000 TPM,Filológicas - mecánicas,Adecuación de grafía labiovelar,quenta,1,1,1,1,0.08582217645039479,False,quenta,AGN_GralParte_v006_exp617_01,Rodrigo,agn_gralparte
1493,GPT OSS 120B · 8 000 TPM,Filológicas - mecánicas,E protética,esr,1,1,1,1,0.08582217645039479,False,esr,AGN_Indios_v019_exp354_2,Alba,agn_indios
1494,GPT OSS 120B · 8 000 TPM,Filológicas - mecánicas,No sub-rule assigned,alguaziles,1,1,1,1,0.08582217645039479,False,alguaziles,BnF_112_25,Paco,bnf_112
1495,GPT OSS 120B · 8 000 TPM,Filológicas - mecánicas,No sub-rule assigned,myll,1,1,1,1,0.08582217645039479,False,myll,BnF_113_04,Paco,bnf_113
1496,GPT OSS 120B · 8 000 TPM,Filológicas - mecánicas,No sub-rule assigned,parescio,1,1,1,1,0.08582217645039479,False,parescio,BnF_112_23,Edna,bnf_112
1497,GPT OSS 120B · 8 000 TPM,Filológicas - mecánicas,No sub-rule assigned,primcipal,1,1,1,1,0.08582217645039479,False,primcipal,AGI_CONTRATACION_1183_N8_78,Adriana,agi_contratacion
1498,GPT OSS 120B · 8 000 TPM,Filológicas - mecánicas,No sub-rule assigned,virey,1,1,1,1,0.08582217645039479,False,viRey,AMP_AC_v021__doc026_1,Rodrigo,amp_ac
1499,GPT OSS 120B · 8 000 TPM,Filológicas - mecánicas,Regularización de la diéresis,aguero,1,1,1,1,0.08582217645039479,False,aguero,BnF_112_02,Arturo,bnf_112
1500,GPT OSS 120B · 8 000 TPM,Filológicas - mecánicas,Regularización de la diéresis,siguenga,1,1,1,1,0.08582217645039479,False,Siguenga,AGN_RealesCedDup_v050_exp062,Paloma,agn_realesceddup
1501,GPT OSS 120B · 8 000 TPM,Filológicas - mecánicas,Regularización de nasales ante labial,con,1,1,1,1,0.08582217645039479,False,con,AGI_GUADALAJARA_230_L2_F_45V-46V_2,Adriana,agi_guadalajara
1502,GPT OSS 120B · 8 000 TPM,Filológicas - mecánicas,Regularización de nasales ante labial,embiar,1,1,1,1,0.08582217645039479,False,embiar,AGN_IndiferenteVirreinal_caja4071_exp024_2,Paloma,agn_indiferentevirreinal
1503,GPT OSS 120B · 8 000 TPM,Filológicas - mecánicas,Regularización de nasales ante labial,per,1,1,1,1,0.08582217645039479,False,per,AGN_Mercedes_v003_exp520,Alba,agn_mercedes
1504,GPT OSS 120B · 8 000 TPM,Filológicas - mecánicas,Regularización de nasales ante labial,postela,1,1,1,1,0.08582217645039479,False,postela,AGI_GUADALAJARA_230_L2_F_45V-46V_2,Adriana,agi_guadalajara
1505,GPT OSS 120B · 8 000 TPM,Filológicas - mecánicas,Regularización de nasales ante labial,ron,1,1,1,1,0.08582217645039479,False,ron,AGN_Mercedes_v003_exp520,Alba,agn_mercedes
1506,GPT OSS 120B · 8 000 TPM,Filológicas - mecánicas,Regularización de sibilantes,56@,1,1,1,1,0.08582217645039479,False,56@,BNE_ms3047_1,Rodrigo,bne_ms3047
1507,GPT OSS 120B · 8 000 TPM,Filológicas - mecánicas,Regularización de sibilantes,alguaziles,1,1,1,1,0.08582217645039479,False,alguaziles,BnF_111_20,Flor,bnf_111
1508,GPT OSS 120B · 8 000 TPM,Filológicas - mecánicas,Regularización de sibilantes,asules,1,1,1,1,0.08582217645039479,False,asules,AGI_CONTRATACION_1183_N8_78,Adriana,agi_contratacion
1509,GPT OSS 120B · 8 000 TPM,Filológicas - mecánicas,Regularización de sibilantes,avizado,1,1,1,1,0.08582217645039479,False,avizado,AGI_GUADALAJARA_230_L2_F_45V-46V_1,Edna,agi_guadalajara
1510,GPT OSS 120B · 8 000 TPM,Filológicas - mecánicas,Regularización de sibilantes,azegura,1,1,1,1,0.08582217645039479,False,azegura,BnF_112_02,Arturo,bnf_112
1511,GPT OSS 120B · 8 000 TPM,Filológicas - mecánicas,Regularización de sibilantes,billanueba,1,1,1,1,0.08582217645039479,False,billanueba,AGI_PATRONATO_182_R3_04,Paco,agi_patronato
1512,GPT OSS 120B · 8 000 TPM,Filológicas - mecánicas,Regularización de sibilantes,cabezeras,1,1,1,1,0.08582217645039479,False,cabezeras,AGI_PATRONATO_181_R13_1,Paloma,agi_patronato
1513,GPT OSS 120B · 8 000 TPM,Filológicas - mecánicas,Regularización de sibilantes,conoscio,1,1,1,1,0.08582217645039479,False,conoscio,BnF_111_20,Flor,bnf_111
1514,GPT OSS 120B · 8 000 TPM,Filológicas - mecánicas,Regularización de sibilantes,conosco,1,1,1,1,0.08582217645039479,False,Conosco,AGN_RealesCedDup_v050_exp062,Paloma,agn_realesceddup
1515,GPT OSS 120B · 8 000 TPM,Filológicas - mecánicas,Regularización de sibilantes,conozida,1,1,1,1,0.08582217645039479,False,conozida,AGI_CONTRATACION_1183_N8_78,Adriana,agi_contratacion
1516,GPT OSS 120B · 8 000 TPM,Filológicas - mecánicas,Regularización de sibilantes,d[ic]ho,1,1,1,1,0.08582217645039479,False,d[ic]ho,AGN_RealesCedDup_v050_exp062,Paloma,agn_realesceddup
1517,GPT OSS 120B · 8 000 TPM,Filológicas - mecánicas,Regularización de sibilantes,dezia,1,1,1,1,0.08582217645039479,False,dezia,BnF_112_23,Edna,bnf_112
1518,GPT OSS 120B · 8 000 TPM,Filológicas - mecánicas,Regularización de sibilantes,dezian,1,1,1,1,0.08582217645039479,False,dezian,BnF_111_20,Flor,bnf_111
1519,GPT OSS 120B · 8 000 TPM,Filológicas - mecánicas,Regularización de sibilantes,dispusision,1,1,1,1,0.08582217645039479,False,dispusision,BnF_112_02,Arturo,bnf_112
1520,GPT OSS 120B · 8 000 TPM,Filológicas - mecánicas,Regularización de sibilantes,diziendo,1,1,1,1,0.08582217645039479,False,diziendo,BnF_112_02,Arturo,bnf_112
1521,GPT OSS 120B · 8 000 TPM,Filológicas - mecánicas,Regularización de sibilantes,dy,1,1,1,1,0.08582217645039479,False,dy,BnF_113_22,Paloma,bnf_113
1522,GPT OSS 120B · 8 000 TPM,Filológicas - mecánicas,Regularización de sibilantes,enseñansa,1,1,1,1,0.08582217645039479,False,enseñansa,BNE_ms3047_1,Rodrigo,bne_ms3047
1523,GPT OSS 120B · 8 000 TPM,Filológicas - mecánicas,Regularización de sibilantes,es,1,1,1,1,0.08582217645039479,False,es,AGI_PATRONATO_182_R3_04,Paco,agi_patronato
1524,GPT OSS 120B · 8 000 TPM,Filológicas - mecánicas,Regularización de sibilantes,españa,1,1,1,1,0.08582217645039479,False,España,AGI_PATRONATO_182_R3_04,Paco,agi_patronato
1525,GPT OSS 120B · 8 000 TPM,Filológicas - mecánicas,Regularización de sibilantes,estan,1,1,1,1,0.08582217645039479,False,estan,BnF_113_22,Paloma,bnf_113
1526,GPT OSS 120B · 8 000 TPM,Filológicas - mecánicas,Regularización de sibilantes,fallescido,1,1,1,1,0.08582217645039479,False,fallescido,BnF_112_02,Arturo,bnf_112
1527,GPT OSS 120B · 8 000 TPM,Filológicas - mecánicas,Regularización de sibilantes,galizia,1,1,1,1,0.08582217645039479,False,galizia,AGI_PATRONATO_182_R3_04,Paco,agi_patronato
1528,GPT OSS 120B · 8 000 TPM,Filológicas - mecánicas,Regularización de sibilantes,guazil,1,1,1,1,0.08582217645039479,False,guazil,BnF_111_20,Flor,bnf_111
1529,GPT OSS 120B · 8 000 TPM,Filológicas - mecánicas,Regularización de sibilantes,hazido,1,1,1,1,0.08582217645039479,False,hazido,AGN_GralParte_v006_exp617_01,Rodrigo,agn_gralparte
1530,GPT OSS 120B · 8 000 TPM,Filológicas - mecánicas,Regularización de sibilantes,hernandes,1,1,1,1,0.08582217645039479,False,hernandes,BnF_113_22,Paloma,bnf_113
1531,GPT OSS 120B · 8 000 TPM,Filológicas - mecánicas,Regularización de sibilantes,hiziese,1,1,1,1,0.08582217645039479,False,hiziese,AGI_GUADALAJARA_230_L2_F_45V-46V_1,Edna,agi_guadalajara
1532,GPT OSS 120B · 8 000 TPM,Filológicas - mecánicas,Regularización de sibilantes,iglecia,1,1,1,1,0.08582217645039479,False,Iglecia,BNE_ms3047_1,Rodrigo,bne_ms3047
1533,GPT OSS 120B · 8 000 TPM,Filológicas - mecánicas,Regularización de sibilantes,jasso,1,1,1,1,0.08582217645039479,False,Jasso,AGN_RealesCedDup_v030_exp874,Alba,agn_realesceddup
1534,GPT OSS 120B · 8 000 TPM,Filológicas - mecánicas,Regularización de sibilantes,jusgado,1,1,1,1,0.08582217645039479,False,jusgado,AGN_RealesCedDup_v050_exp062,Paloma,agn_realesceddup
1535,GPT OSS 120B · 8 000 TPM,Filológicas - mecánicas,Regularización de sibilantes,mendoca,1,1,1,1,0.08582217645039479,False,Mendoca,AGN_Indios_v002_exp835,Paloma,agn_indios
1536,GPT OSS 120B · 8 000 TPM,Filológicas - mecánicas,Regularización de sibilantes,ocupazion,1,1,1,1,0.08582217645039479,False,ocupazion,AGN_RealesCedDup_v030_exp874,Alba,agn_realesceddup
1537,GPT OSS 120B · 8 000 TPM,Filológicas - mecánicas,Regularización de sibilantes,onze,1,1,1,1,0.08582217645039479,False,onze,BnF_113_22,Paloma,bnf_113
1538,GPT OSS 120B · 8 000 TPM,Filológicas - mecánicas,Regularización de sibilantes,paña,1,1,1,1,0.08582217645039479,False,paña,AGI_PATRONATO_182_R3_04,Paco,agi_patronato
1539,GPT OSS 120B · 8 000 TPM,Filológicas - mecánicas,Regularización de sibilantes,per,1,1,1,1,0.08582217645039479,False,per,BnF_112_04,Paloma,bnf_112
1540,GPT OSS 120B · 8 000 TPM,Filológicas - mecánicas,Regularización de sibilantes,pertenescen,1,1,1,1,0.08582217645039479,False,pertenescen,AGN_GralParte_v006_exp617_01,Rodrigo,agn_gralparte
1541,GPT OSS 120B · 8 000 TPM,Filológicas - mecánicas,Regularización de sibilantes,prezen,1,1,1,1,0.08582217645039479,False,prezen,BnF_113_22,Paloma,bnf_113
1542,GPT OSS 120B · 8 000 TPM,Filológicas - mecánicas,Regularización de sibilantes,raconable,1,1,1,1,0.08582217645039479,False,raconable,BNE_ms3047_4,Javier,bne_ms3047
1543,GPT OSS 120B · 8 000 TPM,Filológicas - mecánicas,Regularización de sibilantes,rescebi,1,1,1,1,0.08582217645039479,False,rescebi,BnF_112_23,Edna,bnf_112
1544,GPT OSS 120B · 8 000 TPM,Filológicas - mecánicas,Regularización de sibilantes,rescybiese,1,1,1,1,0.08582217645039479,False,rescybiese,BnF_112_02,Arturo,bnf_112
1545,GPT OSS 120B · 8 000 TPM,Filológicas - mecánicas,Regularización de sibilantes,sias,1,1,1,1,0.08582217645039479,False,sias,BnF_113_22,Paloma,bnf_113
1546,GPT OSS 120B · 8 000 TPM,Filológicas - mecánicas,Regularización de sibilantes,siguenga,1,1,1,1,0.08582217645039479,False,Siguenga,AGN_RealesCedDup_v050_exp062,Paloma,agn_realesceddup
1547,GPT OSS 120B · 8 000 TPM,Filológicas - mecánicas,Regularización de sibilantes,suacion,1,1,1,1,0.08582217645039479,False,suacion,BnF_112_04,Paloma,bnf_112
1548,GPT OSS 120B · 8 000 TPM,Filológicas - mecánicas,Regularización de sibilantes,taron,1,1,1,1,0.08582217645039479,False,taron,BnF_113_22,Paloma,bnf_113
1549,GPT OSS 120B · 8 000 TPM,Filológicas - mecánicas,Regularización de sibilantes,treze,1,1,1,1,0.08582217645039479,False,treze,AGI_CONTRATACION_1183_N8_78,Adriana,agi_contratacion
1550,GPT OSS 120B · 8 000 TPM,Filológicas - mecánicas,Regularización de sibilantes,zen,1,1,1,1,0.08582217645039479,False,zen,BnF_113_22,Paloma,bnf_113
1551,GPT OSS 120B · 8 000 TPM,Filológicas - mecánicas,Regularización de vibrantes,iglecia,1,1,1,1,0.08582217645039479,False,Iglecia,BNE_ms3047_4,Javier,bne_ms3047
1552,GPT OSS 120B · 8 000 TPM,Filológicas - mecánicas,Regularización de vibrantes,riendo,1,1,1,1,0.08582217645039479,False,riendo,AGI_PATRONATO_182_R3_01,Alba,agi_patronato
1553,GPT OSS 120B · 8 000 TPM,Filológicas - mecánicas,Simplificación de grupos consonánticos,dha,1,1,1,1,0.08582217645039479,False,dha,AGN_RealesCedDup_v050_exp062,Paloma,agn_realesceddup
1554,GPT OSS 120B · 8 000 TPM,Filológicas - mecánicas,Simplificación de grupos consonánticos,franco,1,1,1,1,0.08582217645039479,False,Franco,AGN_IndiferenteVirreinal_caja4071_exp024_2,Paloma,agn_indiferentevirreinal
1555,GPT OSS 120B · 8 000 TPM,Filológicas - mecánicas,Simplificación de grupos consonánticos,jullio,1,1,1,1,0.08582217645039479,False,Jullio,AGN_AHHacienda_v268_exp046_01,Adriana,agn_ahhacienda
1556,GPT OSS 120B · 8 000 TPM,Filológicas - mecánicas,Simplificación de grupos consonánticos,mathias,1,1,1,1,0.08582217645039479,False,Mathias,AGN_IndiferenteVirreinal_caja4071_exp024_2,Paloma,agn_indiferentevirreinal
1557,GPT OSS 120B · 8 000 TPM,Filológicas - mecánicas,Simplificación de grupos consonánticos,phelipe,1,1,1,1,0.08582217645039479,False,phelipe,BNE_ms3047_4,Javier,bne_ms3047
1558,GPT OSS 120B · 8 000 TPM,Filológicas - mecánicas,Simplificación de grupos consonánticos,prestes,1,1,1,1,0.08582217645039479,False,prestes,AGN_IndiferenteVirreinal_caja4071_exp024_2,Paloma,agn_indiferentevirreinal
1559,GPT OSS 120B · 8 000 TPM,Filológicas - mecánicas,Simplificación de grupos consonánticos,ron,1,1,1,1,0.08582217645039479,False,Ron ,AGN_RealesCedDup_v050_exp062,Paloma,agn_realesceddup
1560,GPT OSS 120B · 8 000 TPM,Filológicas - mecánicas,Simplificación de grupos consonánticos,sethe,1,1,1,1,0.08582217645039479,False,sethe,AGN_AHHacienda_v1292_exp135,Javier,agn_ahhacienda
1561,GPT OSS 120B · 8 000 TPM,Filológicas - mecánicas,Simplificación de grupos consonánticos,yy,1,1,1,1,0.08582217645039479,False,Yy,AGN_RealesCedDup_v050_exp062,Paloma,agn_realesceddup
1562,GPT OSS 120B · 8 000 TPM,Puntuación,"Coma (,)",administador,1,1,1,1,0.08582217645039479,False,administador,AGN_GralParte_v006_exp617_01,Rodrigo,agn_gralparte
1563,GPT OSS 120B · 8 000 TPM,Puntuación,"Coma (,)",alonso,1,1,1,1,0.08582217645039479,False,Alonso,AMP_AC_v021__doc026_1,Rodrigo,amp_ac
1564,GPT OSS 120B · 8 000 TPM,Puntuación,"Coma (,)",ba,1,1,1,1,0.08582217645039479,False,ba,BnF_112_23,Edna,bnf_112
1565,GPT OSS 120B · 8 000 TPM,Puntuación,"Coma (,)",bizcocho,1,1,1,1,0.08582217645039479,False,bizcocho,AMP_AC_v021__doc026_1,Rodrigo,amp_ac
1566,GPT OSS 120B · 8 000 TPM,Puntuación,"Coma (,)",cabildo paso,1,1,1,1,0.08582217645039479,False,cabildo Paso,AMP_AC_v021__doc026_1,Rodrigo,amp_ac
1567,GPT OSS 120B · 8 000 TPM,Puntuación,"Coma (,)",castilla,1,1,1,1,0.08582217645039479,False,castilla,AGN_GralParte_v006_exp617_01,Rodrigo,agn_gralparte
1568,GPT OSS 120B · 8 000 TPM,Puntuación,"Coma (,)",de enero de mil y,1,1,1,1,0.08582217645039479,False,de enero de mil y,AGN_Tierras_v039-2_exp003_72,Edna,agn_tierras
1569,GPT OSS 120B · 8 000 TPM,Puntuación,"Coma (,)",del con,1,1,1,1,0.08582217645039479,False,del con,BNE_ms3047_1,Rodrigo,bne_ms3047
1570,GPT OSS 120B · 8 000 TPM,Puntuación,"Coma (,)",desde luego,1,1,1,1,0.08582217645039479,False,desde luego,AGN_Marina_v004_exp006_005,Edna,agn_marina
1571,GPT OSS 120B · 8 000 TPM,Puntuación,"Coma (,)",dife,1,1,1,1,0.08582217645039479,False,dife,BnF_112_23,Edna,bnf_112
1572,GPT OSS 120B · 8 000 TPM,Puntuación,"Coma (,)",dilación al,1,1,1,1,0.08582217645039479,False,dilación al,AGN_Marina_v004_exp006_005,Edna,agn_marina
1573,GPT OSS 120B · 8 000 TPM,Puntuación,"Coma (,)",escribano,1,1,1,1,0.08582217645039479,False,escribano,AMP_AC_v021__doc026_1,Rodrigo,amp_ac
1574,GPT OSS 120B · 8 000 TPM,Puntuación,"Coma (,)","fábrica, hay",1,1,1,1,0.08582217645039479,False,"fábrica, hay",BNE_ms3047_1,Rodrigo,bne_ms3047
1575,GPT OSS 120B · 8 000 TPM,Puntuación,"Coma (,)",fábrica. y,1,1,1,1,0.08582217645039479,False,fábrica. y,BNE_ms3047_1,Rodrigo,bne_ms3047
1576,GPT OSS 120B · 8 000 TPM,Puntuación,"Coma (,)","gobernador. prendieron,",1,1,1,1,0.08582217645039479,False,"gobernador. prendieron,",BnF_116_02,Paco,bnf_116
1577,GPT OSS 120B · 8 000 TPM,Puntuación,"Coma (,)",inquisición. y,1,1,1,1,0.08582217645039479,False,inquisición. y,BNE_ms3047_1,Rodrigo,bne_ms3047
1578,GPT OSS 120B · 8 000 TPM,Puntuación,"Coma (,)","llama,",1,1,1,1,0.08582217645039479,False,"llama,",BnF_112_02,Arturo,bnf_112
1579,GPT OSS 120B · 8 000 TPM,Puntuación,"Coma (,)",lunes primer,1,1,1,1,0.08582217645039479,False,Lunes primer,BnF_030_21,Edna,bnf_030
1580,GPT OSS 120B · 8 000 TPM,Puntuación,"Coma (,)","maíz, formase",1,1,1,1,0.08582217645039479,False,"maíz, formase",BNE_ms3047_1,Rodrigo,bne_ms3047
1581,GPT OSS 120B · 8 000 TPM,Puntuación,"Coma (,)",mendosa,1,1,1,1,0.08582217645039479,False,mendosa,AMP_AC_v021__doc026_1,Rodrigo,amp_ac
1582,GPT OSS 120B · 8 000 TPM,Puntuación,"Coma (,)",mendoza alcalde,1,1,1,1,0.08582217645039479,False,mendoza alcalde,BnF_112_23,Edna,bnf_112
1583,GPT OSS 120B · 8 000 TPM,Puntuación,"Coma (,)",mio y,1,1,1,1,0.08582217645039479,False,mio y,BnF_112_23,Edna,bnf_112
1584,GPT OSS 120B · 8 000 TPM,Puntuación,"Coma (,)",muger maria,1,1,1,1,0.08582217645039479,False,muger maria,BnF_112_23,Edna,bnf_112
1585,GPT OSS 120B · 8 000 TPM,Puntuación,"Coma (,)",natural,1,1,1,1,0.08582217645039479,False,natural,BnF_112_23,Edna,bnf_112
1586,GPT OSS 120B · 8 000 TPM,Puntuación,"Coma (,)",nez,1,1,1,1,0.08582217645039479,False,nez,AGI_CONTRATACION_1183_N8_78,Adriana,agi_contratacion
1587,GPT OSS 120B · 8 000 TPM,Puntuación,"Coma (,)",padre gaspar,1,1,1,1,0.08582217645039479,False,padre gaspar,BnF_112_23,Edna,bnf_112
1588,GPT OSS 120B · 8 000 TPM,Puntuación,"Coma (,)",patino,1,1,1,1,0.08582217645039479,False,Patino,AMP_AC_v021__doc026_1,Rodrigo,amp_ac
1589,GPT OSS 120B · 8 000 TPM,Puntuación,"Coma (,)",pedro,1,1,1,1,0.08582217645039479,False,pedro,AGI_CONTRATACION_1183_N8_78,Adriana,agi_contratacion
1590,GPT OSS 120B · 8 000 TPM,Puntuación,"Coma (,)",pedro nariz,1,1,1,1,0.08582217645039479,False,pedro nariz,AGI_CONTRATACION_1183_N8_78,Adriana,agi_contratacion
1591,GPT OSS 120B · 8 000 TPM,Puntuación,"Coma (,)",queso,1,1,1,1,0.08582217645039479,False,queso,AMP_AC_v021__doc026_1,Rodrigo,amp_ac
1592,GPT OSS 120B · 8 000 TPM,Puntuación,"Coma (,)",quiroga primer,1,1,1,1,0.08582217645039479,False,Quiroga primer,BNE_ms3047_1,Rodrigo,bne_ms3047
1593,GPT OSS 120B · 8 000 TPM,Puntuación,"Coma (,)",reales. en,1,1,1,1,0.08582217645039479,False,reales. en,BNE_ms3047_1,Rodrigo,bne_ms3047
1594,GPT OSS 120B · 8 000 TPM,Puntuación,"Coma (,)",rente y,1,1,1,1,0.08582217645039479,False,rente y,BnF_112_23,Edna,bnf_112
1595,GPT OSS 120B · 8 000 TPM,Puntuación,"Coma (,)",rio,1,1,1,1,0.08582217645039479,False,rio,BnF_112_23,Edna,bnf_112
1596,GPT OSS 120B · 8 000 TPM,Puntuación,"Coma (,)",santiago,1,1,1,1,0.08582217645039479,False,santiago,BnF_112_23,Edna,bnf_112
1597,GPT OSS 120B · 8 000 TPM,Puntuación,"Coma (,)","semejantes, estaciones",1,1,1,1,0.08582217645039479,False,"semejantes, estaciones",BnF_116_02,Paco,bnf_116
1598,GPT OSS 120B · 8 000 TPM,Puntuación,"Coma (,)",teremendo: guaniqueo: puruandiro: comanja: tirindaro: huirama,1,1,1,1,0.08582217645039479,False,teremendo: guaniqueo: puruandiro: comanJa: tirindaro: huirama,BNE_ms3047_1,Rodrigo,bne_ms3047
1599,GPT OSS 120B · 8 000 TPM,Puntuación,"Coma (,)",tlacochcalco cuatro,1,1,1,1,0.08582217645039479,False,Tlacochcalco cuatro,BnF_030_21,Edna,bnf_030
1600,GPT OSS 120B · 8 000 TPM,Puntuación,"Coma (,)",visto por,1,1,1,1,0.08582217645039479,False,visto Por,AGN_GralParte_v006_exp617_01,Rodrigo,agn_gralparte
1601,GPT OSS 120B · 8 000 TPM,Puntuación,"Coma (,)",yaotl toribio,1,1,1,1,0.08582217645039479,False,yaotl toribio,BnF_030_21,Edna,bnf_030
1602,GPT OSS 120B · 8 000 TPM,Puntuación,"Coma (,)",yaual diego,1,1,1,1,0.08582217645039479,False,yaual diego,BnF_030_21,Edna,bnf_030
1603,GPT OSS 120B · 8 000 TPM,Puntuación,No sub-rule assigned,.6.,1,1,1,1,0.08582217645039479,False,.6.,BNE_ms3047_1,Rodrigo,bne_ms3047
1604,GPT OSS 120B · 8 000 TPM,Puntuación,No sub-rule assigned,350.,1,1,1,1,0.08582217645039479,False,350.,BNE_ms3047_1,Rodrigo,bne_ms3047
1605,GPT OSS 120B · 8 000 TPM,Puntuación,No sub-rule assigned,borracheras sacrificios,1,1,1,1,0.08582217645039479,False,borracheras Sacrificios,AGN_Indios_v009_exp003_fs4v-5_01,Arturo,agn_indios
1606,GPT OSS 120B · 8 000 TPM,Puntuación,No sub-rule assigned,caravajal,1,1,1,1,0.08582217645039479,False,caravajal,BnF_112_02,Arturo,bnf_112
1607,GPT OSS 120B · 8 000 TPM,Puntuación,No sub-rule assigned,caravajal y,1,1,1,1,0.08582217645039479,False,caravajal y,BnF_112_02,Arturo,bnf_112
1608,GPT OSS 120B · 8 000 TPM,Puntuación,No sub-rule assigned,castigando,1,1,1,1,0.08582217645039479,False,castigando,AGN_Indios_v009_exp003_fs4v-5_01,Arturo,agn_indios
1609,GPT OSS 120B · 8 000 TPM,Puntuación,No sub-rule assigned,chiapa por,1,1,1,1,0.08582217645039479,False,Chiapa por,AGN_Indios_v009_exp003_fs4v-5_01,Arturo,agn_indios
1610,GPT OSS 120B · 8 000 TPM,Puntuación,No sub-rule assigned,"ciertos, indios",1,1,1,1,0.08582217645039479,False,"ciertos, indios",BnF_116_02,Paco,bnf_116
1611,GPT OSS 120B · 8 000 TPM,Puntuación,No sub-rule assigned,colegio -,1,1,1,1,0.08582217645039479,False,colegio -,BnF_112_02,Arturo,bnf_112
1612,GPT OSS 120B · 8 000 TPM,Puntuación,No sub-rule assigned,con.,1,1,1,1,0.08582217645039479,False,con.,BNE_ms3047_1,Rodrigo,bne_ms3047
1613,GPT OSS 120B · 8 000 TPM,Puntuación,No sub-rule assigned,de.,1,1,1,1,0.08582217645039479,False,de.,BNE_ms3047_1,Rodrigo,bne_ms3047
1614,GPT OSS 120B · 8 000 TPM,Puntuación,No sub-rule assigned,del me,1,1,1,1,0.08582217645039479,False,del me,AGN_Indios_v009_exp003_fs4v-5_01,Arturo,agn_indios
1615,GPT OSS 120B · 8 000 TPM,Puntuación,No sub-rule assigned,del pueblo,1,1,1,1,0.08582217645039479,False,del pueblo,AGN_Indios_v009_exp003_fs4v-5_01,Arturo,agn_indios
1616,GPT OSS 120B · 8 000 TPM,Puntuación,No sub-rule assigned,diziendo,1,1,1,1,0.08582217645039479,False,diziendo,BnF_112_02,Arturo,bnf_112
1617,GPT OSS 120B · 8 000 TPM,Puntuación,No sub-rule assigned,días tiempos,1,1,1,1,0.08582217645039479,False,días tiempos,AGN_Indios_v009_exp003_fs4v-5_01,Arturo,agn_indios
1618,GPT OSS 120B · 8 000 TPM,Puntuación,No sub-rule assigned,el,1,1,1,1,0.08582217645039479,False,el,AGN_Indios_v009_exp003_fs4v-5_01,Arturo,agn_indios
1619,GPT OSS 120B · 8 000 TPM,Puntuación,No sub-rule assigned,en,1,1,1,1,0.08582217645039479,False,en,BnF_112_02,Arturo,bnf_112
1620,GPT OSS 120B · 8 000 TPM,Puntuación,No sub-rule assigned,gobernador,1,1,1,1,0.08582217645039479,False,gobernador,BnF_112_02,Arturo,bnf_112
1621,GPT OSS 120B · 8 000 TPM,Puntuación,No sub-rule assigned,hoy. 6. racioneros,1,1,1,1,0.08582217645039479,False,hoy. 6. racioneros,BNE_ms3047_1,Rodrigo,bne_ms3047
1622,GPT OSS 120B · 8 000 TPM,Puntuación,No sub-rule assigned,juez,1,1,1,1,0.08582217645039479,False,Juez,BnF_112_02,Arturo,bnf_112
1623,GPT OSS 120B · 8 000 TPM,Puntuación,No sub-rule assigned,lugar por,1,1,1,1,0.08582217645039479,False,lugar por,AGN_Indios_v009_exp003_fs4v-5_01,Arturo,agn_indios
1624,GPT OSS 120B · 8 000 TPM,Puntuación,No sub-rule assigned,maria,1,1,1,1,0.08582217645039479,False,maria,BnF_112_04,Paloma,bnf_112
1625,GPT OSS 120B · 8 000 TPM,Puntuación,No sub-rule assigned,mex,1,1,1,1,0.08582217645039479,False,mex,BnF_112_02,Arturo,bnf_112
1626,GPT OSS 120B · 8 000 TPM,Puntuación,No sub-rule assigned,méxico,1,1,1,1,0.08582217645039479,False,México,BnF_112_02,Arturo,bnf_112
1627,GPT OSS 120B · 8 000 TPM,Puntuación,No sub-rule assigned,obligados que,1,1,1,1,0.08582217645039479,False,obligados que,AGN_Indios_v009_exp003_fs4v-5_01,Arturo,agn_indios
1628,GPT OSS 120B · 8 000 TPM,Puntuación,No sub-rule assigned,otros siendo,1,1,1,1,0.08582217645039479,False,otros siendo,AGN_Indios_v009_exp003_fs4v-5_01,Arturo,agn_indios
1629,GPT OSS 120B · 8 000 TPM,Puntuación,No sub-rule assigned,otros. delitos,1,1,1,1,0.08582217645039479,False,otros. delitos,BnF_116_02,Paco,bnf_116
1630,GPT OSS 120B · 8 000 TPM,Puntuación,No sub-rule assigned,por,1,1,1,1,0.08582217645039479,False,por,AGN_Indios_v009_exp003_fs4v-5_01,Arturo,agn_indios
1631,GPT OSS 120B · 8 000 TPM,Puntuación,No sub-rule assigned,proveyese. y,1,1,1,1,0.08582217645039479,False,proveyese. y,BnF_116_02,Paco,bnf_116
1632,GPT OSS 120B · 8 000 TPM,Puntuación,No sub-rule assigned,siete y,1,1,1,1,0.08582217645039479,False,siete y,AGN_Indios_v009_exp003_fs4v-5_01,Arturo,agn_indios
1633,GPT OSS 120B · 8 000 TPM,Puntuación,No sub-rule assigned,su,1,1,1,1,0.08582217645039479,False,su,BnF_112_04,Paloma,bnf_112
1634,GPT OSS 120B · 8 000 TPM,Puntuación,No sub-rule assigned,sujetos. decimos,1,1,1,1,0.08582217645039479,False,sujetos. decimos,BnF_116_02,Paco,bnf_116
1635,GPT OSS 120B · 8 000 TPM,Puntuación,No sub-rule assigned,todo,1,1,1,1,0.08582217645039479,False,todo,BnF_112_02,Arturo,bnf_112
1636,GPT OSS 120B · 8 000 TPM,Puntuación,No sub-rule assigned,vendido,1,1,1,1,0.08582217645039479,False,vendido,BnF_112_02,Arturo,bnf_112
1637,GPT OSS 120B · 8 000 TPM,Puntuación,No sub-rule assigned,ángeles indio,1,1,1,1,0.08582217645039479,False,ángeles indio,AGN_Indios_v009_exp003_fs4v-5_01,Arturo,agn_indios
1638,GPT OSS 120B · 8 000 TPM,Puntuación,Punto (.),alguna fecho,1,1,1,1,0.08582217645039479,False,alguna fecho,AGN_GralParte_v006_exp617_01,Rodrigo,agn_gralparte
1639,GPT OSS 120B · 8 000 TPM,Puntuación,Punto (.),años tomás,1,1,1,1,0.08582217645039479,False,años Tomás,AGI_INDIFERENTE_2065_N45_09,Rodrigo,agi_indiferente
1640,GPT OSS 120B · 8 000 TPM,Puntuación,Punto (.),años yo,1,1,1,1,0.08582217645039479,False,años yo,AGI_GUADALAJARA_230_L2_F_45V-46V_1,Edna,agi_guadalajara
1641,GPT OSS 120B · 8 000 TPM,Puntuación,Punto (.),capitán.,1,1,1,1,0.08582217645039479,False,capitán.,AGI_INDIFERENTE_2065_N45_09,Rodrigo,agi_indiferente
1642,GPT OSS 120B · 8 000 TPM,Puntuación,Punto (.),cotepeq / ante,1,1,1,1,0.08582217645039479,False,cotepeq / ante,BnF_032_36,Paco,bnf_032
1643,GPT OSS 120B · 8 000 TPM,Puntuación,Punto (.),cual. dijo,1,1,1,1,0.08582217645039479,False,cual. Dijo,BnF_113_04,Paco,bnf_113
1644,GPT OSS 120B · 8 000 TPM,Puntuación,Punto (.),cuantos. esta,1,1,1,1,0.08582217645039479,False,cuantos. Esta,BnF_112_04,Paloma,bnf_112
1645,GPT OSS 120B · 8 000 TPM,Puntuación,Punto (.),cumplido. la,1,1,1,1,0.08582217645039479,False,cumplido. La,BnF_116_02,Paco,bnf_116
1646,GPT OSS 120B · 8 000 TPM,Puntuación,Punto (.),de.,1,1,1,1,0.08582217645039479,False,de.,BnF_032_15,Flor,bnf_032
1647,GPT OSS 120B · 8 000 TPM,Puntuación,Punto (.),dieta. estantes,1,1,1,1,0.08582217645039479,False,dieta. estantes,AGN_Tierras_v039-2_exp003_72,Edna,agn_tierras
1648,GPT OSS 120B · 8 000 TPM,Puntuación,Punto (.),don,1,1,1,1,0.08582217645039479,False,Don,AGS_CE_RG_L379_01,Javier,ags_ce
1649,GPT OSS 120B · 8 000 TPM,Puntuación,Punto (.),dos,1,1,1,1,0.08582217645039479,False,dos,AGI_GUADALAJARA_230_L2_F_45V-46V_1,Edna,agi_guadalajara
1650,GPT OSS 120B · 8 000 TPM,Puntuación,Punto (.),ello.,1,1,1,1,0.08582217645039479,False,ello.,BnF_112_02,Arturo,bnf_112
1651,GPT OSS 120B · 8 000 TPM,Puntuación,Punto (.),enteros: más,1,1,1,1,0.08582217645039479,False,enteros: más,BNE_ms3047_1,Rodrigo,bne_ms3047
1652,GPT OSS 120B · 8 000 TPM,Puntuación,Punto (.),fhos.,1,1,1,1,0.08582217645039479,False,fhos.,AGN_Indios_v009_exp003_fs4v-5_01,Arturo,agn_indios
1653,GPT OSS 120B · 8 000 TPM,Puntuación,Punto (.),franco,1,1,1,1,0.08582217645039479,False,franco,BnF_112_02,Arturo,bnf_112
1654,GPT OSS 120B · 8 000 TPM,Puntuación,Punto (.),"fábrica, hay",1,1,1,1,0.08582217645039479,False,"fábrica, hay",BNE_ms3047_1,Rodrigo,bne_ms3047
1655,GPT OSS 120B · 8 000 TPM,Puntuación,Punto (.),hacerles. malos,1,1,1,1,0.08582217645039479,False,hacerles. malos,BnF_116_02,Paco,bnf_116
1656,GPT OSS 120B · 8 000 TPM,Puntuación,Punto (.),hijos y,1,1,1,1,0.08582217645039479,False,hijos y,BnF_032_36,Paco,bnf_032
1657,GPT OSS 120B · 8 000 TPM,Puntuación,Punto (.),hincaron . en,1,1,1,1,0.08582217645039479,False,hincaron . En,BnF_112_25,Paco,bnf_112
1658,GPT OSS 120B · 8 000 TPM,Puntuación,Punto (.),importancia. a,1,1,1,1,0.08582217645039479,False,importancia. a,AGN_Indios_v009_exp003_fs4v-5_01,Arturo,agn_indios
1659,GPT OSS 120B · 8 000 TPM,Puntuación,Punto (.),licencia fecho,1,1,1,1,0.08582217645039479,False,licencia fecho,AGN_GralParte_v006_exp617_01,Rodrigo,agn_gralparte
1660,GPT OSS 120B · 8 000 TPM,Puntuación,Punto (.),llega. hasta,1,1,1,1,0.08582217645039479,False,llega. hasta,BnF_112_25,Paco,bnf_112
1661,GPT OSS 120B · 8 000 TPM,Puntuación,Punto (.),"maíz, formase",1,1,1,1,0.08582217645039479,False,"maíz, formase",BNE_ms3047_1,Rodrigo,bne_ms3047
1662,GPT OSS 120B · 8 000 TPM,Puntuación,Punto (.),monta,1,1,1,1,0.08582217645039479,False,Monta,BnF_030_27,Rodrigo,bnf_030
1663,GPT OSS 120B · 8 000 TPM,Puntuación,Punto (.),para,1,1,1,1,0.08582217645039479,False,para,AGS_CE_RG_L379_01,Javier,ags_ce
1664,GPT OSS 120B · 8 000 TPM,Puntuación,Punto (.),partes.,1,1,1,1,0.08582217645039479,False,partes.,BnF_112_25,Paco,bnf_112
1665,GPT OSS 120B · 8 000 TPM,Puntuación,Punto (.),pedimto.,1,1,1,1,0.08582217645039479,False,pedimto.,BnF_112_02,Arturo,bnf_112
1666,GPT OSS 120B · 8 000 TPM,Puntuación,Punto (.),persona testigos,1,1,1,1,0.08582217645039479,False,persona testigos,AGN_Tierras_v039-2_exp003_72,Edna,agn_tierras
1667,GPT OSS 120B · 8 000 TPM,Puntuación,Punto (.),pose,1,1,1,1,0.08582217645039479,False,pose,BnF_112_25,Paco,bnf_112
1668,GPT OSS 120B · 8 000 TPM,Puntuación,Punto (.),presentado .,1,1,1,1,0.08582217645039479,False,presentado .,BnF_112_02,Arturo,bnf_112
1669,GPT OSS 120B · 8 000 TPM,Puntuación,Punto (.),quedan,1,1,1,1,0.08582217645039479,False,quedan,BnF_112_02,Arturo,bnf_112
1670,GPT OSS 120B · 8 000 TPM,Puntuación,Punto (.),quez. y,1,1,1,1,0.08582217645039479,False,quez. y,AGN_AHHacienda_v268_exp046_01,Adriana,agn_ahhacienda
1671,GPT OSS 120B · 8 000 TPM,Puntuación,Punto (.),ración:,1,1,1,1,0.08582217645039479,False,ración:,BNE_ms3047_1,Rodrigo,bne_ms3047
1672,GPT OSS 120B · 8 000 TPM,Puntuación,Punto (.),rey refrenda,1,1,1,1,0.08582217645039479,False,rey refrenda,AGI_GUADALAJARA_230_L2_F_45V-46V_1,Edna,agi_guadalajara
1673,GPT OSS 120B · 8 000 TPM,Puntuación,Punto (.),sion. presentes,1,1,1,1,0.08582217645039479,False,sion. presentes,BnF_112_25,Paco,bnf_112
1674,GPT OSS 120B · 8 000 TPM,Puntuación,Punto (.),sombreros,1,1,1,1,0.08582217645039479,False,sombreros,BnF_112_02,Arturo,bnf_112
1675,GPT OSS 120B · 8 000 TPM,Puntuación,Punto (.),suplico. sea,1,1,1,1,0.08582217645039479,False,suplico. sea,BnF_112_25,Paco,bnf_112
1676,GPT OSS 120B · 8 000 TPM,Puntuación,Punto (.),suyo. las,1,1,1,1,0.08582217645039479,False,suyo. las,BnF_112_25,Paco,bnf_112
1677,GPT OSS 120B · 8 000 TPM,Puntuación,Punto (.),tazadamte. los,1,1,1,1,0.08582217645039479,False,tazadamte. los,AGN_AHHacienda_v268_exp046_01,Adriana,agn_ahhacienda
1678,GPT OSS 120B · 8 000 TPM,Puntuación,Punto (.),trabaja. en,1,1,1,1,0.08582217645039479,False,trabaja. En,BnF_112_02,Arturo,bnf_112
1679,GPT OSS 120B · 8 000 TPM,Puntuación,Punto (.),velaz,1,1,1,1,0.08582217645039479,False,velaz,AGN_AHHacienda_v268_exp046_01,Adriana,agn_ahhacienda
1680,GPT OSS 120B · 8 000 TPM,Puntuación,Punto (.),y,1,1,1,1,0.08582217645039479,False,y,AGN_GralParte_v006_exp617_01,Rodrigo,agn_gralparte
1681,Llama 3.3 70B · 12 000 TPM,Abreviaturas,"Excepciones (desto/a/os, dello/a/os)",ante el,1,1,1,1,0.02352553697038135,False,ante el,BnF_118_08,Arturo,bnf_118
1682,Llama 3.3 70B · 12 000 TPM,Abreviaturas,"Excepciones (desto/a/os, dello/a/os)",de,1,1,1,1,0.02352553697038135,False,de,utblac_gg_mss_g62_duplicated_11,Alba,utblac_gg
1683,Llama 3.3 70B · 12 000 TPM,Abreviaturas,"Excepciones (desto/a/os, dello/a/os)",de esto,1,1,1,1,0.02352553697038135,False,de esto,BP_CM_R481_071_2,Adriana,bp_cm
1684,Llama 3.3 70B · 12 000 TPM,Abreviaturas,"Excepciones (desto/a/os, dello/a/os)",dello,1,1,1,1,0.02352553697038135,False,dello,AGI_INDIFERENTE_2065_N45_11,Alba,agi_indiferente
1685,Llama 3.3 70B · 12 000 TPM,Abreviaturas,"Excepciones (desto/a/os, dello/a/os)",deste,1,1,1,1,0.02352553697038135,False,deste,AGI_CONTRATACION_1089_N8_151,Paco,agi_contratacion
1686,Llama 3.3 70B · 12 000 TPM,Abreviaturas,"Excepciones (desto/a/os, dello/a/os)",estas,1,1,1,1,0.02352553697038135,False,estas,AGI_INDIFERENTE_1529_N36_07,Rodrigo,agi_indiferente
1687,Llama 3.3 70B · 12 000 TPM,Abreviaturas,"Excepciones (desto/a/os, dello/a/os)",porque es,1,1,1,1,0.02352553697038135,False,porque es,BnF_118_08,Arturo,bnf_118
1688,Llama 3.3 70B · 12 000 TPM,Abreviaturas,"Excepciones (desto/a/os, dello/a/os)",que es,1,1,1,1,0.02352553697038135,False,que es,UIA_Ms149_Exp2_51,Arturo,uia_ms149
1689,Llama 3.3 70B · 12 000 TPM,Abreviaturas,Expansión completa,a v.,1,1,1,1,0.02352553697038135,False,A V.,BnF_110_29,Paloma,bnf_110
1690,Llama 3.3 70B · 12 000 TPM,Abreviaturas,Expansión completa,a v. e.,1,1,1,1,0.02352553697038135,False,A V. E.,AGN_IndiferenteVirreinal_caja4156_exp025,Javier,agn_indiferentevirreinal
1691,Llama 3.3 70B · 12 000 TPM,Abreviaturas,Expansión completa,a v.a. que,1,1,1,1,0.02352553697038135,False,a V.A. que,BnF_117_03,Arturo,bnf_117
1692,Llama 3.3 70B · 12 000 TPM,Abreviaturas,Expansión completa,algo,1,1,1,1,0.02352553697038135,False,algo,BP_CM_R481_071_2,Adriana,bp_cm
1693,Llama 3.3 70B · 12 000 TPM,Abreviaturas,Expansión completa,alguna. en,1,1,1,1,0.02352553697038135,False,alguna. En,AGN_GralParte_v006_exp617_02,Rodrigo,agn_gralparte
1694,Llama 3.3 70B · 12 000 TPM,Abreviaturas,Expansión completa,almoxo,1,1,1,1,0.02352553697038135,False,almoxo,AGI_CONTRATACION_1089_N8_151,Paco,agi_contratacion
1695,Llama 3.3 70B · 12 000 TPM,Abreviaturas,Expansión completa,alo,1,1,1,1,0.02352553697038135,False,Alo,BnF_116_07,Adriana,bnf_116
1696,Llama 3.3 70B · 12 000 TPM,Abreviaturas,Expansión completa,anata,1,1,1,1,0.02352553697038135,False,anata,AGN_AHHacienda_v268_exp046_02,Paloma,agn_ahhacienda
1697,Llama 3.3 70B · 12 000 TPM,Abreviaturas,Expansión completa,aparentemente,1,1,1,1,0.02352553697038135,False,aparentemente,BnF_266_07,Paco,bnf_266
1698,Llama 3.3 70B · 12 000 TPM,Abreviaturas,Expansión completa,auditorio,1,1,1,1,0.02352553697038135,False,auditorio,BnF_119-148_24,Adriana,bnf_119-148
1699,Llama 3.3 70B · 12 000 TPM,Abreviaturas,Expansión completa,ba,1,1,1,1,0.02352553697038135,False,Ba,AGN_Inquisicion_v1568A_exp152_fs115-116v_03,Javier,agn_inquisicion
1700,Llama 3.3 70B · 12 000 TPM,Abreviaturas,Expansión completa,barlobto,1,1,1,1,0.02352553697038135,False,Barlobto,BnF_266_03,Rodrigo,bnf_266
1701,Llama 3.3 70B · 12 000 TPM,Abreviaturas,Expansión completa,berno.,1,1,1,1,0.02352553697038135,False,Berno.,BnF_116_07,Adriana,bnf_116
1702,Llama 3.3 70B · 12 000 TPM,Abreviaturas,Expansión completa,bre,1,1,1,1,0.02352553697038135,False,bre,BnF_030_22,Paco,bnf_030
1703,Llama 3.3 70B · 12 000 TPM,Abreviaturas,Expansión completa,ca,1,1,1,1,0.02352553697038135,False,Ca,BP_CM_R494_156_2,Javier,bp_cm
1704,Llama 3.3 70B · 12 000 TPM,Abreviaturas,Expansión completa,capn.,1,1,1,1,0.02352553697038135,False,Capn.,BnF_174_03,Arturo,bnf_174
1705,Llama 3.3 70B · 12 000 TPM,Abreviaturas,Expansión completa,cata,1,1,1,1,0.02352553697038135,False,Cata,AGI_CONTRATACION_1089_N8_151,Paco,agi_contratacion
1706,Llama 3.3 70B · 12 000 TPM,Abreviaturas,Expansión completa,citaltepec,1,1,1,1,0.02352553697038135,False,citaltepec,BnF_267_23,Paco,bnf_267
1707,Llama 3.3 70B · 12 000 TPM,Abreviaturas,Expansión completa,común,1,1,1,1,0.02352553697038135,False,común,AGN_RealesCedDup_v003_exp334,Alba,agn_realesceddup
1708,Llama 3.3 70B · 12 000 TPM,Abreviaturas,Expansión completa,consdo,1,1,1,1,0.02352553697038135,False,consdo,AGI_CONTRATACION_1089_N8_151,Paco,agi_contratacion
1709,Llama 3.3 70B · 12 000 TPM,Abreviaturas,Expansión completa,constituye fiador,1,1,1,1,0.02352553697038135,False,constituye fiador,AGN_IndiferenteVirreinal_caja4071_exp024_1,Rodrigo,agn_indiferentevirreinal
1710,Llama 3.3 70B · 12 000 TPM,Abreviaturas,Expansión completa,corregidor,1,1,1,1,0.02352553697038135,False,corregidor,AGN_AHHacienda_v268_exp046_02,Paloma,agn_ahhacienda
1711,Llama 3.3 70B · 12 000 TPM,Abreviaturas,Expansión completa,"d,",1,1,1,1,0.02352553697038135,False,"D,",BP_CM_R494_156_2,Javier,bp_cm
1712,Llama 3.3 70B · 12 000 TPM,Abreviaturas,Expansión completa,dha,1,1,1,1,0.02352553697038135,False,dha,BnF_267_23,Paco,bnf_267
1713,Llama 3.3 70B · 12 000 TPM,Abreviaturas,Expansión completa,dicho,1,1,1,1,0.02352553697038135,False,dicho,AGN_AHHacienda_v268_exp046_02,Paloma,agn_ahhacienda
1714,Llama 3.3 70B · 12 000 TPM,Abreviaturas,Expansión completa,don,1,1,1,1,0.02352553697038135,False,don,BnF_116_08,Adriana,bnf_116
1715,Llama 3.3 70B · 12 000 TPM,Abreviaturas,Expansión completa,dor.,1,1,1,1,0.02352553697038135,False,dor.,BnF_117_03,Arturo,bnf_117
1716,Llama 3.3 70B · 12 000 TPM,Abreviaturas,Expansión completa,dro,1,1,1,1,0.02352553697038135,False,dro,AGN_Inquisicion_v1568A_exp152_fs115-116v_03,Javier,agn_inquisicion
1717,Llama 3.3 70B · 12 000 TPM,Abreviaturas,Expansión completa,dros,1,1,1,1,0.02352553697038135,False,dros,AGI_CONTRATACION_1089_N8_151,Paco,agi_contratacion
1718,Llama 3.3 70B · 12 000 TPM,Abreviaturas,Expansión completa,e,1,1,1,1,0.02352553697038135,False,E,AGN_Inquisicion_v1568A_exp152_fs115-116v_03,Javier,agn_inquisicion
1719,Llama 3.3 70B · 12 000 TPM,Abreviaturas,Expansión completa,e parto,1,1,1,1,0.02352553697038135,False,e parto,AGN_GralParte_v006_exp617_02,Rodrigo,agn_gralparte
1720,Llama 3.3 70B · 12 000 TPM,Abreviaturas,Expansión completa,enmdo,1,1,1,1,0.02352553697038135,False,Enmdo,AGN_Inquisicion_v1568A_exp152_fs115-116v_03,Javier,agn_inquisicion
1721,Llama 3.3 70B · 12 000 TPM,Abreviaturas,Expansión completa,escribano,1,1,1,1,0.02352553697038135,False,escribano,BP_CM_R481_016,Arturo,bp_cm
1722,Llama 3.3 70B · 12 000 TPM,Abreviaturas,Expansión completa,esn.,1,1,1,1,0.02352553697038135,False,Esn.,BnF_174_03,Arturo,bnf_174
1723,Llama 3.3 70B · 12 000 TPM,Abreviaturas,Expansión completa,esno,1,1,1,1,0.02352553697038135,False,esno,BnF_032_23,Arturo,bnf_032
1724,Llama 3.3 70B · 12 000 TPM,Abreviaturas,Expansión completa,especialmte,1,1,1,1,0.02352553697038135,False,especialmte,BnF_104_3,Alba,bnf_104
1725,Llama 3.3 70B · 12 000 TPM,Abreviaturas,Expansión completa,esptos,1,1,1,1,0.02352553697038135,False,esptos,BnF_104_3,Alba,bnf_104
1726,Llama 3.3 70B · 12 000 TPM,Abreviaturas,Expansión completa,espturas,1,1,1,1,0.02352553697038135,False,espturas,BnF_104_3,Alba,bnf_104
1727,Llama 3.3 70B · 12 000 TPM,Abreviaturas,Expansión completa,estandartes,1,1,1,1,0.02352553697038135,False,estandartes,BnF_266_05,Adriana,bnf_266
1728,Llama 3.3 70B · 12 000 TPM,Abreviaturas,Expansión completa,este,1,1,1,1,0.02352553697038135,False,este,BnF_075_035,Arturo,bnf_075
1729,Llama 3.3 70B · 12 000 TPM,Abreviaturas,Expansión completa,esto,1,1,1,1,0.02352553697038135,False,esto,utblac_gg_mss_g62_duplicated_15,Paco,utblac_gg
1730,Llama 3.3 70B · 12 000 TPM,Abreviaturas,Expansión completa,"esto,",1,1,1,1,0.02352553697038135,False,"esto,",BnF_075_026,Arturo,bnf_075
1731,Llama 3.3 70B · 12 000 TPM,Abreviaturas,Expansión completa,está,1,1,1,1,0.02352553697038135,False,está,utblac_gg_mss_g62_duplicated_15,Paco,utblac_gg
1732,Llama 3.3 70B · 12 000 TPM,Abreviaturas,Expansión completa,etc.,1,1,1,1,0.02352553697038135,False,etc.,BnF_174_03,Arturo,bnf_174
1733,Llama 3.3 70B · 12 000 TPM,Abreviaturas,Expansión completa,etra,1,1,1,1,0.02352553697038135,False,etra,AGN_GralParte_v006_exp617_02,Rodrigo,agn_gralparte
1734,Llama 3.3 70B · 12 000 TPM,Abreviaturas,Expansión completa,exa,1,1,1,1,0.02352553697038135,False,Exa,UIA_Ms149_Exp3_04,Alba,uia_ms149
1735,Llama 3.3 70B · 12 000 TPM,Abreviaturas,Expansión completa,exmo,1,1,1,1,0.02352553697038135,False,Exmo,AGN_Inquisicion_v1568A_exp152_fs115-116v_03,Javier,agn_inquisicion
1736,Llama 3.3 70B · 12 000 TPM,Abreviaturas,Expansión completa,expoual,1,1,1,1,0.02352553697038135,False,Expoual,UIA_Ms149_Exp2_51,Arturo,uia_ms149
1737,Llama 3.3 70B · 12 000 TPM,Abreviaturas,Expansión completa,fechada,1,1,1,1,0.02352553697038135,False,fechada,BnF_119-148_24,Adriana,bnf_119-148
1738,Llama 3.3 70B · 12 000 TPM,Abreviaturas,Expansión completa,fo,1,1,1,1,0.02352553697038135,False,fo,AGN_Inquisicion_v1568A_exp152_fs115-116v_04,Paloma,agn_inquisicion
1739,Llama 3.3 70B · 12 000 TPM,Abreviaturas,Expansión completa,fos,1,1,1,1,0.02352553697038135,False,fos,BnF_118_02,Rodrigo,bnf_118
1740,Llama 3.3 70B · 12 000 TPM,Abreviaturas,Expansión completa,fue,1,1,1,1,0.02352553697038135,False,fue,AGN_AHHacienda_v268_exp046_02,Paloma,agn_ahhacienda
1741,Llama 3.3 70B · 12 000 TPM,Abreviaturas,Expansión completa,"gentes, de",1,1,1,1,0.02352553697038135,False,"gentes, de",BnF_264_03,Adriana,bnf_264
1742,Llama 3.3 70B · 12 000 TPM,Abreviaturas,Expansión completa,germo,1,1,1,1,0.02352553697038135,False,Germo,UIA_Ms149_Exp2_51,Arturo,uia_ms149
1743,Llama 3.3 70B · 12 000 TPM,Abreviaturas,Expansión completa,gral,1,1,1,1,0.02352553697038135,False,Gral,BnF_174_02,Javier,bnf_174
1744,Llama 3.3 70B · 12 000 TPM,Abreviaturas,Expansión completa,gral.,1,1,1,1,0.02352553697038135,False,Gral.,BnF_174_03,Arturo,bnf_174
1745,Llama 3.3 70B · 12 000 TPM,Abreviaturas,Expansión completa,herdo,1,1,1,1,0.02352553697038135,False,Herdo,BnF_075_003,Adriana,bnf_075
1746,Llama 3.3 70B · 12 000 TPM,Abreviaturas,Expansión completa,hista,1,1,1,1,0.02352553697038135,False,hista,BnF_264_03,Adriana,bnf_264
1747,Llama 3.3 70B · 12 000 TPM,Abreviaturas,Expansión completa,home,1,1,1,1,0.02352553697038135,False,home,BnF_264_03,Adriana,bnf_264
1748,Llama 3.3 70B · 12 000 TPM,Abreviaturas,Expansión completa,hres,1,1,1,1,0.02352553697038135,False,Hres,AGN_GralParte_v006_exp617_02,Rodrigo,agn_gralparte
1749,Llama 3.3 70B · 12 000 TPM,Abreviaturas,Expansión completa,juez,1,1,1,1,0.02352553697038135,False,juez,utblac_gg_mss_g62_duplicated_11,Alba,utblac_gg
1750,Llama 3.3 70B · 12 000 TPM,Abreviaturas,Expansión completa,justas,1,1,1,1,0.02352553697038135,False,justas,LoC_HPKraus_146_new_13,Paco,loc_hpkraus
1751,Llama 3.3 70B · 12 000 TPM,Abreviaturas,Expansión completa,juzgo,1,1,1,1,0.02352553697038135,False,juzgo,BP_CM_R481_071_2,Adriana,bp_cm
1752,Llama 3.3 70B · 12 000 TPM,Abreviaturas,Expansión completa,los,1,1,1,1,0.02352553697038135,False,los,AMP_AC_v021__doc026_2,Alba,amp_ac
1753,Llama 3.3 70B · 12 000 TPM,Abreviaturas,Expansión completa,m.,1,1,1,1,0.02352553697038135,False,M.,BnF_264_03,Adriana,bnf_264
1754,Llama 3.3 70B · 12 000 TPM,Abreviaturas,Expansión completa,m. r. p.,1,1,1,1,0.02352553697038135,False,M. R. P.,BnF_167_29,Adriana,bnf_167
1755,Llama 3.3 70B · 12 000 TPM,Abreviaturas,Expansión completa,magd.,1,1,1,1,0.02352553697038135,False,Magd.,BnF_174_03,Arturo,bnf_174
1756,Llama 3.3 70B · 12 000 TPM,Abreviaturas,Expansión completa,magistratura,1,1,1,1,0.02352553697038135,False,magistratura,Mechoacan_Yurirapundaro_1,Adriana,mechoacan_yurirapundaro
1757,Llama 3.3 70B · 12 000 TPM,Abreviaturas,Expansión completa,mandando,1,1,1,1,0.02352553697038135,False,mandando,BnF_110_13,Adriana,bnf_110
1758,Llama 3.3 70B · 12 000 TPM,Abreviaturas,Expansión completa,marín,1,1,1,1,0.02352553697038135,False,Marín,AGN_Marina_v031A_exp02_fs85-92_11,Adriana,agn_marina
1759,Llama 3.3 70B · 12 000 TPM,Abreviaturas,Expansión completa,me,1,1,1,1,0.02352553697038135,False,me,AGI_CONTRATACION_1089_N8_151,Paco,agi_contratacion
1760,Llama 3.3 70B · 12 000 TPM,Abreviaturas,Expansión completa,mercedes,1,1,1,1,0.02352553697038135,False,Mercedes,BP_CM_R481_071_3,Javier,bp_cm
1761,Llama 3.3 70B · 12 000 TPM,Abreviaturas,Expansión completa,merito,1,1,1,1,0.02352553697038135,False,merito,UIA_Ms149_Exp3_43,Paco,uia_ms149
1762,Llama 3.3 70B · 12 000 TPM,Abreviaturas,Expansión completa,mil setecientos,1,1,1,1,0.02352553697038135,False,mil setecientos,UIA_Ms149_Exp2_51,Arturo,uia_ms149
1763,Llama 3.3 70B · 12 000 TPM,Abreviaturas,Expansión completa,mo,1,1,1,1,0.02352553697038135,False,mo,BnF_111_22,Paloma,bnf_111
1764,Llama 3.3 70B · 12 000 TPM,Abreviaturas,Expansión completa,más,1,1,1,1,0.02352553697038135,False,más,BP_CM_R481_016,Arturo,bp_cm
1765,Llama 3.3 70B · 12 000 TPM,Abreviaturas,Expansión completa,más se declara,1,1,1,1,0.02352553697038135,False,más se declara,AGN_IndiferenteVirreinal_caja4071_exp024_1,Rodrigo,agn_indiferentevirreinal
1766,Llama 3.3 70B · 12 000 TPM,Abreviaturas,Expansión completa,nats,1,1,1,1,0.02352553697038135,False,nats,BnF_118_02,Rodrigo,bnf_118
1767,Llama 3.3 70B · 12 000 TPM,Abreviaturas,Expansión completa,nda,1,1,1,1,0.02352553697038135,False,nda,AGI_CONTRATACION_1089_N8_151,Paco,agi_contratacion
1768,Llama 3.3 70B · 12 000 TPM,Abreviaturas,Expansión completa,omiso,1,1,1,1,0.02352553697038135,False,omiso,BP_CM_R481_071_2,Adriana,bp_cm
1769,Llama 3.3 70B · 12 000 TPM,Abreviaturas,Expansión completa,p,1,1,1,1,0.02352553697038135,False,P,BnF_174_02,Javier,bnf_174
1770,Llama 3.3 70B · 12 000 TPM,Abreviaturas,Expansión completa,pasaban,1,1,1,1,0.02352553697038135,False,Pasaban,BnF_266_07,Paco,bnf_266
1771,Llama 3.3 70B · 12 000 TPM,Abreviaturas,Expansión completa,pasq,1,1,1,1,0.02352553697038135,False,Pasq,BP_CM_R494_156_2,Javier,bp_cm
1772,Llama 3.3 70B · 12 000 TPM,Abreviaturas,Expansión completa,pavana,1,1,1,1,0.02352553697038135,False,pavana,BnF_118_08,Arturo,bnf_118
1773,Llama 3.3 70B · 12 000 TPM,Abreviaturas,Expansión completa,pda,1,1,1,1,0.02352553697038135,False,pda,AGI_CONTRATACION_1089_N8_151,Paco,agi_contratacion
1774,Llama 3.3 70B · 12 000 TPM,Abreviaturas,Expansión completa,pinta,1,1,1,1,0.02352553697038135,False,pinta,BnF_264_03,Adriana,bnf_264
1775,Llama 3.3 70B · 12 000 TPM,Abreviaturas,Expansión completa,"po,",1,1,1,1,0.02352553697038135,False,"po,",AGI_INDIFERENTE_1529_N36_07,Rodrigo,agi_indiferente
1776,Llama 3.3 70B · 12 000 TPM,Abreviaturas,Expansión completa,po.,1,1,1,1,0.02352553697038135,False,po.,BnF_030_22,Paco,bnf_030
1777,Llama 3.3 70B · 12 000 TPM,Abreviaturas,Expansión completa,pon,1,1,1,1,0.02352553697038135,False,pon,BnF_117_03,Arturo,bnf_117
1778,Llama 3.3 70B · 12 000 TPM,Abreviaturas,Expansión completa,por él,1,1,1,1,0.02352553697038135,False,por él,BnF_111_22,Paloma,bnf_111
1779,Llama 3.3 70B · 12 000 TPM,Abreviaturas,Expansión completa,pos es r.,1,1,1,1,0.02352553697038135,False,pos es r.,BnF_110_29,Paloma,bnf_110
1780,Llama 3.3 70B · 12 000 TPM,Abreviaturas,Expansión completa,poseedor,1,1,1,1,0.02352553697038135,False,poseedor,BnF_117_13,Paco,bnf_117
1781,Llama 3.3 70B · 12 000 TPM,Abreviaturas,Expansión completa,pozo,1,1,1,1,0.02352553697038135,False,Pozo,BnF_032_33,Adriana,bnf_032
1782,Llama 3.3 70B · 12 000 TPM,Abreviaturas,Expansión completa,presto,1,1,1,1,0.02352553697038135,False,presto,AGN_GralParte_v006_exp617_02,Rodrigo,agn_gralparte
1783,Llama 3.3 70B · 12 000 TPM,Abreviaturas,Expansión completa,pro,1,1,1,1,0.02352553697038135,False,pro,BnF_104_3,Alba,bnf_104
1784,Llama 3.3 70B · 12 000 TPM,Abreviaturas,Expansión completa,prueba,1,1,1,1,0.02352553697038135,False,prueba,BnF_110_29,Paloma,bnf_110
1785,Llama 3.3 70B · 12 000 TPM,Abreviaturas,Expansión completa,psión,1,1,1,1,0.02352553697038135,False,psión,BnF_032_39,Paloma,bnf_032
1786,Llama 3.3 70B · 12 000 TPM,Abreviaturas,Expansión completa,qta,1,1,1,1,0.02352553697038135,False,qta,AGI_CONTRATACION_1089_N8_151,Paco,agi_contratacion
1787,Llama 3.3 70B · 12 000 TPM,Abreviaturas,Expansión completa,que cuanto,1,1,1,1,0.02352553697038135,False,que cuanto,AGN_IndiferenteVirreinal_caja4071_exp024_1,Rodrigo,agn_indiferentevirreinal
1788,Llama 3.3 70B · 12 000 TPM,Abreviaturas,Expansión completa,quiera,1,1,1,1,0.02352553697038135,False,quiera,BnF_174_03,Arturo,bnf_174
1789,Llama 3.3 70B · 12 000 TPM,Abreviaturas,Expansión completa,quinta,1,1,1,1,0.02352553697038135,False,quinta,AGN_GralParte_v006_exp617_02,Rodrigo,agn_gralparte
1790,Llama 3.3 70B · 12 000 TPM,Abreviaturas,Expansión completa,r.,1,1,1,1,0.02352553697038135,False,R.,BnF_264_03,Adriana,bnf_264
1791,Llama 3.3 70B · 12 000 TPM,Abreviaturas,Expansión completa,recda.,1,1,1,1,0.02352553697038135,False,Recda.,utblac_gg_mss_g62_duplicated_03,Flor,utblac_gg
1792,Llama 3.3 70B · 12 000 TPM,Abreviaturas,Expansión completa,renuncia,1,1,1,1,0.02352553697038135,False,renuncia,LoC_HPKraus_146_new_13,Paco,loc_hpkraus
1793,Llama 3.3 70B · 12 000 TPM,Abreviaturas,Expansión completa,respeto,1,1,1,1,0.02352553697038135,False,Respeto,BnF_119-148_24,Adriana,bnf_119-148
1794,Llama 3.3 70B · 12 000 TPM,Abreviaturas,Expansión completa,rezo,1,1,1,1,0.02352553697038135,False,rezo,BnF_112_08,Paloma,bnf_112
1795,Llama 3.3 70B · 12 000 TPM,Abreviaturas,Expansión completa,rl.,1,1,1,1,0.02352553697038135,False,Rl.,BnF_174_03,Arturo,bnf_174
1796,Llama 3.3 70B · 12 000 TPM,Abreviaturas,Expansión completa,ro,1,1,1,1,0.02352553697038135,False,Ro,AGN_Inquisicion_v1568A_exp152_fs115-116v_03,Javier,agn_inquisicion
1797,Llama 3.3 70B · 12 000 TPM,Abreviaturas,Expansión completa,ror,1,1,1,1,0.02352553697038135,False,Ror,BnF_118_02,Rodrigo,bnf_118
1798,Llama 3.3 70B · 12 000 TPM,Abreviaturas,Expansión completa,rs.,1,1,1,1,0.02352553697038135,False,Rs.,BnF_174_03,Arturo,bnf_174
1799,Llama 3.3 70B · 12 000 TPM,Abreviaturas,Expansión completa,s.,1,1,1,1,0.02352553697038135,False,S.,BnF_174_03,Arturo,bnf_174
1800,Llama 3.3 70B · 12 000 TPM,Abreviaturas,Expansión completa,sa.,1,1,1,1,0.02352553697038135,False,Sa.,BnF_174_03,Arturo,bnf_174
1801,Llama 3.3 70B · 12 000 TPM,Abreviaturas,Expansión completa,sig,1,1,1,1,0.02352553697038135,False,sig,AGN_Inquisicion_v1568A_exp152_fs115-116v_03,Javier,agn_inquisicion
1802,Llama 3.3 70B · 12 000 TPM,Abreviaturas,Expansión completa,sigte,1,1,1,1,0.02352553697038135,False,sigte,AGI_CONTRATACION_1089_N8_151,Paco,agi_contratacion
1803,Llama 3.3 70B · 12 000 TPM,Abreviaturas,Expansión completa,sor.,1,1,1,1,0.02352553697038135,False,sor.,BnF_118_08,Arturo,bnf_118
1804,Llama 3.3 70B · 12 000 TPM,Abreviaturas,Expansión completa,suplica,1,1,1,1,0.02352553697038135,False,suplica,BnF_110_29,Paloma,bnf_110
1805,Llama 3.3 70B · 12 000 TPM,Abreviaturas,Expansión completa,tero,1,1,1,1,0.02352553697038135,False,tero,BP_CM_R494_156_2,Javier,bp_cm
1806,Llama 3.3 70B · 12 000 TPM,Abreviaturas,Expansión completa,testdo,1,1,1,1,0.02352553697038135,False,testdo,AGN_Inquisicion_v1568A_exp152_fs115-116v_03,Javier,agn_inquisicion
1807,Llama 3.3 70B · 12 000 TPM,Abreviaturas,Expansión completa,teutalco,1,1,1,1,0.02352553697038135,False,teutalco,BnF_267_23,Paco,bnf_267
1808,Llama 3.3 70B · 12 000 TPM,Abreviaturas,Expansión completa,todos los,1,1,1,1,0.02352553697038135,False,todos los,BnF_394_07,Rodrigo,bnf_394
1809,Llama 3.3 70B · 12 000 TPM,Abreviaturas,Expansión completa,tomo,1,1,1,1,0.02352553697038135,False,tomo,BnF_032_33,Adriana,bnf_032
1810,Llama 3.3 70B · 12 000 TPM,Abreviaturas,Expansión completa,tomó,1,1,1,1,0.02352553697038135,False,tomó,BnF_032_33,Adriana,bnf_032
1811,Llama 3.3 70B · 12 000 TPM,Abreviaturas,Expansión completa,trato,1,1,1,1,0.02352553697038135,False,trato,BnF_110_13,Adriana,bnf_110
1812,Llama 3.3 70B · 12 000 TPM,Abreviaturas,Expansión completa,tributarios,1,1,1,1,0.02352553697038135,False,tributarios,Mechoacan_Yurirapundaro_1,Adriana,mechoacan_yurirapundaro
1813,Llama 3.3 70B · 12 000 TPM,Abreviaturas,Expansión completa,v.e.,1,1,1,1,0.02352553697038135,False,V.E.,AGN_Congregaciones_v001_exp076,Javier,agn_congregaciones
1814,Llama 3.3 70B · 12 000 TPM,Abreviaturas,Expansión completa,v.s,1,1,1,1,0.02352553697038135,False,V.S,BnF_117_14,Alba,bnf_117
1815,Llama 3.3 70B · 12 000 TPM,Abreviaturas,Expansión completa,va sa,1,1,1,1,0.02352553697038135,False,Va Sa,BnF_266_03,Rodrigo,bnf_266
1816,Llama 3.3 70B · 12 000 TPM,Abreviaturas,Expansión completa,villete,1,1,1,1,0.02352553697038135,False,villete,AGN_AHHacienda_v268_exp046_02,Paloma,agn_ahhacienda
1817,Llama 3.3 70B · 12 000 TPM,Abreviaturas,Expansión completa,vmd.,1,1,1,1,0.02352553697038135,False,Vmd.,BnF_167_29,Adriana,bnf_167
1818,Llama 3.3 70B · 12 000 TPM,Abreviaturas,Expansión completa,xico,1,1,1,1,0.02352553697038135,False,Xico,BnF_032_33,Adriana,bnf_032
1819,Llama 3.3 70B · 12 000 TPM,Abreviaturas,Expansión completa,y ne,1,1,1,1,0.02352553697038135,False,y Ne,BnF_110_29,Paloma,bnf_110
1820,Llama 3.3 70B · 12 000 TPM,Abreviaturas,Expansión completa,y siendo,1,1,1,1,0.02352553697038135,False,y siendo,BnF_111_22,Paloma,bnf_111
1821,Llama 3.3 70B · 12 000 TPM,Abreviaturas,Expansión completa,ynsos a,1,1,1,1,0.02352553697038135,False,ynsos a,AGN_GralParte_v006_exp617_02,Rodrigo,agn_gralparte
1822,Llama 3.3 70B · 12 000 TPM,Abreviaturas,Expansión completa,yztepeq,1,1,1,1,0.02352553697038135,False,Yztepeq,BnF_267_03,Paco,bnf_267
1823,Llama 3.3 70B · 12 000 TPM,Abreviaturas,Expansión completa,zoyatepec,1,1,1,1,0.02352553697038135,False,zoyatepec,BnF_267_23,Paco,bnf_267
1824,Llama 3.3 70B · 12 000 TPM,Abreviaturas,No sub-rule assigned,a v. ala.,1,1,1,1,0.02352553697038135,False,A V. ala.,BnF_110_33,Alba,bnf_110
1825,Llama 3.3 70B · 12 000 TPM,Abreviaturas,No sub-rule assigned,allí,1,1,1,1,0.02352553697038135,False,Allí,BnF_118_03,Paloma,bnf_118
1826,Llama 3.3 70B · 12 000 TPM,Abreviaturas,No sub-rule assigned,cuando,1,1,1,1,0.02352553697038135,False,cuando,BnF_111_27,Alba,bnf_111
1827,Llama 3.3 70B · 12 000 TPM,Abreviaturas,No sub-rule assigned,d.,1,1,1,1,0.02352553697038135,False,D.,BnF_244_02,Alba,bnf_244
1828,Llama 3.3 70B · 12 000 TPM,Abreviaturas,No sub-rule assigned,damto,1,1,1,1,0.02352553697038135,False,damto,BnF_111_27,Alba,bnf_111
1829,Llama 3.3 70B · 12 000 TPM,Abreviaturas,No sub-rule assigned,del,1,1,1,1,0.02352553697038135,False,del,BnF_266_07,Paco,bnf_266
1830,Llama 3.3 70B · 12 000 TPM,Abreviaturas,No sub-rule assigned,do es ro,1,1,1,1,0.02352553697038135,False,do es ro,BnF_104_3,Alba,bnf_104
1831,Llama 3.3 70B · 12 000 TPM,Abreviaturas,No sub-rule assigned,don enriquez,1,1,1,1,0.02352553697038135,False,don Enriquez,AGN_GralParte_v001_exp1020_02,Edna,agn_gralparte
1832,Llama 3.3 70B · 12 000 TPM,Abreviaturas,No sub-rule assigned,escribo,1,1,1,1,0.02352553697038135,False,escribo,AGI_INDIFERENTE_2065_N45_11,Alba,agi_indiferente
1833,Llama 3.3 70B · 12 000 TPM,Abreviaturas,No sub-rule assigned,exmo,1,1,1,1,0.02352553697038135,False,Exmo,BnF_243_17,Edna,bnf_243
1834,Llama 3.3 70B · 12 000 TPM,Abreviaturas,No sub-rule assigned,frdo,1,1,1,1,0.02352553697038135,False,Frdo,AGN_HospJesus_c205_exp041_04,Flor,agn_hospjesus
1835,Llama 3.3 70B · 12 000 TPM,Abreviaturas,No sub-rule assigned,go,1,1,1,1,0.02352553697038135,False,go,BnF_104_3,Alba,bnf_104
1836,Llama 3.3 70B · 12 000 TPM,Abreviaturas,No sub-rule assigned,ilmo.,1,1,1,1,0.02352553697038135,False,Ilmo.,AGN_HospJesus_c205_exp041_04,Flor,agn_hospjesus
1837,Llama 3.3 70B · 12 000 TPM,Abreviaturas,No sub-rule assigned,juan,1,1,1,1,0.02352553697038135,False,Juan,AGI_CONTRATACION_1089_N8_176,Flor,agi_contratacion
1838,Llama 3.3 70B · 12 000 TPM,Abreviaturas,No sub-rule assigned,juo,1,1,1,1,0.02352553697038135,False,Juo,BnF_110_33,Alba,bnf_110
1839,Llama 3.3 70B · 12 000 TPM,Abreviaturas,No sub-rule assigned,la,1,1,1,1,0.02352553697038135,False,la,BnF_117_08,Edna,bnf_117
1840,Llama 3.3 70B · 12 000 TPM,Abreviaturas,No sub-rule assigned,mandato,1,1,1,1,0.02352553697038135,False,mandato,AGN_GralParte_v001_exp1020_02,Edna,agn_gralparte
1841,Llama 3.3 70B · 12 000 TPM,Abreviaturas,No sub-rule assigned,marcos,1,1,1,1,0.02352553697038135,False,marcos,AGN_HospJesus_c205_exp041_04,Flor,agn_hospjesus
1842,Llama 3.3 70B · 12 000 TPM,Abreviaturas,No sub-rule assigned,mde,1,1,1,1,0.02352553697038135,False,mde,LoC_HPKraus_138_new_07,Edna,loc_hpkraus
1843,Llama 3.3 70B · 12 000 TPM,Abreviaturas,No sub-rule assigned,migl,1,1,1,1,0.02352553697038135,False,Migl,BnF_104_3,Alba,bnf_104
1844,Llama 3.3 70B · 12 000 TPM,Abreviaturas,No sub-rule assigned,po,1,1,1,1,0.02352553697038135,False,Po,BnF_110_33,Alba,bnf_110
1845,Llama 3.3 70B · 12 000 TPM,Abreviaturas,No sub-rule assigned,po seno. pide pón,1,1,1,1,0.02352553697038135,False,po seno. Pide pón,BnF_110_33,Alba,bnf_110
1846,Llama 3.3 70B · 12 000 TPM,Abreviaturas,No sub-rule assigned,por,1,1,1,1,0.02352553697038135,False,por,BnF_118_06,Edna,bnf_118
1847,Llama 3.3 70B · 12 000 TPM,Abreviaturas,No sub-rule assigned,preso,1,1,1,1,0.02352553697038135,False,preso,BnF_110_33,Alba,bnf_110
1848,Llama 3.3 70B · 12 000 TPM,Abreviaturas,No sub-rule assigned,pro,1,1,1,1,0.02352553697038135,False,pro,BnF_110_33,Alba,bnf_110
1849,Llama 3.3 70B · 12 000 TPM,Abreviaturas,No sub-rule assigned,que pueda,1,1,1,1,0.02352553697038135,False,que pueda,BP_CM_R481_016,Arturo,bp_cm
1850,Llama 3.3 70B · 12 000 TPM,Abreviaturas,No sub-rule assigned,que vaya,1,1,1,1,0.02352553697038135,False,que vaya,LoC_HPKraus_138_new_07,Edna,loc_hpkraus
1851,Llama 3.3 70B · 12 000 TPM,Abreviaturas,No sub-rule assigned,respde,1,1,1,1,0.02352553697038135,False,Respde,BnF_117_14,Alba,bnf_117
1852,Llama 3.3 70B · 12 000 TPM,Abreviaturas,No sub-rule assigned,ror e tos y uso esptos,1,1,1,1,0.02352553697038135,False,Ror E tos y uso esptos,BnF_104_3,Alba,bnf_104
1853,Llama 3.3 70B · 12 000 TPM,Abreviaturas,No sub-rule assigned,sor,1,1,1,1,0.02352553697038135,False,sor,BnF_118_06,Edna,bnf_118
1854,Llama 3.3 70B · 12 000 TPM,Abreviaturas,No sub-rule assigned,te,1,1,1,1,0.02352553697038135,False,te,BnF_113_25,Flor,bnf_113
1855,Llama 3.3 70B · 12 000 TPM,Abreviaturas,No sub-rule assigned,todos,1,1,1,1,0.02352553697038135,False,todos,BnF_112_08,Paloma,bnf_112
1856,Llama 3.3 70B · 12 000 TPM,Abreviaturas,No sub-rule assigned,todos los testigos,1,1,1,1,0.02352553697038135,False,todos los testigos,BnF_110_09,Alba,bnf_110
1857,Llama 3.3 70B · 12 000 TPM,Abreviaturas,No sub-rule assigned,traído dicho,1,1,1,1,0.02352553697038135,False,traído dicho,BnF_104_3,Alba,bnf_104
1858,Llama 3.3 70B · 12 000 TPM,Abreviaturas,No sub-rule assigned,trozo,1,1,1,1,0.02352553697038135,False,trozo,BnF_110_33,Alba,bnf_110
1859,Llama 3.3 70B · 12 000 TPM,Abreviaturas,No sub-rule assigned,turall,1,1,1,1,0.02352553697038135,False,turall,BnF_118_03,Paloma,bnf_118
1860,Llama 3.3 70B · 12 000 TPM,Abreviaturas,No sub-rule assigned,v.,1,1,1,1,0.02352553697038135,False,V.,BnF_118_06,Edna,bnf_118
1861,Llama 3.3 70B · 12 000 TPM,Abreviaturas,No sub-rule assigned,v. r.,1,1,1,1,0.02352553697038135,False,V. R.,BnF_174_04,Paloma,bnf_174
1862,Llama 3.3 70B · 12 000 TPM,Acentuación,No sub-rule assigned,abra,1,1,1,1,0.02352553697038135,False,abra,Mechoacan_Yurirapundaro_2,Arturo,mechoacan_yurirapundaro
1863,Llama 3.3 70B · 12 000 TPM,Acentuación,No sub-rule assigned,afirmo,1,1,1,1,0.02352553697038135,False,afirmo,BnF_113_25,Flor,bnf_113
1864,Llama 3.3 70B · 12 000 TPM,Acentuación,No sub-rule assigned,aleman,1,1,1,1,0.02352553697038135,False,Aleman,AGN_GralParte_v006_exp617_02,Rodrigo,agn_gralparte
1865,Llama 3.3 70B · 12 000 TPM,Acentuación,No sub-rule assigned,"ana caso,",1,1,1,1,0.02352553697038135,False,"Ana Caso,",BnF_243_12,Arturo,bnf_243
1866,Llama 3.3 70B · 12 000 TPM,Acentuación,No sub-rule assigned,angeles,1,1,1,1,0.02352553697038135,False,angeles,BnF_267_23,Paco,bnf_267
1867,Llama 3.3 70B · 12 000 TPM,Acentuación,No sub-rule assigned,areglando,1,1,1,1,0.02352553697038135,False,areglando,UIA_Ms149_Exp3_04,Alba,uia_ms149
1868,Llama 3.3 70B · 12 000 TPM,Acentuación,No sub-rule assigned,asi,1,1,1,1,0.02352553697038135,False,asi,BnF_244_05,Edna,bnf_244
1869,Llama 3.3 70B · 12 000 TPM,Acentuación,No sub-rule assigned,capitan,1,1,1,1,0.02352553697038135,False,Capitan,BnF_174_03,Arturo,bnf_174
1870,Llama 3.3 70B · 12 000 TPM,Acentuación,No sub-rule assigned,cargo,1,1,1,1,0.02352553697038135,False,cargo,BnF_266_03,Rodrigo,bnf_266
1871,Llama 3.3 70B · 12 000 TPM,Acentuación,No sub-rule assigned,coyuacán,1,1,1,1,0.02352553697038135,False,Coyuacán,AGN_HospJesus_c474_leg267-2_exp024_7473-7537_02,Paco,agn_hospjesus
1872,Llama 3.3 70B · 12 000 TPM,Acentuación,No sub-rule assigned,darsele,1,1,1,1,0.02352553697038135,False,darsele,AGI_INDIFERENTE_2065_N45_11,Alba,agi_indiferente
1873,Llama 3.3 70B · 12 000 TPM,Acentuación,No sub-rule assigned,dean,1,1,1,1,0.02352553697038135,False,dean,AGN_Inquisicion_v1568A_exp152_fs115-116v_01,Rodrigo,agn_inquisicion
1874,Llama 3.3 70B · 12 000 TPM,Acentuación,No sub-rule assigned,desvios,1,1,1,1,0.02352553697038135,False,desvios,AGI_INDIFERENTE_1529_N8_06,Rodrigo,agi_indiferente
1875,Llama 3.3 70B · 12 000 TPM,Acentuación,No sub-rule assigned,"efecto, cambio",1,1,1,1,0.02352553697038135,False,"efecto, cambio",BnF_174_03,Arturo,bnf_174
1876,Llama 3.3 70B · 12 000 TPM,Acentuación,No sub-rule assigned,enrriquez,1,1,1,1,0.02352553697038135,False,Enrriquez,BnF_119-148_18,Arturo,bnf_119-148
1877,Llama 3.3 70B · 12 000 TPM,Acentuación,No sub-rule assigned,entendi,1,1,1,1,0.02352553697038135,False,Entendi,BnF_118_08,Arturo,bnf_118
1878,Llama 3.3 70B · 12 000 TPM,Acentuación,No sub-rule assigned,esta,1,1,1,1,0.02352553697038135,False,esta,BnF_118_03,Paloma,bnf_118
1879,Llama 3.3 70B · 12 000 TPM,Acentuación,No sub-rule assigned,expreso,1,1,1,1,0.02352553697038135,False,expreso,AGN_Tierras_v2963_exp059_24,Paco,agn_tierras
1880,Llama 3.3 70B · 12 000 TPM,Acentuación,No sub-rule assigned,firmo,1,1,1,1,0.02352553697038135,False,firmo,AGN_AHHacienda_v268_exp046_03,Arturo,agn_ahhacienda
1881,Llama 3.3 70B · 12 000 TPM,Acentuación,No sub-rule assigned,firmólo,1,1,1,1,0.02352553697038135,False,firmólo,AGI_INDIFERENTE_2065_N45_11,Alba,agi_indiferente
1882,Llama 3.3 70B · 12 000 TPM,Acentuación,No sub-rule assigned,frio,1,1,1,1,0.02352553697038135,False,frio,AGI_CONTRATACION_1089_N8_151,Paco,agi_contratacion
1883,Llama 3.3 70B · 12 000 TPM,Acentuación,No sub-rule assigned,herede,1,1,1,1,0.02352553697038135,False,herede,BnF_244_04,Edna,bnf_244
1884,Llama 3.3 70B · 12 000 TPM,Acentuación,No sub-rule assigned,hizose,1,1,1,1,0.02352553697038135,False,Hizose,BnF_110_09,Alba,bnf_110
1885,Llama 3.3 70B · 12 000 TPM,Acentuación,No sub-rule assigned,lease,1,1,1,1,0.02352553697038135,False,lease,BnF_117_14,Alba,bnf_117
1886,Llama 3.3 70B · 12 000 TPM,Acentuación,No sub-rule assigned,mando,1,1,1,1,0.02352553697038135,False,mando,AGN_GralParte_v006_exp617_02,Rodrigo,agn_gralparte
1887,Llama 3.3 70B · 12 000 TPM,Acentuación,No sub-rule assigned,mandó,1,1,1,1,0.02352553697038135,False,mandó,AGN_GralParte_v006_exp617_02,Rodrigo,agn_gralparte
1888,Llama 3.3 70B · 12 000 TPM,Acentuación,No sub-rule assigned,mexico,1,1,1,1,0.02352553697038135,False,mexico,AGI_CONTRATACION_1089_N8_151,Paco,agi_contratacion
1889,Llama 3.3 70B · 12 000 TPM,Acentuación,No sub-rule assigned,mi,1,1,1,1,0.02352553697038135,False,mi,BnF_174_03,Arturo,bnf_174
1890,Llama 3.3 70B · 12 000 TPM,Acentuación,No sub-rule assigned,mi alonso,1,1,1,1,0.02352553697038135,False,mi Alonso,AGN_AHHacienda_v268_exp046_03,Arturo,agn_ahhacienda
1891,Llama 3.3 70B · 12 000 TPM,Acentuación,No sub-rule assigned,otorgue,1,1,1,1,0.02352553697038135,False,otorgue,AGN_Tierras_v039-2_exp003_41,Flor,agn_tierras
1892,Llama 3.3 70B · 12 000 TPM,Acentuación,No sub-rule assigned,oyelo,1,1,1,1,0.02352553697038135,False,Oyelo,BnF_110_09,Alba,bnf_110
1893,Llama 3.3 70B · 12 000 TPM,Acentuación,No sub-rule assigned,parlo,1,1,1,1,0.02352553697038135,False,parlo,BnF_266_03,Rodrigo,bnf_266
1894,Llama 3.3 70B · 12 000 TPM,Acentuación,No sub-rule assigned,parvulos,1,1,1,1,0.02352553697038135,False,parvulos,BnF_174_03,Arturo,bnf_174
1895,Llama 3.3 70B · 12 000 TPM,Acentuación,No sub-rule assigned,paso,1,1,1,1,0.02352553697038135,False,paso,BnF_032_39,Paloma,bnf_032
1896,Llama 3.3 70B · 12 000 TPM,Acentuación,No sub-rule assigned,pimeria,1,1,1,1,0.02352553697038135,False,pimeria,BnF_174_03,Arturo,bnf_174
1897,Llama 3.3 70B · 12 000 TPM,Acentuación,No sub-rule assigned,ratifico,1,1,1,1,0.02352553697038135,False,ratifico,BnF_113_25,Flor,bnf_113
1898,Llama 3.3 70B · 12 000 TPM,Acentuación,No sub-rule assigned,renuncio,1,1,1,1,0.02352553697038135,False,Renuncio,AGN_AHHacienda_v268_exp046_03,Arturo,agn_ahhacienda
1899,Llama 3.3 70B · 12 000 TPM,Acentuación,No sub-rule assigned,rio,1,1,1,1,0.02352553697038135,False,rio,AGI_CONTRATACION_1089_N8_151,Paco,agi_contratacion
1900,Llama 3.3 70B · 12 000 TPM,Acentuación,No sub-rule assigned,rios,1,1,1,1,0.02352553697038135,False,rios,AGI_CONTRATACION_1089_N8_151,Paco,agi_contratacion
1901,Llama 3.3 70B · 12 000 TPM,Acentuación,No sub-rule assigned,sevastian,1,1,1,1,0.02352553697038135,False,Sevastian,AGI_CONTRATACION_1089_N8_176,Flor,agi_contratacion
1902,Llama 3.3 70B · 12 000 TPM,Acentuación,No sub-rule assigned,señorio,1,1,1,1,0.02352553697038135,False,Señorio,BnF_244_05,Edna,bnf_244
1903,Llama 3.3 70B · 12 000 TPM,Acentuación,No sub-rule assigned,tenia,1,1,1,1,0.02352553697038135,False,tenia,BnF_244_05,Edna,bnf_244
1904,Llama 3.3 70B · 12 000 TPM,Acentuación,No sub-rule assigned,trato,1,1,1,1,0.02352553697038135,False,trato,BnF_110_33,Alba,bnf_110
1905,Llama 3.3 70B · 12 000 TPM,Acentuación,No sub-rule assigned,vide,1,1,1,1,0.02352553697038135,False,vide,BnF_266_03,Rodrigo,bnf_266
1906,Llama 3.3 70B · 12 000 TPM,Acentuación,No sub-rule assigned,vio,1,1,1,1,0.02352553697038135,False,vio,BnF_266_03,Rodrigo,bnf_266
1907,Llama 3.3 70B · 12 000 TPM,Acentuación,No sub-rule assigned,yran,1,1,1,1,0.02352553697038135,False,yran,AGI_CONTRATACION_1089_N8_151,Paco,agi_contratacion
1908,Llama 3.3 70B · 12 000 TPM,Cambios,Deleción,1585. estos,1,1,1,1,0.02352553697038135,False,1585. Estos,BnF_116_08,Adriana,bnf_116
1909,Llama 3.3 70B · 12 000 TPM,Cambios,Deleción,1598. los,1,1,1,1,0.02352553697038135,False,1598. Los,BnF_243_18,Adriana,bnf_243
1910,Llama 3.3 70B · 12 000 TPM,Cambios,Deleción,1698.,1,1,1,1,0.02352553697038135,False,1698.,BnF_174_04,Paloma,bnf_174
1911,Llama 3.3 70B · 12 000 TPM,Cambios,Deleción,a las,1,1,1,1,0.02352553697038135,False,a las,BnF_264_12,Edna,bnf_264
1912,Llama 3.3 70B · 12 000 TPM,Cambios,Deleción,a mis,1,1,1,1,0.02352553697038135,False,a mis,BnF_243_16,Rodrigo,bnf_243
1913,Llama 3.3 70B · 12 000 TPM,Cambios,Deleción,a ver,1,1,1,1,0.02352553697038135,False,a ver,utblac_gg_mss_g62_duplicated_09,Flor,utblac_gg
1914,Llama 3.3 70B · 12 000 TPM,Cambios,Deleción,"adán,",1,1,1,1,0.02352553697038135,False,"Adán,",BnF_174_04,Paloma,bnf_174
1915,Llama 3.3 70B · 12 000 TPM,Cambios,Deleción,agustín,1,1,1,1,0.02352553697038135,False,Agustín,AGN_HospJesus_c474_leg267-2_exp024_7473-7537_10,Arturo,agn_hospjesus
1916,Llama 3.3 70B · 12 000 TPM,Cambios,Deleción,ai,1,1,1,1,0.02352553697038135,False,ai,BnF_264_12,Edna,bnf_264
1917,Llama 3.3 70B · 12 000 TPM,Cambios,Deleción,alcalde de,1,1,1,1,0.02352553697038135,False,alcalde de,utblac_gg_mss_g62_duplicated_09,Flor,utblac_gg
1918,Llama 3.3 70B · 12 000 TPM,Cambios,Deleción,alguna. en,1,1,1,1,0.02352553697038135,False,alguna. En,AGN_GralParte_v006_exp617_02,Rodrigo,agn_gralparte
1919,Llama 3.3 70B · 12 000 TPM,Cambios,Deleción,ante el,1,1,1,1,0.02352553697038135,False,ante el,BnF_075_035,Arturo,bnf_075
1920,Llama 3.3 70B · 12 000 TPM,Cambios,Deleción,anterior,1,1,1,1,0.02352553697038135,False,anterior,BnF_394_07,Rodrigo,bnf_394
1921,Llama 3.3 70B · 12 000 TPM,Cambios,Deleción,antes.,1,1,1,1,0.02352553697038135,False,antes.,Mechoacan_Yurirapundaro_2,Arturo,mechoacan_yurirapundaro
1922,Llama 3.3 70B · 12 000 TPM,Cambios,Deleción,antiguamente hubo,1,1,1,1,0.02352553697038135,False,antiguamente hubo,BnF_264_02,Paloma,bnf_264
1923,Llama 3.3 70B · 12 000 TPM,Cambios,Deleción,"apostólica, a",1,1,1,1,0.02352553697038135,False,"apostólica, a",utblac_wbs_0912a_duplicated,Arturo,utblac_wbs
1924,Llama 3.3 70B · 12 000 TPM,Cambios,Deleción,areglando,1,1,1,1,0.02352553697038135,False,areglando,UIA_Ms149_Exp3_04,Alba,uia_ms149
1925,Llama 3.3 70B · 12 000 TPM,Cambios,Deleción,asiento,1,1,1,1,0.02352553697038135,False,asiento,BnF_032_33,Adriana,bnf_032
1926,Llama 3.3 70B · 12 000 TPM,Cambios,Deleción,así dicen,1,1,1,1,0.02352553697038135,False,así dicen,BnF_264_02,Paloma,bnf_264
1927,Llama 3.3 70B · 12 000 TPM,Cambios,Deleción,atreva,1,1,1,1,0.02352553697038135,False,atreva,BnF_119-148_33,Paloma,bnf_119-148
1928,Llama 3.3 70B · 12 000 TPM,Cambios,Deleción,autos,1,1,1,1,0.02352553697038135,False,Autos,BnF_118_02,Rodrigo,bnf_118
1929,Llama 3.3 70B · 12 000 TPM,Cambios,Deleción,"ayauztenco, lo",1,1,1,1,0.02352553697038135,False,"Ayauztenco, lo",BnF_110_09,Alba,bnf_110
1930,Llama 3.3 70B · 12 000 TPM,Cambios,Deleción,"azevedo, saque",1,1,1,1,0.02352553697038135,False,"Azevedo, saque",utblac_eog_wbs_procesal_sample_01_10,Javier,utblac_eog
1931,Llama 3.3 70B · 12 000 TPM,Cambios,Deleción,año. 8a.,1,1,1,1,0.02352553697038135,False,año. 8a.,AGS_CE_RG_L379_04,Rodrigo,ags_ce
1932,Llama 3.3 70B · 12 000 TPM,Cambios,Deleción,año. juan,1,1,1,1,0.02352553697038135,False,año. Juan,AGI_CONTRATACION_1089_N8_176,Flor,agi_contratacion
1933,Llama 3.3 70B · 12 000 TPM,Cambios,Deleción,bajar,1,1,1,1,0.02352553697038135,False,bajar,BnF_266_07,Paco,bnf_266
1934,Llama 3.3 70B · 12 000 TPM,Cambios,Deleción,benito,1,1,1,1,0.02352553697038135,False,Benito,AGI_CONTRATACION_1089_N8_176,Flor,agi_contratacion
1935,Llama 3.3 70B · 12 000 TPM,Cambios,Deleción,bien les,1,1,1,1,0.02352553697038135,False,bien les,AGN_HospJesus_c474_leg267-2_exp024_7473-7537_05,Rodrigo,agn_hospjesus
1936,Llama 3.3 70B · 12 000 TPM,Cambios,Deleción,bulas,1,1,1,1,0.02352553697038135,False,bulas,BnF_394_07,Rodrigo,bnf_394
1937,Llama 3.3 70B · 12 000 TPM,Cambios,Deleción,cada señor,1,1,1,1,0.02352553697038135,False,cada señor,BnF_264_12,Edna,bnf_264
1938,Llama 3.3 70B · 12 000 TPM,Cambios,Deleción,cansados y sedientos,1,1,1,1,0.02352553697038135,False,cansados y sedientos,BnF_266_05,Adriana,bnf_266
1939,Llama 3.3 70B · 12 000 TPM,Cambios,Deleción,capítulo,1,1,1,1,0.02352553697038135,False,capítulo,utblac_JGI_XXIII-09_Amula_25,Rodrigo,utblac_jgi
1940,Llama 3.3 70B · 12 000 TPM,Cambios,Deleción,"caridad, y",1,1,1,1,0.02352553697038135,False,"Caridad, y",BnF_174_03,Arturo,bnf_174
1941,Llama 3.3 70B · 12 000 TPM,Cambios,Deleción,"casas, estancias",1,1,1,1,0.02352553697038135,False,"casas, estancias",AGN_HospJesus_c474_leg267-2_exp024_7473-7537_02,Paco,agn_hospjesus
1942,Llama 3.3 70B · 12 000 TPM,Cambios,Deleción,chimal,1,1,1,1,0.02352553697038135,False,Chimal,BnF_111_21,Flor,bnf_111
1943,Llama 3.3 70B · 12 000 TPM,Cambios,Deleción,chusma,1,1,1,1,0.02352553697038135,False,chusma,BP_CM_R494_156_2,Javier,bp_cm
1944,Llama 3.3 70B · 12 000 TPM,Cambios,Deleción,ciento once,1,1,1,1,0.02352553697038135,False,ciento once,BnF_030_22,Paco,bnf_030
1945,Llama 3.3 70B · 12 000 TPM,Cambios,Deleción,"citado, de",1,1,1,1,0.02352553697038135,False,"citado, de",BnF_264_12,Edna,bnf_264
1946,Llama 3.3 70B · 12 000 TPM,Cambios,Deleción,ciudad. la,1,1,1,1,0.02352553697038135,False,ciudad. La,utblac_gg_mss_g62_duplicated_03,Flor,utblac_gg
1947,Llama 3.3 70B · 12 000 TPM,Cambios,Deleción,color sino,1,1,1,1,0.02352553697038135,False,color sino,BnF_167_29,Adriana,bnf_167
1948,Llama 3.3 70B · 12 000 TPM,Cambios,Deleción,como de causa,1,1,1,1,0.02352553697038135,False,como de causa,AGN_AHHacienda_v268_exp046_02,Paloma,agn_ahhacienda
1949,Llama 3.3 70B · 12 000 TPM,Cambios,Deleción,comprendidas,1,1,1,1,0.02352553697038135,False,comprendidas,UIA_Ms149_Exp3_43,Paco,uia_ms149
1950,Llama 3.3 70B · 12 000 TPM,Cambios,Deleción,concedían veinte,1,1,1,1,0.02352553697038135,False,concedían veinte,BnF_117_13,Paco,bnf_117
1951,Llama 3.3 70B · 12 000 TPM,Cambios,Deleción,conoce,1,1,1,1,0.02352553697038135,False,conoce,BnF_266_07,Paco,bnf_266
1952,Llama 3.3 70B · 12 000 TPM,Cambios,Deleción,consentían que,1,1,1,1,0.02352553697038135,False,consentían que,BnF_266_10,Flor,bnf_266
1953,Llama 3.3 70B · 12 000 TPM,Cambios,Deleción,consta en la escritura,1,1,1,1,0.02352553697038135,False,consta en la escritura,BnF_243_18,Adriana,bnf_243
1954,Llama 3.3 70B · 12 000 TPM,Cambios,Deleción,constituye fiador,1,1,1,1,0.02352553697038135,False,constituye fiador,AGN_IndiferenteVirreinal_caja4071_exp024_1,Rodrigo,agn_indiferentevirreinal
1955,Llama 3.3 70B · 12 000 TPM,Cambios,Deleción,contamos,1,1,1,1,0.02352553697038135,False,contamos,BnF_266_10,Flor,bnf_266
1956,Llama 3.3 70B · 12 000 TPM,Cambios,Deleción,contenido,1,1,1,1,0.02352553697038135,False,contenido,AGN_HospJesus_c474_leg267-2_exp024_7473-7537_05,Rodrigo,agn_hospjesus
1957,Llama 3.3 70B · 12 000 TPM,Cambios,Deleción,corregidor,1,1,1,1,0.02352553697038135,False,corregidor,AGN_AHHacienda_v268_exp046_02,Paloma,agn_ahhacienda
1958,Llama 3.3 70B · 12 000 TPM,Cambios,Deleción,cosa,1,1,1,1,0.02352553697038135,False,cosa,utblac_wbs_1433_duplicated_1,Rodrigo,utblac_wbs
1959,Llama 3.3 70B · 12 000 TPM,Cambios,Deleción,cosas.,1,1,1,1,0.02352553697038135,False,cosas.,BnF_167_03,Javier,bnf_167
1960,Llama 3.3 70B · 12 000 TPM,Cambios,Deleción,cristiana,1,1,1,1,0.02352553697038135,False,Cristiana,BnF_174_03,Arturo,bnf_174
1961,Llama 3.3 70B · 12 000 TPM,Cambios,Deleción,cual en la segunda parte,1,1,1,1,0.02352553697038135,False,cual en la segunda parte,BnF_264_03,Adriana,bnf_264
1962,Llama 3.3 70B · 12 000 TPM,Cambios,Deleción,cualquier,1,1,1,1,0.02352553697038135,False,cualquier,BnF_118_03,Paloma,bnf_118
1963,Llama 3.3 70B · 12 000 TPM,Cambios,Deleción,cuando la,1,1,1,1,0.02352553697038135,False,cuando la,BnF_266_05,Adriana,bnf_266
1964,Llama 3.3 70B · 12 000 TPM,Cambios,Deleción,cumplieron,1,1,1,1,0.02352553697038135,False,cumplieron,utblac_wbs_1433_duplicated_1,Rodrigo,utblac_wbs
1965,Llama 3.3 70B · 12 000 TPM,Cambios,Deleción,córdoba. por,1,1,1,1,0.02352553697038135,False,Córdoba. Por,AGN_Indios_v009_exp002_fs3v-4_01,Arturo,agn_indios
1966,Llama 3.3 70B · 12 000 TPM,Cambios,Deleción,de dos,1,1,1,1,0.02352553697038135,False,de dos,BnF_266_06,Adriana,bnf_266
1967,Llama 3.3 70B · 12 000 TPM,Cambios,Deleción,de ellos con,1,1,1,1,0.02352553697038135,False,de ellos con,BnF_266_05,Adriana,bnf_266
1968,Llama 3.3 70B · 12 000 TPM,Cambios,Deleción,"de ellos, los",1,1,1,1,0.02352553697038135,False,"de ellos, los",AGN_Inquisicion_v1568A_exp152_fs115-116v_01,Rodrigo,agn_inquisicion
1969,Llama 3.3 70B · 12 000 TPM,Cambios,Deleción,de hacer,1,1,1,1,0.02352553697038135,False,de hacer,BnF_112_08,Paloma,bnf_112
1970,Llama 3.3 70B · 12 000 TPM,Cambios,Deleción,de la cruz,1,1,1,1,0.02352553697038135,False,de la cruz,BnF_075_003,Adriana,bnf_075
1971,Llama 3.3 70B · 12 000 TPM,Cambios,Deleción,de la madera,1,1,1,1,0.02352553697038135,False,de la madera,BP_CM_R494_156_2,Javier,bp_cm
1972,Llama 3.3 70B · 12 000 TPM,Cambios,Deleción,de nava,1,1,1,1,0.02352553697038135,False,de Nava,BnF_075_003,Adriana,bnf_075
1973,Llama 3.3 70B · 12 000 TPM,Cambios,Deleción,de nuestra,1,1,1,1,0.02352553697038135,False,de nuestra,BnF_119-148_24,Adriana,bnf_119-148
1974,Llama 3.3 70B · 12 000 TPM,Cambios,Deleción,de tres,1,1,1,1,0.02352553697038135,False,de tres,BnF_266_06,Adriana,bnf_266
1975,Llama 3.3 70B · 12 000 TPM,Cambios,Deleción,de veracruz,1,1,1,1,0.02352553697038135,False,de Veracruz,utblac_gg_mss_g62_duplicated_09,Flor,utblac_gg
1976,Llama 3.3 70B · 12 000 TPM,Cambios,Deleción,"del, el",1,1,1,1,0.02352553697038135,False,"del, el",BnF_243_16,Rodrigo,bnf_243
1977,Llama 3.3 70B · 12 000 TPM,Cambios,Deleción,"demás, con",1,1,1,1,0.02352553697038135,False,"demás, con",BnF_266_06,Adriana,bnf_266
1978,Llama 3.3 70B · 12 000 TPM,Cambios,Deleción,depende,1,1,1,1,0.02352553697038135,False,depende,BnF_112_08,Paloma,bnf_112
1979,Llama 3.3 70B · 12 000 TPM,Cambios,Deleción,"derecho, bien",1,1,1,1,0.02352553697038135,False,"derecho, bien",BnF_032_39,Paloma,bnf_032
1980,Llama 3.3 70B · 12 000 TPM,Cambios,Deleción,"derecho, siendo",1,1,1,1,0.02352553697038135,False,"derecho, siendo",BnF_032_33,Adriana,bnf_032
1981,Llama 3.3 70B · 12 000 TPM,Cambios,Deleción,desistiendo,1,1,1,1,0.02352553697038135,False,desistiendo,UIA_Ms149_Exp3_43,Paco,uia_ms149
1982,Llama 3.3 70B · 12 000 TPM,Cambios,Deleción,"desta, para",1,1,1,1,0.02352553697038135,False,"desta, para",AGN_AHHacienda_v268_exp046_03,Arturo,agn_ahhacienda
1983,Llama 3.3 70B · 12 000 TPM,Cambios,Deleción,dieciocho,1,1,1,1,0.02352553697038135,False,dieciocho,BnF_030_22,Paco,bnf_030
1984,Llama 3.3 70B · 12 000 TPM,Cambios,Deleción,digo,1,1,1,1,0.02352553697038135,False,digo,BnF_032_23,Arturo,bnf_032
1985,Llama 3.3 70B · 12 000 TPM,Cambios,Deleción,digo que baltasar,1,1,1,1,0.02352553697038135,False,digo que Baltasar,BnF_110_09,Alba,bnf_110
1986,Llama 3.3 70B · 12 000 TPM,Cambios,Deleción,discípulo en,1,1,1,1,0.02352553697038135,False,discípulo en,BnF_264_12,Edna,bnf_264
1987,Llama 3.3 70B · 12 000 TPM,Cambios,Deleción,dueños,1,1,1,1,0.02352553697038135,False,dueños,BnF_119-148_33,Paloma,bnf_119-148
1988,Llama 3.3 70B · 12 000 TPM,Cambios,Deleción,el amor,1,1,1,1,0.02352553697038135,False,el amor,BnF_264_12,Edna,bnf_264
1989,Llama 3.3 70B · 12 000 TPM,Cambios,Deleción,el testigo,1,1,1,1,0.02352553697038135,False,el testigo,UIA_Ms149_Exp3_31,Alba,uia_ms149
1990,Llama 3.3 70B · 12 000 TPM,Cambios,Deleción,ello,1,1,1,1,0.02352553697038135,False,ello,BnF_118_05,Alba,bnf_118
1991,Llama 3.3 70B · 12 000 TPM,Cambios,Deleción,en,1,1,1,1,0.02352553697038135,False,En,UIA_Ms149_Exp2_51,Arturo,uia_ms149
1992,Llama 3.3 70B · 12 000 TPM,Cambios,Deleción,en la,1,1,1,1,0.02352553697038135,False,En la,BnF_104_3,Alba,bnf_104
1993,Llama 3.3 70B · 12 000 TPM,Cambios,Deleción,encarnación del hijo de dios,1,1,1,1,0.02352553697038135,False,encarnación del Hijo de Dios,BnF_264_03,Adriana,bnf_264
1994,Llama 3.3 70B · 12 000 TPM,Cambios,Deleción,"enríquez, virrey",1,1,1,1,0.02352553697038135,False,"Enríquez, virrey",BnF_119-148_16,Flor,bnf_119-148
1995,Llama 3.3 70B · 12 000 TPM,Cambios,Deleción,entendimos,1,1,1,1,0.02352553697038135,False,entendimos,utblac_wbs_1433_duplicated_1,Rodrigo,utblac_wbs
1996,Llama 3.3 70B · 12 000 TPM,Cambios,Deleción,es que,1,1,1,1,0.02352553697038135,False,es que,utblac_wbs_1433_duplicated_1,Rodrigo,utblac_wbs
1997,Llama 3.3 70B · 12 000 TPM,Cambios,Deleción,escrito,1,1,1,1,0.02352553697038135,False,Escrito,BnF_118_03,Paloma,bnf_118
1998,Llama 3.3 70B · 12 000 TPM,Cambios,Deleción,estas,1,1,1,1,0.02352553697038135,False,estas,AGI_INDIFERENTE_1529_N36_07,Rodrigo,agi_indiferente
1999,Llama 3.3 70B · 12 000 TPM,Cambios,Deleción,estas gentes,1,1,1,1,0.02352553697038135,False,estas gentes,BnF_264_03,Adriana,bnf_264
2000,Llama 3.3 70B · 12 000 TPM,Cambios,Deleción,estas minas,1,1,1,1,0.02352553697038135,False,estas minas,AGI_INDIFERENTE_1529_N36_07,Rodrigo,agi_indiferente
2001,Llama 3.3 70B · 12 000 TPM,Cambios,Deleción,"esto,",1,1,1,1,0.02352553697038135,False,"esto,",BnF_075_026,Arturo,bnf_075
2002,Llama 3.3 70B · 12 000 TPM,Cambios,Deleción,"estoy, con",1,1,1,1,0.02352553697038135,False,"estoy, con",BnF_110_09,Alba,bnf_110
2003,Llama 3.3 70B · 12 000 TPM,Cambios,Deleción,está la,1,1,1,1,0.02352553697038135,False,está la,BnF_266_07,Paco,bnf_266
2004,Llama 3.3 70B · 12 000 TPM,Cambios,Deleción,expoual,1,1,1,1,0.02352553697038135,False,Expoual,UIA_Ms149_Exp2_51,Arturo,uia_ms149
2005,Llama 3.3 70B · 12 000 TPM,Cambios,Deleción,extinguida. cundieron,1,1,1,1,0.02352553697038135,False,extinguida. Cundieron,BnF_264_12,Edna,bnf_264
2006,Llama 3.3 70B · 12 000 TPM,Cambios,Deleción,frailes,1,1,1,1,0.02352553697038135,False,frailes,BnF_113_43,Paloma,bnf_113
2007,Llama 3.3 70B · 12 000 TPM,Cambios,Deleción,fue justo,1,1,1,1,0.02352553697038135,False,fue justo,BnF_264_12,Edna,bnf_264
2008,Llama 3.3 70B · 12 000 TPM,Cambios,Deleción,fuisteis a,1,1,1,1,0.02352553697038135,False,fuisteis a,UIA_Ms149_Exp2_51,Arturo,uia_ms149
2009,Llama 3.3 70B · 12 000 TPM,Cambios,Deleción,"garcía,",1,1,1,1,0.02352553697038135,False,"García,",AGI_INDIFERENTE_2065_N45_11,Alba,agi_indiferente
2010,Llama 3.3 70B · 12 000 TPM,Cambios,Deleción,guamustitlan,1,1,1,1,0.02352553697038135,False,Guamustitlan,AGN_RealesCedDup_v003_exp334,Alba,agn_realesceddup
2011,Llama 3.3 70B · 12 000 TPM,Cambios,Deleción,habiéndolo como deuda,1,1,1,1,0.02352553697038135,False,habiéndolo como deuda,AGN_IndiferenteVirreinal_caja4071_exp024_1,Rodrigo,agn_indiferentevirreinal
2012,Llama 3.3 70B · 12 000 TPM,Cambios,Deleción,había minas,1,1,1,1,0.02352553697038135,False,había minas,BnF_264_12,Edna,bnf_264
2013,Llama 3.3 70B · 12 000 TPM,Cambios,Deleción,hacer agua,1,1,1,1,0.02352553697038135,False,hacer agua,BP_CM_R494_156_2,Javier,bp_cm
2014,Llama 3.3 70B · 12 000 TPM,Cambios,Deleción,hasta,1,1,1,1,0.02352553697038135,False,hasta,AGN_HospJesus_c474_leg267-2_exp024_7473-7537_02,Paco,agn_hospjesus
2015,Llama 3.3 70B · 12 000 TPM,Cambios,Deleción,hecho,1,1,1,1,0.02352553697038135,False,hecho,BnF_112_08,Paloma,bnf_112
2016,Llama 3.3 70B · 12 000 TPM,Cambios,Deleción,herejía,1,1,1,1,0.02352553697038135,False,herejía,utblac_gg_mss_g62_duplicated_09,Flor,utblac_gg
2017,Llama 3.3 70B · 12 000 TPM,Cambios,Deleción,"idolatraban, y la piedra",1,1,1,1,0.02352553697038135,False,"idolatraban, y la piedra",BnF_264_12,Edna,bnf_264
2018,Llama 3.3 70B · 12 000 TPM,Cambios,Deleción,inquirir,1,1,1,1,0.02352553697038135,False,inquirir,BnF_112_08,Paloma,bnf_112
2019,Llama 3.3 70B · 12 000 TPM,Cambios,Deleción,instrucción,1,1,1,1,0.02352553697038135,False,instrucción,AGN_RealesCedDup_v016_exp515,Alba,agn_realesceddup
2020,Llama 3.3 70B · 12 000 TPM,Cambios,Deleción,"intérprete, que",1,1,1,1,0.02352553697038135,False,"intérprete, que",BnF_113_43,Paloma,bnf_113
2021,Llama 3.3 70B · 12 000 TPM,Cambios,Deleción,josé,1,1,1,1,0.02352553697038135,False,José,AGN_AHHacienda_v268_exp046_03,Arturo,agn_ahhacienda
2022,Llama 3.3 70B · 12 000 TPM,Cambios,Deleción,jurisdicción se,1,1,1,1,0.02352553697038135,False,jurisdicción se,LoC_HPKraus_146_new_13,Paco,loc_hpkraus
2023,Llama 3.3 70B · 12 000 TPM,Cambios,Deleción,la corte,1,1,1,1,0.02352553697038135,False,la Corte,BnF_032_39,Paloma,bnf_032
2024,Llama 3.3 70B · 12 000 TPM,Cambios,Deleción,"la nariz,",1,1,1,1,0.02352553697038135,False,"la nariz,",BnF_264_12,Edna,bnf_264
2025,Llama 3.3 70B · 12 000 TPM,Cambios,Deleción,le hechizó,1,1,1,1,0.02352553697038135,False,le hechizó,utblac_gg_mss_g62_duplicated_15,Paco,utblac_gg
2026,Llama 3.3 70B · 12 000 TPM,Cambios,Deleción,leyes no vale,1,1,1,1,0.02352553697038135,False,leyes no vale,LoC_HPKraus_146_new_13,Paco,loc_hpkraus
2027,Llama 3.3 70B · 12 000 TPM,Cambios,Deleción,llamado hernán,1,1,1,1,0.02352553697038135,False,llamado Hernán,utblac_gg_mss_g62_duplicated_09,Flor,utblac_gg
2028,Llama 3.3 70B · 12 000 TPM,Cambios,Deleción,los totoxius,1,1,1,1,0.02352553697038135,False,los Totoxius,BnF_264_12,Edna,bnf_264
2029,Llama 3.3 70B · 12 000 TPM,Cambios,Deleción,maese que,1,1,1,1,0.02352553697038135,False,maese que,BP_CM_R481_071_2,Adriana,bp_cm
2030,Llama 3.3 70B · 12 000 TPM,Cambios,Deleción,"marca,",1,1,1,1,0.02352553697038135,False,"marca,",BnF_032_39,Paloma,bnf_032
2031,Llama 3.3 70B · 12 000 TPM,Cambios,Deleción,maría quién,1,1,1,1,0.02352553697038135,False,María quién,utblac_gg_mss_g62_duplicated_09,Flor,utblac_gg
2032,Llama 3.3 70B · 12 000 TPM,Cambios,Deleción,"marín, de",1,1,1,1,0.02352553697038135,False,"Marín, de",utblac_gg_mss_g62_duplicated_09,Flor,utblac_gg
2033,Llama 3.3 70B · 12 000 TPM,Cambios,Deleción,mercaderías,1,1,1,1,0.02352553697038135,False,mercaderías,BnF_119-148_16,Flor,bnf_119-148
2034,Llama 3.3 70B · 12 000 TPM,Cambios,Deleción,mil quinientos cuarenta,1,1,1,1,0.02352553697038135,False,mil quinientos cuarenta,AGN_HospJesus_c474_leg267-2_exp024_7473-7537_05,Rodrigo,agn_hospjesus
2035,Llama 3.3 70B · 12 000 TPM,Cambios,Deleción,mil quinientos noventa,1,1,1,1,0.02352553697038135,False,mil quinientos noventa,AGI_CONTRATACION_1089_N8_151,Paco,agi_contratacion
2036,Llama 3.3 70B · 12 000 TPM,Cambios,Deleción,mil quinientos noventa años,1,1,1,1,0.02352553697038135,False,mil quinientos noventa años,BnF_110_13,Adriana,bnf_110
2037,Llama 3.3 70B · 12 000 TPM,Cambios,Deleción,mil seiscientos,1,1,1,1,0.02352553697038135,False,mil seiscientos,AGN_Inquisicion_v1568A_exp152_fs115-116v_01,Rodrigo,agn_inquisicion
2038,Llama 3.3 70B · 12 000 TPM,Cambios,Deleción,mil seiscientos setenta,1,1,1,1,0.02352553697038135,False,mil seiscientos setenta,AGN_IndiferenteVirreinal_caja4071_exp024_1,Rodrigo,agn_indiferentevirreinal
2039,Llama 3.3 70B · 12 000 TPM,Cambios,Deleción,mil seiscientos tres,1,1,1,1,0.02352553697038135,False,mil seiscientos tres,AGN_GralParte_v006_exp617_02,Rodrigo,agn_gralparte
2040,Llama 3.3 70B · 12 000 TPM,Cambios,Deleción,mil y noventa,1,1,1,1,0.02352553697038135,False,mil y noventa,BnF_110_29,Paloma,bnf_110
2041,Llama 3.3 70B · 12 000 TPM,Cambios,Deleción,"miyauatepec, presentado",1,1,1,1,0.02352553697038135,False,"Miyauatepec, presentado",BnF_111_21,Flor,bnf_111
2042,Llama 3.3 70B · 12 000 TPM,Cambios,Deleción,moctezuma,1,1,1,1,0.02352553697038135,False,Moctezuma,BnF_394_07,Rodrigo,bnf_394
2043,Llama 3.3 70B · 12 000 TPM,Cambios,Deleción,mostró un libro,1,1,1,1,0.02352553697038135,False,mostró un libro,BnF_264_12,Edna,bnf_264
2044,Llama 3.3 70B · 12 000 TPM,Cambios,Deleción,mucha,1,1,1,1,0.02352553697038135,False,mucha,AGN_Inquisicion_v1568A_exp152_fs115-116v_01,Rodrigo,agn_inquisicion
2045,Llama 3.3 70B · 12 000 TPM,Cambios,Deleción,"mujer, ni",1,1,1,1,0.02352553697038135,False,"mujer, ni",BnF_032_23,Arturo,bnf_032
2046,Llama 3.3 70B · 12 000 TPM,Cambios,Deleción,méxico la,1,1,1,1,0.02352553697038135,False,México La,utblac_JGI_XXIII-13_Atlatlauhca_03,Flor,utblac_jgi
2047,Llama 3.3 70B · 12 000 TPM,Cambios,Deleción,mí y,1,1,1,1,0.02352553697038135,False,mí y,AGN_AHHacienda_v268_exp046_02,Paloma,agn_ahhacienda
2048,Llama 3.3 70B · 12 000 TPM,Cambios,Deleción,nada. el lunes,1,1,1,1,0.02352553697038135,False,nada. El lunes,BP_CM_R494_156_2,Javier,bp_cm
2049,Llama 3.3 70B · 12 000 TPM,Cambios,Deleción,"naos, por",1,1,1,1,0.02352553697038135,False,"naos, por",AGI_INDIFERENTE_2065_N45_11,Alba,agi_indiferente
2050,Llama 3.3 70B · 12 000 TPM,Cambios,Deleción,nave,1,1,1,1,0.02352553697038135,False,nave,BnF_266_03,Rodrigo,bnf_266
2051,Llama 3.3 70B · 12 000 TPM,Cambios,Deleción,"necesario, ser",1,1,1,1,0.02352553697038135,False,"necesario, ser",BnF_117_03,Arturo,bnf_117
2052,Llama 3.3 70B · 12 000 TPM,Cambios,Deleción,ni siquiera para,1,1,1,1,0.02352553697038135,False,ni siquiera para,BnF_266_05,Adriana,bnf_266
2053,Llama 3.3 70B · 12 000 TPM,Cambios,Deleción,nombre. el,1,1,1,1,0.02352553697038135,False,nombre. El,BnF_394_10,Flor,bnf_394
2054,Llama 3.3 70B · 12 000 TPM,Cambios,Deleción,nos,1,1,1,1,0.02352553697038135,False,nos,BnF_266_10,Flor,bnf_266
2055,Llama 3.3 70B · 12 000 TPM,Cambios,Deleción,nuestros.,1,1,1,1,0.02352553697038135,False,nuestros.,BnF_266_07,Paco,bnf_266
2056,Llama 3.3 70B · 12 000 TPM,Cambios,Deleción,nueva españa,1,1,1,1,0.02352553697038135,False,Nueva España,BnF_264_12,Edna,bnf_264
2057,Llama 3.3 70B · 12 000 TPM,Cambios,Deleción,omitiré,1,1,1,1,0.02352553697038135,False,omitiré,BP_CM_R481_071_2,Adriana,bp_cm
2058,Llama 3.3 70B · 12 000 TPM,Cambios,Deleción,ordinaria. desde,1,1,1,1,0.02352553697038135,False,ordinaria. Desde,BnF_167_25,Paco,bnf_167
2059,Llama 3.3 70B · 12 000 TPM,Cambios,Deleción,otro,1,1,1,1,0.02352553697038135,False,otro,BnF_111_22,Paloma,bnf_111
2060,Llama 3.3 70B · 12 000 TPM,Cambios,Deleción,"para jesús, el testigo",1,1,1,1,0.02352553697038135,False,"Para Jesús, el testigo",UIA_Ms149_Exp3_31,Alba,uia_ms149
2061,Llama 3.3 70B · 12 000 TPM,Cambios,Deleción,pariendo,1,1,1,1,0.02352553697038135,False,pariendo,utblac_wbs_1433_duplicated_1,Rodrigo,utblac_wbs
2062,Llama 3.3 70B · 12 000 TPM,Cambios,Deleción,partes de guatemala,1,1,1,1,0.02352553697038135,False,partes de Guatemala,BnF_264_03,Adriana,bnf_264
2063,Llama 3.3 70B · 12 000 TPM,Cambios,Deleción,pintaban y ponían,1,1,1,1,0.02352553697038135,False,pintaban y ponían,BnF_264_12,Edna,bnf_264
2064,Llama 3.3 70B · 12 000 TPM,Cambios,Deleción,pleito que,1,1,1,1,0.02352553697038135,False,pleito que,BnF_117_13,Paco,bnf_117
2065,Llama 3.3 70B · 12 000 TPM,Cambios,Deleción,por eso,1,1,1,1,0.02352553697038135,False,por eso,BnF_032_23,Arturo,bnf_032
2066,Llama 3.3 70B · 12 000 TPM,Cambios,Deleción,por expedir,1,1,1,1,0.02352553697038135,False,por expedir,UIA_Ms149_Exp3_43,Paco,uia_ms149
2067,Llama 3.3 70B · 12 000 TPM,Cambios,Deleción,por él,1,1,1,1,0.02352553697038135,False,por él,BnF_111_22,Paloma,bnf_111
2068,Llama 3.3 70B · 12 000 TPM,Cambios,Deleción,porque,1,1,1,1,0.02352553697038135,False,porque,AGN_HospJesus_c474_leg267-2_exp024_7473-7537_10,Arturo,agn_hospjesus
2069,Llama 3.3 70B · 12 000 TPM,Cambios,Deleción,"porque, amenazando",1,1,1,1,0.02352553697038135,False,"porque, amenazando",BnF_266_07,Paco,bnf_266
2070,Llama 3.3 70B · 12 000 TPM,Cambios,Deleción,predecesores,1,1,1,1,0.02352553697038135,False,predecesores,AGN_HospJesus_c474_leg267-2_exp024_7473-7537_10,Arturo,agn_hospjesus
2071,Llama 3.3 70B · 12 000 TPM,Cambios,Deleción,primero,1,1,1,1,0.02352553697038135,False,primero,BnF_244_04,Edna,bnf_244
2072,Llama 3.3 70B · 12 000 TPM,Cambios,Deleción,primero de junio,1,1,1,1,0.02352553697038135,False,primero de junio,AGN_AHHacienda_v268_exp046_02,Paloma,agn_ahhacienda
2073,Llama 3.3 70B · 12 000 TPM,Cambios,Deleción,propia,1,1,1,1,0.02352553697038135,False,propia,utblac_wbs_0912a_duplicated,Arturo,utblac_wbs
2074,Llama 3.3 70B · 12 000 TPM,Cambios,Deleción,propia. la,1,1,1,1,0.02352553697038135,False,propia. La,LoC_HPKraus_146_new_13,Paco,loc_hpkraus
2075,Llama 3.3 70B · 12 000 TPM,Cambios,Deleción,prorrogaba la,1,1,1,1,0.02352553697038135,False,prorrogaba la,BnF_118_06,Edna,bnf_118
2076,Llama 3.3 70B · 12 000 TPM,Cambios,Deleción,proveído cumplidamente,1,1,1,1,0.02352553697038135,False,proveído cumplidamente,utblac_wbs_1433_duplicated_1,Rodrigo,utblac_wbs
2077,Llama 3.3 70B · 12 000 TPM,Cambios,Deleción,que aclarasen,1,1,1,1,0.02352553697038135,False,que aclarasen,BnF_032_23,Arturo,bnf_032
2078,Llama 3.3 70B · 12 000 TPM,Cambios,Deleción,que aquellas,1,1,1,1,0.02352553697038135,False,que aquellas,BnF_264_12,Edna,bnf_264
2079,Llama 3.3 70B · 12 000 TPM,Cambios,Deleción,que cuanto,1,1,1,1,0.02352553697038135,False,que cuanto,AGN_IndiferenteVirreinal_caja4071_exp024_1,Rodrigo,agn_indiferentevirreinal
2080,Llama 3.3 70B · 12 000 TPM,Cambios,Deleción,que cupieron,1,1,1,1,0.02352553697038135,False,que cupieron,BnF_266_10,Flor,bnf_266
2081,Llama 3.3 70B · 12 000 TPM,Cambios,Deleción,que el que,1,1,1,1,0.02352553697038135,False,que el que,BP_CM_R481_071_2,Adriana,bp_cm
2082,Llama 3.3 70B · 12 000 TPM,Cambios,Deleción,que en,1,1,1,1,0.02352553697038135,False,que en,UIA_Ms149_Exp2_51,Arturo,uia_ms149
2083,Llama 3.3 70B · 12 000 TPM,Cambios,Deleción,que fueron,1,1,1,1,0.02352553697038135,False,que fueron,BnF_104_3,Alba,bnf_104
2084,Llama 3.3 70B · 12 000 TPM,Cambios,Deleción,que he residido,1,1,1,1,0.02352553697038135,False,que he residido,AGI_INDIFERENTE_1529_N8_06,Rodrigo,agi_indiferente
2085,Llama 3.3 70B · 12 000 TPM,Cambios,Deleción,que os,1,1,1,1,0.02352553697038135,False,que os,BnF_118_08,Arturo,bnf_118
2086,Llama 3.3 70B · 12 000 TPM,Cambios,Deleción,que se,1,1,1,1,0.02352553697038135,False,que se,utblac_JGI_XXIII-13_Atlatlauhca_03,Flor,utblac_jgi
2087,Llama 3.3 70B · 12 000 TPM,Cambios,Deleción,que se las dejó,1,1,1,1,0.02352553697038135,False,que se las dejó,BnF_112_08,Paloma,bnf_112
2088,Llama 3.3 70B · 12 000 TPM,Cambios,Deleción,que también,1,1,1,1,0.02352553697038135,False,que también,BnF_032_23,Arturo,bnf_032
2089,Llama 3.3 70B · 12 000 TPM,Cambios,Deleción,"que, si",1,1,1,1,0.02352553697038135,False,"que, si",AGN_GralParte_v001_exp1020_01,Paloma,agn_gralparte
2090,Llama 3.3 70B · 12 000 TPM,Cambios,Deleción,"ratificó,",1,1,1,1,0.02352553697038135,False,"ratificó,",BnF_075_026,Arturo,bnf_075
2091,Llama 3.3 70B · 12 000 TPM,Cambios,Deleción,refiriendo que,1,1,1,1,0.02352553697038135,False,refiriendo que,BnF_264_12,Edna,bnf_264
2092,Llama 3.3 70B · 12 000 TPM,Cambios,Deleción,"reside, a",1,1,1,1,0.02352553697038135,False,"reside, a",UIA_Ms149_Exp2_51,Arturo,uia_ms149
2093,Llama 3.3 70B · 12 000 TPM,Cambios,Deleción,resistió que,1,1,1,1,0.02352553697038135,False,resistió que,BnF_266_07,Paco,bnf_266
2094,Llama 3.3 70B · 12 000 TPM,Cambios,Deleción,san,1,1,1,1,0.02352553697038135,False,San,UIA_Ms149_Exp2_51,Arturo,uia_ms149
2095,Llama 3.3 70B · 12 000 TPM,Cambios,Deleción,se le hizo,1,1,1,1,0.02352553697038135,False,se le hizo,BnF_075_026,Arturo,bnf_075
2096,Llama 3.3 70B · 12 000 TPM,Cambios,Deleción,se ocupe de,1,1,1,1,0.02352553697038135,False,se ocupe de,BnF_119-148_18,Arturo,bnf_119-148
2097,Llama 3.3 70B · 12 000 TPM,Cambios,Deleción,según en,1,1,1,1,0.02352553697038135,False,según en,BnF_032_39,Paloma,bnf_032
2098,Llama 3.3 70B · 12 000 TPM,Cambios,Deleción,señaló,1,1,1,1,0.02352553697038135,False,Señaló,BnF_266_07,Paco,bnf_266
2099,Llama 3.3 70B · 12 000 TPM,Cambios,Deleción,"señor,",1,1,1,1,0.02352553697038135,False,"Señor,",BP_CM_R481_071_3,Javier,bp_cm
2100,Llama 3.3 70B · 12 000 TPM,Cambios,Deleción,señores se dijo,1,1,1,1,0.02352553697038135,False,señores se dijo,BnF_118_06,Edna,bnf_118
2101,Llama 3.3 70B · 12 000 TPM,Cambios,Deleción,siendo,1,1,1,1,0.02352553697038135,False,siendo,AGN_HospJesus_c474_leg267-2_exp024_7473-7537_10,Arturo,agn_hospjesus
2102,Llama 3.3 70B · 12 000 TPM,Cambios,Deleción,solo.,1,1,1,1,0.02352553697038135,False,solo.,BP_CM_R494_156_2,Javier,bp_cm
2103,Llama 3.3 70B · 12 000 TPM,Cambios,Deleción,subió,1,1,1,1,0.02352553697038135,False,Subió,BnF_266_07,Paco,bnf_266
2104,Llama 3.3 70B · 12 000 TPM,Cambios,Deleción,sucedido,1,1,1,1,0.02352553697038135,False,sucedido,AGN_HospJesus_c474_leg267-2_exp024_7473-7537_10,Arturo,agn_hospjesus
2105,Llama 3.3 70B · 12 000 TPM,Cambios,Deleción,sucesión,1,1,1,1,0.02352553697038135,False,sucesión,AGN_HospJesus_c474_leg267-2_exp024_7473-7537_10,Arturo,agn_hospjesus
2106,Llama 3.3 70B · 12 000 TPM,Cambios,Deleción,susodicho,1,1,1,1,0.02352553697038135,False,susodicho,AGN_HospJesus_c474_leg267-2_exp024_7473-7537_10,Arturo,agn_hospjesus
2107,Llama 3.3 70B · 12 000 TPM,Cambios,Deleción,"también hesperides,",1,1,1,1,0.02352553697038135,False,"también Hesperides,",BnF_264_02,Paloma,bnf_264
2108,Llama 3.3 70B · 12 000 TPM,Cambios,Deleción,tener,1,1,1,1,0.02352553697038135,False,tener,BnF_117_03,Arturo,bnf_117
2109,Llama 3.3 70B · 12 000 TPM,Cambios,Deleción,"teniente, lorenzo",1,1,1,1,0.02352553697038135,False,"teniente, Lorenzo",BnF_032_33,Adriana,bnf_032
2110,Llama 3.3 70B · 12 000 TPM,Cambios,Deleción,teotlalco,1,1,1,1,0.02352553697038135,False,Teotlalco,AGN_RealesCedDup_v003_exp334,Alba,agn_realesceddup
2111,Llama 3.3 70B · 12 000 TPM,Cambios,Deleción,testigo sirvieron,1,1,1,1,0.02352553697038135,False,testigo sirvieron,BnF_394_07,Rodrigo,bnf_394
2112,Llama 3.3 70B · 12 000 TPM,Cambios,Deleción,"toda la nueva españa,",1,1,1,1,0.02352553697038135,False,"toda la Nueva España,",BnF_264_03,Adriana,bnf_264
2113,Llama 3.3 70B · 12 000 TPM,Cambios,Deleción,toparan,1,1,1,1,0.02352553697038135,False,toparan,BnF_266_05,Adriana,bnf_266
2114,Llama 3.3 70B · 12 000 TPM,Cambios,Deleción,traído dicho,1,1,1,1,0.02352553697038135,False,traído dicho,BnF_104_3,Alba,bnf_104
2115,Llama 3.3 70B · 12 000 TPM,Cambios,Deleción,turno salen,1,1,1,1,0.02352553697038135,False,turno salen,AGI_INDIFERENTE_1529_N36_07,Rodrigo,agi_indiferente
2116,Llama 3.3 70B · 12 000 TPM,Cambios,Deleción,un gran,1,1,1,1,0.02352553697038135,False,un gran,utblac_wbs_1433_duplicated_1,Rodrigo,utblac_wbs
2117,Llama 3.3 70B · 12 000 TPM,Cambios,Deleción,un venado,1,1,1,1,0.02352553697038135,False,un venado,BnF_264_12,Edna,bnf_264
2118,Llama 3.3 70B · 12 000 TPM,Cambios,Deleción,valga. para,1,1,1,1,0.02352553697038135,False,valga. Para,LoC_HPKraus_146_new_13,Paco,loc_hpkraus
2119,Llama 3.3 70B · 12 000 TPM,Cambios,Deleción,vedor,1,1,1,1,0.02352553697038135,False,vedor,BnF_119-148_18,Arturo,bnf_119-148
2120,Llama 3.3 70B · 12 000 TPM,Cambios,Deleción,veintidós,1,1,1,1,0.02352553697038135,False,veintidós,AGN_IndiferenteVirreinal_caja4071_exp024_1,Rodrigo,agn_indiferentevirreinal
2121,Llama 3.3 70B · 12 000 TPM,Cambios,Deleción,veras,1,1,1,1,0.02352553697038135,False,veras,BP_CM_R481_071_2,Adriana,bp_cm
2122,Llama 3.3 70B · 12 000 TPM,Cambios,Deleción,vida,1,1,1,1,0.02352553697038135,False,vida,BP_CM_R481_071_3,Javier,bp_cm
2123,Llama 3.3 70B · 12 000 TPM,Cambios,Deleción,vio,1,1,1,1,0.02352553697038135,False,vio,BnF_266_03,Rodrigo,bnf_266
2124,Llama 3.3 70B · 12 000 TPM,Cambios,Deleción,vio que,1,1,1,1,0.02352553697038135,False,vio que,BnF_266_03,Rodrigo,bnf_266
2125,Llama 3.3 70B · 12 000 TPM,Cambios,Deleción,volvió,1,1,1,1,0.02352553697038135,False,Volvió,BnF_266_07,Paco,bnf_266
2126,Llama 3.3 70B · 12 000 TPM,Cambios,Deleción,vos,1,1,1,1,0.02352553697038135,False,vos,BnF_118_06,Edna,bnf_118
2127,Llama 3.3 70B · 12 000 TPM,Cambios,Deleción,y,1,1,1,1,0.02352553697038135,False,y,BnF_075_026,Arturo,bnf_075
2128,Llama 3.3 70B · 12 000 TPM,Cambios,Deleción,y 7 de enero,1,1,1,1,0.02352553697038135,False,y 7 de enero,BnF_118_03,Paloma,bnf_118
2129,Llama 3.3 70B · 12 000 TPM,Cambios,Deleción,y acabar,1,1,1,1,0.02352553697038135,False,y acabar,BnF_104_3,Alba,bnf_104
2130,Llama 3.3 70B · 12 000 TPM,Cambios,Deleción,y juan,1,1,1,1,0.02352553697038135,False,y Juan,BnF_243_17,Edna,bnf_243
2131,Llama 3.3 70B · 12 000 TPM,Cambios,Deleción,y la heredera,1,1,1,1,0.02352553697038135,False,y la heredera,BnF_243_18,Adriana,bnf_243
2132,Llama 3.3 70B · 12 000 TPM,Cambios,Deleción,y lleva,1,1,1,1,0.02352553697038135,False,Y lleva,BnF_264_12,Edna,bnf_264
2133,Llama 3.3 70B · 12 000 TPM,Cambios,Deleción,y llevando,1,1,1,1,0.02352553697038135,False,y llevando,BnF_174_05,Adriana,bnf_174
2134,Llama 3.3 70B · 12 000 TPM,Cambios,Deleción,y preguntaba,1,1,1,1,0.02352553697038135,False,y preguntaba,BnF_111_27,Alba,bnf_111
2135,Llama 3.3 70B · 12 000 TPM,Cambios,Deleción,y también,1,1,1,1,0.02352553697038135,False,Y también,BnF_030_22,Paco,bnf_030
2136,Llama 3.3 70B · 12 000 TPM,Cambios,Deleción,y también digo,1,1,1,1,0.02352553697038135,False,Y también digo,BnF_110_09,Alba,bnf_110
2137,Llama 3.3 70B · 12 000 TPM,Cambios,Deleción,y tuvieron solas dos,1,1,1,1,0.02352553697038135,False,y tuvieron solas dos,BnF_243_18,Adriana,bnf_243
2138,Llama 3.3 70B · 12 000 TPM,Cambios,Deleción,ynsos a,1,1,1,1,0.02352553697038135,False,ynsos a,AGN_GralParte_v006_exp617_02,Rodrigo,agn_gralparte
2139,Llama 3.3 70B · 12 000 TPM,Cambios,Deleción,yo,1,1,1,1,0.02352553697038135,False,Yo,BnF_032_23,Arturo,bnf_032
2140,Llama 3.3 70B · 12 000 TPM,Cambios,Deleción,"yztlixuchil, y",1,1,1,1,0.02352553697038135,False,"Yztlixuchil, y",BnF_243_18,Adriana,bnf_243
2141,Llama 3.3 70B · 12 000 TPM,Cambios,Deleción,zacate cada,1,1,1,1,0.02352553697038135,False,zacate cada,BnF_030_22,Paco,bnf_030
2142,Llama 3.3 70B · 12 000 TPM,Cambios,Inserción,"""aquí está la plata""",1,1,1,1,0.02352553697038135,False,"""Aquí está la plata""",BnF_266_07,Paco,bnf_266
2143,Llama 3.3 70B · 12 000 TPM,Cambios,Inserción,"""plata""",1,1,1,1,0.02352553697038135,False,"""plata""",BnF_266_07,Paco,bnf_266
2144,Llama 3.3 70B · 12 000 TPM,Cambios,Inserción,"""toca a degollar, luego, al punto""",1,1,1,1,0.02352553697038135,False,"""Toca a degollar, luego, al punto""",BnF_266_07,Paco,bnf_266
2145,Llama 3.3 70B · 12 000 TPM,Cambios,Inserción,a la,1,1,1,1,0.02352553697038135,False,a la,utblac_gg_mss_g62_duplicated_09,Flor,utblac_gg
2146,Llama 3.3 70B · 12 000 TPM,Cambios,Inserción,acción,1,1,1,1,0.02352553697038135,False,acción,BnF_266_07,Paco,bnf_266
2147,Llama 3.3 70B · 12 000 TPM,Cambios,Inserción,aislar,1,1,1,1,0.02352553697038135,False,aislar,BnF_119-148_33,Paloma,bnf_119-148
2148,Llama 3.3 70B · 12 000 TPM,Cambios,Inserción,alguaciles estaban,1,1,1,1,0.02352553697038135,False,alguaciles estaban,BnF_111_21,Flor,bnf_111
2149,Llama 3.3 70B · 12 000 TPM,Cambios,Inserción,anata,1,1,1,1,0.02352553697038135,False,anata,AGN_AHHacienda_v268_exp046_02,Paloma,agn_ahhacienda
2150,Llama 3.3 70B · 12 000 TPM,Cambios,Inserción,ante el,1,1,1,1,0.02352553697038135,False,ante el,BnF_075_035,Arturo,bnf_075
2151,Llama 3.3 70B · 12 000 TPM,Cambios,Inserción,aparentemente,1,1,1,1,0.02352553697038135,False,aparentemente,BnF_266_07,Paco,bnf_266
2152,Llama 3.3 70B · 12 000 TPM,Cambios,Inserción,aquellos,1,1,1,1,0.02352553697038135,False,aquellos,BnF_118_08,Arturo,bnf_118
2153,Llama 3.3 70B · 12 000 TPM,Cambios,Inserción,"baeca, que",1,1,1,1,0.02352553697038135,False,"Baeca, que",BnF_075_003,Adriana,bnf_075
2154,Llama 3.3 70B · 12 000 TPM,Cambios,Inserción,bajados,1,1,1,1,0.02352553697038135,False,bajados,BnF_119-148_33,Paloma,bnf_119-148
2155,Llama 3.3 70B · 12 000 TPM,Cambios,Inserción,barras,1,1,1,1,0.02352553697038135,False,barras,UIA_Ms149_Exp3_43,Paco,uia_ms149
2156,Llama 3.3 70B · 12 000 TPM,Cambios,Inserción,campeche,1,1,1,1,0.02352553697038135,False,Campeche,AGN_Tierras_v2963_exp059_24,Paco,agn_tierras
2157,Llama 3.3 70B · 12 000 TPM,Cambios,Inserción,capellón,1,1,1,1,0.02352553697038135,False,Capellón,UIA_Ms149_Exp3_43,Paco,uia_ms149
2158,Llama 3.3 70B · 12 000 TPM,Cambios,Inserción,casi,1,1,1,1,0.02352553697038135,False,casi,BnF_266_10,Flor,bnf_266
2159,Llama 3.3 70B · 12 000 TPM,Cambios,Inserción,con,1,1,1,1,0.02352553697038135,False,con,BnF_266_03,Rodrigo,bnf_266
2160,Llama 3.3 70B · 12 000 TPM,Cambios,Inserción,conformasteis,1,1,1,1,0.02352553697038135,False,conformasteis,UIA_Ms149_Exp2_51,Arturo,uia_ms149
2161,Llama 3.3 70B · 12 000 TPM,Cambios,Inserción,conoció a,1,1,1,1,0.02352553697038135,False,conoció a,BnF_111_27,Alba,bnf_111
2162,Llama 3.3 70B · 12 000 TPM,Cambios,Inserción,consintáis,1,1,1,1,0.02352553697038135,False,consintáis,BnF_119-148_13,Edna,bnf_119-148
2163,Llama 3.3 70B · 12 000 TPM,Cambios,Inserción,coyuacán,1,1,1,1,0.02352553697038135,False,Coyuacán,AGN_HospJesus_c474_leg267-2_exp024_7473-7537_02,Paco,agn_hospjesus
2164,Llama 3.3 70B · 12 000 TPM,Cambios,Inserción,cualesquiera,1,1,1,1,0.02352553697038135,False,cualesquiera,utblac_wbs_0912a_duplicated,Arturo,utblac_wbs
2165,Llama 3.3 70B · 12 000 TPM,Cambios,Inserción,cuando,1,1,1,1,0.02352553697038135,False,cuando,BnF_266_07,Paco,bnf_266
2166,Llama 3.3 70B · 12 000 TPM,Cambios,Inserción,cuenta,1,1,1,1,0.02352553697038135,False,cuenta,BnF_243_16,Rodrigo,bnf_243
2167,Llama 3.3 70B · 12 000 TPM,Cambios,Inserción,cuenta desde,1,1,1,1,0.02352553697038135,False,cuenta desde,BnF_119-148_33,Paloma,bnf_119-148
2168,Llama 3.3 70B · 12 000 TPM,Cambios,Inserción,cuitla pil,1,1,1,1,0.02352553697038135,False,cuitla pil,BnF_030_22,Paco,bnf_030
2169,Llama 3.3 70B · 12 000 TPM,Cambios,Inserción,de allí,1,1,1,1,0.02352553697038135,False,de allí,utblac_wbs_1433_duplicated_1,Rodrigo,utblac_wbs
2170,Llama 3.3 70B · 12 000 TPM,Cambios,Inserción,de ellos,1,1,1,1,0.02352553697038135,False,de ellos,AGI_PATRONATO_181_R13_2,Paloma,agi_patronato
2171,Llama 3.3 70B · 12 000 TPM,Cambios,Inserción,de ellos con,1,1,1,1,0.02352553697038135,False,de ellos con,BnF_266_05,Adriana,bnf_266
2172,Llama 3.3 70B · 12 000 TPM,Cambios,Inserción,de este,1,1,1,1,0.02352553697038135,False,de este,AGN_AHHacienda_v268_exp046_02,Paloma,agn_ahhacienda
2173,Llama 3.3 70B · 12 000 TPM,Cambios,Inserción,de hesas,1,1,1,1,0.02352553697038135,False,de Hesas,AGS_CE_RG_L379_04,Rodrigo,ags_ce
2174,Llama 3.3 70B · 12 000 TPM,Cambios,Inserción,"de la dicha villa,",1,1,1,1,0.02352553697038135,False,"de la dicha villa,",AGN_HospJesus_c474_leg267-2_exp024_7473-7537_02,Paco,agn_hospjesus
2175,Llama 3.3 70B · 12 000 TPM,Cambios,Inserción,de las,1,1,1,1,0.02352553697038135,False,de las,AGI_INDIFERENTE_2065_N45_11,Alba,agi_indiferente
2176,Llama 3.3 70B · 12 000 TPM,Cambios,Inserción,de más,1,1,1,1,0.02352553697038135,False,de más,AGN_AHHacienda_v268_exp046_03,Arturo,agn_ahhacienda
2177,Llama 3.3 70B · 12 000 TPM,Cambios,Inserción,debajo de la,1,1,1,1,0.02352553697038135,False,debajo de la,AGI_INDIFERENTE_1529_N8_06,Rodrigo,agi_indiferente
2178,Llama 3.3 70B · 12 000 TPM,Cambios,Inserción,debiera verificar,1,1,1,1,0.02352553697038135,False,debiera verificar,BnF_119-148_33,Paloma,bnf_119-148
2179,Llama 3.3 70B · 12 000 TPM,Cambios,Inserción,decir a,1,1,1,1,0.02352553697038135,False,decir a,BnF_111_22,Paloma,bnf_111
2180,Llama 3.3 70B · 12 000 TPM,Cambios,Inserción,defraudados,1,1,1,1,0.02352553697038135,False,defraudados,BnF_119-148_33,Paloma,bnf_119-148
2181,Llama 3.3 70B · 12 000 TPM,Cambios,Inserción,deis,1,1,1,1,0.02352553697038135,False,deis,BnF_119-148_13,Edna,bnf_119-148
2182,Llama 3.3 70B · 12 000 TPM,Cambios,Inserción,dejar las,1,1,1,1,0.02352553697038135,False,dejar las,BnF_032_23,Arturo,bnf_032
2183,Llama 3.3 70B · 12 000 TPM,Cambios,Inserción,del,1,1,1,1,0.02352553697038135,False,del,BnF_111_21,Flor,bnf_111
2184,Llama 3.3 70B · 12 000 TPM,Cambios,Inserción,derecho,1,1,1,1,0.02352553697038135,False,derecho,AGN_RealesCedDup_v016_exp515,Alba,agn_realesceddup
2185,Llama 3.3 70B · 12 000 TPM,Cambios,Inserción,diecinueve,1,1,1,1,0.02352553697038135,False,diecinueve,UIA_Ms149_Exp3_43,Paco,uia_ms149
2186,Llama 3.3 70B · 12 000 TPM,Cambios,Inserción,dificultaría,1,1,1,1,0.02352553697038135,False,dificultaría,BP_CM_32386_007_2,Rodrigo,bp_cm
2187,Llama 3.3 70B · 12 000 TPM,Cambios,Inserción,dijeron,1,1,1,1,0.02352553697038135,False,Dijeron,utblac_JGI_XXIII-09_Amula_25,Rodrigo,utblac_jgi
2188,Llama 3.3 70B · 12 000 TPM,Cambios,Inserción,diligentemente,1,1,1,1,0.02352553697038135,False,diligentemente,utblac_JGI_XXIII-09_Amula_25,Rodrigo,utblac_jgi
2189,Llama 3.3 70B · 12 000 TPM,Cambios,Inserción,"dios, en",1,1,1,1,0.02352553697038135,False,"Dios, en",AGN_Indios_v009_exp002_fs3v-4_01,Arturo,agn_indios
2190,Llama 3.3 70B · 12 000 TPM,Cambios,Inserción,disminuido,1,1,1,1,0.02352553697038135,False,disminuido,BnF_119-148_33,Paloma,bnf_119-148
2191,Llama 3.3 70B · 12 000 TPM,Cambios,Inserción,dolos,1,1,1,1,0.02352553697038135,False,dolos,BnF_111_21,Flor,bnf_111
2192,Llama 3.3 70B · 12 000 TPM,Cambios,Inserción,echasteis,1,1,1,1,0.02352553697038135,False,echasteis,UIA_Ms149_Exp2_51,Arturo,uia_ms149
2193,Llama 3.3 70B · 12 000 TPM,Cambios,Inserción,el hijo,1,1,1,1,0.02352553697038135,False,el hijo,BnF_110_09,Alba,bnf_110
2194,Llama 3.3 70B · 12 000 TPM,Cambios,Inserción,en el espacio,1,1,1,1,0.02352553697038135,False,en el espacio,BnF_264_03,Adriana,bnf_264
2195,Llama 3.3 70B · 12 000 TPM,Cambios,Inserción,endeblez,1,1,1,1,0.02352553697038135,False,endeblez,BP_CM_32386_007_2,Rodrigo,bp_cm
2196,Llama 3.3 70B · 12 000 TPM,Cambios,Inserción,entrañas,1,1,1,1,0.02352553697038135,False,entrañas,BnF_244_02,Alba,bnf_244
2197,Llama 3.3 70B · 12 000 TPM,Cambios,Inserción,es,1,1,1,1,0.02352553697038135,False,Es,BnF_394_07,Rodrigo,bnf_394
2198,Llama 3.3 70B · 12 000 TPM,Cambios,Inserción,esn.,1,1,1,1,0.02352553697038135,False,Esn.,BnF_174_03,Arturo,bnf_174
2199,Llama 3.3 70B · 12 000 TPM,Cambios,Inserción,esta,1,1,1,1,0.02352553697038135,False,esta,AGI_CONTRATACION_1089_N8_151,Paco,agi_contratacion
2200,Llama 3.3 70B · 12 000 TPM,Cambios,Inserción,estudian la lengua mexicana,1,1,1,1,0.02352553697038135,False,estudian la lengua mexicana,Mechoacan_Yurirapundaro_1,Adriana,mechoacan_yurirapundaro
2201,Llama 3.3 70B · 12 000 TPM,Cambios,Inserción,está a 3,1,1,1,1,0.02352553697038135,False,está a 3,Mechoacan_Yurirapundaro_1,Adriana,mechoacan_yurirapundaro
2202,Llama 3.3 70B · 12 000 TPM,Cambios,Inserción,está a 4,1,1,1,1,0.02352553697038135,False,está a 4,Mechoacan_Yurirapundaro_1,Adriana,mechoacan_yurirapundaro
2203,Llama 3.3 70B · 12 000 TPM,Cambios,Inserción,estévanez,1,1,1,1,0.02352553697038135,False,Estévanez,BnF_167_10,Edna,bnf_167
2204,Llama 3.3 70B · 12 000 TPM,Cambios,Inserción,fieles difuntos,1,1,1,1,0.02352553697038135,False,Fieles Difuntos,BnF_167_10,Edna,bnf_167
2205,Llama 3.3 70B · 12 000 TPM,Cambios,Inserción,filicación,1,1,1,1,0.02352553697038135,False,Filicación,BnF_243_16,Rodrigo,bnf_243
2206,Llama 3.3 70B · 12 000 TPM,Cambios,Inserción,fue,1,1,1,1,0.02352553697038135,False,fue,AGN_AHHacienda_v268_exp046_02,Paloma,agn_ahhacienda
2207,Llama 3.3 70B · 12 000 TPM,Cambios,Inserción,gobernador que no,1,1,1,1,0.02352553697038135,False,Gobernador que no,BnF_167_29,Adriana,bnf_167
2208,Llama 3.3 70B · 12 000 TPM,Cambios,Inserción,guardarán,1,1,1,1,0.02352553697038135,False,guardarán,LoC_HPKraus_146_new_13,Paco,loc_hpkraus
2209,Llama 3.3 70B · 12 000 TPM,Cambios,Inserción,guardarían,1,1,1,1,0.02352553697038135,False,guardarían,BnF_266_07,Paco,bnf_266
2210,Llama 3.3 70B · 12 000 TPM,Cambios,Inserción,ha de,1,1,1,1,0.02352553697038135,False,ha de,BnF_117_14,Alba,bnf_117
2211,Llama 3.3 70B · 12 000 TPM,Cambios,Inserción,ha sido proveído,1,1,1,1,0.02352553697038135,False,ha sido proveído,AGN_RealesCedDup_v016_exp515,Alba,agn_realesceddup
2212,Llama 3.3 70B · 12 000 TPM,Cambios,Inserción,había sido,1,1,1,1,0.02352553697038135,False,había sido,UIA_Ms149_Exp3_43,Paco,uia_ms149
2213,Llama 3.3 70B · 12 000 TPM,Cambios,Inserción,había sido dada,1,1,1,1,0.02352553697038135,False,había sido dada,UIA_Ms149_Exp3_43,Paco,uia_ms149
2214,Llama 3.3 70B · 12 000 TPM,Cambios,Inserción,habíais,1,1,1,1,0.02352553697038135,False,habíais,UIA_Ms149_Exp2_51,Arturo,uia_ms149
2215,Llama 3.3 70B · 12 000 TPM,Cambios,Inserción,habían,1,1,1,1,0.02352553697038135,False,habían,BnF_266_10,Flor,bnf_266
2216,Llama 3.3 70B · 12 000 TPM,Cambios,Inserción,holandesa,1,1,1,1,0.02352553697038135,False,holandesa,BnF_266_03,Rodrigo,bnf_266
2217,Llama 3.3 70B · 12 000 TPM,Cambios,Inserción,huehuetoca tlan,1,1,1,1,0.02352553697038135,False,Huehuetoca tlan,BnF_267_03,Paco,bnf_267
2218,Llama 3.3 70B · 12 000 TPM,Cambios,Inserción,indios,1,1,1,1,0.02352553697038135,False,indios,BnF_118_03,Paloma,bnf_118
2219,Llama 3.3 70B · 12 000 TPM,Cambios,Inserción,informado,1,1,1,1,0.02352553697038135,False,informado,AGN_Indios_v009_exp002_fs3v-4_01,Arturo,agn_indios
2220,Llama 3.3 70B · 12 000 TPM,Cambios,Inserción,informados de,1,1,1,1,0.02352553697038135,False,informados de,utblac_wbs_1433_duplicated_1,Rodrigo,utblac_wbs
2221,Llama 3.3 70B · 12 000 TPM,Cambios,Inserción,intervino,1,1,1,1,0.02352553697038135,False,intervino,BnF_283_03,Edna,bnf_283
2222,Llama 3.3 70B · 12 000 TPM,Cambios,Inserción,"jurisdicción, don",1,1,1,1,0.02352553697038135,False,"Jurisdicción, Don",AGS_CE_RG_L379_02,Arturo,ags_ce
2223,Llama 3.3 70B · 12 000 TPM,Cambios,Inserción,la,1,1,1,1,0.02352553697038135,False,la,BnF_394_10,Flor,bnf_394
2224,Llama 3.3 70B · 12 000 TPM,Cambios,Inserción,la dicha almoneda,1,1,1,1,0.02352553697038135,False,la dicha Almoneda,BnF_118_05,Alba,bnf_118
2225,Llama 3.3 70B · 12 000 TPM,Cambios,Inserción,la dicha real almoneda,1,1,1,1,0.02352553697038135,False,la dicha Real Almoneda,BnF_118_05,Alba,bnf_118
2226,Llama 3.3 70B · 12 000 TPM,Cambios,Inserción,la echaron,1,1,1,1,0.02352553697038135,False,la echaron,UIA_Ms149_Exp3_04,Alba,uia_ms149
2227,Llama 3.3 70B · 12 000 TPM,Cambios,Inserción,la tarde.,1,1,1,1,0.02352553697038135,False,la tarde.,BP_CM_R494_156_2,Javier,bp_cm
2228,Llama 3.3 70B · 12 000 TPM,Cambios,Inserción,la tierra es muy fértil,1,1,1,1,0.02352553697038135,False,la tierra es muy fértil,AGI_INDIFERENTE_1529_N8_06,Rodrigo,agi_indiferente
2229,Llama 3.3 70B · 12 000 TPM,Cambios,Inserción,las de,1,1,1,1,0.02352553697038135,False,las de,BnF_264_02,Paloma,bnf_264
2230,Llama 3.3 70B · 12 000 TPM,Cambios,Inserción,les,1,1,1,1,0.02352553697038135,False,les,BnF_032_23,Arturo,bnf_032
2231,Llama 3.3 70B · 12 000 TPM,Cambios,Inserción,llevaran,1,1,1,1,0.02352553697038135,False,llevaran,BnF_167_25,Paco,bnf_167
2232,Llama 3.3 70B · 12 000 TPM,Cambios,Inserción,los dichos,1,1,1,1,0.02352553697038135,False,los dichos,AMP_AC_v021__doc026_2,Alba,amp_ac
2233,Llama 3.3 70B · 12 000 TPM,Cambios,Inserción,mandasteis,1,1,1,1,0.02352553697038135,False,mandasteis,UIA_Ms149_Exp2_51,Arturo,uia_ms149
2234,Llama 3.3 70B · 12 000 TPM,Cambios,Inserción,mandato,1,1,1,1,0.02352553697038135,False,mandato,AGN_GralParte_v001_exp1020_02,Edna,agn_gralparte
2235,Llama 3.3 70B · 12 000 TPM,Cambios,Inserción,mantequilla,1,1,1,1,0.02352553697038135,False,mantequilla,BnF_118_03,Paloma,bnf_118
2236,Llama 3.3 70B · 12 000 TPM,Cambios,Inserción,mirara,1,1,1,1,0.02352553697038135,False,mirara,BnF_266_03,Rodrigo,bnf_266
2237,Llama 3.3 70B · 12 000 TPM,Cambios,Inserción,moctezuma,1,1,1,1,0.02352553697038135,False,Moctezuma,BnF_394_07,Rodrigo,bnf_394
2238,Llama 3.3 70B · 12 000 TPM,Cambios,Inserción,mortalidad,1,1,1,1,0.02352553697038135,False,mortalidad,BnF_283_05,Alba,bnf_283
2239,Llama 3.3 70B · 12 000 TPM,Cambios,Inserción,mucho,1,1,1,1,0.02352553697038135,False,mucho,BnF_266_07,Paco,bnf_266
2240,Llama 3.3 70B · 12 000 TPM,Cambios,Inserción,muy,1,1,1,1,0.02352553697038135,False,Muy,BnF_110_29,Paloma,bnf_110
2241,Llama 3.3 70B · 12 000 TPM,Cambios,Inserción,nadie,1,1,1,1,0.02352553697038135,False,nadie,BnF_119-148_33,Paloma,bnf_119-148
2242,Llama 3.3 70B · 12 000 TPM,Cambios,Inserción,nicolás,1,1,1,1,0.02352553697038135,False,Nicolás,AGI_CONTRATACION_1089_N8_176,Flor,agi_contratacion
2243,Llama 3.3 70B · 12 000 TPM,Cambios,Inserción,noble,1,1,1,1,0.02352553697038135,False,noble,BnF_030_22,Paco,bnf_030
2244,Llama 3.3 70B · 12 000 TPM,Cambios,Inserción,notoria,1,1,1,1,0.02352553697038135,False,notoria,UIA_Ms149_Exp3_04,Alba,uia_ms149
2245,Llama 3.3 70B · 12 000 TPM,Cambios,Inserción,obediencia,1,1,1,1,0.02352553697038135,False,obediencia,AMP_AC_v021__doc026_2,Alba,amp_ac
2246,Llama 3.3 70B · 12 000 TPM,Cambios,Inserción,obligarán,1,1,1,1,0.02352553697038135,False,obligarán,LoC_HPKraus_146_new_13,Paco,loc_hpkraus
2247,Llama 3.3 70B · 12 000 TPM,Cambios,Inserción,obra,1,1,1,1,0.02352553697038135,False,obra,BnF_174_04,Paloma,bnf_174
2248,Llama 3.3 70B · 12 000 TPM,Cambios,Inserción,octava,1,1,1,1,0.02352553697038135,False,octava,BnF_394_07,Rodrigo,bnf_394
2249,Llama 3.3 70B · 12 000 TPM,Cambios,Inserción,opechincgos,1,1,1,1,0.02352553697038135,False,opechincgos,BnF_394_07,Rodrigo,bnf_394
2250,Llama 3.3 70B · 12 000 TPM,Cambios,Inserción,pagar,1,1,1,1,0.02352553697038135,False,pagar,AGN_GralParte_v006_exp617_02,Rodrigo,agn_gralparte
2251,Llama 3.3 70B · 12 000 TPM,Cambios,Inserción,para,1,1,1,1,0.02352553697038135,False,para,AGI_INDIFERENTE_1529_N8_06,Rodrigo,agi_indiferente
2252,Llama 3.3 70B · 12 000 TPM,Cambios,Inserción,parte,1,1,1,1,0.02352553697038135,False,parte,BP_CM_32386_007_2,Rodrigo,bp_cm
2253,Llama 3.3 70B · 12 000 TPM,Cambios,Inserción,pedís,1,1,1,1,0.02352553697038135,False,pedís,BnF_118_06,Edna,bnf_118
2254,Llama 3.3 70B · 12 000 TPM,Cambios,Inserción,por cuanto,1,1,1,1,0.02352553697038135,False,por cuanto,AGN_Indios_v009_exp002_fs3v-4_01,Arturo,agn_indios
2255,Llama 3.3 70B · 12 000 TPM,Cambios,Inserción,"por miguel, indio de la vista",1,1,1,1,0.02352553697038135,False,"por Miguel, indio de la vista",BnF_032_39,Paloma,bnf_032
2256,Llama 3.3 70B · 12 000 TPM,Cambios,Inserción,poseedor,1,1,1,1,0.02352553697038135,False,poseedor,BnF_117_13,Paco,bnf_117
2257,Llama 3.3 70B · 12 000 TPM,Cambios,Inserción,predicador,1,1,1,1,0.02352553697038135,False,predicador,Mechoacan_Yurirapundaro_1,Adriana,mechoacan_yurirapundaro
2258,Llama 3.3 70B · 12 000 TPM,Cambios,Inserción,"proceso. hasta aquí, cinco reales. salazar",1,1,1,1,0.02352553697038135,False,"proceso. Hasta aquí, cinco reales. Salazar",BnF_032_39,Paloma,bnf_032
2259,Llama 3.3 70B · 12 000 TPM,Cambios,Inserción,que lo entienden,1,1,1,1,0.02352553697038135,False,que lo entienden,AGI_INDIFERENTE_1529_N8_06,Rodrigo,agi_indiferente
2260,Llama 3.3 70B · 12 000 TPM,Cambios,Inserción,que morirnos de hambre,1,1,1,1,0.02352553697038135,False,que morirnos de hambre,BnF_266_06,Adriana,bnf_266
2261,Llama 3.3 70B · 12 000 TPM,Cambios,Inserción,que quiera,1,1,1,1,0.02352553697038135,False,que quiera,BnF_032_23,Arturo,bnf_032
2262,Llama 3.3 70B · 12 000 TPM,Cambios,Inserción,que se las dejó,1,1,1,1,0.02352553697038135,False,que se las dejó,BnF_112_08,Paloma,bnf_112
2263,Llama 3.3 70B · 12 000 TPM,Cambios,Inserción,quetzatl mamalictzin,1,1,1,1,0.02352553697038135,False,Quetzatl Mamalictzin,BnF_243_16,Rodrigo,bnf_243
2264,Llama 3.3 70B · 12 000 TPM,Cambios,Inserción,reconozca,1,1,1,1,0.02352553697038135,False,reconozca,BnF_118_03,Paloma,bnf_118
2265,Llama 3.3 70B · 12 000 TPM,Cambios,Inserción,se cortó,1,1,1,1,0.02352553697038135,False,se cortó,BnF_283_05,Alba,bnf_283
2266,Llama 3.3 70B · 12 000 TPM,Cambios,Inserción,se habían,1,1,1,1,0.02352553697038135,False,se habían,AGN_Tierras_v2963_exp059_24,Paco,agn_tierras
2267,Llama 3.3 70B · 12 000 TPM,Cambios,Inserción,se ocupe de,1,1,1,1,0.02352553697038135,False,se ocupe de,BnF_119-148_18,Arturo,bnf_119-148
2268,Llama 3.3 70B · 12 000 TPM,Cambios,Inserción,ser vir,1,1,1,1,0.02352553697038135,False,ser vir,utblac_JGI_XXIV-11_Justlahuaca_57,Flor,utblac_jgi
2269,Llama 3.3 70B · 12 000 TPM,Cambios,Inserción,señalesas,1,1,1,1,0.02352553697038135,False,señalesas,BnF_264_02,Paloma,bnf_264
2270,Llama 3.3 70B · 12 000 TPM,Cambios,Inserción,"sin cofre,",1,1,1,1,0.02352553697038135,False,"sin cofre,",BnF_266_03,Rodrigo,bnf_266
2271,Llama 3.3 70B · 12 000 TPM,Cambios,Inserción,suso dicho,1,1,1,1,0.02352553697038135,False,suso dicho,BnF_394_05,Flor,bnf_394
2272,Llama 3.3 70B · 12 000 TPM,Cambios,Inserción,testimonios,1,1,1,1,0.02352553697038135,False,testimonios,BnF_264_02,Paloma,bnf_264
2273,Llama 3.3 70B · 12 000 TPM,Cambios,Inserción,tizamos;,1,1,1,1,0.02352553697038135,False,tizamos;,BnF_174_06,Javier,bnf_174
2274,Llama 3.3 70B · 12 000 TPM,Cambios,Inserción,tlatilolco,1,1,1,1,0.02352553697038135,False,Tlatilolco,AGN_HospJesus_c474_leg267-2_exp024_7473-7537_02,Paco,agn_hospjesus
2275,Llama 3.3 70B · 12 000 TPM,Cambios,Inserción,todos los,1,1,1,1,0.02352553697038135,False,todos los,BnF_394_07,Rodrigo,bnf_394
2276,Llama 3.3 70B · 12 000 TPM,Cambios,Inserción,tuvo,1,1,1,1,0.02352553697038135,False,tuvo,BnF_117_14,Alba,bnf_117
2277,Llama 3.3 70B · 12 000 TPM,Cambios,Inserción,un,1,1,1,1,0.02352553697038135,False,un,utblac_wbs_1433_duplicated_1,Rodrigo,utblac_wbs
2278,Llama 3.3 70B · 12 000 TPM,Cambios,Inserción,una campaña,1,1,1,1,0.02352553697038135,False,una campaña,BnF_283_03,Edna,bnf_283
2279,Llama 3.3 70B · 12 000 TPM,Cambios,Inserción,valieran,1,1,1,1,0.02352553697038135,False,valieran,BnF_283_05,Alba,bnf_283
2280,Llama 3.3 70B · 12 000 TPM,Cambios,Inserción,vinisteis,1,1,1,1,0.02352553697038135,False,vinisteis,UIA_Ms149_Exp2_51,Arturo,uia_ms149
2281,Llama 3.3 70B · 12 000 TPM,Cambios,Inserción,virrey,1,1,1,1,0.02352553697038135,False,Virrey,BnF_119-148_18,Arturo,bnf_119-148
2282,Llama 3.3 70B · 12 000 TPM,Cambios,Inserción,virreyes y sus,1,1,1,1,0.02352553697038135,False,Virreyes y sus,BnF_243_18,Adriana,bnf_243
2283,Llama 3.3 70B · 12 000 TPM,Cambios,Inserción,"y debido,",1,1,1,1,0.02352553697038135,False,"y debido,",AGN_AHHacienda_v268_exp046_02,Paloma,agn_ahhacienda
2284,Llama 3.3 70B · 12 000 TPM,Cambios,Inserción,y fenecer,1,1,1,1,0.02352553697038135,False,y fenecer,BnF_104_3,Alba,bnf_104
2285,Llama 3.3 70B · 12 000 TPM,Cambios,Inserción,y pagar,1,1,1,1,0.02352553697038135,False,y pagar,BnF_118_03,Paloma,bnf_118
2286,Llama 3.3 70B · 12 000 TPM,Cambios,Inserción,y se,1,1,1,1,0.02352553697038135,False,y se,BnF_264_12,Edna,bnf_264
2287,Llama 3.3 70B · 12 000 TPM,Cambios,Inserción,yzmi quilpa,1,1,1,1,0.02352553697038135,False,Yzmi Quilpa,BnF_267_03,Paco,bnf_267
2288,Llama 3.3 70B · 12 000 TPM,Cambios,No sub-rule assigned,civiles,1,1,1,1,0.02352553697038135,False,civiles,BnF_075_003,Adriana,bnf_075
2289,Llama 3.3 70B · 12 000 TPM,Cambios,No sub-rule assigned,criminales,1,1,1,1,0.02352553697038135,False,criminales,BnF_075_003,Adriana,bnf_075
2290,Llama 3.3 70B · 12 000 TPM,Cambios,No sub-rule assigned,cristianos,1,1,1,1,0.02352553697038135,False,cristianos,Mechoacan_Yurirapundaro_2,Arturo,mechoacan_yurirapundaro
2291,Llama 3.3 70B · 12 000 TPM,Cambios,No sub-rule assigned,cristóbal,1,1,1,1,0.02352553697038135,False,Cristóbal,BnF_243_12,Arturo,bnf_243
2292,Llama 3.3 70B · 12 000 TPM,Cambios,No sub-rule assigned,eucaristía,1,1,1,1,0.02352553697038135,False,eucaristía,Mechoacan_Yurirapundaro_2,Arturo,mechoacan_yurirapundaro
2293,Llama 3.3 70B · 12 000 TPM,Cambios,No sub-rule assigned,merito,1,1,1,1,0.02352553697038135,False,merito,UIA_Ms149_Exp3_43,Paco,uia_ms149
2294,Llama 3.3 70B · 12 000 TPM,Cambios,No sub-rule assigned,ojos,1,1,1,1,0.02352553697038135,False,ojos,AGN_Marina_v031A_exp02_fs85-92_11,Adriana,agn_marina
2295,Llama 3.3 70B · 12 000 TPM,Cambios,No sub-rule assigned,"presidio, y",1,1,1,1,0.02352553697038135,False,"Presidio, y",BnF_174_03,Arturo,bnf_174
2296,Llama 3.3 70B · 12 000 TPM,Cambios,No sub-rule assigned,theniente,1,1,1,1,0.02352553697038135,False,Theniente,BnF_174_03,Arturo,bnf_174
2297,Llama 3.3 70B · 12 000 TPM,Cambios,No sub-rule assigned,todos los testigos,1,1,1,1,0.02352553697038135,False,todos los testigos,BnF_110_09,Alba,bnf_110
2298,Llama 3.3 70B · 12 000 TPM,Cambios,No sub-rule assigned,tuviere,1,1,1,1,0.02352553697038135,False,tuviere,BnF_118_05,Alba,bnf_118
2299,Llama 3.3 70B · 12 000 TPM,Cambios,Otros,agarrã¡ndose,1,1,1,1,0.02352553697038135,False,agarrÃ¡ndose,BnF_266_05,Adriana,bnf_266
2300,Llama 3.3 70B · 12 000 TPM,Cambios,Otros,agente,1,1,1,1,0.02352553697038135,False,Agente,AGN_HospJesus_c205_exp041_04,Flor,agn_hospjesus
2301,Llama 3.3 70B · 12 000 TPM,Cambios,Otros,almoloyan,1,1,1,1,0.02352553697038135,False,almoloyan,AGI_INDIFERENTE_1529_N36_07,Rodrigo,agi_indiferente
2302,Llama 3.3 70B · 12 000 TPM,Cambios,Otros,amatepec,1,1,1,1,0.02352553697038135,False,amatepec,AGI_INDIFERENTE_1529_N36_07,Rodrigo,agi_indiferente
2303,Llama 3.3 70B · 12 000 TPM,Cambios,Otros,aporream,1,1,1,1,0.02352553697038135,False,aporream,BnF_075_026,Arturo,bnf_075
2304,Llama 3.3 70B · 12 000 TPM,Cambios,Otros,aquã,1,1,1,1,0.02352553697038135,False,aquÃ,BnF_266_05,Adriana,bnf_266
2305,Llama 3.3 70B · 12 000 TPM,Cambios,Otros,aã±adir,1,1,1,1,0.02352553697038135,False,aÃ±adir,BnF_266_05,Adriana,bnf_266
2306,Llama 3.3 70B · 12 000 TPM,Cambios,Otros,bruã±ã³n,1,1,1,1,0.02352553697038135,False,BruÃ±Ã³n,BnF_266_05,Adriana,bnf_266
2307,Llama 3.3 70B · 12 000 TPM,Cambios,Otros,callã¡semos,1,1,1,1,0.02352553697038135,False,callÃ¡semos,BnF_266_05,Adriana,bnf_266
2308,Llama 3.3 70B · 12 000 TPM,Cambios,Otros,capã­tulo,1,1,1,1,0.02352553697038135,False,capÃ­tulo,BnF_266_05,Adriana,bnf_266
2309,Llama 3.3 70B · 12 000 TPM,Cambios,Otros,compaã±ã­a,1,1,1,1,0.02352553697038135,False,CompaÃ±Ã­a,BnF_266_05,Adriana,bnf_266
2310,Llama 3.3 70B · 12 000 TPM,Cambios,Otros,confesã³,1,1,1,1,0.02352553697038135,False,confesÃ³,BnF_266_05,Adriana,bnf_266
2311,Llama 3.3 70B · 12 000 TPM,Cambios,Otros,confusiã³n,1,1,1,1,0.02352553697038135,False,confusiÃ³n,BnF_266_05,Adriana,bnf_266
2312,Llama 3.3 70B · 12 000 TPM,Cambios,Otros,corriã³,1,1,1,1,0.02352553697038135,False,corriÃ³,BnF_266_05,Adriana,bnf_266
2313,Llama 3.3 70B · 12 000 TPM,Cambios,Otros,crecã­a,1,1,1,1,0.02352553697038135,False,CrecÃ­a,BnF_266_05,Adriana,bnf_266
2314,Llama 3.3 70B · 12 000 TPM,Cambios,Otros,cuando la,1,1,1,1,0.02352553697038135,False,cuando la,BnF_266_05,Adriana,bnf_266
2315,Llama 3.3 70B · 12 000 TPM,Cambios,Otros,cuio,1,1,1,1,0.02352553697038135,False,cuio,BnF_174_03,Arturo,bnf_174
2316,Llama 3.3 70B · 12 000 TPM,Cambios,Otros,darã¡,1,1,1,1,0.02352553697038135,False,darÃ¡,BnF_266_05,Adriana,bnf_266
2317,Llama 3.3 70B · 12 000 TPM,Cambios,Otros,de hesas,1,1,1,1,0.02352553697038135,False,de Hesas,AGS_CE_RG_L379_04,Rodrigo,ags_ce
2318,Llama 3.3 70B · 12 000 TPM,Cambios,Otros,de mandan,1,1,1,1,0.02352553697038135,False,de mandan,AGN_HospJesus_c474_leg267-2_exp024_7473-7537_05,Rodrigo,agn_hospjesus
2319,Llama 3.3 70B · 12 000 TPM,Cambios,Otros,dejarã­a,1,1,1,1,0.02352553697038135,False,dejarÃ­a,BnF_266_05,Adriana,bnf_266
2320,Llama 3.3 70B · 12 000 TPM,Cambios,Otros,del,1,1,1,1,0.02352553697038135,False,del,AGI_INDIFERENTE_1529_N36_07,Rodrigo,agi_indiferente
2321,Llama 3.3 70B · 12 000 TPM,Cambios,Otros,demã¡s,1,1,1,1,0.02352553697038135,False,demÃ¡s,BnF_266_05,Adriana,bnf_266
2322,Llama 3.3 70B · 12 000 TPM,Cambios,Otros,descubrimiento,1,1,1,1,0.02352553697038135,False,Descubrimiento,BnF_167_03,Javier,bnf_167
2323,Llama 3.3 70B · 12 000 TPM,Cambios,Otros,desverdad,1,1,1,1,0.02352553697038135,False,desverdad,BnF_111_21,Flor,bnf_111
2324,Llama 3.3 70B · 12 000 TPM,Cambios,Otros,determinã³,1,1,1,1,0.02352553697038135,False,determinÃ³,BnF_266_05,Adriana,bnf_266
2325,Llama 3.3 70B · 12 000 TPM,Cambios,Otros,dã­as,1,1,1,1,0.02352553697038135,False,dÃ­as,BnF_266_05,Adriana,bnf_266
2326,Llama 3.3 70B · 12 000 TPM,Cambios,Otros,e parto,1,1,1,1,0.02352553697038135,False,e parto,AGN_GralParte_v006_exp617_02,Rodrigo,agn_gralparte
2327,Llama 3.3 70B · 12 000 TPM,Cambios,Otros,ejecutarã¡,1,1,1,1,0.02352553697038135,False,ejecutarÃ¡,BnF_266_05,Adriana,bnf_266
2328,Llama 3.3 70B · 12 000 TPM,Cambios,Otros,empeã±ã³,1,1,1,1,0.02352553697038135,False,empeÃ±Ã³,BnF_266_05,Adriana,bnf_266
2329,Llama 3.3 70B · 12 000 TPM,Cambios,Otros,enseã±ã³,1,1,1,1,0.02352553697038135,False,enseÃ±Ã³,BnF_266_05,Adriana,bnf_266
2330,Llama 3.3 70B · 12 000 TPM,Cambios,Otros,entender,1,1,1,1,0.02352553697038135,False,entender,BnF_032_23,Arturo,bnf_032
2331,Llama 3.3 70B · 12 000 TPM,Cambios,Otros,escomuniã³n,1,1,1,1,0.02352553697038135,False,escomuniÃ³n,BnF_266_05,Adriana,bnf_266
2332,Llama 3.3 70B · 12 000 TPM,Cambios,Otros,espaã±a,1,1,1,1,0.02352553697038135,False,EspaÃ±a,BnF_266_05,Adriana,bnf_266
2333,Llama 3.3 70B · 12 000 TPM,Cambios,Otros,esta,1,1,1,1,0.02352553697038135,False,esta,AGI_INDIFERENTE_2065_N45_11,Alba,agi_indiferente
2334,Llama 3.3 70B · 12 000 TPM,Cambios,Otros,este. tiene,1,1,1,1,0.02352553697038135,False,este. tiene,AGI_INDIFERENTE_1529_N36_07,Rodrigo,agi_indiferente
2335,Llama 3.3 70B · 12 000 TPM,Cambios,Otros,excepto,1,1,1,1,0.02352553697038135,False,Excepto,AGS_CE_RG_L379_04,Rodrigo,ags_ce
2336,Llama 3.3 70B · 12 000 TPM,Cambios,Otros,"felipe,",1,1,1,1,0.02352553697038135,False,"felipe,",AGI_INDIFERENTE_1529_N36_07,Rodrigo,agi_indiferente
2337,Llama 3.3 70B · 12 000 TPM,Cambios,Otros,francisco atiquixcan,1,1,1,1,0.02352553697038135,False,francisco atiquixcan,AGI_INDIFERENTE_1529_N36_07,Rodrigo,agi_indiferente
2338,Llama 3.3 70B · 12 000 TPM,Cambios,Otros,guardiã¡n,1,1,1,1,0.02352553697038135,False,guardiÃ¡n,BnF_266_05,Adriana,bnf_266
2339,Llama 3.3 70B · 12 000 TPM,Cambios,Otros,habã­amos,1,1,1,1,0.02352553697038135,False,habÃ­amos,BnF_266_05,Adriana,bnf_266
2340,Llama 3.3 70B · 12 000 TPM,Cambios,Otros,había sido dada,1,1,1,1,0.02352553697038135,False,había sido dada,UIA_Ms149_Exp3_43,Paco,uia_ms149
2341,Llama 3.3 70B · 12 000 TPM,Cambios,Otros,haciã©ndoles,1,1,1,1,0.02352553697038135,False,haciÃ©ndoles,BnF_266_05,Adriana,bnf_266
2342,Llama 3.3 70B · 12 000 TPM,Cambios,Otros,hay,1,1,1,1,0.02352553697038135,False,hay,AGI_INDIFERENTE_1529_N36_07,Rodrigo,agi_indiferente
2343,Llama 3.3 70B · 12 000 TPM,Cambios,Otros,huaxtepec,1,1,1,1,0.02352553697038135,False,huaxtepec,AGI_INDIFERENTE_1529_N36_07,Rodrigo,agi_indiferente
2344,Llama 3.3 70B · 12 000 TPM,Cambios,Otros,intérprete,1,1,1,1,0.02352553697038135,False,intérprete,UIA_Ms149_Exp2_51,Arturo,uia_ms149
2345,Llama 3.3 70B · 12 000 TPM,Cambios,Otros,la tierra es muy fértil,1,1,1,1,0.02352553697038135,False,la tierra es muy fértil,AGI_INDIFERENTE_1529_N8_06,Rodrigo,agi_indiferente
2346,Llama 3.3 70B · 12 000 TPM,Cambios,Otros,llamã³,1,1,1,1,0.02352553697038135,False,llamÃ³,BnF_266_05,Adriana,bnf_266
2347,Llama 3.3 70B · 12 000 TPM,Cambios,Otros,llevã¡ndolo,1,1,1,1,0.02352553697038135,False,llevÃ¡ndolo,BnF_266_05,Adriana,bnf_266
2348,Llama 3.3 70B · 12 000 TPM,Cambios,Otros,maã±ana,1,1,1,1,0.02352553697038135,False,maÃ±ana,BnF_266_05,Adriana,bnf_266
2349,Llama 3.3 70B · 12 000 TPM,Cambios,Otros,michoacán,1,1,1,1,0.02352553697038135,False,michoacán,AGI_INDIFERENTE_1529_N36_07,Rodrigo,agi_indiferente
2350,Llama 3.3 70B · 12 000 TPM,Cambios,Otros,méxico,1,1,1,1,0.02352553697038135,False,méxico,AGI_INDIFERENTE_1529_N36_07,Rodrigo,agi_indiferente
2351,Llama 3.3 70B · 12 000 TPM,Cambios,Otros,nicolã¡s,1,1,1,1,0.02352553697038135,False,NicolÃ¡s,BnF_266_05,Adriana,bnf_266
2352,Llama 3.3 70B · 12 000 TPM,Cambios,Otros,obligaciã³n,1,1,1,1,0.02352553697038135,False,obligaciÃ³n,BnF_266_05,Adriana,bnf_266
2353,Llama 3.3 70B · 12 000 TPM,Cambios,Otros,obligã³,1,1,1,1,0.02352553697038135,False,obligÃ³,BnF_266_05,Adriana,bnf_266
2354,Llama 3.3 70B · 12 000 TPM,Cambios,Otros,oyã©ndoles,1,1,1,1,0.02352553697038135,False,oyÃ©ndoles,BnF_266_05,Adriana,bnf_266
2355,Llama 3.3 70B · 12 000 TPM,Cambios,Otros,oyã³,1,1,1,1,0.02352553697038135,False,oyÃ³,BnF_266_05,Adriana,bnf_266
2356,Llama 3.3 70B · 12 000 TPM,Cambios,Otros,pasarã­a,1,1,1,1,0.02352553697038135,False,pasarÃ­a,BnF_266_05,Adriana,bnf_266
2357,Llama 3.3 70B · 12 000 TPM,Cambios,Otros,plata escondida,1,1,1,1,0.02352553697038135,False,plata escondida,BnF_266_05,Adriana,bnf_266
2358,Llama 3.3 70B · 12 000 TPM,Cambios,Otros,plã¡tica,1,1,1,1,0.02352553697038135,False,plÃ¡tica,BnF_266_05,Adriana,bnf_266
2359,Llama 3.3 70B · 12 000 TPM,Cambios,Otros,podã­an,1,1,1,1,0.02352553697038135,False,podÃ­an,BnF_266_05,Adriana,bnf_266
2360,Llama 3.3 70B · 12 000 TPM,Cambios,Otros,pã³ngala,1,1,1,1,0.02352553697038135,False,pÃ³ngala,BnF_266_05,Adriana,bnf_266
2361,Llama 3.3 70B · 12 000 TPM,Cambios,Otros,pãºlpito,1,1,1,1,0.02352553697038135,False,pÃºlpito,BnF_266_05,Adriana,bnf_266
2362,Llama 3.3 70B · 12 000 TPM,Cambios,Otros,quemarã­a,1,1,1,1,0.02352553697038135,False,quemarÃ­a,BnF_266_05,Adriana,bnf_266
2363,Llama 3.3 70B · 12 000 TPM,Cambios,Otros,querã­an,1,1,1,1,0.02352553697038135,False,querÃ­an,BnF_266_05,Adriana,bnf_266
2364,Llama 3.3 70B · 12 000 TPM,Cambios,Otros,sabrã¡,1,1,1,1,0.02352553697038135,False,sabrÃ¡,BnF_266_05,Adriana,bnf_266
2365,Llama 3.3 70B · 12 000 TPM,Cambios,Otros,saliã³,1,1,1,1,0.02352553697038135,False,saliÃ³,BnF_266_05,Adriana,bnf_266
2366,Llama 3.3 70B · 12 000 TPM,Cambios,Otros,san andrés tepexititlán,1,1,1,1,0.02352553697038135,False,san andrés tepexititlán,AGI_INDIFERENTE_1529_N36_07,Rodrigo,agi_indiferente
2367,Llama 3.3 70B · 12 000 TPM,Cambios,Otros,san francisco atihuisca,1,1,1,1,0.02352553697038135,False,san francisco atihuisca,AGI_INDIFERENTE_1529_N36_07,Rodrigo,agi_indiferente
2368,Llama 3.3 70B · 12 000 TPM,Cambios,Otros,san gaspar tletlepec,1,1,1,1,0.02352553697038135,False,san gaspar tletlepec,AGI_INDIFERENTE_1529_N36_07,Rodrigo,agi_indiferente
2369,Llama 3.3 70B · 12 000 TPM,Cambios,Otros,san lorenzo,1,1,1,1,0.02352553697038135,False,san lorenzo,AGI_INDIFERENTE_1529_N36_07,Rodrigo,agi_indiferente
2370,Llama 3.3 70B · 12 000 TPM,Cambios,Otros,san lucas,1,1,1,1,0.02352553697038135,False,san lucas,AGI_INDIFERENTE_1529_N36_07,Rodrigo,agi_indiferente
2371,Llama 3.3 70B · 12 000 TPM,Cambios,Otros,san marcos ayuquila,1,1,1,1,0.02352553697038135,False,san marcos ayuquila,AGI_INDIFERENTE_1529_N36_07,Rodrigo,agi_indiferente
2372,Llama 3.3 70B · 12 000 TPM,Cambios,Otros,san mateo,1,1,1,1,0.02352553697038135,False,san mateo,AGI_INDIFERENTE_1529_N36_07,Rodrigo,agi_indiferente
2373,Llama 3.3 70B · 12 000 TPM,Cambios,Otros,san miguel,1,1,1,1,0.02352553697038135,False,san miguel,AGI_INDIFERENTE_1529_N36_07,Rodrigo,agi_indiferente
2374,Llama 3.3 70B · 12 000 TPM,Cambios,Otros,san miguel tepecalzingo,1,1,1,1,0.02352553697038135,False,san miguel tepecalzingo,AGI_INDIFERENTE_1529_N36_07,Rodrigo,agi_indiferente
2375,Llama 3.3 70B · 12 000 TPM,Cambios,Otros,san simón,1,1,1,1,0.02352553697038135,False,san simón,AGI_INDIFERENTE_1529_N36_07,Rodrigo,agi_indiferente
2376,Llama 3.3 70B · 12 000 TPM,Cambios,Otros,sant francisco coa,1,1,1,1,0.02352553697038135,False,sant francisco coa,AGI_INDIFERENTE_1529_N36_07,Rodrigo,agi_indiferente
2377,Llama 3.3 70B · 12 000 TPM,Cambios,Otros,santa cruz huetititlán,1,1,1,1,0.02352553697038135,False,santa cruz huetititlán,AGI_INDIFERENTE_1529_N36_07,Rodrigo,agi_indiferente
2378,Llama 3.3 70B · 12 000 TPM,Cambios,Otros,santa maría asunción,1,1,1,1,0.02352553697038135,False,santa maría asunción,AGI_INDIFERENTE_1529_N36_07,Rodrigo,agi_indiferente
2379,Llama 3.3 70B · 12 000 TPM,Cambios,Otros,santiago agua catitlán,1,1,1,1,0.02352553697038135,False,santiago agua catitlán,AGI_INDIFERENTE_1529_N36_07,Rodrigo,agi_indiferente
2380,Llama 3.3 70B · 12 000 TPM,Cambios,Otros,santo tomás,1,1,1,1,0.02352553697038135,False,santo tomás,AGI_INDIFERENTE_1529_N36_07,Rodrigo,agi_indiferente
2381,Llama 3.3 70B · 12 000 TPM,Cambios,Otros,se deja,1,1,1,1,0.02352553697038135,False,Se deja,BnF_266_07,Paco,bnf_266
2382,Llama 3.3 70B · 12 000 TPM,Cambios,Otros,se levantã³,1,1,1,1,0.02352553697038135,False,Se levantÃ³,BnF_266_05,Adriana,bnf_266
2383,Llama 3.3 70B · 12 000 TPM,Cambios,Otros,seã±as,1,1,1,1,0.02352553697038135,False,seÃ±as,BnF_266_05,Adriana,bnf_266
2384,Llama 3.3 70B · 12 000 TPM,Cambios,Otros,seã±ores,1,1,1,1,0.02352553697038135,False,seÃ±ores,BnF_266_05,Adriana,bnf_266
2385,Llama 3.3 70B · 12 000 TPM,Cambios,Otros,siriales,1,1,1,1,0.02352553697038135,False,siriales,AGN_Inquisicion_v1568A_exp152_fs115-116v_01,Rodrigo,agn_inquisicion
2386,Llama 3.3 70B · 12 000 TPM,Cambios,Otros,son,1,1,1,1,0.02352553697038135,False,son,AGI_INDIFERENTE_1529_N36_07,Rodrigo,agi_indiferente
2387,Llama 3.3 70B · 12 000 TPM,Cambios,Otros,suchitlán,1,1,1,1,0.02352553697038135,False,suchitlán,AGI_INDIFERENTE_1529_N36_07,Rodrigo,agi_indiferente
2388,Llama 3.3 70B · 12 000 TPM,Cambios,Otros,suposiciã³n,1,1,1,1,0.02352553697038135,False,suposiciÃ³n,BnF_266_05,Adriana,bnf_266
2389,Llama 3.3 70B · 12 000 TPM,Cambios,Otros,sus,1,1,1,1,0.02352553697038135,False,sus,AGI_INDIFERENTE_1529_N8_06,Rodrigo,agi_indiferente
2390,Llama 3.3 70B · 12 000 TPM,Cambios,Otros,tambiã©n,1,1,1,1,0.02352553697038135,False,tambiÃ©n,BnF_266_05,Adriana,bnf_266
2391,Llama 3.3 70B · 12 000 TPM,Cambios,Otros,tecaxiqui,1,1,1,1,0.02352553697038135,False,tecaxiqui,AGI_INDIFERENTE_1529_N36_07,Rodrigo,agi_indiferente
2392,Llama 3.3 70B · 12 000 TPM,Cambios,Otros,tlatlaya,1,1,1,1,0.02352553697038135,False,tlatlaya,AGI_INDIFERENTE_1529_N36_07,Rodrigo,agi_indiferente
2393,Llama 3.3 70B · 12 000 TPM,Cambios,Otros,tlatlayan,1,1,1,1,0.02352553697038135,False,tlatlayan,AGI_INDIFERENTE_1529_N36_07,Rodrigo,agi_indiferente
2394,Llama 3.3 70B · 12 000 TPM,Cambios,Otros,trageron,1,1,1,1,0.02352553697038135,False,trageron,BnF_266_06,Adriana,bnf_266
2395,Llama 3.3 70B · 12 000 TPM,Cambios,Otros,trã¡igola,1,1,1,1,0.02352553697038135,False,trÃ¡igola,BnF_266_05,Adriana,bnf_266
2396,Llama 3.3 70B · 12 000 TPM,Cambios,Otros,tzicatacoya,1,1,1,1,0.02352553697038135,False,tzicatacoya,AGI_INDIFERENTE_1529_N36_07,Rodrigo,agi_indiferente
2397,Llama 3.3 70B · 12 000 TPM,Cambios,Otros,u dcxxi,1,1,1,1,0.02352553697038135,False,U dcxxi,AGN_HospJesus_c205_exp041_04,Flor,agn_hospjesus
2398,Llama 3.3 70B · 12 000 TPM,Cambios,Otros,vino,1,1,1,1,0.02352553697038135,False,Vino,AGN_HospJesus_c474_leg267-2_exp024_7473-7537_02,Paco,agn_hospjesus
2399,Llama 3.3 70B · 12 000 TPM,Cambios,Otros,xci,1,1,1,1,0.02352553697038135,False,xci,AGN_HospJesus_c205_exp041_04,Flor,agn_hospjesus
2400,Llama 3.3 70B · 12 000 TPM,Cambios,Otros,xlv,1,1,1,1,0.02352553697038135,False,xlv,AGN_HospJesus_c205_exp041_04,Flor,agn_hospjesus
2401,Llama 3.3 70B · 12 000 TPM,Cambios,Otros,xxii,1,1,1,1,0.02352553697038135,False,xxii,AGN_HospJesus_c205_exp041_04,Flor,agn_hospjesus
2402,Llama 3.3 70B · 12 000 TPM,Cambios,Otros,xxiii,1,1,1,1,0.02352553697038135,False,xxiii,AGN_HospJesus_c205_exp041_04,Flor,agn_hospjesus
2403,Llama 3.3 70B · 12 000 TPM,Cambios,Otros,y,1,1,1,1,0.02352553697038135,False,y,AGI_INDIFERENTE_1529_N36_07,Rodrigo,agi_indiferente
2404,Llama 3.3 70B · 12 000 TPM,Cambios,Otros,yzcatepec,1,1,1,1,0.02352553697038135,False,yzcatepec,AGI_INDIFERENTE_1529_N36_07,Rodrigo,agi_indiferente
2405,Llama 3.3 70B · 12 000 TPM,Cambios,Sustitución,17,1,1,1,1,0.02352553697038135,False,17,BnF_119-148_24,Adriana,bnf_119-148
2406,Llama 3.3 70B · 12 000 TPM,Cambios,Sustitución,3,1,1,1,1,0.02352553697038135,False,3,BnF_116_08,Adriana,bnf_116
2407,Llama 3.3 70B · 12 000 TPM,Cambios,Sustitución,40,1,1,1,1,0.02352553697038135,False,40,BnF_174_03,Arturo,bnf_174
2408,Llama 3.3 70B · 12 000 TPM,Cambios,Sustitución,60,1,1,1,1,0.02352553697038135,False,60,Mechoacan_Yurirapundaro_1,Adriana,mechoacan_yurirapundaro
2409,Llama 3.3 70B · 12 000 TPM,Cambios,Sustitución,a,1,1,1,1,0.02352553697038135,False,a,BnF_266_10,Flor,bnf_266
2410,Llama 3.3 70B · 12 000 TPM,Cambios,Sustitución,a cuatro pueblos dichos,1,1,1,1,0.02352553697038135,False,a cuatro pueblos dichos,Mechoacan_Yurirapundaro_1,Adriana,mechoacan_yurirapundaro
2411,Llama 3.3 70B · 12 000 TPM,Cambios,Sustitución,a v.a. que,1,1,1,1,0.02352553697038135,False,a V.A. que,BnF_117_03,Arturo,bnf_117
2412,Llama 3.3 70B · 12 000 TPM,Cambios,Sustitución,abajo,1,1,1,1,0.02352553697038135,False,abajo,utblac_wbs_0912a_duplicated,Arturo,utblac_wbs
2413,Llama 3.3 70B · 12 000 TPM,Cambios,Sustitución,abuelo,1,1,1,1,0.02352553697038135,False,abuelo,BnF_118_08,Arturo,bnf_118
2414,Llama 3.3 70B · 12 000 TPM,Cambios,Sustitución,actualmente,1,1,1,1,0.02352553697038135,False,actualmente,Mechoacan_Yurirapundaro_1,Adriana,mechoacan_yurirapundaro
2415,Llama 3.3 70B · 12 000 TPM,Cambios,Sustitución,agarrã¡ndose,1,1,1,1,0.02352553697038135,False,agarrÃ¡ndose,BnF_266_05,Adriana,bnf_266
2416,Llama 3.3 70B · 12 000 TPM,Cambios,Sustitución,agora,1,1,1,1,0.02352553697038135,False,agora,BnF_118_08,Arturo,bnf_118
2417,Llama 3.3 70B · 12 000 TPM,Cambios,Sustitución,aguilar,1,1,1,1,0.02352553697038135,False,Aguilar,BnF_117_13,Paco,bnf_117
2418,Llama 3.3 70B · 12 000 TPM,Cambios,Sustitución,alejandro báez,1,1,1,1,0.02352553697038135,False,Alejandro Báez,BnF_075_026,Arturo,bnf_075
2419,Llama 3.3 70B · 12 000 TPM,Cambios,Sustitución,algunos hombres,1,1,1,1,0.02352553697038135,False,algunos hombres,BnF_167_25,Paco,bnf_167
2420,Llama 3.3 70B · 12 000 TPM,Cambios,Sustitución,ancho,1,1,1,1,0.02352553697038135,False,ancho,BnF_110_09,Alba,bnf_110
2421,Llama 3.3 70B · 12 000 TPM,Cambios,Sustitución,antecedieron,1,1,1,1,0.02352553697038135,False,antecedieron,UIA_Ms149_Exp3_43,Paco,uia_ms149
2422,Llama 3.3 70B · 12 000 TPM,Cambios,Sustitución,anterior,1,1,1,1,0.02352553697038135,False,anterior,BnF_394_07,Rodrigo,bnf_394
2423,Llama 3.3 70B · 12 000 TPM,Cambios,Sustitución,anteriores,1,1,1,1,0.02352553697038135,False,anteriores,BnF_266_07,Paco,bnf_266
2424,Llama 3.3 70B · 12 000 TPM,Cambios,Sustitución,antes,1,1,1,1,0.02352553697038135,False,antes,UIA_Ms149_Exp3_31,Alba,uia_ms149
2425,Llama 3.3 70B · 12 000 TPM,Cambios,Sustitución,antiguos,1,1,1,1,0.02352553697038135,False,antiguos,BnF_243_12,Arturo,bnf_243
2426,Llama 3.3 70B · 12 000 TPM,Cambios,Sustitución,aquã,1,1,1,1,0.02352553697038135,False,aquÃ,BnF_266_05,Adriana,bnf_266
2427,Llama 3.3 70B · 12 000 TPM,Cambios,Sustitución,asiento,1,1,1,1,0.02352553697038135,False,asiento,BnF_032_33,Adriana,bnf_032
2428,Llama 3.3 70B · 12 000 TPM,Cambios,Sustitución,audiencia. y,1,1,1,1,0.02352553697038135,False,audiencia. Y,AGN_HospJesus_c474_leg267-2_exp024_7473-7537_10,Arturo,agn_hospjesus
2429,Llama 3.3 70B · 12 000 TPM,Cambios,Sustitución,aã±adir,1,1,1,1,0.02352553697038135,False,aÃ±adir,BnF_266_05,Adriana,bnf_266
2430,Llama 3.3 70B · 12 000 TPM,Cambios,Sustitución,barren,1,1,1,1,0.02352553697038135,False,barren,BP_CM_32386_007_2,Rodrigo,bp_cm
2431,Llama 3.3 70B · 12 000 TPM,Cambios,Sustitución,basto,1,1,1,1,0.02352553697038135,False,basto,BnF_112_08,Paloma,bnf_112
2432,Llama 3.3 70B · 12 000 TPM,Cambios,Sustitución,"bautizar, y",1,1,1,1,0.02352553697038135,False,"bautizar, y",BnF_174_03,Arturo,bnf_174
2433,Llama 3.3 70B · 12 000 TPM,Cambios,Sustitución,bautizó,1,1,1,1,0.02352553697038135,False,bautizó,BnF_243_18,Adriana,bnf_243
2434,Llama 3.3 70B · 12 000 TPM,Cambios,Sustitución,bendecido,1,1,1,1,0.02352553697038135,False,bendecido,BnF_118_08,Arturo,bnf_118
2435,Llama 3.3 70B · 12 000 TPM,Cambios,Sustitución,bendijeseis,1,1,1,1,0.02352553697038135,False,bendijeseis,BnF_118_08,Arturo,bnf_118
2436,Llama 3.3 70B · 12 000 TPM,Cambios,Sustitución,bien les,1,1,1,1,0.02352553697038135,False,bien les,AGN_HospJesus_c474_leg267-2_exp024_7473-7537_05,Rodrigo,agn_hospjesus
2437,Llama 3.3 70B · 12 000 TPM,Cambios,Sustitución,bruã±ã³n,1,1,1,1,0.02352553697038135,False,BruÃ±Ã³n,BnF_266_05,Adriana,bnf_266
2438,Llama 3.3 70B · 12 000 TPM,Cambios,Sustitución,callando,1,1,1,1,0.02352553697038135,False,callando,BnF_266_10,Flor,bnf_266
2439,Llama 3.3 70B · 12 000 TPM,Cambios,Sustitución,callã¡semos,1,1,1,1,0.02352553697038135,False,callÃ¡semos,BnF_266_05,Adriana,bnf_266
2440,Llama 3.3 70B · 12 000 TPM,Cambios,Sustitución,campeche,1,1,1,1,0.02352553697038135,False,Campeche,AGN_Tierras_v2963_exp059_24,Paco,agn_tierras
2441,Llama 3.3 70B · 12 000 TPM,Cambios,Sustitución,cansados y sedientos,1,1,1,1,0.02352553697038135,False,cansados y sedientos,BnF_266_05,Adriana,bnf_266
2442,Llama 3.3 70B · 12 000 TPM,Cambios,Sustitución,capã­tulo,1,1,1,1,0.02352553697038135,False,capÃ­tulo,BnF_266_05,Adriana,bnf_266
2443,Llama 3.3 70B · 12 000 TPM,Cambios,Sustitución,capítulo,1,1,1,1,0.02352553697038135,False,capítulo,utblac_JGI_XXIII-09_Amula_25,Rodrigo,utblac_jgi
2444,Llama 3.3 70B · 12 000 TPM,Cambios,Sustitución,casar,1,1,1,1,0.02352553697038135,False,casar,BnF_113_25,Flor,bnf_113
2445,Llama 3.3 70B · 12 000 TPM,Cambios,Sustitución,castigar,1,1,1,1,0.02352553697038135,False,castigar,UIA_Ms149_Exp2_51,Arturo,uia_ms149
2446,Llama 3.3 70B · 12 000 TPM,Cambios,Sustitución,causas,1,1,1,1,0.02352553697038135,False,Causas,LoC_HPKraus_146_new_13,Paco,loc_hpkraus
2447,Llama 3.3 70B · 12 000 TPM,Cambios,Sustitución,cavilmente,1,1,1,1,0.02352553697038135,False,cavilmente,BnF_110_13,Adriana,bnf_110
2448,Llama 3.3 70B · 12 000 TPM,Cambios,Sustitución,cerros,1,1,1,1,0.02352553697038135,False,cerros,AGI_INDIFERENTE_1529_N8_06,Rodrigo,agi_indiferente
2449,Llama 3.3 70B · 12 000 TPM,Cambios,Sustitución,citaltepec,1,1,1,1,0.02352553697038135,False,citaltepec,BnF_267_23,Paco,bnf_267
2450,Llama 3.3 70B · 12 000 TPM,Cambios,Sustitución,clara,1,1,1,1,0.02352553697038135,False,clara,BP_CM_R481_071_2,Adriana,bp_cm
2451,Llama 3.3 70B · 12 000 TPM,Cambios,Sustitución,clasificando,1,1,1,1,0.02352553697038135,False,clasificando,BP_CM_32386_007_2,Rodrigo,bp_cm
2452,Llama 3.3 70B · 12 000 TPM,Cambios,Sustitución,clérigo,1,1,1,1,0.02352553697038135,False,clérigo,AGN_Inquisicion_v1570A_exp134_fs159-160v_02,Adriana,agn_inquisicion
2453,Llama 3.3 70B · 12 000 TPM,Cambios,Sustitución,compaã±ã­a,1,1,1,1,0.02352553697038135,False,CompaÃ±Ã­a,BnF_266_05,Adriana,bnf_266
2454,Llama 3.3 70B · 12 000 TPM,Cambios,Sustitución,compelidos,1,1,1,1,0.02352553697038135,False,compelidos,AGN_HospJesus_c474_leg267-2_exp024_7473-7537_10,Arturo,agn_hospjesus
2455,Llama 3.3 70B · 12 000 TPM,Cambios,Sustitución,con sí,1,1,1,1,0.02352553697038135,False,con sí,AGI_PATRONATO_182_R3_03,Javier,agi_patronato
2456,Llama 3.3 70B · 12 000 TPM,Cambios,Sustitución,confesã³,1,1,1,1,0.02352553697038135,False,confesÃ³,BnF_266_05,Adriana,bnf_266
2457,Llama 3.3 70B · 12 000 TPM,Cambios,Sustitución,confusiã³n,1,1,1,1,0.02352553697038135,False,confusiÃ³n,BnF_266_05,Adriana,bnf_266
2458,Llama 3.3 70B · 12 000 TPM,Cambios,Sustitución,conocería,1,1,1,1,0.02352553697038135,False,conocería,BnF_111_27,Alba,bnf_111
2459,Llama 3.3 70B · 12 000 TPM,Cambios,Sustitución,conseguir,1,1,1,1,0.02352553697038135,False,conseguir,BnF_075_026,Arturo,bnf_075
2460,Llama 3.3 70B · 12 000 TPM,Cambios,Sustitución,consta en la escritura,1,1,1,1,0.02352553697038135,False,consta en la escritura,BnF_243_18,Adriana,bnf_243
2461,Llama 3.3 70B · 12 000 TPM,Cambios,Sustitución,contamos,1,1,1,1,0.02352553697038135,False,contamos,BnF_266_10,Flor,bnf_266
2462,Llama 3.3 70B · 12 000 TPM,Cambios,Sustitución,convendría,1,1,1,1,0.02352553697038135,False,convendría,BnF_119-148_16,Flor,bnf_119-148
2463,Llama 3.3 70B · 12 000 TPM,Cambios,Sustitución,convenga,1,1,1,1,0.02352553697038135,False,convenga,BP_CM_R481_071_2,Adriana,bp_cm
2464,Llama 3.3 70B · 12 000 TPM,Cambios,Sustitución,convenida,1,1,1,1,0.02352553697038135,False,convenida,LoC_HPKraus_146_new_13,Paco,loc_hpkraus
2465,Llama 3.3 70B · 12 000 TPM,Cambios,Sustitución,corriã³,1,1,1,1,0.02352553697038135,False,corriÃ³,BnF_266_05,Adriana,bnf_266
2466,Llama 3.3 70B · 12 000 TPM,Cambios,Sustitución,cortaba,1,1,1,1,0.02352553697038135,False,cortaba,BnF_266_10,Flor,bnf_266
2467,Llama 3.3 70B · 12 000 TPM,Cambios,Sustitución,cortaron,1,1,1,1,0.02352553697038135,False,cortaron,BnF_266_10,Flor,bnf_266
2468,Llama 3.3 70B · 12 000 TPM,Cambios,Sustitución,cosa,1,1,1,1,0.02352553697038135,False,cosa,BP_CM_R494_156_2,Javier,bp_cm
2469,Llama 3.3 70B · 12 000 TPM,Cambios,Sustitución,cosechar,1,1,1,1,0.02352553697038135,False,cosechar,BnF_174_05,Adriana,bnf_174
2470,Llama 3.3 70B · 12 000 TPM,Cambios,Sustitución,coxila,1,1,1,1,0.02352553697038135,False,coxila,BnF_266_10,Flor,bnf_266
2471,Llama 3.3 70B · 12 000 TPM,Cambios,Sustitución,crecã­a,1,1,1,1,0.02352553697038135,False,CrecÃ­a,BnF_266_05,Adriana,bnf_266
2472,Llama 3.3 70B · 12 000 TPM,Cambios,Sustitución,cuam,1,1,1,1,0.02352553697038135,False,cuam,BnF_174_04,Paloma,bnf_174
2473,Llama 3.3 70B · 12 000 TPM,Cambios,Sustitución,cuamuis,1,1,1,1,0.02352553697038135,False,Cuamuis,BnF_174_04,Paloma,bnf_174
2474,Llama 3.3 70B · 12 000 TPM,Cambios,Sustitución,cuanetzol,1,1,1,1,0.02352553697038135,False,cuanetzol,BnF_030_22,Paco,bnf_030
2475,Llama 3.3 70B · 12 000 TPM,Cambios,Sustitución,cuanto,1,1,1,1,0.02352553697038135,False,cuanto,BnF_174_05,Adriana,bnf_174
2476,Llama 3.3 70B · 12 000 TPM,Cambios,Sustitución,cuarenta,1,1,1,1,0.02352553697038135,False,cuarenta,BnF_117_13,Paco,bnf_117
2477,Llama 3.3 70B · 12 000 TPM,Cambios,Sustitución,cuautle,1,1,1,1,0.02352553697038135,False,Cuautle,BnF_111_27,Alba,bnf_111
2478,Llama 3.3 70B · 12 000 TPM,Cambios,Sustitución,cuellos,1,1,1,1,0.02352553697038135,False,cuellos,utblac_JGI_XXIII-09_Amula_25,Rodrigo,utblac_jgi
2479,Llama 3.3 70B · 12 000 TPM,Cambios,Sustitución,cuenta,1,1,1,1,0.02352553697038135,False,cuenta,BnF_243_16,Rodrigo,bnf_243
2480,Llama 3.3 70B · 12 000 TPM,Cambios,Sustitución,cuidado,1,1,1,1,0.02352553697038135,False,cuidado,BnF_119-148_33,Paloma,bnf_119-148
2481,Llama 3.3 70B · 12 000 TPM,Cambios,Sustitución,cumplieron,1,1,1,1,0.02352553697038135,False,cumplieron,utblac_wbs_1433_duplicated_1,Rodrigo,utblac_wbs
2482,Llama 3.3 70B · 12 000 TPM,Cambios,Sustitución,cumpliré,1,1,1,1,0.02352553697038135,False,cumpliré,BnF_113_43,Paloma,bnf_113
2483,Llama 3.3 70B · 12 000 TPM,Cambios,Sustitución,cuox,1,1,1,1,0.02352553697038135,False,cuox,BnF_174_04,Paloma,bnf_174
2484,Llama 3.3 70B · 12 000 TPM,Cambios,Sustitución,dadnos,1,1,1,1,0.02352553697038135,False,dadnos,utblac_wbs_1433_duplicated_1,Rodrigo,utblac_wbs
2485,Llama 3.3 70B · 12 000 TPM,Cambios,Sustitución,darã¡,1,1,1,1,0.02352553697038135,False,darÃ¡,BnF_266_05,Adriana,bnf_266
2486,Llama 3.3 70B · 12 000 TPM,Cambios,Sustitución,de,1,1,1,1,0.02352553697038135,False,de,BnF_032_23,Arturo,bnf_032
2487,Llama 3.3 70B · 12 000 TPM,Cambios,Sustitución,de allí,1,1,1,1,0.02352553697038135,False,de allí,utblac_wbs_1433_duplicated_1,Rodrigo,utblac_wbs
2488,Llama 3.3 70B · 12 000 TPM,Cambios,Sustitución,"de ellos, los",1,1,1,1,0.02352553697038135,False,"de ellos, los",AGN_Inquisicion_v1568A_exp152_fs115-116v_01,Rodrigo,agn_inquisicion
2489,Llama 3.3 70B · 12 000 TPM,Cambios,Sustitución,de esto,1,1,1,1,0.02352553697038135,False,de esto,BP_CM_R481_071_2,Adriana,bp_cm
2490,Llama 3.3 70B · 12 000 TPM,Cambios,Sustitución,de la cual,1,1,1,1,0.02352553697038135,False,de la cual,AGN_HospJesus_c474_leg267-2_exp024_7473-7537_10,Arturo,agn_hospjesus
2491,Llama 3.3 70B · 12 000 TPM,Cambios,Sustitución,de los mismos,1,1,1,1,0.02352553697038135,False,de los mismos,BnF_119-148_33,Paloma,bnf_119-148
2492,Llama 3.3 70B · 12 000 TPM,Cambios,Sustitución,de verlo,1,1,1,1,0.02352553697038135,False,de verlo,BnF_032_33,Adriana,bnf_032
2493,Llama 3.3 70B · 12 000 TPM,Cambios,Sustitución,declarar,1,1,1,1,0.02352553697038135,False,declarar,BnF_110_13,Adriana,bnf_110
2494,Llama 3.3 70B · 12 000 TPM,Cambios,Sustitución,definitiva,1,1,1,1,0.02352553697038135,False,definitiva,BnF_113_43,Paloma,bnf_113
2495,Llama 3.3 70B · 12 000 TPM,Cambios,Sustitución,deja,1,1,1,1,0.02352553697038135,False,deja,BnF_110_09,Alba,bnf_110
2496,Llama 3.3 70B · 12 000 TPM,Cambios,Sustitución,dejar las,1,1,1,1,0.02352553697038135,False,dejar las,BnF_032_23,Arturo,bnf_032
2497,Llama 3.3 70B · 12 000 TPM,Cambios,Sustitución,dejarã­a,1,1,1,1,0.02352553697038135,False,dejarÃ­a,BnF_266_05,Adriana,bnf_266
2498,Llama 3.3 70B · 12 000 TPM,Cambios,Sustitución,dejé,1,1,1,1,0.02352553697038135,False,Dejé,BnF_266_06,Adriana,bnf_266
2499,Llama 3.3 70B · 12 000 TPM,Cambios,Sustitución,dejó,1,1,1,1,0.02352553697038135,False,dejó,BnF_394_10,Flor,bnf_394
2500,Llama 3.3 70B · 12 000 TPM,Cambios,Sustitución,demã¡s,1,1,1,1,0.02352553697038135,False,demÃ¡s,BnF_266_05,Adriana,bnf_266
2501,Llama 3.3 70B · 12 000 TPM,Cambios,Sustitución,denuncia,1,1,1,1,0.02352553697038135,False,denuncia,utblac_gg_mss_g62_duplicated_03,Flor,utblac_gg
2502,Llama 3.3 70B · 12 000 TPM,Cambios,Sustitución,desbaratar,1,1,1,1,0.02352553697038135,False,desbaratar,BnF_264_03,Adriana,bnf_264
2503,Llama 3.3 70B · 12 000 TPM,Cambios,Sustitución,descolgó,1,1,1,1,0.02352553697038135,False,descolgó,BnF_111_27,Alba,bnf_111
2504,Llama 3.3 70B · 12 000 TPM,Cambios,Sustitución,deslindó,1,1,1,1,0.02352553697038135,False,deslindó,UIA_Ms149_Exp3_31,Alba,uia_ms149
2505,Llama 3.3 70B · 12 000 TPM,Cambios,Sustitución,despacho,1,1,1,1,0.02352553697038135,False,despacho,BP_CM_R481_071_2,Adriana,bp_cm
2506,Llama 3.3 70B · 12 000 TPM,Cambios,Sustitución,determinã³,1,1,1,1,0.02352553697038135,False,determinÃ³,BnF_266_05,Adriana,bnf_266
2507,Llama 3.3 70B · 12 000 TPM,Cambios,Sustitución,dibujaron,1,1,1,1,0.02352553697038135,False,dibujaron,BnF_266_10,Flor,bnf_266
2508,Llama 3.3 70B · 12 000 TPM,Cambios,Sustitución,dibujos,1,1,1,1,0.02352553697038135,False,dibujos,BnF_266_10,Flor,bnf_266
2509,Llama 3.3 70B · 12 000 TPM,Cambios,Sustitución,diecinueve,1,1,1,1,0.02352553697038135,False,diecinueve,UIA_Ms149_Exp3_43,Paco,uia_ms149
2510,Llama 3.3 70B · 12 000 TPM,Cambios,Sustitución,dieciocho,1,1,1,1,0.02352553697038135,False,dieciocho,BnF_030_22,Paco,bnf_030
2511,Llama 3.3 70B · 12 000 TPM,Cambios,Sustitución,dieciséis,1,1,1,1,0.02352553697038135,False,dieciséis,AGN_Indios_v009_exp002_fs3v-4_01,Arturo,agn_indios
2512,Llama 3.3 70B · 12 000 TPM,Cambios,Sustitución,digo,1,1,1,1,0.02352553697038135,False,digo,BnF_113_43,Paloma,bnf_113
2513,Llama 3.3 70B · 12 000 TPM,Cambios,Sustitución,diligentemente,1,1,1,1,0.02352553697038135,False,diligentemente,utblac_JGI_XXIII-09_Amula_25,Rodrigo,utblac_jgi
2514,Llama 3.3 70B · 12 000 TPM,Cambios,Sustitución,"dios, en",1,1,1,1,0.02352553697038135,False,"Dios, en",AGN_Indios_v009_exp002_fs3v-4_01,Arturo,agn_indios
2515,Llama 3.3 70B · 12 000 TPM,Cambios,Sustitución,disfrutó,1,1,1,1,0.02352553697038135,False,disfrutó,BnF_032_33,Adriana,bnf_032
2516,Llama 3.3 70B · 12 000 TPM,Cambios,Sustitución,domesticados,1,1,1,1,0.02352553697038135,False,domesticados,BnF_075_026,Arturo,bnf_075
2517,Llama 3.3 70B · 12 000 TPM,Cambios,Sustitución,donó,1,1,1,1,0.02352553697038135,False,donó,BnF_394_10,Flor,bnf_394
2518,Llama 3.3 70B · 12 000 TPM,Cambios,Sustitución,doscientos,1,1,1,1,0.02352553697038135,False,doscientos,BnF_113_43,Paloma,bnf_113
2519,Llama 3.3 70B · 12 000 TPM,Cambios,Sustitución,duodécimo,1,1,1,1,0.02352553697038135,False,duodécimo,BnF_264_02,Paloma,bnf_264
2520,Llama 3.3 70B · 12 000 TPM,Cambios,Sustitución,dã­as,1,1,1,1,0.02352553697038135,False,dÃ­as,BnF_266_05,Adriana,bnf_266
2521,Llama 3.3 70B · 12 000 TPM,Cambios,Sustitución,dé,1,1,1,1,0.02352553697038135,False,dé,AGN_Inquisicion_v1570A_exp134_fs159-160v_02,Adriana,agn_inquisicion
2522,Llama 3.3 70B · 12 000 TPM,Cambios,Sustitución,día anterior,1,1,1,1,0.02352553697038135,False,día anterior,BnF_266_10,Flor,bnf_266
2523,Llama 3.3 70B · 12 000 TPM,Cambios,Sustitución,echaban.,1,1,1,1,0.02352553697038135,False,echaban.,BnF_266_10,Flor,bnf_266
2524,Llama 3.3 70B · 12 000 TPM,Cambios,Sustitución,ejecución,1,1,1,1,0.02352553697038135,False,ejecución,AGN_IndiferenteVirreinal_caja4071_exp024_1,Rodrigo,agn_indiferentevirreinal
2525,Llama 3.3 70B · 12 000 TPM,Cambios,Sustitución,ejecutará,1,1,1,1,0.02352553697038135,False,ejecutará,AGN_Indios_v009_exp002_fs3v-4_01,Arturo,agn_indios
2526,Llama 3.3 70B · 12 000 TPM,Cambios,Sustitución,ejecutarã¡,1,1,1,1,0.02352553697038135,False,ejecutarÃ¡,BnF_266_05,Adriana,bnf_266
2527,Llama 3.3 70B · 12 000 TPM,Cambios,Sustitución,el,1,1,1,1,0.02352553697038135,False,El,BnF_266_03,Rodrigo,bnf_266
2528,Llama 3.3 70B · 12 000 TPM,Cambios,Sustitución,el que,1,1,1,1,0.02352553697038135,False,el que,BnF_266_07,Paco,bnf_266
2529,Llama 3.3 70B · 12 000 TPM,Cambios,Sustitución,embrujos,1,1,1,1,0.02352553697038135,False,embrujos,utblac_gg_mss_g62_duplicated_03,Flor,utblac_gg
2530,Llama 3.3 70B · 12 000 TPM,Cambios,Sustitución,empezó a manifestarse,1,1,1,1,0.02352553697038135,False,Empezó a manifestarse,BnF_266_06,Adriana,bnf_266
2531,Llama 3.3 70B · 12 000 TPM,Cambios,Sustitución,empeã±ã³,1,1,1,1,0.02352553697038135,False,empeÃ±Ã³,BnF_266_05,Adriana,bnf_266
2532,Llama 3.3 70B · 12 000 TPM,Cambios,Sustitución,en bio,1,1,1,1,0.02352553697038135,False,en bio,BnF_264_03,Adriana,bnf_264
2533,Llama 3.3 70B · 12 000 TPM,Cambios,Sustitución,encarnación del hijo de dios,1,1,1,1,0.02352553697038135,False,encarnación del Hijo de Dios,BnF_264_03,Adriana,bnf_264
2534,Llama 3.3 70B · 12 000 TPM,Cambios,Sustitución,"enríquez, virrey",1,1,1,1,0.02352553697038135,False,"Enríquez, virrey",BnF_119-148_16,Flor,bnf_119-148
2535,Llama 3.3 70B · 12 000 TPM,Cambios,Sustitución,enseã±ã³,1,1,1,1,0.02352553697038135,False,enseÃ±Ã³,BnF_266_05,Adriana,bnf_266
2536,Llama 3.3 70B · 12 000 TPM,Cambios,Sustitución,entendibles,1,1,1,1,0.02352553697038135,False,entendibles,BnF_075_035,Arturo,bnf_075
2537,Llama 3.3 70B · 12 000 TPM,Cambios,Sustitución,entendió,1,1,1,1,0.02352553697038135,False,entendió,BnF_266_10,Flor,bnf_266
2538,Llama 3.3 70B · 12 000 TPM,Cambios,Sustitución,enviará,1,1,1,1,0.02352553697038135,False,enviará,utblac_gg_mss_g62_duplicated_03,Flor,utblac_gg
2539,Llama 3.3 70B · 12 000 TPM,Cambios,Sustitución,envíe,1,1,1,1,0.02352553697038135,False,envíe,LoC_HPKraus_138_new_14,Rodrigo,loc_hpkraus
2540,Llama 3.3 70B · 12 000 TPM,Cambios,Sustitución,eran,1,1,1,1,0.02352553697038135,False,eran,BnF_264_03,Adriana,bnf_264
2541,Llama 3.3 70B · 12 000 TPM,Cambios,Sustitución,es,1,1,1,1,0.02352553697038135,False,es,BP_CM_R481_071_3,Javier,bp_cm
2542,Llama 3.3 70B · 12 000 TPM,Cambios,Sustitución,escomuniã³n,1,1,1,1,0.02352553697038135,False,escomuniÃ³n,BnF_266_05,Adriana,bnf_266
2543,Llama 3.3 70B · 12 000 TPM,Cambios,Sustitución,escribano,1,1,1,1,0.02352553697038135,False,escribano,BP_CM_R481_016,Arturo,bp_cm
2544,Llama 3.3 70B · 12 000 TPM,Cambios,Sustitución,escribí,1,1,1,1,0.02352553697038135,False,escribí,BnF_032_23,Arturo,bnf_032
2545,Llama 3.3 70B · 12 000 TPM,Cambios,Sustitución,espaã±a,1,1,1,1,0.02352553697038135,False,EspaÃ±a,BnF_266_05,Adriana,bnf_266
2546,Llama 3.3 70B · 12 000 TPM,Cambios,Sustitución,"español, llamado",1,1,1,1,0.02352553697038135,False,"español, llamado",BnF_243_12,Arturo,bnf_243
2547,Llama 3.3 70B · 12 000 TPM,Cambios,Sustitución,esta,1,1,1,1,0.02352553697038135,False,esta,utblac_gg_mss_g62_duplicated_09,Flor,utblac_gg
2548,Llama 3.3 70B · 12 000 TPM,Cambios,Sustitución,esta mi autoridad,1,1,1,1,0.02352553697038135,False,esta mi autoridad,BnF_032_23,Arturo,bnf_032
2549,Llama 3.3 70B · 12 000 TPM,Cambios,Sustitución,estar,1,1,1,1,0.02352553697038135,False,estar,BnF_266_10,Flor,bnf_266
2550,Llama 3.3 70B · 12 000 TPM,Cambios,Sustitución,estaría,1,1,1,1,0.02352553697038135,False,estaría,BP_CM_32386_007_2,Rodrigo,bp_cm
2551,Llama 3.3 70B · 12 000 TPM,Cambios,Sustitución,"esto,",1,1,1,1,0.02352553697038135,False,"Esto,",utblac_gg_mss_g62_duplicated_03,Flor,utblac_gg
2552,Llama 3.3 70B · 12 000 TPM,Cambios,Sustitución,están sueltas,1,1,1,1,0.02352553697038135,False,están sueltas,AGI_INDIFERENTE_1529_N36_07,Rodrigo,agi_indiferente
2553,Llama 3.3 70B · 12 000 TPM,Cambios,Sustitución,falso,1,1,1,1,0.02352553697038135,False,falso,BP_CM_R481_071_2,Adriana,bp_cm
2554,Llama 3.3 70B · 12 000 TPM,Cambios,Sustitución,firmó,1,1,1,1,0.02352553697038135,False,firmó,BnF_113_25,Flor,bnf_113
2555,Llama 3.3 70B · 12 000 TPM,Cambios,Sustitución,forzadamente,1,1,1,1,0.02352553697038135,False,forzadamente,AGN_HospJesus_c474_leg267-2_exp024_7473-7537_02,Paco,agn_hospjesus
2556,Llama 3.3 70B · 12 000 TPM,Cambios,Sustitución,frijoles,1,1,1,1,0.02352553697038135,False,frijoles,utblac_JGI_XXIII-09_Amula_25,Rodrigo,utblac_jgi
2557,Llama 3.3 70B · 12 000 TPM,Cambios,Sustitución,frutos,1,1,1,1,0.02352553697038135,False,Frutos,AGN_Inquisicion_v1568A_exp152_fs115-116v_01,Rodrigo,agn_inquisicion
2558,Llama 3.3 70B · 12 000 TPM,Cambios,Sustitución,"fuera,",1,1,1,1,0.02352553697038135,False,"fuera,",BnF_266_07,Paco,bnf_266
2559,Llama 3.3 70B · 12 000 TPM,Cambios,Sustitución,fuese,1,1,1,1,0.02352553697038135,False,fuese,utblac_wbs_888_duplicated_1,Edna,utblac_wbs
2560,Llama 3.3 70B · 12 000 TPM,Cambios,Sustitución,fueseis,1,1,1,1,0.02352553697038135,False,fueseis,UIA_Ms149_Exp2_51,Arturo,uia_ms149
2561,Llama 3.3 70B · 12 000 TPM,Cambios,Sustitución,fuisteis,1,1,1,1,0.02352553697038135,False,fuisteis,UIA_Ms149_Exp2_51,Arturo,uia_ms149
2562,Llama 3.3 70B · 12 000 TPM,Cambios,Sustitución,garrota,1,1,1,1,0.02352553697038135,False,garrota,BnF_266_05,Adriana,bnf_266
2563,Llama 3.3 70B · 12 000 TPM,Cambios,Sustitución,gobierno,1,1,1,1,0.02352553697038135,False,gobierno,AGI_PATRONATO_182_R3_03,Javier,agi_patronato
2564,Llama 3.3 70B · 12 000 TPM,Cambios,Sustitución,guardaré,1,1,1,1,0.02352553697038135,False,guardaré,BnF_113_43,Paloma,bnf_113
2565,Llama 3.3 70B · 12 000 TPM,Cambios,Sustitución,guardiã¡n,1,1,1,1,0.02352553697038135,False,guardiÃ¡n,BnF_266_05,Adriana,bnf_266
2566,Llama 3.3 70B · 12 000 TPM,Cambios,Sustitución,habiéndolo como deuda,1,1,1,1,0.02352553697038135,False,habiéndolo como deuda,AGN_IndiferenteVirreinal_caja4071_exp024_1,Rodrigo,agn_indiferentevirreinal
2567,Llama 3.3 70B · 12 000 TPM,Cambios,Sustitución,habã­amos,1,1,1,1,0.02352553697038135,False,habÃ­amos,BnF_266_05,Adriana,bnf_266
2568,Llama 3.3 70B · 12 000 TPM,Cambios,Sustitución,había sido,1,1,1,1,0.02352553697038135,False,había sido,UIA_Ms149_Exp3_43,Paco,uia_ms149
2569,Llama 3.3 70B · 12 000 TPM,Cambios,Sustitución,habíais,1,1,1,1,0.02352553697038135,False,habíais,UIA_Ms149_Exp2_51,Arturo,uia_ms149
2570,Llama 3.3 70B · 12 000 TPM,Cambios,Sustitución,haciã©ndoles,1,1,1,1,0.02352553697038135,False,haciÃ©ndoles,BnF_266_05,Adriana,bnf_266
2571,Llama 3.3 70B · 12 000 TPM,Cambios,Sustitución,hasta,1,1,1,1,0.02352553697038135,False,hasta,AGN_HospJesus_c474_leg267-2_exp024_7473-7537_02,Paco,agn_hospjesus
2572,Llama 3.3 70B · 12 000 TPM,Cambios,Sustitución,hechizos,1,1,1,1,0.02352553697038135,False,hechizos,utblac_gg_mss_g62_duplicated_03,Flor,utblac_gg
2573,Llama 3.3 70B · 12 000 TPM,Cambios,Sustitución,heredó,1,1,1,1,0.02352553697038135,False,heredó,BnF_110_13,Adriana,bnf_110
2574,Llama 3.3 70B · 12 000 TPM,Cambios,Sustitución,herejía,1,1,1,1,0.02352553697038135,False,herejía,utblac_gg_mss_g62_duplicated_09,Flor,utblac_gg
2575,Llama 3.3 70B · 12 000 TPM,Cambios,Sustitución,hicieseis,1,1,1,1,0.02352553697038135,False,hicieseis,UIA_Ms149_Exp2_51,Arturo,uia_ms149
2576,Llama 3.3 70B · 12 000 TPM,Cambios,Sustitución,hicisteis,1,1,1,1,0.02352553697038135,False,hicisteis,UIA_Ms149_Exp2_51,Arturo,uia_ms149
2577,Llama 3.3 70B · 12 000 TPM,Cambios,Sustitución,hizo,1,1,1,1,0.02352553697038135,False,hizo,utblac_gg_mss_g62_duplicated_11,Alba,utblac_gg
2578,Llama 3.3 70B · 12 000 TPM,Cambios,Sustitución,holgaría,1,1,1,1,0.02352553697038135,False,holgaría,BP_CM_R481_071_2,Adriana,bp_cm
2579,Llama 3.3 70B · 12 000 TPM,Cambios,Sustitución,hubiere,1,1,1,1,0.02352553697038135,False,hubiere,utblac_eog_j_04_duplicated_02,Arturo,utblac_eog
2580,Llama 3.3 70B · 12 000 TPM,Cambios,Sustitución,hubieseis,1,1,1,1,0.02352553697038135,False,hubieseis,utblac_wbs_1433_duplicated_1,Rodrigo,utblac_wbs
2581,Llama 3.3 70B · 12 000 TPM,Cambios,Sustitución,hubo,1,1,1,1,0.02352553697038135,False,hubo,BnF_394_10,Flor,bnf_394
2582,Llama 3.3 70B · 12 000 TPM,Cambios,Sustitución,impotencia,1,1,1,1,0.02352553697038135,False,impotencia,BP_CM_32386_007_2,Rodrigo,bp_cm
2583,Llama 3.3 70B · 12 000 TPM,Cambios,Sustitución,inquirir,1,1,1,1,0.02352553697038135,False,inquirir,BnF_112_08,Paloma,bnf_112
2584,Llama 3.3 70B · 12 000 TPM,Cambios,Sustitución,intención,1,1,1,1,0.02352553697038135,False,intención,BnF_075_026,Arturo,bnf_075
2585,Llama 3.3 70B · 12 000 TPM,Cambios,Sustitución,intérprete,1,1,1,1,0.02352553697038135,False,intérprete,BnF_394_10,Flor,bnf_394
2586,Llama 3.3 70B · 12 000 TPM,Cambios,Sustitución,"iztaquihuitlan, mastitlan",1,1,1,1,0.02352553697038135,False,"Iztaquihuitlan, Mastitlan",BnF_075_003,Adriana,bnf_075
2587,Llama 3.3 70B · 12 000 TPM,Cambios,Sustitución,jerónimo,1,1,1,1,0.02352553697038135,False,Jerónimo,BnF_243_18,Adriana,bnf_243
2588,Llama 3.3 70B · 12 000 TPM,Cambios,Sustitución,juntaron,1,1,1,1,0.02352553697038135,False,Juntaron,BnF_266_06,Adriana,bnf_266
2589,Llama 3.3 70B · 12 000 TPM,Cambios,Sustitución,juzgados,1,1,1,1,0.02352553697038135,False,juzgados,BnF_174_05,Adriana,bnf_174
2590,Llama 3.3 70B · 12 000 TPM,Cambios,Sustitución,"juzgados,",1,1,1,1,0.02352553697038135,False,"juzgados,",BnF_174_05,Adriana,bnf_174
2591,Llama 3.3 70B · 12 000 TPM,Cambios,Sustitución,la,1,1,1,1,0.02352553697038135,False,la,BnF_117_08,Edna,bnf_117
2592,Llama 3.3 70B · 12 000 TPM,Cambios,Sustitución,la flota,1,1,1,1,0.02352553697038135,False,La flota,BnF_266_10,Flor,bnf_266
2593,Llama 3.3 70B · 12 000 TPM,Cambios,Sustitución,legítima,1,1,1,1,0.02352553697038135,False,legítima,AGN_HospJesus_c474_leg267-2_exp024_7473-7537_10,Arturo,agn_hospjesus
2594,Llama 3.3 70B · 12 000 TPM,Cambios,Sustitución,les dijeron,1,1,1,1,0.02352553697038135,False,les dijeron,BnF_266_10,Flor,bnf_266
2595,Llama 3.3 70B · 12 000 TPM,Cambios,Sustitución,lineal,1,1,1,1,0.02352553697038135,False,lineal,AGS_CE_RG_L379_05,Flor,ags_ce
2596,Llama 3.3 70B · 12 000 TPM,Cambios,Sustitución,llamaron a,1,1,1,1,0.02352553697038135,False,Llamaron a,BnF_266_05,Adriana,bnf_266
2597,Llama 3.3 70B · 12 000 TPM,Cambios,Sustitución,llamã³,1,1,1,1,0.02352553697038135,False,llamÃ³,BnF_266_05,Adriana,bnf_266
2598,Llama 3.3 70B · 12 000 TPM,Cambios,Sustitución,llanos,1,1,1,1,0.02352553697038135,False,llanos,BnF_174_06,Javier,bnf_174
2599,Llama 3.3 70B · 12 000 TPM,Cambios,Sustitución,llebe,1,1,1,1,0.02352553697038135,False,Llebe,BnF_032_39,Paloma,bnf_032
2600,Llama 3.3 70B · 12 000 TPM,Cambios,Sustitución,llevando,1,1,1,1,0.02352553697038135,False,llevando,BnF_266_10,Flor,bnf_266
2601,Llama 3.3 70B · 12 000 TPM,Cambios,Sustitución,llevaron,1,1,1,1,0.02352553697038135,False,llevaron,BnF_266_10,Flor,bnf_266
2602,Llama 3.3 70B · 12 000 TPM,Cambios,Sustitución,llevã¡ndolo,1,1,1,1,0.02352553697038135,False,llevÃ¡ndolo,BnF_266_05,Adriana,bnf_266
2603,Llama 3.3 70B · 12 000 TPM,Cambios,Sustitución,lo que,1,1,1,1,0.02352553697038135,False,lo que,BnF_118_08,Arturo,bnf_118
2604,Llama 3.3 70B · 12 000 TPM,Cambios,Sustitución,machos y cuatro,1,1,1,1,0.02352553697038135,False,machos y cuatro,AGI_CONTRATACION_1089_N8_176,Flor,agi_contratacion
2605,Llama 3.3 70B · 12 000 TPM,Cambios,Sustitución,maizales,1,1,1,1,0.02352553697038135,False,maizales,BnF_111_21,Flor,bnf_111
2606,Llama 3.3 70B · 12 000 TPM,Cambios,Sustitución,malaicia,1,1,1,1,0.02352553697038135,False,malaicia,BnF_118_03,Paloma,bnf_118
2607,Llama 3.3 70B · 12 000 TPM,Cambios,Sustitución,mandamos,1,1,1,1,0.02352553697038135,False,mandamos,BnF_119-148_18,Arturo,bnf_119-148
2608,Llama 3.3 70B · 12 000 TPM,Cambios,Sustitución,mandando nos,1,1,1,1,0.02352553697038135,False,mandando nos,BnF_110_13,Adriana,bnf_110
2609,Llama 3.3 70B · 12 000 TPM,Cambios,Sustitución,mandato,1,1,1,1,0.02352553697038135,False,mandato,AGN_GralParte_v006_exp617_02,Rodrigo,agn_gralparte
2610,Llama 3.3 70B · 12 000 TPM,Cambios,Sustitución,mandeis,1,1,1,1,0.02352553697038135,False,mandeis,BnF_119-148_33,Paloma,bnf_119-148
2611,Llama 3.3 70B · 12 000 TPM,Cambios,Sustitución,mandeis enviar,1,1,1,1,0.02352553697038135,False,mandeis enviar,BnF_119-148_33,Paloma,bnf_119-148
2612,Llama 3.3 70B · 12 000 TPM,Cambios,Sustitución,mandeis proseguir,1,1,1,1,0.02352553697038135,False,mandeis proseguir,BnF_119-148_33,Paloma,bnf_119-148
2613,Llama 3.3 70B · 12 000 TPM,Cambios,Sustitución,"marca,",1,1,1,1,0.02352553697038135,False,"marca,",BnF_032_39,Paloma,bnf_032
2614,Llama 3.3 70B · 12 000 TPM,Cambios,Sustitución,marqués,1,1,1,1,0.02352553697038135,False,marqués,AGN_Inquisicion_v1568A_exp152_fs115-116v_03,Javier,agn_inquisicion
2615,Llama 3.3 70B · 12 000 TPM,Cambios,Sustitución,mayoría,1,1,1,1,0.02352553697038135,False,mayoría,BnF_266_07,Paco,bnf_266
2616,Llama 3.3 70B · 12 000 TPM,Cambios,Sustitución,maã±ana,1,1,1,1,0.02352553697038135,False,maÃ±ana,BnF_266_05,Adriana,bnf_266
2617,Llama 3.3 70B · 12 000 TPM,Cambios,Sustitución,medió,1,1,1,1,0.02352553697038135,False,medió,BnF_112_08,Paloma,bnf_112
2618,Llama 3.3 70B · 12 000 TPM,Cambios,Sustitución,medió un,1,1,1,1,0.02352553697038135,False,medió un,BnF_112_08,Paloma,bnf_112
2619,Llama 3.3 70B · 12 000 TPM,Cambios,Sustitución,mención,1,1,1,1,0.02352553697038135,False,mención,BnF_032_39,Paloma,bnf_032
2620,Llama 3.3 70B · 12 000 TPM,Cambios,Sustitución,merced,1,1,1,1,0.02352553697038135,False,merced,utblac_JGI_XXIII-13_Atlatlauhca_03,Flor,utblac_jgi
2621,Llama 3.3 70B · 12 000 TPM,Cambios,Sustitución,mercedes,1,1,1,1,0.02352553697038135,False,Mercedes,BP_CM_R481_071_3,Javier,bp_cm
2622,Llama 3.3 70B · 12 000 TPM,Cambios,Sustitución,metí,1,1,1,1,0.02352553697038135,False,metí,BnF_032_23,Arturo,bnf_032
2623,Llama 3.3 70B · 12 000 TPM,Cambios,Sustitución,mil quinientos ochenta y cinco,1,1,1,1,0.02352553697038135,False,mil quinientos ochenta y cinco,BnF_116_07,Adriana,bnf_116
2624,Llama 3.3 70B · 12 000 TPM,Cambios,Sustitución,mina,1,1,1,1,0.02352553697038135,False,mina,BnF_266_05,Adriana,bnf_266
2625,Llama 3.3 70B · 12 000 TPM,Cambios,Sustitución,mismo,1,1,1,1,0.02352553697038135,False,mismo,BnF_266_10,Flor,bnf_266
2626,Llama 3.3 70B · 12 000 TPM,Cambios,Sustitución,monasterio,1,1,1,1,0.02352553697038135,False,monasterio,UIA_Ms149_Exp2_51,Arturo,uia_ms149
2627,Llama 3.3 70B · 12 000 TPM,Cambios,Sustitución,mortalidad,1,1,1,1,0.02352553697038135,False,mortalidad,BnF_283_05,Alba,bnf_283
2628,Llama 3.3 70B · 12 000 TPM,Cambios,Sustitución,mucha,1,1,1,1,0.02352553697038135,False,mucha,BP_CM_R481_071_2,Adriana,bp_cm
2629,Llama 3.3 70B · 12 000 TPM,Cambios,Sustitución,muchas,1,1,1,1,0.02352553697038135,False,muchas,BnF_167_29,Adriana,bnf_167
2630,Llama 3.3 70B · 12 000 TPM,Cambios,Sustitución,mucho,1,1,1,1,0.02352553697038135,False,mucho,BnF_266_07,Paco,bnf_266
2631,Llama 3.3 70B · 12 000 TPM,Cambios,Sustitución,muero,1,1,1,1,0.02352553697038135,False,muero,BnF_110_09,Alba,bnf_110
2632,Llama 3.3 70B · 12 000 TPM,Cambios,Sustitución,mulas,1,1,1,1,0.02352553697038135,False,mulas,BnF_174_05,Adriana,bnf_174
2633,Llama 3.3 70B · 12 000 TPM,Cambios,Sustitución,más,1,1,1,1,0.02352553697038135,False,más,BP_CM_R481_016,Arturo,bp_cm
2634,Llama 3.3 70B · 12 000 TPM,Cambios,Sustitución,más de media,1,1,1,1,0.02352553697038135,False,más de media,BnF_264_02,Paloma,bnf_264
2635,Llama 3.3 70B · 12 000 TPM,Cambios,Sustitución,más se declara,1,1,1,1,0.02352553697038135,False,más se declara,AGN_IndiferenteVirreinal_caja4071_exp024_1,Rodrigo,agn_indiferentevirreinal
2636,Llama 3.3 70B · 12 000 TPM,Cambios,Sustitución,múzquiz,1,1,1,1,0.02352553697038135,False,Múzquiz,BnF_394_07,Rodrigo,bnf_394
2637,Llama 3.3 70B · 12 000 TPM,Cambios,Sustitución,ni siquiera para,1,1,1,1,0.02352553697038135,False,ni siquiera para,BnF_266_05,Adriana,bnf_266
2638,Llama 3.3 70B · 12 000 TPM,Cambios,Sustitución,nicolã¡s,1,1,1,1,0.02352553697038135,False,NicolÃ¡s,BnF_266_05,Adriana,bnf_266
2639,Llama 3.3 70B · 12 000 TPM,Cambios,Sustitución,nos,1,1,1,1,0.02352553697038135,False,nos,BnF_266_10,Flor,bnf_266
2640,Llama 3.3 70B · 12 000 TPM,Cambios,Sustitución,notificado,1,1,1,1,0.02352553697038135,False,notificado,BnF_113_43,Paloma,bnf_113
2641,Llama 3.3 70B · 12 000 TPM,Cambios,Sustitución,novecientos,1,1,1,1,0.02352553697038135,False,novecientos,BnF_112_08,Paloma,bnf_112
2642,Llama 3.3 70B · 12 000 TPM,Cambios,Sustitución,o,1,1,1,1,0.02352553697038135,False,o,BnF_111_27,Alba,bnf_111
2643,Llama 3.3 70B · 12 000 TPM,Cambios,Sustitución,obedecerían,1,1,1,1,0.02352553697038135,False,obedecerían,BnF_075_026,Arturo,bnf_075
2644,Llama 3.3 70B · 12 000 TPM,Cambios,Sustitución,obligaciã³n,1,1,1,1,0.02352553697038135,False,obligaciÃ³n,BnF_266_05,Adriana,bnf_266
2645,Llama 3.3 70B · 12 000 TPM,Cambios,Sustitución,obligã³,1,1,1,1,0.02352553697038135,False,obligÃ³,BnF_266_05,Adriana,bnf_266
2646,Llama 3.3 70B · 12 000 TPM,Cambios,Sustitución,obstante,1,1,1,1,0.02352553697038135,False,obstante,BnF_117_03,Arturo,bnf_117
2647,Llama 3.3 70B · 12 000 TPM,Cambios,Sustitución,omitiré,1,1,1,1,0.02352553697038135,False,omitiré,BP_CM_R481_071_2,Adriana,bp_cm
2648,Llama 3.3 70B · 12 000 TPM,Cambios,Sustitución,ordené,1,1,1,1,0.02352553697038135,False,ordené,utblac_gg_mss_g62_duplicated_03,Flor,utblac_gg
2649,Llama 3.3 70B · 12 000 TPM,Cambios,Sustitución,otros,1,1,1,1,0.02352553697038135,False,otros,AGN_GralParte_v006_exp617_02,Rodrigo,agn_gralparte
2650,Llama 3.3 70B · 12 000 TPM,Cambios,Sustitución,otumba,1,1,1,1,0.02352553697038135,False,Otumba,BnF_119-148_33,Paloma,bnf_119-148
2651,Llama 3.3 70B · 12 000 TPM,Cambios,Sustitución,oyã©ndoles,1,1,1,1,0.02352553697038135,False,oyÃ©ndoles,BnF_266_05,Adriana,bnf_266
2652,Llama 3.3 70B · 12 000 TPM,Cambios,Sustitución,oyã³,1,1,1,1,0.02352553697038135,False,oyÃ³,BnF_266_05,Adriana,bnf_266
2653,Llama 3.3 70B · 12 000 TPM,Cambios,Sustitución,pactado,1,1,1,1,0.02352553697038135,False,pactado,AGN_Tierras_v2963_exp059_24,Paco,agn_tierras
2654,Llama 3.3 70B · 12 000 TPM,Cambios,Sustitución,padecían,1,1,1,1,0.02352553697038135,False,padecían,UIA_Ms149_Exp3_43,Paco,uia_ms149
2655,Llama 3.3 70B · 12 000 TPM,Cambios,Sustitución,"para jesús, el testigo",1,1,1,1,0.02352553697038135,False,"Para Jesús, el testigo",UIA_Ms149_Exp3_31,Alba,uia_ms149
2656,Llama 3.3 70B · 12 000 TPM,Cambios,Sustitución,parezca,1,1,1,1,0.02352553697038135,False,parezca,BnF_119-148_33,Paloma,bnf_119-148
2657,Llama 3.3 70B · 12 000 TPM,Cambios,Sustitución,pasaban,1,1,1,1,0.02352553697038135,False,Pasaban,BnF_266_07,Paco,bnf_266
2658,Llama 3.3 70B · 12 000 TPM,Cambios,Sustitución,pasarã­a,1,1,1,1,0.02352553697038135,False,pasarÃ­a,BnF_266_05,Adriana,bnf_266
2659,Llama 3.3 70B · 12 000 TPM,Cambios,Sustitución,pavana,1,1,1,1,0.02352553697038135,False,pavana,BnF_118_08,Arturo,bnf_118
2660,Llama 3.3 70B · 12 000 TPM,Cambios,Sustitución,pertenecieran,1,1,1,1,0.02352553697038135,False,pertenecieran,BnF_117_14,Alba,bnf_117
2661,Llama 3.3 70B · 12 000 TPM,Cambios,Sustitución,perturbe,1,1,1,1,0.02352553697038135,False,perturbe,BnF_032_23,Arturo,bnf_032
2662,Llama 3.3 70B · 12 000 TPM,Cambios,Sustitución,perú,1,1,1,1,0.02352553697038135,False,Perú,BnF_264_02,Paloma,bnf_264
2663,Llama 3.3 70B · 12 000 TPM,Cambios,Sustitución,peste,1,1,1,1,0.02352553697038135,False,peste,AGI_INDIFERENTE_1529_N8_06,Rodrigo,agi_indiferente
2664,Llama 3.3 70B · 12 000 TPM,Cambios,Sustitución,petición y,1,1,1,1,0.02352553697038135,False,petición y,AGN_HospJesus_c474_leg267-2_exp024_7473-7537_10,Arturo,agn_hospjesus
2665,Llama 3.3 70B · 12 000 TPM,Cambios,Sustitución,petición y vista,1,1,1,1,0.02352553697038135,False,petición y vista,BnF_110_13,Adriana,bnf_110
2666,Llama 3.3 70B · 12 000 TPM,Cambios,Sustitución,pidió,1,1,1,1,0.02352553697038135,False,pidió,BnF_032_33,Adriana,bnf_032
2667,Llama 3.3 70B · 12 000 TPM,Cambios,Sustitución,pierdamos,1,1,1,1,0.02352553697038135,False,pierdamos,BnF_266_05,Adriana,bnf_266
2668,Llama 3.3 70B · 12 000 TPM,Cambios,Sustitución,plantaran,1,1,1,1,0.02352553697038135,False,plantaran,BnF_032_33,Adriana,bnf_032
2669,Llama 3.3 70B · 12 000 TPM,Cambios,Sustitución,plã¡tica,1,1,1,1,0.02352553697038135,False,plÃ¡tica,BnF_266_05,Adriana,bnf_266
2670,Llama 3.3 70B · 12 000 TPM,Cambios,Sustitución,poco y,1,1,1,1,0.02352553697038135,False,poco y,BnF_111_22,Paloma,bnf_111
2671,Llama 3.3 70B · 12 000 TPM,Cambios,Sustitución,podã­an,1,1,1,1,0.02352553697038135,False,podÃ­an,BnF_266_05,Adriana,bnf_266
2672,Llama 3.3 70B · 12 000 TPM,Cambios,Sustitución,pongan,1,1,1,1,0.02352553697038135,False,pongan,LoC_HPKraus_138_new_14,Rodrigo,loc_hpkraus
2673,Llama 3.3 70B · 12 000 TPM,Cambios,Sustitución,por,1,1,1,1,0.02352553697038135,False,por,BnF_118_06,Edna,bnf_118
2674,Llama 3.3 70B · 12 000 TPM,Cambios,Sustitución,por eso,1,1,1,1,0.02352553697038135,False,por eso,BnF_032_23,Arturo,bnf_032
2675,Llama 3.3 70B · 12 000 TPM,Cambios,Sustitución,poseedor,1,1,1,1,0.02352553697038135,False,poseedor,BnF_117_13,Paco,bnf_117
2676,Llama 3.3 70B · 12 000 TPM,Cambios,Sustitución,poseído,1,1,1,1,0.02352553697038135,False,poseído,BnF_117_08,Edna,bnf_117
2677,Llama 3.3 70B · 12 000 TPM,Cambios,Sustitución,presidente y oidores,1,1,1,1,0.02352553697038135,False,Presidente y oidores,BnF_119-148_33,Paloma,bnf_119-148
2678,Llama 3.3 70B · 12 000 TPM,Cambios,Sustitución,presto,1,1,1,1,0.02352553697038135,False,presto,AGN_GralParte_v006_exp617_02,Rodrigo,agn_gralparte
2679,Llama 3.3 70B · 12 000 TPM,Cambios,Sustitución,"presto, os",1,1,1,1,0.02352553697038135,False,"presto, os",AGN_Indios_v009_exp002_fs3v-4_01,Arturo,agn_indios
2680,Llama 3.3 70B · 12 000 TPM,Cambios,Sustitución,probar,1,1,1,1,0.02352553697038135,False,probar,BnF_119-148_33,Paloma,bnf_119-148
2681,Llama 3.3 70B · 12 000 TPM,Cambios,Sustitución,procuraseis,1,1,1,1,0.02352553697038135,False,procuraseis,UIA_Ms149_Exp2_51,Arturo,uia_ms149
2682,Llama 3.3 70B · 12 000 TPM,Cambios,Sustitución,procurasteis,1,1,1,1,0.02352553697038135,False,procurasteis,UIA_Ms149_Exp2_51,Arturo,uia_ms149
2683,Llama 3.3 70B · 12 000 TPM,Cambios,Sustitución,pronto,1,1,1,1,0.02352553697038135,False,pronto,BnF_110_09,Alba,bnf_110
2684,Llama 3.3 70B · 12 000 TPM,Cambios,Sustitución,propongo,1,1,1,1,0.02352553697038135,False,propongo,AGN_Indios_v009_exp002_fs3v-4_01,Arturo,agn_indios
2685,Llama 3.3 70B · 12 000 TPM,Cambios,Sustitución,proveo,1,1,1,1,0.02352553697038135,False,proveo,AGN_Inquisicion_v1570A_exp134_fs159-160v_02,Adriana,agn_inquisicion
2686,Llama 3.3 70B · 12 000 TPM,Cambios,Sustitución,pueblecitos,1,1,1,1,0.02352553697038135,False,pueblecitos,AGI_INDIFERENTE_1529_N36_07,Rodrigo,agi_indiferente
2687,Llama 3.3 70B · 12 000 TPM,Cambios,Sustitución,pueda,1,1,1,1,0.02352553697038135,False,pueda,BnF_119-148_33,Paloma,bnf_119-148
2688,Llama 3.3 70B · 12 000 TPM,Cambios,Sustitución,punción,1,1,1,1,0.02352553697038135,False,punción,BnF_110_33,Alba,bnf_110
2689,Llama 3.3 70B · 12 000 TPM,Cambios,Sustitución,pã³ngala,1,1,1,1,0.02352553697038135,False,pÃ³ngala,BnF_266_05,Adriana,bnf_266
2690,Llama 3.3 70B · 12 000 TPM,Cambios,Sustitución,pãºlpito,1,1,1,1,0.02352553697038135,False,pÃºlpito,BnF_266_05,Adriana,bnf_266
2691,Llama 3.3 70B · 12 000 TPM,Cambios,Sustitución,que conozco,1,1,1,1,0.02352553697038135,False,que conozco,BnF_032_23,Arturo,bnf_032
2692,Llama 3.3 70B · 12 000 TPM,Cambios,Sustitución,que el que,1,1,1,1,0.02352553697038135,False,que el que,BP_CM_R481_071_2,Adriana,bp_cm
2693,Llama 3.3 70B · 12 000 TPM,Cambios,Sustitución,que es,1,1,1,1,0.02352553697038135,False,que es,BnF_032_33,Adriana,bnf_032
2694,Llama 3.3 70B · 12 000 TPM,Cambios,Sustitución,que esta,1,1,1,1,0.02352553697038135,False,que esta,BnF_032_33,Adriana,bnf_032
2695,Llama 3.3 70B · 12 000 TPM,Cambios,Sustitución,que está,1,1,1,1,0.02352553697038135,False,que está,BnF_116_08,Adriana,bnf_116
2696,Llama 3.3 70B · 12 000 TPM,Cambios,Sustitución,que han,1,1,1,1,0.02352553697038135,False,que han,BnF_118_05,Alba,bnf_118
2697,Llama 3.3 70B · 12 000 TPM,Cambios,Sustitución,que he residido,1,1,1,1,0.02352553697038135,False,que he residido,AGI_INDIFERENTE_1529_N8_06,Rodrigo,agi_indiferente
2698,Llama 3.3 70B · 12 000 TPM,Cambios,Sustitución,que lo entienden,1,1,1,1,0.02352553697038135,False,que lo entienden,AGI_INDIFERENTE_1529_N8_06,Rodrigo,agi_indiferente
2699,Llama 3.3 70B · 12 000 TPM,Cambios,Sustitución,que marcarles,1,1,1,1,0.02352553697038135,False,que marcarles,BnF_111_27,Alba,bnf_111
2700,Llama 3.3 70B · 12 000 TPM,Cambios,Sustitución,que morirnos de hambre,1,1,1,1,0.02352553697038135,False,que morirnos de hambre,BnF_266_06,Adriana,bnf_266
2701,Llama 3.3 70B · 12 000 TPM,Cambios,Sustitución,que pueda,1,1,1,1,0.02352553697038135,False,que pueda,BP_CM_R481_016,Arturo,bp_cm
2702,Llama 3.3 70B · 12 000 TPM,Cambios,Sustitución,que puse,1,1,1,1,0.02352553697038135,False,que puse,BnF_075_003,Adriana,bnf_075
2703,Llama 3.3 70B · 12 000 TPM,Cambios,Sustitución,que quiera,1,1,1,1,0.02352553697038135,False,que quiera,BnF_032_23,Arturo,bnf_032
2704,Llama 3.3 70B · 12 000 TPM,Cambios,Sustitución,que se,1,1,1,1,0.02352553697038135,False,que se,BnF_032_23,Arturo,bnf_032
2705,Llama 3.3 70B · 12 000 TPM,Cambios,Sustitución,que se había,1,1,1,1,0.02352553697038135,False,que se había,BnF_117_03,Arturo,bnf_117
2706,Llama 3.3 70B · 12 000 TPM,Cambios,Sustitución,que él dijo,1,1,1,1,0.02352553697038135,False,que él dijo,BnF_266_06,Adriana,bnf_266
2707,Llama 3.3 70B · 12 000 TPM,Cambios,Sustitución,"que,",1,1,1,1,0.02352553697038135,False,"que,",BnF_111_27,Alba,bnf_111
2708,Llama 3.3 70B · 12 000 TPM,Cambios,Sustitución,quemarã­a,1,1,1,1,0.02352553697038135,False,quemarÃ­a,BnF_266_05,Adriana,bnf_266
2709,Llama 3.3 70B · 12 000 TPM,Cambios,Sustitución,querã­an,1,1,1,1,0.02352553697038135,False,querÃ­an,BnF_266_05,Adriana,bnf_266
2710,Llama 3.3 70B · 12 000 TPM,Cambios,Sustitución,quiera,1,1,1,1,0.02352553697038135,False,quiera,BnF_174_03,Arturo,bnf_174
2711,Llama 3.3 70B · 12 000 TPM,Cambios,Sustitución,quinta,1,1,1,1,0.02352553697038135,False,quinta,AGN_GralParte_v006_exp617_02,Rodrigo,agn_gralparte
2712,Llama 3.3 70B · 12 000 TPM,Cambios,Sustitución,quitar lo,1,1,1,1,0.02352553697038135,False,quitar lo,BP_CM_R481_071_2,Adriana,bp_cm
2713,Llama 3.3 70B · 12 000 TPM,Cambios,Sustitución,quitaran,1,1,1,1,0.02352553697038135,False,quitaran,AGN_HospJesus_c474_leg267-2_exp024_7473-7537_05,Rodrigo,agn_hospjesus
2714,Llama 3.3 70B · 12 000 TPM,Cambios,Sustitución,quitaron,1,1,1,1,0.02352553697038135,False,quitaron,BnF_111_22,Paloma,bnf_111
2715,Llama 3.3 70B · 12 000 TPM,Cambios,Sustitución,quién,1,1,1,1,0.02352553697038135,False,quién,BnF_032_23,Arturo,bnf_032
2716,Llama 3.3 70B · 12 000 TPM,Cambios,Sustitución,"ratificó,",1,1,1,1,0.02352553697038135,False,"ratificó,",BnF_075_026,Arturo,bnf_075
2717,Llama 3.3 70B · 12 000 TPM,Cambios,Sustitución,razón de,1,1,1,1,0.02352553697038135,False,razón de,BP_CM_32386_007_2,Rodrigo,bp_cm
2718,Llama 3.3 70B · 12 000 TPM,Cambios,Sustitución,rebeldes,1,1,1,1,0.02352553697038135,False,rebeldes,BP_CM_32386_007_2,Rodrigo,bp_cm
2719,Llama 3.3 70B · 12 000 TPM,Cambios,Sustitución,recibirá,1,1,1,1,0.02352553697038135,False,recibirá,utblac_gg_mss_g62_duplicated_03,Flor,utblac_gg
2720,Llama 3.3 70B · 12 000 TPM,Cambios,Sustitución,recibo,1,1,1,1,0.02352553697038135,False,recibo,BnF_118_05,Alba,bnf_118
2721,Llama 3.3 70B · 12 000 TPM,Cambios,Sustitución,reclamados,1,1,1,1,0.02352553697038135,False,Reclamados,BnF_118_03,Paloma,bnf_118
2722,Llama 3.3 70B · 12 000 TPM,Cambios,Sustitución,remató.,1,1,1,1,0.02352553697038135,False,remató.,BnF_118_05,Alba,bnf_118
2723,Llama 3.3 70B · 12 000 TPM,Cambios,Sustitución,remediarlo,1,1,1,1,0.02352553697038135,False,remediarlo,utblac_wbs_1433_duplicated_1,Rodrigo,utblac_wbs
2724,Llama 3.3 70B · 12 000 TPM,Cambios,Sustitución,"reputación, por",1,1,1,1,0.02352553697038135,False,"reputación, por",AGN_Indios_v009_exp002_fs3v-4_01,Arturo,agn_indios
2725,Llama 3.3 70B · 12 000 TPM,Cambios,Sustitución,restituyeran,1,1,1,1,0.02352553697038135,False,restituyeran,AGN_HospJesus_c474_leg267-2_exp024_7473-7537_10,Arturo,agn_hospjesus
2726,Llama 3.3 70B · 12 000 TPM,Cambios,Sustitución,reverendo,1,1,1,1,0.02352553697038135,False,Reverendo,BP_CM_R481_071_3,Javier,bp_cm
2727,Llama 3.3 70B · 12 000 TPM,Cambios,Sustitución,rey,1,1,1,1,0.02352553697038135,False,rey,LoC_HPKraus_138_new_07,Edna,loc_hpkraus
2728,Llama 3.3 70B · 12 000 TPM,Cambios,Sustitución,sabrã¡,1,1,1,1,0.02352553697038135,False,sabrÃ¡,BnF_266_05,Adriana,bnf_266
2729,Llama 3.3 70B · 12 000 TPM,Cambios,Sustitución,sacado,1,1,1,1,0.02352553697038135,False,sacado,AGN_IndiferenteVirreinal_caja4156_exp025,Javier,agn_indiferentevirreinal
2730,Llama 3.3 70B · 12 000 TPM,Cambios,Sustitución,sacramento,1,1,1,1,0.02352553697038135,False,Sacramento,BnF_266_07,Paco,bnf_266
2731,Llama 3.3 70B · 12 000 TPM,Cambios,Sustitución,"sagrarios, sacó",1,1,1,1,0.02352553697038135,False,"sagrarios, sacó",BnF_266_07,Paco,bnf_266
2732,Llama 3.3 70B · 12 000 TPM,Cambios,Sustitución,saliã³,1,1,1,1,0.02352553697038135,False,saliÃ³,BnF_266_05,Adriana,bnf_266
2733,Llama 3.3 70B · 12 000 TPM,Cambios,Sustitución,se a,1,1,1,1,0.02352553697038135,False,se a,BnF_264_03,Adriana,bnf_264
2734,Llama 3.3 70B · 12 000 TPM,Cambios,Sustitución,se cobre,1,1,1,1,0.02352553697038135,False,se cobre,AGN_GralParte_v006_exp617_02,Rodrigo,agn_gralparte
2735,Llama 3.3 70B · 12 000 TPM,Cambios,Sustitución,se cortó,1,1,1,1,0.02352553697038135,False,se cortó,BnF_283_05,Alba,bnf_283
2736,Llama 3.3 70B · 12 000 TPM,Cambios,Sustitución,se ha,1,1,1,1,0.02352553697038135,False,se ha,BnF_118_05,Alba,bnf_118
2737,Llama 3.3 70B · 12 000 TPM,Cambios,Sustitución,se le hizo,1,1,1,1,0.02352553697038135,False,se le hizo,BnF_075_026,Arturo,bnf_075
2738,Llama 3.3 70B · 12 000 TPM,Cambios,Sustitución,se levantã³,1,1,1,1,0.02352553697038135,False,Se levantÃ³,BnF_266_05,Adriana,bnf_266
2739,Llama 3.3 70B · 12 000 TPM,Cambios,Sustitución,se me ha,1,1,1,1,0.02352553697038135,False,se me ha,BnF_113_43,Paloma,bnf_113
2740,Llama 3.3 70B · 12 000 TPM,Cambios,Sustitución,sebastián,1,1,1,1,0.02352553697038135,False,Sebastián,BnF_117_13,Paco,bnf_117
2741,Llama 3.3 70B · 12 000 TPM,Cambios,Sustitución,sería,1,1,1,1,0.02352553697038135,False,sería,BnF_113_25,Flor,bnf_113
2742,Llama 3.3 70B · 12 000 TPM,Cambios,Sustitución,seáis,1,1,1,1,0.02352553697038135,False,seáis,AGN_GralParte_v001_exp1020_01,Paloma,agn_gralparte
2743,Llama 3.3 70B · 12 000 TPM,Cambios,Sustitución,seã±as,1,1,1,1,0.02352553697038135,False,seÃ±as,BnF_266_05,Adriana,bnf_266
2744,Llama 3.3 70B · 12 000 TPM,Cambios,Sustitución,seã±ores,1,1,1,1,0.02352553697038135,False,seÃ±ores,BnF_266_05,Adriana,bnf_266
2745,Llama 3.3 70B · 12 000 TPM,Cambios,Sustitución,señaló,1,1,1,1,0.02352553697038135,False,señaló,UIA_Ms149_Exp3_31,Alba,uia_ms149
2746,Llama 3.3 70B · 12 000 TPM,Cambios,Sustitución,señores se dijo,1,1,1,1,0.02352553697038135,False,señores se dijo,BnF_118_06,Edna,bnf_118
2747,Llama 3.3 70B · 12 000 TPM,Cambios,Sustitución,"sin cofre,",1,1,1,1,0.02352553697038135,False,"sin cofre,",BnF_266_03,Rodrigo,bnf_266
2748,Llama 3.3 70B · 12 000 TPM,Cambios,Sustitución,sirvientes,1,1,1,1,0.02352553697038135,False,sirvientes,UIA_Ms149_Exp3_31,Alba,uia_ms149
2749,Llama 3.3 70B · 12 000 TPM,Cambios,Sustitución,situado,1,1,1,1,0.02352553697038135,False,situado,UIA_Ms149_Exp3_31,Alba,uia_ms149
2750,Llama 3.3 70B · 12 000 TPM,Cambios,Sustitución,sobre el,1,1,1,1,0.02352553697038135,False,sobre el,BnF_075_003,Adriana,bnf_075
2751,Llama 3.3 70B · 12 000 TPM,Cambios,Sustitución,sospechas,1,1,1,1,0.02352553697038135,False,sospechas,utblac_gg_mss_g62_duplicated_03,Flor,utblac_gg
2752,Llama 3.3 70B · 12 000 TPM,Cambios,Sustitución,su,1,1,1,1,0.02352553697038135,False,su,BnF_118_05,Alba,bnf_118
2753,Llama 3.3 70B · 12 000 TPM,Cambios,Sustitución,sujetos,1,1,1,1,0.02352553697038135,False,sujetos,AGN_HospJesus_c474_leg267-2_exp024_7473-7537_10,Arturo,agn_hospjesus
2754,Llama 3.3 70B · 12 000 TPM,Cambios,Sustitución,suposiciã³n,1,1,1,1,0.02352553697038135,False,suposiciÃ³n,BnF_266_05,Adriana,bnf_266
2755,Llama 3.3 70B · 12 000 TPM,Cambios,Sustitución,surtir,1,1,1,1,0.02352553697038135,False,surtir,BP_CM_R481_016,Arturo,bp_cm
2756,Llama 3.3 70B · 12 000 TPM,Cambios,Sustitución,suscripción,1,1,1,1,0.02352553697038135,False,suscripción,BnF_032_39,Paloma,bnf_032
2757,Llama 3.3 70B · 12 000 TPM,Cambios,Sustitución,tambiã©n,1,1,1,1,0.02352553697038135,False,tambiÃ©n,BnF_266_05,Adriana,bnf_266
2758,Llama 3.3 70B · 12 000 TPM,Cambios,Sustitución,"tenido, y",1,1,1,1,0.02352553697038135,False,"tenido, y",BnF_117_03,Arturo,bnf_117
2759,Llama 3.3 70B · 12 000 TPM,Cambios,Sustitución,teniendo,1,1,1,1,0.02352553697038135,False,teniendo,utblac_wbs_1433_duplicated_1,Rodrigo,utblac_wbs
2760,Llama 3.3 70B · 12 000 TPM,Cambios,Sustitución,tenía,1,1,1,1,0.02352553697038135,False,tenía,AGN_GralParte_v006_exp617_02,Rodrigo,agn_gralparte
2761,Llama 3.3 70B · 12 000 TPM,Cambios,Sustitución,tercera,1,1,1,1,0.02352553697038135,False,tercera,utblac_wbs_1433_duplicated_1,Rodrigo,utblac_wbs
2762,Llama 3.3 70B · 12 000 TPM,Cambios,Sustitución,terremotos,1,1,1,1,0.02352553697038135,False,terremotos,BP_CM_32386_007_2,Rodrigo,bp_cm
2763,Llama 3.3 70B · 12 000 TPM,Cambios,Sustitución,tiene,1,1,1,1,0.02352553697038135,False,tiene,BP_CM_R481_071_2,Adriana,bp_cm
2764,Llama 3.3 70B · 12 000 TPM,Cambios,Sustitución,todos los,1,1,1,1,0.02352553697038135,False,todos los,BnF_394_07,Rodrigo,bnf_394
2765,Llama 3.3 70B · 12 000 TPM,Cambios,Sustitución,toparan,1,1,1,1,0.02352553697038135,False,toparan,BnF_266_05,Adriana,bnf_266
2766,Llama 3.3 70B · 12 000 TPM,Cambios,Sustitución,total,1,1,1,1,0.02352553697038135,False,total,BnF_110_09,Alba,bnf_110
2767,Llama 3.3 70B · 12 000 TPM,Cambios,Sustitución,trajeron,1,1,1,1,0.02352553697038135,False,trajeron,BnF_243_18,Adriana,bnf_243
2768,Llama 3.3 70B · 12 000 TPM,Cambios,Sustitución,trato,1,1,1,1,0.02352553697038135,False,Trato,BnF_264_02,Paloma,bnf_264
2769,Llama 3.3 70B · 12 000 TPM,Cambios,Sustitución,treinta,1,1,1,1,0.02352553697038135,False,treinta,BnF_117_13,Paco,bnf_117
2770,Llama 3.3 70B · 12 000 TPM,Cambios,Sustitución,tributarios,1,1,1,1,0.02352553697038135,False,tributarios,AGN_HospJesus_c474_leg267-2_exp024_7473-7537_02,Paco,agn_hospjesus
2771,Llama 3.3 70B · 12 000 TPM,Cambios,Sustitución,trigo,1,1,1,1,0.02352553697038135,False,trigo,BnF_264_12,Edna,bnf_264
2772,Llama 3.3 70B · 12 000 TPM,Cambios,Sustitución,trã¡igola,1,1,1,1,0.02352553697038135,False,trÃ¡igola,BnF_266_05,Adriana,bnf_266
2773,Llama 3.3 70B · 12 000 TPM,Cambios,Sustitución,turno salen,1,1,1,1,0.02352553697038135,False,turno salen,AGI_INDIFERENTE_1529_N36_07,Rodrigo,agi_indiferente
2774,Llama 3.3 70B · 12 000 TPM,Cambios,Sustitución,tuviera,1,1,1,1,0.02352553697038135,False,tuviera,BP_CM_32386_007_2,Rodrigo,bp_cm
2775,Llama 3.3 70B · 12 000 TPM,Cambios,Sustitución,tuvo,1,1,1,1,0.02352553697038135,False,tuvo,BnF_110_13,Adriana,bnf_110
2776,Llama 3.3 70B · 12 000 TPM,Cambios,Sustitución,tuzantla,1,1,1,1,0.02352553697038135,False,tuzantla,BnF_267_23,Paco,bnf_267
2777,Llama 3.3 70B · 12 000 TPM,Cambios,Sustitución,un gran,1,1,1,1,0.02352553697038135,False,un gran,utblac_wbs_1433_duplicated_1,Rodrigo,utblac_wbs
2778,Llama 3.3 70B · 12 000 TPM,Cambios,Sustitución,una,1,1,1,1,0.02352553697038135,False,Una,BnF_174_04,Paloma,bnf_174
2779,Llama 3.3 70B · 12 000 TPM,Cambios,Sustitución,undécima,1,1,1,1,0.02352553697038135,False,undécima,BnF_394_07,Rodrigo,bnf_394
2780,Llama 3.3 70B · 12 000 TPM,Cambios,Sustitución,valieran,1,1,1,1,0.02352553697038135,False,valieran,BnF_283_05,Alba,bnf_283
2781,Llama 3.3 70B · 12 000 TPM,Cambios,Sustitución,vaso,1,1,1,1,0.02352553697038135,False,vaso,BnF_266_03,Rodrigo,bnf_266
2782,Llama 3.3 70B · 12 000 TPM,Cambios,Sustitución,vaya,1,1,1,1,0.02352553697038135,False,vaya,AGN_Inquisicion_v1570A_exp134_fs159-160v_02,Adriana,agn_inquisicion
2783,Llama 3.3 70B · 12 000 TPM,Cambios,Sustitución,veinticinco,1,1,1,1,0.02352553697038135,False,veinticinco,BnF_075_003,Adriana,bnf_075
2784,Llama 3.3 70B · 12 000 TPM,Cambios,Sustitución,veintidós,1,1,1,1,0.02352553697038135,False,veintidós,AGN_IndiferenteVirreinal_caja4071_exp024_1,Rodrigo,agn_indiferentevirreinal
2785,Llama 3.3 70B · 12 000 TPM,Cambios,Sustitución,veintiocho,1,1,1,1,0.02352553697038135,False,veintiocho,BnF_075_003,Adriana,bnf_075
2786,Llama 3.3 70B · 12 000 TPM,Cambios,Sustitución,veintiséis,1,1,1,1,0.02352553697038135,False,veintiséis,utblac_wbs_0912a_duplicated,Arturo,utblac_wbs
2787,Llama 3.3 70B · 12 000 TPM,Cambios,Sustitución,veintiuno,1,1,1,1,0.02352553697038135,False,veintiuno,BnF_119-148_18,Arturo,bnf_119-148
2788,Llama 3.3 70B · 12 000 TPM,Cambios,Sustitución,veintiún,1,1,1,1,0.02352553697038135,False,veintiún,BnF_116_07,Adriana,bnf_116
2789,Llama 3.3 70B · 12 000 TPM,Cambios,Sustitución,vendido,1,1,1,1,0.02352553697038135,False,vendido,BnF_117_14,Alba,bnf_117
2790,Llama 3.3 70B · 12 000 TPM,Cambios,Sustitución,veras,1,1,1,1,0.02352553697038135,False,veras,BP_CM_R481_071_2,Adriana,bp_cm
2791,Llama 3.3 70B · 12 000 TPM,Cambios,Sustitución,verdad,1,1,1,1,0.02352553697038135,False,verdad,BnF_032_23,Arturo,bnf_032
2792,Llama 3.3 70B · 12 000 TPM,Cambios,Sustitución,veréis,1,1,1,1,0.02352553697038135,False,veréis,utblac_wbs_1433_duplicated_1,Rodrigo,utblac_wbs
2793,Llama 3.3 70B · 12 000 TPM,Cambios,Sustitución,vientos,1,1,1,1,0.02352553697038135,False,vientos,BP_CM_32386_007_2,Rodrigo,bp_cm
2794,Llama 3.3 70B · 12 000 TPM,Cambios,Sustitución,viera,1,1,1,1,0.02352553697038135,False,viera,BnF_111_27,Alba,bnf_111
2795,Llama 3.3 70B · 12 000 TPM,Cambios,Sustitución,vierais,1,1,1,1,0.02352553697038135,False,vierais,BnF_119-148_18,Arturo,bnf_119-148
2796,Llama 3.3 70B · 12 000 TPM,Cambios,Sustitución,vieran,1,1,1,1,0.02352553697038135,False,vieran,AGN_GralParte_v006_exp617_02,Rodrigo,agn_gralparte
2797,Llama 3.3 70B · 12 000 TPM,Cambios,Sustitución,vieseis,1,1,1,1,0.02352553697038135,False,vieseis,UIA_Ms149_Exp2_51,Arturo,uia_ms149
2798,Llama 3.3 70B · 12 000 TPM,Cambios,Sustitución,villa,1,1,1,1,0.02352553697038135,False,villa,BnF_394_10,Flor,bnf_394
2799,Llama 3.3 70B · 12 000 TPM,Cambios,Sustitución,vinieseis,1,1,1,1,0.02352553697038135,False,vinieseis,UIA_Ms149_Exp2_51,Arturo,uia_ms149
2800,Llama 3.3 70B · 12 000 TPM,Cambios,Sustitución,vinisteis,1,1,1,1,0.02352553697038135,False,vinisteis,UIA_Ms149_Exp2_51,Arturo,uia_ms149
2801,Llama 3.3 70B · 12 000 TPM,Cambios,Sustitución,vio,1,1,1,1,0.02352553697038135,False,vio,UIA_Ms149_Exp3_31,Alba,uia_ms149
2802,Llama 3.3 70B · 12 000 TPM,Cambios,Sustitución,vio que,1,1,1,1,0.02352553697038135,False,vio que,BnF_266_03,Rodrigo,bnf_266
2803,Llama 3.3 70B · 12 000 TPM,Cambios,Sustitución,virrey,1,1,1,1,0.02352553697038135,False,virrey,utblac_JGI_XXIII-13_Atlatlauhca_03,Flor,utblac_jgi
2804,Llama 3.3 70B · 12 000 TPM,Cambios,Sustitución,vivirás,1,1,1,1,0.02352553697038135,False,vivirás,BnF_266_06,Adriana,bnf_266
2805,Llama 3.3 70B · 12 000 TPM,Cambios,Sustitución,vázquez,1,1,1,1,0.02352553697038135,False,Vázquez,BnF_264_12,Edna,bnf_264
2806,Llama 3.3 70B · 12 000 TPM,Cambios,Sustitución,xicotepec,1,1,1,1,0.02352553697038135,False,Xicotepec,BnF_113_43,Paloma,bnf_113
2807,Llama 3.3 70B · 12 000 TPM,Cambios,Sustitución,xolotzin,1,1,1,1,0.02352553697038135,False,Xolotzin,BnF_243_18,Adriana,bnf_243
2808,Llama 3.3 70B · 12 000 TPM,Cambios,Sustitución,y cinco,1,1,1,1,0.02352553697038135,False,y cinco,BnF_032_23,Arturo,bnf_032
2809,Llama 3.3 70B · 12 000 TPM,Cambios,Sustitución,y de,1,1,1,1,0.02352553697038135,False,y de,BnF_119-148_16,Flor,bnf_119-148
2810,Llama 3.3 70B · 12 000 TPM,Cambios,Sustitución,y firmólo,1,1,1,1,0.02352553697038135,False,y firmólo,BnF_111_22,Paloma,bnf_111
2811,Llama 3.3 70B · 12 000 TPM,Cambios,Sustitución,y la heredera,1,1,1,1,0.02352553697038135,False,y la heredera,BnF_243_18,Adriana,bnf_243
2812,Llama 3.3 70B · 12 000 TPM,Cambios,Sustitución,y los,1,1,1,1,0.02352553697038135,False,y los,AGI_CONTRATACION_1089_N8_176,Flor,agi_contratacion
2813,Llama 3.3 70B · 12 000 TPM,Cambios,Sustitución,y ne,1,1,1,1,0.02352553697038135,False,y Ne,BnF_110_29,Paloma,bnf_110
2814,Llama 3.3 70B · 12 000 TPM,Cambios,Sustitución,y no,1,1,1,1,0.02352553697038135,False,y no,BnF_111_22,Paloma,bnf_111
2815,Llama 3.3 70B · 12 000 TPM,Cambios,Sustitución,y oidores,1,1,1,1,0.02352553697038135,False,y oidores,AGN_HospJesus_c474_leg267-2_exp024_7473-7537_10,Arturo,agn_hospjesus
2816,Llama 3.3 70B · 12 000 TPM,Cambios,Sustitución,y quitó,1,1,1,1,0.02352553697038135,False,y quitó,BnF_266_07,Paco,bnf_266
2817,Llama 3.3 70B · 12 000 TPM,Cambios,Sustitución,y sacó,1,1,1,1,0.02352553697038135,False,y sacó,BnF_266_07,Paco,bnf_266
2818,Llama 3.3 70B · 12 000 TPM,Cambios,Sustitución,y siendo,1,1,1,1,0.02352553697038135,False,y siendo,BnF_111_22,Paloma,bnf_111
2819,Llama 3.3 70B · 12 000 TPM,Cambios,Sustitución,y también,1,1,1,1,0.02352553697038135,False,Y también,BnF_030_22,Paco,bnf_030
2820,Llama 3.3 70B · 12 000 TPM,Cambios,Sustitución,y tres,1,1,1,1,0.02352553697038135,False,y tres,AGI_CONTRATACION_1089_N8_176,Flor,agi_contratacion
2821,Llama 3.3 70B · 12 000 TPM,Cambios,Sustitución,y un,1,1,1,1,0.02352553697038135,False,y un,BnF_032_23,Arturo,bnf_032
2822,Llama 3.3 70B · 12 000 TPM,Cambios,Sustitución,y vista,1,1,1,1,0.02352553697038135,False,y vista,BnF_110_29,Paloma,bnf_110
2823,Llama 3.3 70B · 12 000 TPM,Cambios,Sustitución,y yo,1,1,1,1,0.02352553697038135,False,y yo,BnF_032_23,Arturo,bnf_032
2824,Llama 3.3 70B · 12 000 TPM,Cambios,Sustitución,yendo en esta nao,1,1,1,1,0.02352553697038135,False,Yendo en esta nao,AGI_CONTRATACION_1089_N8_176,Flor,agi_contratacion
2825,Llama 3.3 70B · 12 000 TPM,Cambios,Sustitución,yo,1,1,1,1,0.02352553697038135,False,Yo,BnF_116_08,Adriana,bnf_116
2826,Llama 3.3 70B · 12 000 TPM,Cambios,Sustitución,ytzcuauh,1,1,1,1,0.02352553697038135,False,ytzcuauh,BnF_030_22,Paco,bnf_030
2827,Llama 3.3 70B · 12 000 TPM,Cambios,Sustitución,zoyatepec,1,1,1,1,0.02352553697038135,False,zoyatepec,BnF_267_23,Paco,bnf_267
2828,Llama 3.3 70B · 12 000 TPM,Cambios,Sustitución,zozoltin,1,1,1,1,0.02352553697038135,False,zozoltin,BnF_118_03,Paloma,bnf_118
2829,Llama 3.3 70B · 12 000 TPM,Cambios,Sustitución,álvaro,1,1,1,1,0.02352553697038135,False,Álvaro,BnF_118_08,Arturo,bnf_118
2830,Llama 3.3 70B · 12 000 TPM,Filológicas - instrucciones,No modificar otros idiomas,cihuayztitzin,1,1,1,1,0.02352553697038135,False,Cihuayztitzin,BnF_118_08,Arturo,bnf_118
2831,Llama 3.3 70B · 12 000 TPM,Filológicas - instrucciones,No modificar otros idiomas,cozamalci,1,1,1,1,0.02352553697038135,False,Cozamalci,BnF_032_23,Arturo,bnf_032
2832,Llama 3.3 70B · 12 000 TPM,Filológicas - instrucciones,No modificar otros idiomas,cuauhtli,1,1,1,1,0.02352553697038135,False,Cuauhtli,BnF_118_08,Arturo,bnf_118
2833,Llama 3.3 70B · 12 000 TPM,Filológicas - instrucciones,No modificar otros idiomas,cuauhyhuitzin,1,1,1,1,0.02352553697038135,False,Cuauhyhuitzin,BnF_243_18,Adriana,bnf_243
2834,Llama 3.3 70B · 12 000 TPM,Filológicas - instrucciones,No modificar otros idiomas,iztacuimastitlan,1,1,1,1,0.02352553697038135,False,Iztacuimastitlan,BnF_075_035,Arturo,bnf_075
2835,Llama 3.3 70B · 12 000 TPM,Filológicas - instrucciones,No modificar otros idiomas,macehuales,1,1,1,1,0.02352553697038135,False,macehuales,BnF_118_08,Arturo,bnf_118
2836,Llama 3.3 70B · 12 000 TPM,Filológicas - instrucciones,No modificar otros idiomas,quimotiliz,1,1,1,1,0.02352553697038135,False,quimotiliz,BnF_118_08,Arturo,bnf_118
2837,Llama 3.3 70B · 12 000 TPM,Filológicas - instrucciones,No modificar otros idiomas,si conviniere de jurisdicción de todos los jueces,1,1,1,1,0.02352553697038135,False,si conviniere de jurisdicción de todos los jueces,AGN_AHHacienda_v268_exp046_03,Arturo,agn_ahhacienda
2838,Llama 3.3 70B · 12 000 TPM,Filológicas - instrucciones,No modificar otros idiomas,tepozotlán,1,1,1,1,0.02352553697038135,False,Tepozotlán,utblac_eog_j_04_duplicated_02,Arturo,utblac_eog
2839,Llama 3.3 70B · 12 000 TPM,Filológicas - instrucciones,No modificar otros idiomas,tequioau,1,1,1,1,0.02352553697038135,False,tequioau,BnF_032_23,Arturo,bnf_032
2840,Llama 3.3 70B · 12 000 TPM,Filológicas - instrucciones,No modificar otros idiomas,tizoc,1,1,1,1,0.02352553697038135,False,Tizoc,BnF_118_08,Arturo,bnf_118
2841,Llama 3.3 70B · 12 000 TPM,Filológicas - instrucciones,No modificar otros idiomas,tlaxcala,1,1,1,1,0.02352553697038135,False,Tlaxcala,BnF_117_03,Arturo,bnf_117
2842,Llama 3.3 70B · 12 000 TPM,Filológicas - instrucciones,No modificar otros idiomas,yurirapúndaro,1,1,1,1,0.02352553697038135,False,Yurirapúndaro,Mechoacan_Yurirapundaro_2,Arturo,mechoacan_yurirapundaro
2843,Llama 3.3 70B · 12 000 TPM,Filológicas - instrucciones,No sub-rule assigned,abaxo,1,1,1,1,0.02352553697038135,False,abaxo,AGI_CONTRATACION_1089_N8_151,Paco,agi_contratacion
2844,Llama 3.3 70B · 12 000 TPM,Filológicas - instrucciones,No sub-rule assigned,bara,1,1,1,1,0.02352553697038135,False,bara,AGI_CONTRATACION_1089_N8_151,Paco,agi_contratacion
2845,Llama 3.3 70B · 12 000 TPM,Filológicas - instrucciones,No sub-rule assigned,baras,1,1,1,1,0.02352553697038135,False,baras,AGI_CONTRATACION_1089_N8_151,Paco,agi_contratacion
2846,Llama 3.3 70B · 12 000 TPM,Filológicas - instrucciones,No sub-rule assigned,yran,1,1,1,1,0.02352553697038135,False,yran,AGI_CONTRATACION_1089_N8_151,Paco,agi_contratacion
2847,Llama 3.3 70B · 12 000 TPM,Filológicas - instrucciones,Regularización de H etimológica,a llevado,1,1,1,1,0.02352553697038135,False,A llevado,BnF_110_29,Paloma,bnf_110
2848,Llama 3.3 70B · 12 000 TPM,Filológicas - instrucciones,Regularización de H etimológica,abito,1,1,1,1,0.02352553697038135,False,abito,utblac_JGI_XXV-05_Tequixquiac_25,Edna,utblac_jgi
2849,Llama 3.3 70B · 12 000 TPM,Filológicas - instrucciones,Regularización de H etimológica,abra,1,1,1,1,0.02352553697038135,False,abra,Mechoacan_Yurirapundaro_2,Arturo,mechoacan_yurirapundaro
2850,Llama 3.3 70B · 12 000 TPM,Filológicas - instrucciones,Regularización de H etimológica,ai,1,1,1,1,0.02352553697038135,False,ai,BnF_264_12,Edna,bnf_264
2851,Llama 3.3 70B · 12 000 TPM,Filológicas - instrucciones,Regularización de H etimológica,allaban,1,1,1,1,0.02352553697038135,False,allaban,BnF_111_22,Paloma,bnf_111
2852,Llama 3.3 70B · 12 000 TPM,Filológicas - instrucciones,Regularización de H etimológica,averse,1,1,1,1,0.02352553697038135,False,averse,AMP_AC_v021__doc026_2,Alba,amp_ac
2853,Llama 3.3 70B · 12 000 TPM,Filológicas - instrucciones,Regularización de H etimológica,aviendo,1,1,1,1,0.02352553697038135,False,aviendo,BnF_243_16,Rodrigo,bnf_243
2854,Llama 3.3 70B · 12 000 TPM,Filológicas - instrucciones,Regularización de H etimológica,aya,1,1,1,1,0.02352553697038135,False,aya,utblac_eog_v_41_orig_03,Flor,utblac_eog
2855,Llama 3.3 70B · 12 000 TPM,Filológicas - instrucciones,Regularización de H etimológica,harriero,1,1,1,1,0.02352553697038135,False,Harriero,AGN_HospJesus_c205_exp041_04,Flor,agn_hospjesus
2856,Llama 3.3 70B · 12 000 TPM,Filológicas - instrucciones,Regularización de H etimológica,hecholo,1,1,1,1,0.02352553697038135,False,hecholo,BnF_266_03,Rodrigo,bnf_266
2857,Llama 3.3 70B · 12 000 TPM,Filológicas - instrucciones,Regularización de H etimológica,hera,1,1,1,1,0.02352553697038135,False,hera,BnF_032_33,Adriana,bnf_032
2858,Llama 3.3 70B · 12 000 TPM,Filológicas - instrucciones,Regularización de H etimológica,oja,1,1,1,1,0.02352553697038135,False,oja,BnF_264_03,Adriana,bnf_264
2859,Llama 3.3 70B · 12 000 TPM,Filológicas - instrucciones,Regularización de H etimológica,que han,1,1,1,1,0.02352553697038135,False,que han,BnF_118_05,Alba,bnf_118
2860,Llama 3.3 70B · 12 000 TPM,Filológicas - instrucciones,Regularización de H etimológica,y se,1,1,1,1,0.02352553697038135,False,y se,BnF_264_12,Edna,bnf_264
2861,Llama 3.3 70B · 12 000 TPM,Filológicas - instrucciones,Regularización de H etimológica,yja,1,1,1,1,0.02352553697038135,False,yja,BnF_243_16,Rodrigo,bnf_243
2862,Llama 3.3 70B · 12 000 TPM,Filológicas - instrucciones,Regularización de H etimológica,yzisteis,1,1,1,1,0.02352553697038135,False,yzisteis,UIA_Ms149_Exp2_51,Arturo,uia_ms149
2863,Llama 3.3 70B · 12 000 TPM,Filológicas - instrucciones,Regularización de i/y vocálicas,ai,1,1,1,1,0.02352553697038135,False,ai,BnF_264_12,Edna,bnf_264
2864,Llama 3.3 70B · 12 000 TPM,Filológicas - instrucciones,Regularización de i/y vocálicas,cayda,1,1,1,1,0.02352553697038135,False,cayda,utblac_JGI_XXV-05_Tequixquiac_25,Edna,utblac_jgi
2865,Llama 3.3 70B · 12 000 TPM,Filológicas - instrucciones,Regularización de i/y vocálicas,cuio,1,1,1,1,0.02352553697038135,False,cuio,utblac_eog_v_41_orig_03,Flor,utblac_eog
2866,Llama 3.3 70B · 12 000 TPM,Filológicas - instrucciones,Regularización de i/y vocálicas,frai,1,1,1,1,0.02352553697038135,False,frai,Mechoacan_Yurirapundaro_2,Arturo,mechoacan_yurirapundaro
2867,Llama 3.3 70B · 12 000 TPM,Filológicas - instrucciones,Regularización de i/y vocálicas,mui,1,1,1,1,0.02352553697038135,False,mui,BnF_174_04,Paloma,bnf_174
2868,Llama 3.3 70B · 12 000 TPM,Filológicas - instrucciones,Regularización de i/y vocálicas,y se,1,1,1,1,0.02352553697038135,False,y se,BnF_264_12,Edna,bnf_264
2869,Llama 3.3 70B · 12 000 TPM,Filológicas - instrucciones,Regularización de i/y vocálicas,ygnacio,1,1,1,1,0.02352553697038135,False,Ygnacio,AGN_Marina_v031A_exp02_fs85-92_11,Adriana,agn_marina
2870,Llama 3.3 70B · 12 000 TPM,Filológicas - instrucciones,Regularización de i/y vocálicas,yja,1,1,1,1,0.02352553697038135,False,yja,BnF_243_16,Rodrigo,bnf_243
2871,Llama 3.3 70B · 12 000 TPM,Filológicas - instrucciones,Regularización de i/y vocálicas,ymperio,1,1,1,1,0.02352553697038135,False,Ymperio,BnF_174_03,Arturo,bnf_174
2872,Llama 3.3 70B · 12 000 TPM,Filológicas - instrucciones,Regularización de labiales (b/v),a de estar,1,1,1,1,0.02352553697038135,False,a de estar,BnF_111_27,Alba,bnf_111
2873,Llama 3.3 70B · 12 000 TPM,Filológicas - instrucciones,Regularización de labiales (b/v),a de traer,1,1,1,1,0.02352553697038135,False,a de traer,BnF_111_27,Alba,bnf_111
2874,Llama 3.3 70B · 12 000 TPM,Filológicas - instrucciones,Regularización de labiales (b/v),aviendo,1,1,1,1,0.02352553697038135,False,aviendo,BnF_243_16,Rodrigo,bnf_243
2875,Llama 3.3 70B · 12 000 TPM,Filológicas - instrucciones,Regularización de labiales (b/v),avsuención,1,1,1,1,0.02352553697038135,False,avsuención,BnF_075_003,Adriana,bnf_075
2876,Llama 3.3 70B · 12 000 TPM,Filológicas - instrucciones,Regularización de labiales (b/v),año. juan,1,1,1,1,0.02352553697038135,False,año. Juan,AGI_CONTRATACION_1089_N8_176,Flor,agi_contratacion
2877,Llama 3.3 70B · 12 000 TPM,Filológicas - instrucciones,Regularización de labiales (b/v),bea,1,1,1,1,0.02352553697038135,False,bea,BnF_118_03,Paloma,bnf_118
2878,Llama 3.3 70B · 12 000 TPM,Filológicas - instrucciones,Regularización de labiales (b/v),billegas,1,1,1,1,0.02352553697038135,False,Billegas,AGN_GralParte_v001_exp1020_01,Paloma,agn_gralparte
2879,Llama 3.3 70B · 12 000 TPM,Filológicas - instrucciones,Regularización de labiales (b/v),bino,1,1,1,1,0.02352553697038135,False,Bino,AGS_CE_RG_L379_02,Arturo,ags_ce
2880,Llama 3.3 70B · 12 000 TPM,Filológicas - instrucciones,Regularización de labiales (b/v),bolviesen,1,1,1,1,0.02352553697038135,False,bolviesen,AGN_HospJesus_c474_leg267-2_exp024_7473-7537_10,Arturo,agn_hospjesus
2881,Llama 3.3 70B · 12 000 TPM,Filológicas - instrucciones,Regularización de labiales (b/v),buelvan,1,1,1,1,0.02352553697038135,False,buelvan,BnF_118_03,Paloma,bnf_118
2882,Llama 3.3 70B · 12 000 TPM,Filológicas - instrucciones,Regularización de labiales (b/v),buelve,1,1,1,1,0.02352553697038135,False,buelve,BnF_264_12,Edna,bnf_264
2883,Llama 3.3 70B · 12 000 TPM,Filológicas - instrucciones,Regularización de labiales (b/v),cavallero,1,1,1,1,0.02352553697038135,False,Cavallero,BnF_243_12,Arturo,bnf_243
2884,Llama 3.3 70B · 12 000 TPM,Filológicas - instrucciones,Regularización de labiales (b/v),cuellos,1,1,1,1,0.02352553697038135,False,cuellos,utblac_JGI_XXIII-09_Amula_25,Rodrigo,utblac_jgi
2885,Llama 3.3 70B · 12 000 TPM,Filológicas - instrucciones,Regularización de labiales (b/v),de verlo,1,1,1,1,0.02352553697038135,False,de verlo,BnF_032_33,Adriana,bnf_032
2886,Llama 3.3 70B · 12 000 TPM,Filológicas - instrucciones,Regularización de labiales (b/v),devían,1,1,1,1,0.02352553697038135,False,devían,AGN_GralParte_v006_exp617_02,Rodrigo,agn_gralparte
2887,Llama 3.3 70B · 12 000 TPM,Filológicas - instrucciones,Regularización de labiales (b/v),dicho,1,1,1,1,0.02352553697038135,False,dicho,AGN_AHHacienda_v268_exp046_02,Paloma,agn_ahhacienda
2888,Llama 3.3 70B · 12 000 TPM,Filológicas - instrucciones,Regularización de labiales (b/v),en bio,1,1,1,1,0.02352553697038135,False,en bio,BnF_264_03,Adriana,bnf_264
2889,Llama 3.3 70B · 12 000 TPM,Filológicas - instrucciones,Regularización de labiales (b/v),haviéndome,1,1,1,1,0.02352553697038135,False,haviéndome,BnF_118_03,Paloma,bnf_118
2890,Llama 3.3 70B · 12 000 TPM,Filológicas - instrucciones,Regularización de labiales (b/v),ketzalcoatl,1,1,1,1,0.02352553697038135,False,Ketzalcoatl,BnF_264_12,Edna,bnf_264
2891,Llama 3.3 70B · 12 000 TPM,Filológicas - instrucciones,Regularización de labiales (b/v),llebe,1,1,1,1,0.02352553697038135,False,Llebe,BnF_032_39,Paloma,bnf_032
2892,Llama 3.3 70B · 12 000 TPM,Filológicas - instrucciones,Regularización de labiales (b/v),nabarro,1,1,1,1,0.02352553697038135,False,Nabarro,AGN_HospJesus_c205_exp041_04,Flor,agn_hospjesus
2893,Llama 3.3 70B · 12 000 TPM,Filológicas - instrucciones,Regularización de labiales (b/v),orizava,1,1,1,1,0.02352553697038135,False,Orizava,utblac_eog_v_41_orig_03,Flor,utblac_eog
2894,Llama 3.3 70B · 12 000 TPM,Filológicas - instrucciones,Regularización de labiales (b/v),"por miguel, indio de la vista",1,1,1,1,0.02352553697038135,False,"por Miguel, indio de la vista",BnF_032_39,Paloma,bnf_032
2895,Llama 3.3 70B · 12 000 TPM,Filológicas - instrucciones,Regularización de labiales (b/v),probisión,1,1,1,1,0.02352553697038135,False,probisión,BnF_111_22,Paloma,bnf_111
2896,Llama 3.3 70B · 12 000 TPM,Filológicas - instrucciones,Regularización de labiales (b/v),"proceso. hasta aquí, cinco reales. salazar",1,1,1,1,0.02352553697038135,False,"proceso. Hasta aquí, cinco reales. Salazar",BnF_032_39,Paloma,bnf_032
2897,Llama 3.3 70B · 12 000 TPM,Filológicas - instrucciones,Regularización de labiales (b/v),psión,1,1,1,1,0.02352553697038135,False,psión,BnF_032_39,Paloma,bnf_032
2898,Llama 3.3 70B · 12 000 TPM,Filológicas - instrucciones,Regularización de labiales (b/v),quebedo,1,1,1,1,0.02352553697038135,False,Quebedo,AGI_CONTRATACION_1089_N8_176,Flor,agi_contratacion
2899,Llama 3.3 70B · 12 000 TPM,Filológicas - instrucciones,Regularización de labiales (b/v),rebienta,1,1,1,1,0.02352553697038135,False,rebienta,utblac_JGI_XXIV-11_Justlahuaca_57,Flor,utblac_jgi
2900,Llama 3.3 70B · 12 000 TPM,Filológicas - instrucciones,Regularización de labiales (b/v),rebocando,1,1,1,1,0.02352553697038135,False,rebocando,BnF_117_03,Arturo,bnf_117
2901,Llama 3.3 70B · 12 000 TPM,Filológicas - instrucciones,Regularización de labiales (b/v),rebocar,1,1,1,1,0.02352553697038135,False,rebocar,BnF_117_03,Arturo,bnf_117
2902,Llama 3.3 70B · 12 000 TPM,Filológicas - instrucciones,Regularización de labiales (b/v),sevastian,1,1,1,1,0.02352553697038135,False,Sevastian,AGI_CONTRATACION_1089_N8_176,Flor,agi_contratacion
2903,Llama 3.3 70B · 12 000 TPM,Filológicas - instrucciones,Regularización de labiales (b/v),tavazco,1,1,1,1,0.02352553697038135,False,Tavazco,BnF_264_03,Adriana,bnf_264
2904,Llama 3.3 70B · 12 000 TPM,Filológicas - instrucciones,Regularización de labiales (b/v),tubiese,1,1,1,1,0.02352553697038135,False,tubiese,BnF_118_03,Paloma,bnf_118
2905,Llama 3.3 70B · 12 000 TPM,Filológicas - instrucciones,Regularización de labiales (b/v),vagar,1,1,1,1,0.02352553697038135,False,vagar,UIA_Ms149_Exp3_31,Alba,uia_ms149
2906,Llama 3.3 70B · 12 000 TPM,Filológicas - instrucciones,Regularización de labiales (b/v),vastante,1,1,1,1,0.02352553697038135,False,vastante,UIA_Ms149_Exp3_04,Alba,uia_ms149
2907,Llama 3.3 70B · 12 000 TPM,Filológicas - instrucciones,Regularización de labiales (b/v),vien,1,1,1,1,0.02352553697038135,False,vien,BnF_243_16,Rodrigo,bnf_243
2908,Llama 3.3 70B · 12 000 TPM,Filológicas - instrucciones,Regularización de labiales (b/v),vienes,1,1,1,1,0.02352553697038135,False,vienes,AGN_AHHacienda_v268_exp046_02,Paloma,agn_ahhacienda
2909,Llama 3.3 70B · 12 000 TPM,Filológicas - instrucciones,Regularización de labiales (b/v),villete,1,1,1,1,0.02352553697038135,False,villete,AGN_AHHacienda_v268_exp046_02,Paloma,agn_ahhacienda
2910,Llama 3.3 70B · 12 000 TPM,Filológicas - instrucciones,Regularización de labiales (b/v),vixia,1,1,1,1,0.02352553697038135,False,Vixia,BnF_266_03,Rodrigo,bnf_266
2911,Llama 3.3 70B · 12 000 TPM,Filológicas - instrucciones,x sibilante → j,truxeron,1,1,1,1,0.02352553697038135,False,truxeron,BnF_264_03,Adriana,bnf_264
2912,Llama 3.3 70B · 12 000 TPM,Filológicas - instrucciones,x sibilante → j,vixia,1,1,1,1,0.02352553697038135,False,Vixia,BnF_266_03,Rodrigo,bnf_266
2913,Llama 3.3 70B · 12 000 TPM,Filológicas - instrucciones,x sibilante → j,xicaras,1,1,1,1,0.02352553697038135,False,xicaras,BnF_266_06,Adriana,bnf_266
2914,Llama 3.3 70B · 12 000 TPM,Filológicas - mecánicas,Adecuación de grafía labiovelar,conquérda,1,1,1,1,0.02352553697038135,False,Conquérda,AGN_Inquisicion_v1570A_exp134_fs159-160v_02,Adriana,agn_inquisicion
2915,Llama 3.3 70B · 12 000 TPM,Filológicas - mecánicas,Adecuación de grafía labiovelar,queros,1,1,1,1,0.02352553697038135,False,queros,BnF_111_27,Alba,bnf_111
2916,Llama 3.3 70B · 12 000 TPM,Filológicas - mecánicas,No sub-rule assigned,aberias,1,1,1,1,0.02352553697038135,False,aberias,AGI_CONTRATACION_1089_N8_151,Paco,agi_contratacion
2917,Llama 3.3 70B · 12 000 TPM,Filológicas - mecánicas,No sub-rule assigned,seys,1,1,1,1,0.02352553697038135,False,seys,AGI_CONTRATACION_1089_N8_151,Paco,agi_contratacion
2918,Llama 3.3 70B · 12 000 TPM,Filológicas - mecánicas,No sub-rule assigned,yndias,1,1,1,1,0.02352553697038135,False,yndias,AGI_CONTRATACION_1089_N8_151,Paco,agi_contratacion
2919,Llama 3.3 70B · 12 000 TPM,Filológicas - mecánicas,Regularización de nasales ante labial,"enbar, gos",1,1,1,1,0.02352553697038135,False,"enbar, gos",BnF_104_3,Alba,bnf_104
2920,Llama 3.3 70B · 12 000 TPM,Filológicas - mecánicas,Regularización de sibilantes,"agazajo, con",1,1,1,1,0.02352553697038135,False,"agazajo, con",BnF_174_03,Arturo,bnf_174
2921,Llama 3.3 70B · 12 000 TPM,Filológicas - mecánicas,Regularización de sibilantes,apasiguar,1,1,1,1,0.02352553697038135,False,apasiguar,BnF_174_03,Arturo,bnf_174
2922,Llama 3.3 70B · 12 000 TPM,Filológicas - mecánicas,Regularización de sibilantes,arrazar,1,1,1,1,0.02352553697038135,False,arrazar,utblac_wbs_0912a_duplicated,Arturo,utblac_wbs
2923,Llama 3.3 70B · 12 000 TPM,Filológicas - mecánicas,Regularización de sibilantes,azían,1,1,1,1,0.02352553697038135,False,azían,BnF_111_22,Paloma,bnf_111
2924,Llama 3.3 70B · 12 000 TPM,Filológicas - mecánicas,Regularización de sibilantes,blazona,1,1,1,1,0.02352553697038135,False,blazona,BnF_174_04,Paloma,bnf_174
2925,Llama 3.3 70B · 12 000 TPM,Filológicas - mecánicas,Regularización de sibilantes,cavaña,1,1,1,1,0.02352553697038135,False,Cavaña,UIA_Ms149_Exp3_31,Alba,uia_ms149
2926,Llama 3.3 70B · 12 000 TPM,Filológicas - mecánicas,Regularización de sibilantes,cuniga,1,1,1,1,0.02352553697038135,False,Cuniga,BnF_075_003,Adriana,bnf_075
2927,Llama 3.3 70B · 12 000 TPM,Filológicas - mecánicas,Regularización de sibilantes,encruzijadas,1,1,1,1,0.02352553697038135,False,Encruzijadas,BnF_075_035,Arturo,bnf_075
2928,Llama 3.3 70B · 12 000 TPM,Filológicas - mecánicas,Regularización de sibilantes,luiz,1,1,1,1,0.02352553697038135,False,Luiz,BnF_174_03,Arturo,bnf_174
2929,Llama 3.3 70B · 12 000 TPM,Filológicas - mecánicas,Regularización de sibilantes,pas,1,1,1,1,0.02352553697038135,False,Pas,BnF_243_16,Rodrigo,bnf_243
2930,Llama 3.3 70B · 12 000 TPM,Filológicas - mecánicas,Regularización de sibilantes,pertenese,1,1,1,1,0.02352553697038135,False,pertenese,UIA_Ms149_Exp3_31,Alba,uia_ms149
2931,Llama 3.3 70B · 12 000 TPM,Filológicas - mecánicas,Regularización de sibilantes,serritos,1,1,1,1,0.02352553697038135,False,serritos,BnF_174_06,Javier,bnf_174
2932,Llama 3.3 70B · 12 000 TPM,Filológicas - mecánicas,Regularización de sibilantes,vezina,1,1,1,1,0.02352553697038135,False,vezina,BnF_118_03,Paloma,bnf_118
2933,Llama 3.3 70B · 12 000 TPM,Filológicas - mecánicas,Regularización de sibilantes,"vezindar, y",1,1,1,1,0.02352553697038135,False,"vezindar, y",AGN_Indios_v009_exp002_fs3v-4_01,Arturo,agn_indios
2934,Llama 3.3 70B · 12 000 TPM,Filológicas - mecánicas,Regularización de sibilantes,vicitador,1,1,1,1,0.02352553697038135,False,Vicitador,BnF_174_03,Arturo,bnf_174
2935,Llama 3.3 70B · 12 000 TPM,Filológicas - mecánicas,Regularización de sibilantes,yzisteis,1,1,1,1,0.02352553697038135,False,yzisteis,UIA_Ms149_Exp2_51,Arturo,uia_ms149
2936,Llama 3.3 70B · 12 000 TPM,Filológicas - mecánicas,Regularización de sibilantes,zelo,1,1,1,1,0.02352553697038135,False,Zelo,BnF_174_03,Arturo,bnf_174
2937,Llama 3.3 70B · 12 000 TPM,Filológicas - mecánicas,Regularización de sibilantes,"zelo, y",1,1,1,1,0.02352553697038135,False,"Zelo, y",BnF_174_03,Arturo,bnf_174
2938,Llama 3.3 70B · 12 000 TPM,Filológicas - mecánicas,Regularización de sibilantes,zimiento,1,1,1,1,0.02352553697038135,False,zimiento,BP_CM_32386_007_2,Rodrigo,bp_cm
2939,Llama 3.3 70B · 12 000 TPM,Filológicas - mecánicas,Regularización de vibrantes,arebato,1,1,1,1,0.02352553697038135,False,arebato,BnF_266_03,Rodrigo,bnf_266
2940,Llama 3.3 70B · 12 000 TPM,Filológicas - mecánicas,Regularización de vibrantes,enrriquez,1,1,1,1,0.02352553697038135,False,Enrriquez,BnF_119-148_18,Arturo,bnf_119-148
2941,Llama 3.3 70B · 12 000 TPM,Filológicas - mecánicas,Regularización de vibrantes,vezindarse,1,1,1,1,0.02352553697038135,False,vezindarse,AGN_Indios_v009_exp002_fs3v-4_01,Arturo,agn_indios
2942,Llama 3.3 70B · 12 000 TPM,Filológicas - mecánicas,Simplificación de grupos consonánticos,estoss,1,1,1,1,0.02352553697038135,False,estoss,BnF_118_03,Paloma,bnf_118
2943,Llama 3.3 70B · 12 000 TPM,Filológicas - mecánicas,Simplificación de grupos consonánticos,sant francisco coa,1,1,1,1,0.02352553697038135,False,sant francisco coa,AGI_INDIFERENTE_1529_N36_07,Rodrigo,agi_indiferente
2944,Llama 3.3 70B · 12 000 TPM,Filológicas - mecánicas,Simplificación de grupos consonánticos,theniente,1,1,1,1,0.02352553697038135,False,Theniente,BnF_174_02,Javier,bnf_174
2945,Llama 3.3 70B · 12 000 TPM,Puntuación,"Coma (,)",a,1,1,1,1,0.02352553697038135,False,a,AGN_HospJesus_c474_leg267-2_exp024_7473-7537_10,Arturo,agn_hospjesus
2946,Llama 3.3 70B · 12 000 TPM,Puntuación,"Coma (,)",abril echaron,1,1,1,1,0.02352553697038135,False,abril echaron,BnF_116_06,Edna,bnf_116
2947,Llama 3.3 70B · 12 000 TPM,Puntuación,"Coma (,)",acevedo conde,1,1,1,1,0.02352553697038135,False,Acevedo Conde,BnF_243_17,Edna,bnf_243
2948,Llama 3.3 70B · 12 000 TPM,Puntuación,"Coma (,)","afabilidad, y",1,1,1,1,0.02352553697038135,False,"afabilidad, y",BnF_174_03,Arturo,bnf_174
2949,Llama 3.3 70B · 12 000 TPM,Puntuación,"Coma (,)","agazajo, con",1,1,1,1,0.02352553697038135,False,"agazajo, con",BnF_174_03,Arturo,bnf_174
2950,Llama 3.3 70B · 12 000 TPM,Puntuación,"Coma (,)",agua;,1,1,1,1,0.02352553697038135,False,agua;,BnF_174_06,Javier,bnf_174
2951,Llama 3.3 70B · 12 000 TPM,Puntuación,"Coma (,)","aguajes, que",1,1,1,1,0.02352553697038135,False,"aguajes, que",BnF_174_03,Arturo,bnf_174
2952,Llama 3.3 70B · 12 000 TPM,Puntuación,"Coma (,)","aguardados, que",1,1,1,1,0.02352553697038135,False,"aguardados, que",BnF_174_03,Arturo,bnf_174
2953,Llama 3.3 70B · 12 000 TPM,Puntuación,"Coma (,)",ahí. en,1,1,1,1,0.02352553697038135,False,ahí. En,Mechoacan_Yurirapundaro_1,Adriana,mechoacan_yurirapundaro
2954,Llama 3.3 70B · 12 000 TPM,Puntuación,"Coma (,)","alma, se",1,1,1,1,0.02352553697038135,False,"alma, se",BnF_244_03,Arturo,bnf_244
2955,Llama 3.3 70B · 12 000 TPM,Puntuación,"Coma (,)","almas, y",1,1,1,1,0.02352553697038135,False,"Almas, y",BnF_174_03,Arturo,bnf_174
2956,Llama 3.3 70B · 12 000 TPM,Puntuación,"Coma (,)","altísimo, y",1,1,1,1,0.02352553697038135,False,"Altísimo, y",BnF_174_03,Arturo,bnf_174
2957,Llama 3.3 70B · 12 000 TPM,Puntuación,"Coma (,)","alzados,",1,1,1,1,0.02352553697038135,False,"alzados,",BnF_075_026,Arturo,bnf_075
2958,Llama 3.3 70B · 12 000 TPM,Puntuación,"Coma (,)","ana caso,",1,1,1,1,0.02352553697038135,False,"Ana Caso,",BnF_243_12,Arturo,bnf_243
2959,Llama 3.3 70B · 12 000 TPM,Puntuación,"Coma (,)",anterior se,1,1,1,1,0.02352553697038135,False,anterior se,BnF_283_03,Edna,bnf_283
2960,Llama 3.3 70B · 12 000 TPM,Puntuación,"Coma (,)",anuales uno,1,1,1,1,0.02352553697038135,False,anuales uno,AGS_CE_RG_L379_04,Rodrigo,ags_ce
2961,Llama 3.3 70B · 12 000 TPM,Puntuación,"Coma (,)",apedreadas:,1,1,1,1,0.02352553697038135,False,apedreadas:,BnF_283_12,Javier,bnf_283
2962,Llama 3.3 70B · 12 000 TPM,Puntuación,"Coma (,)","apostólica, a",1,1,1,1,0.02352553697038135,False,"apostólica, a",utblac_wbs_0912a_duplicated,Arturo,utblac_wbs
2963,Llama 3.3 70B · 12 000 TPM,Puntuación,"Coma (,)","aquí, trasunto",1,1,1,1,0.02352553697038135,False,"aquí, trasunto",BnF_243_12,Arturo,bnf_243
2964,Llama 3.3 70B · 12 000 TPM,Puntuación,"Coma (,)","auto,",1,1,1,1,0.02352553697038135,False,"auto,",BnF_075_035,Arturo,bnf_075
2965,Llama 3.3 70B · 12 000 TPM,Puntuación,"Coma (,)","autoridad, en",1,1,1,1,0.02352553697038135,False,"autoridad, en",BnF_174_03,Arturo,bnf_174
2966,Llama 3.3 70B · 12 000 TPM,Puntuación,"Coma (,)","averiguar, que",1,1,1,1,0.02352553697038135,False,"averiguar, que",BnF_032_23,Arturo,bnf_032
2967,Llama 3.3 70B · 12 000 TPM,Puntuación,"Coma (,)",año se,1,1,1,1,0.02352553697038135,False,año se,AGI_INDIFERENTE_1529_N8_06,Rodrigo,agi_indiferente
2968,Llama 3.3 70B · 12 000 TPM,Puntuación,"Coma (,)","años, yo",1,1,1,1,0.02352553697038135,False,"años, yo",BnF_032_23,Arturo,bnf_032
2969,Llama 3.3 70B · 12 000 TPM,Puntuación,"Coma (,)","bautizar, y",1,1,1,1,0.02352553697038135,False,"bautizar, y",BnF_174_03,Arturo,bnf_174
2970,Llama 3.3 70B · 12 000 TPM,Puntuación,"Coma (,)","benignidad, con",1,1,1,1,0.02352553697038135,False,"benignidad, con",BnF_174_03,Arturo,bnf_174
2971,Llama 3.3 70B · 12 000 TPM,Puntuación,"Coma (,)",bestias:,1,1,1,1,0.02352553697038135,False,bestias:,BnF_174_06,Javier,bnf_174
2972,Llama 3.3 70B · 12 000 TPM,Puntuación,"Coma (,)","brazas, cada",1,1,1,1,0.02352553697038135,False,"brazas, cada",BnF_032_23,Arturo,bnf_032
2973,Llama 3.3 70B · 12 000 TPM,Puntuación,"Coma (,)",buena mediana,1,1,1,1,0.02352553697038135,False,Buena Mediana,AGS_CE_RG_L379_04,Rodrigo,ags_ce
2974,Llama 3.3 70B · 12 000 TPM,Puntuación,"Coma (,)","cabeza, a",1,1,1,1,0.02352553697038135,False,"Cabeza, a",BnF_174_03,Arturo,bnf_174
2975,Llama 3.3 70B · 12 000 TPM,Puntuación,"Coma (,)","caridad, y",1,1,1,1,0.02352553697038135,False,"Caridad, y",BnF_174_03,Arturo,bnf_174
2976,Llama 3.3 70B · 12 000 TPM,Puntuación,"Coma (,)","carpio, y",1,1,1,1,0.02352553697038135,False,"Carpio, y",BnF_243_12,Arturo,bnf_243
2977,Llama 3.3 70B · 12 000 TPM,Puntuación,"Coma (,)","casas, y",1,1,1,1,0.02352553697038135,False,"casas, y",BnF_174_03,Arturo,bnf_174
2978,Llama 3.3 70B · 12 000 TPM,Puntuación,"Coma (,)","castigados,",1,1,1,1,0.02352553697038135,False,"castigados,",BnF_075_035,Arturo,bnf_075
2979,Llama 3.3 70B · 12 000 TPM,Puntuación,"Coma (,)",causa;,1,1,1,1,0.02352553697038135,False,causa;,BnF_167_04,Javier,bnf_167
2980,Llama 3.3 70B · 12 000 TPM,Puntuación,"Coma (,)","ceinos,",1,1,1,1,0.02352553697038135,False,"Ceinos,",BnF_118_08,Arturo,bnf_118
2981,Llama 3.3 70B · 12 000 TPM,Puntuación,"Coma (,)","cera, y",1,1,1,1,0.02352553697038135,False,"cera, y",BnF_244_03,Arturo,bnf_244
2982,Llama 3.3 70B · 12 000 TPM,Puntuación,"Coma (,)","ciudad, de",1,1,1,1,0.02352553697038135,False,"ciudad, de",utblac_wbs_888_duplicated_1,Edna,utblac_wbs
2983,Llama 3.3 70B · 12 000 TPM,Puntuación,"Coma (,)",clase;,1,1,1,1,0.02352553697038135,False,clase;,BnF_283_12,Javier,bnf_283
2984,Llama 3.3 70B · 12 000 TPM,Puntuación,"Coma (,)","codicie, cuando",1,1,1,1,0.02352553697038135,False,"codicie, cuando",BnF_032_23,Arturo,bnf_032
2985,Llama 3.3 70B · 12 000 TPM,Puntuación,"Coma (,)","comuniones, y",1,1,1,1,0.02352553697038135,False,"comuniones, y",BnF_174_03,Arturo,bnf_174
2986,Llama 3.3 70B · 12 000 TPM,Puntuación,"Coma (,)","conato, y",1,1,1,1,0.02352553697038135,False,"Conato, y",BnF_174_03,Arturo,bnf_174
2987,Llama 3.3 70B · 12 000 TPM,Puntuación,"Coma (,)","concertar, después",1,1,1,1,0.02352553697038135,False,"concertar, después",UIA_Ms149_Exp2_51,Arturo,uia_ms149
2988,Llama 3.3 70B · 12 000 TPM,Puntuación,"Coma (,)",conocimos de mestizos de indios campechanos de,1,1,1,1,0.02352553697038135,False,conocimos de mestizos de indios campechanos de,BnF_266_03,Rodrigo,bnf_266
2989,Llama 3.3 70B · 12 000 TPM,Puntuación,"Coma (,)","consulta, y",1,1,1,1,0.02352553697038135,False,"consulta, y",BnF_167_25,Paco,bnf_167
2990,Llama 3.3 70B · 12 000 TPM,Puntuación,"Coma (,)","conviene, y",1,1,1,1,0.02352553697038135,False,"conviene, y",AGN_Indios_v009_exp002_fs3v-4_01,Arturo,agn_indios
2991,Llama 3.3 70B · 12 000 TPM,Puntuación,"Coma (,)","coyuacán, a",1,1,1,1,0.02352553697038135,False,"Coyuacán, a",AGN_HospJesus_c474_leg267-2_exp024_7473-7537_10,Arturo,agn_hospjesus
2992,Llama 3.3 70B · 12 000 TPM,Puntuación,"Coma (,)","criados,",1,1,1,1,0.02352553697038135,False,"criados,",BP_CM_R494_156_2,Javier,bp_cm
2993,Llama 3.3 70B · 12 000 TPM,Puntuación,"Coma (,)","crié, y",1,1,1,1,0.02352553697038135,False,"crié, y",BnF_032_23,Arturo,bnf_032
2994,Llama 3.3 70B · 12 000 TPM,Puntuación,"Coma (,)","cruces, y",1,1,1,1,0.02352553697038135,False,"Cruces, y",BnF_174_03,Arturo,bnf_174
2995,Llama 3.3 70B · 12 000 TPM,Puntuación,"Coma (,)","culpa, y",1,1,1,1,0.02352553697038135,False,"culpa, y",utblac_wbs_0912a_duplicated,Arturo,utblac_wbs
2996,Llama 3.3 70B · 12 000 TPM,Puntuación,"Coma (,)","culpados, y",1,1,1,1,0.02352553697038135,False,"culpados, y",UIA_Ms149_Exp2_51,Arturo,uia_ms149
2997,Llama 3.3 70B · 12 000 TPM,Puntuación,"Coma (,)",cárcel;,1,1,1,1,0.02352553697038135,False,cárcel;,BnF_283_12,Javier,bnf_283
2998,Llama 3.3 70B · 12 000 TPM,Puntuación,"Coma (,)","daño, los",1,1,1,1,0.02352553697038135,False,"daño, los",utblac_wbs_0912a_duplicated,Arturo,utblac_wbs
2999,Llama 3.3 70B · 12 000 TPM,Puntuación,"Coma (,)","decía, y",1,1,1,1,0.02352553697038135,False,"decía, y",BnF_117_03,Arturo,bnf_117
3000,Llama 3.3 70B · 12 000 TPM,Puntuación,"Coma (,)","descalabran,",1,1,1,1,0.02352553697038135,False,"descalabran,",BnF_075_026,Arturo,bnf_075
3001,Llama 3.3 70B · 12 000 TPM,Puntuación,"Coma (,)","determinar, y",1,1,1,1,0.02352553697038135,False,"determinar, y",BnF_117_03,Arturo,bnf_117
3002,Llama 3.3 70B · 12 000 TPM,Puntuación,"Coma (,)","dichos, no",1,1,1,1,0.02352553697038135,False,"dichos, no",BnF_075_026,Arturo,bnf_075
3003,Llama 3.3 70B · 12 000 TPM,Puntuación,"Coma (,)",diferencia. en,1,1,1,1,0.02352553697038135,False,diferencia. En,AGN_HospJesus_c474_leg267-2_exp024_7473-7537_05,Rodrigo,agn_hospjesus
3004,Llama 3.3 70B · 12 000 TPM,Puntuación,"Coma (,)","distrito, y",1,1,1,1,0.02352553697038135,False,"distrito, y",utblac_wbs_0912a_duplicated,Arturo,utblac_wbs
3005,Llama 3.3 70B · 12 000 TPM,Puntuación,"Coma (,)","día,",1,1,1,1,0.02352553697038135,False,"día,",BnF_032_23,Arturo,bnf_032
3006,Llama 3.3 70B · 12 000 TPM,Puntuación,"Coma (,)","efecto, cambio",1,1,1,1,0.02352553697038135,False,"efecto, cambio",BnF_174_03,Arturo,bnf_174
3007,Llama 3.3 70B · 12 000 TPM,Puntuación,"Coma (,)",el,1,1,1,1,0.02352553697038135,False,el,BnF_075_026,Arturo,bnf_075
3008,Llama 3.3 70B · 12 000 TPM,Puntuación,"Coma (,)",el me,1,1,1,1,0.02352553697038135,False,el me,BnF_117_08,Edna,bnf_117
3009,Llama 3.3 70B · 12 000 TPM,Puntuación,"Coma (,)","ellas, y",1,1,1,1,0.02352553697038135,False,"ellas, y",BnF_174_03,Arturo,bnf_174
3010,Llama 3.3 70B · 12 000 TPM,Puntuación,"Coma (,)","ello,",1,1,1,1,0.02352553697038135,False,"ello,",BnF_118_08,Arturo,bnf_118
3011,Llama 3.3 70B · 12 000 TPM,Puntuación,"Coma (,)",embriaguez;,1,1,1,1,0.02352553697038135,False,embriaguez;,BnF_283_12,Javier,bnf_283
3012,Llama 3.3 70B · 12 000 TPM,Puntuación,"Coma (,)","encargado, lo",1,1,1,1,0.02352553697038135,False,"encargado, lo",BnF_244_03,Arturo,bnf_244
3013,Llama 3.3 70B · 12 000 TPM,Puntuación,"Coma (,)","español, llamado",1,1,1,1,0.02352553697038135,False,"español, llamado",BnF_243_12,Arturo,bnf_243
3014,Llama 3.3 70B · 12 000 TPM,Puntuación,"Coma (,)","españoles, ni",1,1,1,1,0.02352553697038135,False,"españoles, ni",BnF_174_03,Arturo,bnf_174
3015,Llama 3.3 70B · 12 000 TPM,Puntuación,"Coma (,)",estartid;,1,1,1,1,0.02352553697038135,False,estartid;,BP_CM_R494_156_2,Javier,bp_cm
3016,Llama 3.3 70B · 12 000 TPM,Puntuación,"Coma (,)","están, y",1,1,1,1,0.02352553697038135,False,"están, y",BnF_032_23,Arturo,bnf_032
3017,Llama 3.3 70B · 12 000 TPM,Puntuación,"Coma (,)","falta, a",1,1,1,1,0.02352553697038135,False,"falta, a",AGN_Indios_v009_exp002_fs3v-4_01,Arturo,agn_indios
3018,Llama 3.3 70B · 12 000 TPM,Puntuación,"Coma (,)","fe, vistas",1,1,1,1,0.02352553697038135,False,"fe, vistas",utblac_wbs_0912a_duplicated,Arturo,utblac_wbs
3019,Llama 3.3 70B · 12 000 TPM,Puntuación,"Coma (,)","felipe,",1,1,1,1,0.02352553697038135,False,"felipe,",AGI_INDIFERENTE_1529_N36_07,Rodrigo,agi_indiferente
3020,Llama 3.3 70B · 12 000 TPM,Puntuación,"Coma (,)","fernández, del",1,1,1,1,0.02352553697038135,False,"Fernández, del",AGN_Indios_v009_exp002_fs3v-4_01,Arturo,agn_indios
3021,Llama 3.3 70B · 12 000 TPM,Puntuación,"Coma (,)","fiel, y",1,1,1,1,0.02352553697038135,False,"fiel, y",BnF_174_03,Arturo,bnf_174
3022,Llama 3.3 70B · 12 000 TPM,Puntuación,"Coma (,)","francisco,",1,1,1,1,0.02352553697038135,False,"Francisco,",BnF_075_035,Arturo,bnf_075
3023,Llama 3.3 70B · 12 000 TPM,Puntuación,"Coma (,)","fuente, y",1,1,1,1,0.02352553697038135,False,"Fuente, y",BnF_174_03,Arturo,bnf_174
3024,Llama 3.3 70B · 12 000 TPM,Puntuación,"Coma (,)","fuera,",1,1,1,1,0.02352553697038135,False,"fuera,",BnF_266_07,Paco,bnf_266
3025,Llama 3.3 70B · 12 000 TPM,Puntuación,"Coma (,)",fuésemos;,1,1,1,1,0.02352553697038135,False,fuésemos;,BnF_167_03,Javier,bnf_167
3026,Llama 3.3 70B · 12 000 TPM,Puntuación,"Coma (,)","ganado, y",1,1,1,1,0.02352553697038135,False,"ganado, y",BnF_174_03,Arturo,bnf_174
3027,Llama 3.3 70B · 12 000 TPM,Puntuación,"Coma (,)",gente:,1,1,1,1,0.02352553697038135,False,gente:,BnF_174_06,Javier,bnf_174
3028,Llama 3.3 70B · 12 000 TPM,Puntuación,"Coma (,)",gentes. de,1,1,1,1,0.02352553697038135,False,gentes. De,BnF_264_03,Adriana,bnf_264
3029,Llama 3.3 70B · 12 000 TPM,Puntuación,"Coma (,)","gobierne, y",1,1,1,1,0.02352553697038135,False,"gobierne, y",AGN_Indios_v009_exp002_fs3v-4_01,Arturo,agn_indios
3030,Llama 3.3 70B · 12 000 TPM,Puntuación,"Coma (,)","golpe, que",1,1,1,1,0.02352553697038135,False,"golpe, que",BnF_174_03,Arturo,bnf_174
3031,Llama 3.3 70B · 12 000 TPM,Puntuación,"Coma (,)","guerras, y",1,1,1,1,0.02352553697038135,False,"guerras, y",BnF_174_03,Arturo,bnf_174
3032,Llama 3.3 70B · 12 000 TPM,Puntuación,"Coma (,)","habido, con",1,1,1,1,0.02352553697038135,False,"habido, con",utblac_wbs_0912a_duplicated,Arturo,utblac_wbs
3033,Llama 3.3 70B · 12 000 TPM,Puntuación,"Coma (,)",había:,1,1,1,1,0.02352553697038135,False,había:,BnF_167_03,Javier,bnf_167
3034,Llama 3.3 70B · 12 000 TPM,Puntuación,"Coma (,)",hacerlo por,1,1,1,1,0.02352553697038135,False,hacerlo por,AGN_GralParte_v006_exp617_02,Rodrigo,agn_gralparte
3035,Llama 3.3 70B · 12 000 TPM,Puntuación,"Coma (,)","hacienda, fecha",1,1,1,1,0.02352553697038135,False,"hacienda, fecha",BnF_119-148_18,Arturo,bnf_119-148
3036,Llama 3.3 70B · 12 000 TPM,Puntuación,"Coma (,)",hay;,1,1,1,1,0.02352553697038135,False,hay;,BnF_174_06,Javier,bnf_174
3037,Llama 3.3 70B · 12 000 TPM,Puntuación,"Coma (,)","haya, tal",1,1,1,1,0.02352553697038135,False,"haya, tal",AGN_Indios_v009_exp002_fs3v-4_01,Arturo,agn_indios
3038,Llama 3.3 70B · 12 000 TPM,Puntuación,"Coma (,)",hermano don,1,1,1,1,0.02352553697038135,False,hermano don,BnF_118_08,Arturo,bnf_118
3039,Llama 3.3 70B · 12 000 TPM,Puntuación,"Coma (,)","hoy,",1,1,1,1,0.02352553697038135,False,"hoy,",BnF_075_026,Arturo,bnf_075
3040,Llama 3.3 70B · 12 000 TPM,Puntuación,"Coma (,)","iglesia, que",1,1,1,1,0.02352553697038135,False,"Iglesia, que",BnF_174_03,Arturo,bnf_174
3041,Llama 3.3 70B · 12 000 TPM,Puntuación,"Coma (,)","ignorancia, a",1,1,1,1,0.02352553697038135,False,"ignorancia, a",utblac_wbs_0912a_duplicated,Arturo,utblac_wbs
3042,Llama 3.3 70B · 12 000 TPM,Puntuación,"Coma (,)","ignorancia, y",1,1,1,1,0.02352553697038135,False,"ignorancia, y",utblac_wbs_0912a_duplicated,Arturo,utblac_wbs
3043,Llama 3.3 70B · 12 000 TPM,Puntuación,"Coma (,)",indios. poco,1,1,1,1,0.02352553697038135,False,indios. Poco,AGI_INDIFERENTE_1529_N8_06,Rodrigo,agi_indiferente
3044,Llama 3.3 70B · 12 000 TPM,Puntuación,"Coma (,)","insta, e",1,1,1,1,0.02352553697038135,False,"insta, e",BnF_174_03,Arturo,bnf_174
3045,Llama 3.3 70B · 12 000 TPM,Puntuación,"Coma (,)","juan, y",1,1,1,1,0.02352553697038135,False,"Juan, y",BnF_174_03,Arturo,bnf_174
3046,Llama 3.3 70B · 12 000 TPM,Puntuación,"Coma (,)","juramento, y",1,1,1,1,0.02352553697038135,False,"juramento, y",BnF_032_23,Arturo,bnf_032
3047,Llama 3.3 70B · 12 000 TPM,Puntuación,"Coma (,)","juzgados,",1,1,1,1,0.02352553697038135,False,"juzgados,",BnF_174_05,Adriana,bnf_174
3048,Llama 3.3 70B · 12 000 TPM,Puntuación,"Coma (,)","laborios,",1,1,1,1,0.02352553697038135,False,"laborios,",AGN_IndiferenteVirreinal_caja4156_exp025,Javier,agn_indiferentevirreinal
3049,Llama 3.3 70B · 12 000 TPM,Puntuación,"Coma (,)","levantados, y",1,1,1,1,0.02352553697038135,False,"levantados, y",BnF_075_026,Arturo,bnf_075
3050,Llama 3.3 70B · 12 000 TPM,Puntuación,"Coma (,)",licencia prosigan,1,1,1,1,0.02352553697038135,False,licencia prosigan,LoC_HPKraus_138_new_07,Edna,loc_hpkraus
3051,Llama 3.3 70B · 12 000 TPM,Puntuación,"Coma (,)","limosnas, que",1,1,1,1,0.02352553697038135,False,"Limosnas, que",BnF_174_03,Arturo,bnf_174
3052,Llama 3.3 70B · 12 000 TPM,Puntuación,"Coma (,)",luego de,1,1,1,1,0.02352553697038135,False,Luego de,BnF_116_06,Edna,bnf_116
3053,Llama 3.3 70B · 12 000 TPM,Puntuación,"Coma (,)","maguey, y",1,1,1,1,0.02352553697038135,False,"maguey, y",BnF_032_23,Arturo,bnf_032
3054,Llama 3.3 70B · 12 000 TPM,Puntuación,"Coma (,)","magueyes, que",1,1,1,1,0.02352553697038135,False,"magueyes, que",BnF_032_23,Arturo,bnf_032
3055,Llama 3.3 70B · 12 000 TPM,Puntuación,"Coma (,)","magueyes, treinta",1,1,1,1,0.02352553697038135,False,"magueyes, treinta",BnF_032_23,Arturo,bnf_032
3056,Llama 3.3 70B · 12 000 TPM,Puntuación,"Coma (,)","majestad, y",1,1,1,1,0.02352553697038135,False,"majestad, y",BnF_032_23,Arturo,bnf_032
3057,Llama 3.3 70B · 12 000 TPM,Puntuación,"Coma (,)","mandase,",1,1,1,1,0.02352553697038135,False,"mandase,",BnF_075_026,Arturo,bnf_075
3058,Llama 3.3 70B · 12 000 TPM,Puntuación,"Coma (,)",manera y,1,1,1,1,0.02352553697038135,False,manera y,LoC_HPKraus_138_new_07,Edna,loc_hpkraus
3059,Llama 3.3 70B · 12 000 TPM,Puntuación,"Coma (,)","mar, y",1,1,1,1,0.02352553697038135,False,"mar, y",BnF_174_03,Arturo,bnf_174
3060,Llama 3.3 70B · 12 000 TPM,Puntuación,"Coma (,)","marros, y",1,1,1,1,0.02352553697038135,False,"Marros, y",BnF_174_03,Arturo,bnf_174
3061,Llama 3.3 70B · 12 000 TPM,Puntuación,"Coma (,)","maría,",1,1,1,1,0.02352553697038135,False,"María,",BnF_118_08,Arturo,bnf_118
3062,Llama 3.3 70B · 12 000 TPM,Puntuación,"Coma (,)","mayo, de",1,1,1,1,0.02352553697038135,False,"mayo, de",BnF_119-148_18,Arturo,bnf_119-148
3063,Llama 3.3 70B · 12 000 TPM,Puntuación,"Coma (,)","merced, digo",1,1,1,1,0.02352553697038135,False,"merced, digo",BnF_032_23,Arturo,bnf_032
3064,Llama 3.3 70B · 12 000 TPM,Puntuación,"Coma (,)","michioco, y",1,1,1,1,0.02352553697038135,False,"Michioco, y",BnF_032_23,Arturo,bnf_032
3065,Llama 3.3 70B · 12 000 TPM,Puntuación,"Coma (,)",miguel:,1,1,1,1,0.02352553697038135,False,Miguel:,BNE_ms3047_3,Javier,bne_ms3047
3066,Llama 3.3 70B · 12 000 TPM,Puntuación,"Coma (,)","minas, divididas",1,1,1,1,0.02352553697038135,False,"minas, divididas",AGI_INDIFERENTE_1529_N8_06,Rodrigo,agi_indiferente
3067,Llama 3.3 70B · 12 000 TPM,Puntuación,"Coma (,)","ministros, y",1,1,1,1,0.02352553697038135,False,"Ministros, y",BnF_167_25,Paco,bnf_167
3068,Llama 3.3 70B · 12 000 TPM,Puntuación,"Coma (,)","miscoatle, viejo",1,1,1,1,0.02352553697038135,False,"Miscoatle, viejo",BnF_032_23,Arturo,bnf_032
3069,Llama 3.3 70B · 12 000 TPM,Puntuación,"Coma (,)","modo, y",1,1,1,1,0.02352553697038135,False,"modo, y",BnF_174_03,Arturo,bnf_174
3070,Llama 3.3 70B · 12 000 TPM,Puntuación,"Coma (,)","mojonera, y",1,1,1,1,0.02352553697038135,False,"mojonera, y",UIA_Ms149_Exp2_51,Arturo,uia_ms149
3071,Llama 3.3 70B · 12 000 TPM,Puntuación,"Coma (,)","mortal, y",1,1,1,1,0.02352553697038135,False,"mortal, y",utblac_wbs_0912a_duplicated,Arturo,utblac_wbs
3072,Llama 3.3 70B · 12 000 TPM,Puntuación,"Coma (,)","mota, por",1,1,1,1,0.02352553697038135,False,"Mota, por",AGN_Indios_v009_exp002_fs3v-4_01,Arturo,agn_indios
3073,Llama 3.3 70B · 12 000 TPM,Puntuación,"Coma (,)","muertes, y",1,1,1,1,0.02352553697038135,False,"muertes, y",BnF_174_03,Arturo,bnf_174
3074,Llama 3.3 70B · 12 000 TPM,Puntuación,"Coma (,)","mujer, y",1,1,1,1,0.02352553697038135,False,"mujer, y",BnF_032_23,Arturo,bnf_032
3075,Llama 3.3 70B · 12 000 TPM,Puntuación,"Coma (,)","mujeres, de",1,1,1,1,0.02352553697038135,False,"mujeres, de",utblac_wbs_0912a_duplicated,Arturo,utblac_wbs
3076,Llama 3.3 70B · 12 000 TPM,Puntuación,"Coma (,)","méxico,",1,1,1,1,0.02352553697038135,False,"México,",BP_CM_R481_071_3,Javier,bp_cm
3077,Llama 3.3 70B · 12 000 TPM,Puntuación,"Coma (,)","méxico, a",1,1,1,1,0.02352553697038135,False,"México, a",BnF_117_13,Paco,bnf_117
3078,Llama 3.3 70B · 12 000 TPM,Puntuación,"Coma (,)","mí, y",1,1,1,1,0.02352553697038135,False,"mí, y",BnF_032_23,Arturo,bnf_032
3079,Llama 3.3 70B · 12 000 TPM,Puntuación,"Coma (,)","naciones, que",1,1,1,1,0.02352553697038135,False,"Naciones, que",BnF_174_03,Arturo,bnf_174
3080,Llama 3.3 70B · 12 000 TPM,Puntuación,"Coma (,)","naturales,",1,1,1,1,0.02352553697038135,False,"naturales,",BnF_075_035,Arturo,bnf_075
3081,Llama 3.3 70B · 12 000 TPM,Puntuación,"Coma (,)","necesario, ser",1,1,1,1,0.02352553697038135,False,"necesario, ser",BnF_117_03,Arturo,bnf_117
3082,Llama 3.3 70B · 12 000 TPM,Puntuación,"Coma (,)","nietos, se",1,1,1,1,0.02352553697038135,False,"nietos, se",BnF_032_23,Arturo,bnf_032
3083,Llama 3.3 70B · 12 000 TPM,Puntuación,"Coma (,)","ninguna, y",1,1,1,1,0.02352553697038135,False,"ninguna, y",BnF_032_23,Arturo,bnf_032
3084,Llama 3.3 70B · 12 000 TPM,Puntuación,"Coma (,)",norte;,1,1,1,1,0.02352553697038135,False,Norte;,BnF_167_04,Javier,bnf_167
3085,Llama 3.3 70B · 12 000 TPM,Puntuación,"Coma (,)","ofrendada, y",1,1,1,1,0.02352553697038135,False,"ofrendada, y",BnF_244_03,Arturo,bnf_244
3086,Llama 3.3 70B · 12 000 TPM,Puntuación,"Coma (,)","ordinarias, y",1,1,1,1,0.02352553697038135,False,"ordinarias, y",BnF_119-148_18,Arturo,bnf_119-148
3087,Llama 3.3 70B · 12 000 TPM,Puntuación,"Coma (,)","parte, y",1,1,1,1,0.02352553697038135,False,"parte, y",BnF_117_03,Arturo,bnf_117
3088,Llama 3.3 70B · 12 000 TPM,Puntuación,"Coma (,)","pasados, y",1,1,1,1,0.02352553697038135,False,"pasados, y",BnF_117_03,Arturo,bnf_117
3089,Llama 3.3 70B · 12 000 TPM,Puntuación,"Coma (,)",pasó es,1,1,1,1,0.02352553697038135,False,pasó es,BnF_111_21,Flor,bnf_111
3090,Llama 3.3 70B · 12 000 TPM,Puntuación,"Coma (,)","patrimoniales, y",1,1,1,1,0.02352553697038135,False,"patrimoniales, y",AGN_HospJesus_c474_leg267-2_exp024_7473-7537_10,Arturo,agn_hospjesus
3091,Llama 3.3 70B · 12 000 TPM,Puntuación,"Coma (,)","pecado, y",1,1,1,1,0.02352553697038135,False,"pecado, y",utblac_wbs_0912a_duplicated,Arturo,utblac_wbs
3092,Llama 3.3 70B · 12 000 TPM,Puntuación,"Coma (,)","perpetuamente,",1,1,1,1,0.02352553697038135,False,"perpetuamente,",BnF_075_026,Arturo,bnf_075
3093,Llama 3.3 70B · 12 000 TPM,Puntuación,"Coma (,)","petición,",1,1,1,1,0.02352553697038135,False,"petición,",BnF_032_23,Arturo,bnf_032
3094,Llama 3.3 70B · 12 000 TPM,Puntuación,"Coma (,)","pimas, y",1,1,1,1,0.02352553697038135,False,"Pimas, y",BnF_174_03,Arturo,bnf_174
3095,Llama 3.3 70B · 12 000 TPM,Puntuación,"Coma (,)","pleitos, donde",1,1,1,1,0.02352553697038135,False,"pleitos, donde",UIA_Ms149_Exp2_51,Arturo,uia_ms149
3096,Llama 3.3 70B · 12 000 TPM,Puntuación,"Coma (,)","po,",1,1,1,1,0.02352553697038135,False,"po,",AGI_INDIFERENTE_1529_N36_07,Rodrigo,agi_indiferente
3097,Llama 3.3 70B · 12 000 TPM,Puntuación,"Coma (,)","poco, están",1,1,1,1,0.02352553697038135,False,"poco, están",AGI_INDIFERENTE_1529_N8_06,Rodrigo,agi_indiferente
3098,Llama 3.3 70B · 12 000 TPM,Puntuación,"Coma (,)","poseído, y",1,1,1,1,0.02352553697038135,False,"poseído, y",AGN_HospJesus_c474_leg267-2_exp024_7473-7537_10,Arturo,agn_hospjesus
3099,Llama 3.3 70B · 12 000 TPM,Puntuación,"Coma (,)","presente, y",1,1,1,1,0.02352553697038135,False,"presente, y",BnF_244_03,Arturo,bnf_244
3100,Llama 3.3 70B · 12 000 TPM,Puntuación,"Coma (,)","presidio, y",1,1,1,1,0.02352553697038135,False,"Presidio, y",BnF_174_03,Arturo,bnf_174
3101,Llama 3.3 70B · 12 000 TPM,Puntuación,"Coma (,)","presto, os",1,1,1,1,0.02352553697038135,False,"presto, os",AGN_Indios_v009_exp002_fs3v-4_01,Arturo,agn_indios
3102,Llama 3.3 70B · 12 000 TPM,Puntuación,"Coma (,)",primo ni,1,1,1,1,0.02352553697038135,False,primo ni,BnF_117_08,Edna,bnf_117
3103,Llama 3.3 70B · 12 000 TPM,Puntuación,"Coma (,)",provincia.,1,1,1,1,0.02352553697038135,False,Provincia.,BnF_174_02,Javier,bnf_174
3104,Llama 3.3 70B · 12 000 TPM,Puntuación,"Coma (,)","provincias,",1,1,1,1,0.02352553697038135,False,"Provincias,",BnF_174_02,Javier,bnf_174
3105,Llama 3.3 70B · 12 000 TPM,Puntuación,"Coma (,)","puertos, y",1,1,1,1,0.02352553697038135,False,"puertos, y",BnF_174_03,Arturo,bnf_174
3106,Llama 3.3 70B · 12 000 TPM,Puntuación,"Coma (,)","puntualidad, y",1,1,1,1,0.02352553697038135,False,"puntualidad, y",BnF_244_03,Arturo,bnf_244
3107,Llama 3.3 70B · 12 000 TPM,Puntuación,"Coma (,)","puse, y",1,1,1,1,0.02352553697038135,False,"puse, y",BnF_032_23,Arturo,bnf_032
3108,Llama 3.3 70B · 12 000 TPM,Puntuación,"Coma (,)",que,1,1,1,1,0.02352553697038135,False,que,BnF_174_03,Arturo,bnf_174
3109,Llama 3.3 70B · 12 000 TPM,Puntuación,"Coma (,)","quietos,",1,1,1,1,0.02352553697038135,False,"quietos,",BnF_075_026,Arturo,bnf_075
3110,Llama 3.3 70B · 12 000 TPM,Puntuación,"Coma (,)","ramírez, y",1,1,1,1,0.02352553697038135,False,"Ramírez, y",BnF_032_23,Arturo,bnf_032
3111,Llama 3.3 70B · 12 000 TPM,Puntuación,"Coma (,)","ratificó,",1,1,1,1,0.02352553697038135,False,"ratificó,",BnF_075_026,Arturo,bnf_075
3112,Llama 3.3 70B · 12 000 TPM,Puntuación,"Coma (,)","reciban,",1,1,1,1,0.02352553697038135,False,"reciban,",AGN_IndiferenteVirreinal_caja4156_exp025,Javier,agn_indiferentevirreinal
3113,Llama 3.3 70B · 12 000 TPM,Puntuación,"Coma (,)","recopilación, que",1,1,1,1,0.02352553697038135,False,"recopilación, que",BnF_174_03,Arturo,bnf_174
3114,Llama 3.3 70B · 12 000 TPM,Puntuación,"Coma (,)","regidor, y",1,1,1,1,0.02352553697038135,False,"regidor, y",BnF_032_23,Arturo,bnf_032
3115,Llama 3.3 70B · 12 000 TPM,Puntuación,"Coma (,)","reputación, por",1,1,1,1,0.02352553697038135,False,"reputación, por",AGN_Indios_v009_exp002_fs3v-4_01,Arturo,agn_indios
3116,Llama 3.3 70B · 12 000 TPM,Puntuación,"Coma (,)","requieren, y",1,1,1,1,0.02352553697038135,False,"requieren, y",AGN_Indios_v009_exp002_fs3v-4_01,Arturo,agn_indios
3117,Llama 3.3 70B · 12 000 TPM,Puntuación,"Coma (,)","reside, a",1,1,1,1,0.02352553697038135,False,"reside, a",UIA_Ms149_Exp2_51,Arturo,uia_ms149
3118,Llama 3.3 70B · 12 000 TPM,Puntuación,"Coma (,)","roma, y",1,1,1,1,0.02352553697038135,False,"Roma, y",utblac_wbs_0912a_duplicated,Arturo,utblac_wbs
3119,Llama 3.3 70B · 12 000 TPM,Puntuación,"Coma (,)","rosón, y",1,1,1,1,0.02352553697038135,False,"Rosón, y",AGS_CE_RG_L379_02,Arturo,ags_ce
3120,Llama 3.3 70B · 12 000 TPM,Puntuación,"Coma (,)","sagrado, y",1,1,1,1,0.02352553697038135,False,"Sagrado, y",BnF_244_03,Arturo,bnf_244
3121,Llama 3.3 70B · 12 000 TPM,Puntuación,"Coma (,)","seis, y",1,1,1,1,0.02352553697038135,False,"seis, y",BnF_032_23,Arturo,bnf_032
3122,Llama 3.3 70B · 12 000 TPM,Puntuación,"Coma (,)","ser, para",1,1,1,1,0.02352553697038135,False,"ser, para",AGN_HospJesus_c474_leg267-2_exp024_7473-7537_10,Arturo,agn_hospjesus
3123,Llama 3.3 70B · 12 000 TPM,Puntuación,"Coma (,)","señores, vista",1,1,1,1,0.02352553697038135,False,"señores, vista",BnF_117_13,Paco,bnf_117
3124,Llama 3.3 70B · 12 000 TPM,Puntuación,"Coma (,)",siguiente:,1,1,1,1,0.02352553697038135,False,siguiente:,UIA_Ms149_Exp3_08,Javier,uia_ms149
3125,Llama 3.3 70B · 12 000 TPM,Puntuación,"Coma (,)","sujetos, de",1,1,1,1,0.02352553697038135,False,"sujetos, de",AGN_Indios_v009_exp002_fs3v-4_01,Arturo,agn_indios
3126,Llama 3.3 70B · 12 000 TPM,Puntuación,"Coma (,)","tal, yo",1,1,1,1,0.02352553697038135,False,"tal, yo",BnF_118_08,Arturo,bnf_118
3127,Llama 3.3 70B · 12 000 TPM,Puntuación,"Coma (,)",tarde. salió,1,1,1,1,0.02352553697038135,False,tarde. Salió,BnF_266_03,Rodrigo,bnf_266
3128,Llama 3.3 70B · 12 000 TPM,Puntuación,"Coma (,)","tenido, y",1,1,1,1,0.02352553697038135,False,"tenido, y",BnF_117_03,Arturo,bnf_117
3129,Llama 3.3 70B · 12 000 TPM,Puntuación,"Coma (,)",teniente:,1,1,1,1,0.02352553697038135,False,Teniente:,BnF_174_06,Javier,bnf_174
3130,Llama 3.3 70B · 12 000 TPM,Puntuación,"Coma (,)","tenor, del",1,1,1,1,0.02352553697038135,False,"tenor, del",UIA_Ms149_Exp2_51,Arturo,uia_ms149
3131,Llama 3.3 70B · 12 000 TPM,Puntuación,"Coma (,)","tentales, su",1,1,1,1,0.02352553697038135,False,"tentales, su",AGI_INDIFERENTE_1529_N8_06,Rodrigo,agi_indiferente
3132,Llama 3.3 70B · 12 000 TPM,Puntuación,"Coma (,)","tepozotlán, hay",1,1,1,1,0.02352553697038135,False,"Tepozotlán, hay",AGN_Indios_v009_exp002_fs3v-4_01,Arturo,agn_indios
3133,Llama 3.3 70B · 12 000 TPM,Puntuación,"Coma (,)","testamento, y",1,1,1,1,0.02352553697038135,False,"testamento, y",BnF_244_03,Arturo,bnf_244
3134,Llama 3.3 70B · 12 000 TPM,Puntuación,"Coma (,)","tierras, e",1,1,1,1,0.02352553697038135,False,"tierras, e",UIA_Ms149_Exp2_51,Arturo,uia_ms149
3135,Llama 3.3 70B · 12 000 TPM,Puntuación,"Coma (,)","tochile, y",1,1,1,1,0.02352553697038135,False,"Tochile, y",BnF_032_23,Arturo,bnf_032
3136,Llama 3.3 70B · 12 000 TPM,Puntuación,"Coma (,)","todo, los",1,1,1,1,0.02352553697038135,False,"todo, los",BnF_032_23,Arturo,bnf_032
3137,Llama 3.3 70B · 12 000 TPM,Puntuación,"Coma (,)","tomase, y",1,1,1,1,0.02352553697038135,False,"tomase, y",BnF_032_23,Arturo,bnf_032
3138,Llama 3.3 70B · 12 000 TPM,Puntuación,"Coma (,)","tres, hago",1,1,1,1,0.02352553697038135,False,"tres, hago",BnF_244_03,Arturo,bnf_244
3139,Llama 3.3 70B · 12 000 TPM,Puntuación,"Coma (,)","tres, y",1,1,1,1,0.02352553697038135,False,"tres, y",BnF_032_23,Arturo,bnf_032
3140,Llama 3.3 70B · 12 000 TPM,Puntuación,"Coma (,)","uso, que",1,1,1,1,0.02352553697038135,False,"uso, que",BnF_174_03,Arturo,bnf_174
3141,Llama 3.3 70B · 12 000 TPM,Puntuación,"Coma (,)","valor, por",1,1,1,1,0.02352553697038135,False,"valor, por",BnF_266_07,Paco,bnf_266
3142,Llama 3.3 70B · 12 000 TPM,Puntuación,"Coma (,)","verdad, va",1,1,1,1,0.02352553697038135,False,"verdad, va",BnF_032_23,Arturo,bnf_032
3143,Llama 3.3 70B · 12 000 TPM,Puntuación,"Coma (,)","verdadero, y",1,1,1,1,0.02352553697038135,False,"verdadero, y",AGN_HospJesus_c474_leg267-2_exp024_7473-7537_10,Arturo,agn_hospjesus
3144,Llama 3.3 70B · 12 000 TPM,Puntuación,"Coma (,)","verificado, lo",1,1,1,1,0.02352553697038135,False,"verificado, lo",BnF_174_03,Arturo,bnf_174
3145,Llama 3.3 70B · 12 000 TPM,Puntuación,"Coma (,)",verlos;,1,1,1,1,0.02352553697038135,False,verlos;,BnF_167_04,Javier,bnf_167
3146,Llama 3.3 70B · 12 000 TPM,Puntuación,"Coma (,)","vezindar, y",1,1,1,1,0.02352553697038135,False,"vezindar, y",AGN_Indios_v009_exp002_fs3v-4_01,Arturo,agn_indios
3147,Llama 3.3 70B · 12 000 TPM,Puntuación,"Coma (,)","vinieron, y",1,1,1,1,0.02352553697038135,False,"vinieron, y",BnF_032_23,Arturo,bnf_032
3148,Llama 3.3 70B · 12 000 TPM,Puntuación,"Coma (,)",voluntad. conforme,1,1,1,1,0.02352553697038135,False,voluntad. Conforme,BnF_243_16,Rodrigo,bnf_243
3149,Llama 3.3 70B · 12 000 TPM,Puntuación,"Coma (,)","vos,",1,1,1,1,0.02352553697038135,False,"vos,",UIA_Ms149_Exp2_51,Arturo,uia_ms149
3150,Llama 3.3 70B · 12 000 TPM,Puntuación,"Coma (,)",y,1,1,1,1,0.02352553697038135,False,y,UIA_Ms149_Exp2_51,Arturo,uia_ms149
3151,Llama 3.3 70B · 12 000 TPM,Puntuación,"Coma (,)",y aquí,1,1,1,1,0.02352553697038135,False,y aquí,BnF_032_23,Arturo,bnf_032
3152,Llama 3.3 70B · 12 000 TPM,Puntuación,"Coma (,)",y la,1,1,1,1,0.02352553697038135,False,y la,BnF_032_23,Arturo,bnf_032
3153,Llama 3.3 70B · 12 000 TPM,Puntuación,"Coma (,)",y nunca,1,1,1,1,0.02352553697038135,False,y nunca,AGN_HospJesus_c474_leg267-2_exp024_7473-7537_10,Arturo,agn_hospjesus
3154,Llama 3.3 70B · 12 000 TPM,Puntuación,"Coma (,)",y que,1,1,1,1,0.02352553697038135,False,y que,AGN_HospJesus_c474_leg267-2_exp024_7473-7537_10,Arturo,agn_hospjesus
3155,Llama 3.3 70B · 12 000 TPM,Puntuación,"Coma (,)",y todas,1,1,1,1,0.02352553697038135,False,y todas,BnF_032_23,Arturo,bnf_032
3156,Llama 3.3 70B · 12 000 TPM,Puntuación,"Coma (,)","zelo, y",1,1,1,1,0.02352553697038135,False,"Zelo, y",BnF_174_03,Arturo,bnf_174
3157,Llama 3.3 70B · 12 000 TPM,Puntuación,"Coma (,)","ánimos, y",1,1,1,1,0.02352553697038135,False,"ánimos, y",BnF_174_03,Arturo,bnf_174
3158,Llama 3.3 70B · 12 000 TPM,Puntuación,"Coma (,)","ávalos, por",1,1,1,1,0.02352553697038135,False,"Ávalos, por",utblac_wbs_0912a_duplicated,Arturo,utblac_wbs
3159,Llama 3.3 70B · 12 000 TPM,Puntuación,"Coma (,)","ñas, y",1,1,1,1,0.02352553697038135,False,"ñas, y",BnF_244_03,Arturo,bnf_244
3160,Llama 3.3 70B · 12 000 TPM,Puntuación,No sub-rule assigned,alternan; los,1,1,1,1,0.02352553697038135,False,alternan; los,BnF_174_03,Arturo,bnf_174
3161,Llama 3.3 70B · 12 000 TPM,Puntuación,No sub-rule assigned,autor:,1,1,1,1,0.02352553697038135,False,autor:,BnF_264_03,Adriana,bnf_264
3162,Llama 3.3 70B · 12 000 TPM,Puntuación,No sub-rule assigned,cabecera,1,1,1,1,0.02352553697038135,False,cabecera,Mechoacan_Yurirapundaro_2,Arturo,mechoacan_yurirapundaro
3163,Llama 3.3 70B · 12 000 TPM,Puntuación,No sub-rule assigned,"casas,",1,1,1,1,0.02352553697038135,False,"Casas,",AGI_INDIFERENTE_2065_N45_11,Alba,agi_indiferente
3164,Llama 3.3 70B · 12 000 TPM,Puntuación,No sub-rule assigned,confirmado después,1,1,1,1,0.02352553697038135,False,confirmado después,UIA_Ms149_Exp2_51,Arturo,uia_ms149
3165,Llama 3.3 70B · 12 000 TPM,Puntuación,No sub-rule assigned,costumbre:,1,1,1,1,0.02352553697038135,False,costumbre:,BnF_264_03,Adriana,bnf_264
3166,Llama 3.3 70B · 12 000 TPM,Puntuación,No sub-rule assigned,derecho y,1,1,1,1,0.02352553697038135,False,derecho y,AGN_AHHacienda_v268_exp046_03,Arturo,agn_ahhacienda
3167,Llama 3.3 70B · 12 000 TPM,Puntuación,No sub-rule assigned,dice; que,1,1,1,1,0.02352553697038135,False,dice; que,BnF_174_03,Arturo,bnf_174
3168,Llama 3.3 70B · 12 000 TPM,Puntuación,No sub-rule assigned,"diferencia, y",1,1,1,1,0.02352553697038135,False,"diferencia, y",UIA_Ms149_Exp2_51,Arturo,uia_ms149
3169,Llama 3.3 70B · 12 000 TPM,Puntuación,No sub-rule assigned,dijo,1,1,1,1,0.02352553697038135,False,dijo,AGN_HospJesus_c474_leg267-2_exp024_7473-7537_10,Arturo,agn_hospjesus
3170,Llama 3.3 70B · 12 000 TPM,Puntuación,No sub-rule assigned,don,1,1,1,1,0.02352553697038135,False,Don,BP_CM_R481_016,Arturo,bp_cm
3171,Llama 3.3 70B · 12 000 TPM,Puntuación,No sub-rule assigned,don enriquez,1,1,1,1,0.02352553697038135,False,don Enriquez,AGN_GralParte_v001_exp1020_02,Edna,agn_gralparte
3172,Llama 3.3 70B · 12 000 TPM,Puntuación,No sub-rule assigned,eucaristía,1,1,1,1,0.02352553697038135,False,eucaristía,Mechoacan_Yurirapundaro_2,Arturo,mechoacan_yurirapundaro
3173,Llama 3.3 70B · 12 000 TPM,Puntuación,No sub-rule assigned,fe; con,1,1,1,1,0.02352553697038135,False,fe; con,BnF_174_03,Arturo,bnf_174
3174,Llama 3.3 70B · 12 000 TPM,Puntuación,No sub-rule assigned,fuere y,1,1,1,1,0.02352553697038135,False,fuere y,AGS_CE_RG_L379_02,Arturo,ags_ce
3175,Llama 3.3 70B · 12 000 TPM,Puntuación,No sub-rule assigned,"garcía,",1,1,1,1,0.02352553697038135,False,"García,",AGI_INDIFERENTE_2065_N45_11,Alba,agi_indiferente
3176,Llama 3.3 70B · 12 000 TPM,Puntuación,No sub-rule assigned,gremio; como,1,1,1,1,0.02352553697038135,False,Gremio; como,BnF_174_03,Arturo,bnf_174
3177,Llama 3.3 70B · 12 000 TPM,Puntuación,No sub-rule assigned,haber dio,1,1,1,1,0.02352553697038135,False,haber dio,AGN_AHHacienda_v268_exp046_03,Arturo,agn_ahhacienda
3178,Llama 3.3 70B · 12 000 TPM,Puntuación,No sub-rule assigned,herederos hasta,1,1,1,1,0.02352553697038135,False,herederos hasta,BnF_243_12,Arturo,bnf_243
3179,Llama 3.3 70B · 12 000 TPM,Puntuación,No sub-rule assigned,hermano don,1,1,1,1,0.02352553697038135,False,hermano don,BnF_118_08,Arturo,bnf_118
3180,Llama 3.3 70B · 12 000 TPM,Puntuación,No sub-rule assigned,indios. de,1,1,1,1,0.02352553697038135,False,indios. De,AGN_HospJesus_c474_leg267-2_exp024_7473-7537_05,Rodrigo,agn_hospjesus
3181,Llama 3.3 70B · 12 000 TPM,Puntuación,No sub-rule assigned,las,1,1,1,1,0.02352553697038135,False,Las,AGN_AHHacienda_v268_exp046_03,Arturo,agn_ahhacienda
3182,Llama 3.3 70B · 12 000 TPM,Puntuación,No sub-rule assigned,majestad y,1,1,1,1,0.02352553697038135,False,majestad y,AGN_AHHacienda_v268_exp046_03,Arturo,agn_ahhacienda
3183,Llama 3.3 70B · 12 000 TPM,Puntuación,No sub-rule assigned,medrano,1,1,1,1,0.02352553697038135,False,Medrano,BP_CM_R481_016,Arturo,bp_cm
3184,Llama 3.3 70B · 12 000 TPM,Puntuación,No sub-rule assigned,menos,1,1,1,1,0.02352553697038135,False,menos,AGI_INDIFERENTE_2065_N45_11,Alba,agi_indiferente
3185,Llama 3.3 70B · 12 000 TPM,Puntuación,No sub-rule assigned,mi alonso,1,1,1,1,0.02352553697038135,False,mi Alonso,AGN_AHHacienda_v268_exp046_03,Arturo,agn_ahhacienda
3186,Llama 3.3 70B · 12 000 TPM,Puntuación,No sub-rule assigned,"misas, por",1,1,1,1,0.02352553697038135,False,"misas, por",BnF_244_03,Arturo,bnf_244
3187,Llama 3.3 70B · 12 000 TPM,Puntuación,No sub-rule assigned,méxico para,1,1,1,1,0.02352553697038135,False,México para,BnF_244_03,Arturo,bnf_244
3188,Llama 3.3 70B · 12 000 TPM,Puntuación,No sub-rule assigned,norte; y,1,1,1,1,0.02352553697038135,False,Norte; y,BnF_174_03,Arturo,bnf_174
3189,Llama 3.3 70B · 12 000 TPM,Puntuación,No sub-rule assigned,"oidores, vista",1,1,1,1,0.02352553697038135,False,"oidores, vista",AGN_HospJesus_c474_leg267-2_exp024_7473-7537_05,Rodrigo,agn_hospjesus
3190,Llama 3.3 70B · 12 000 TPM,Puntuación,No sub-rule assigned,ordóñez y,1,1,1,1,0.02352553697038135,False,Ordóñez y,BP_CM_R481_016,Arturo,bp_cm
3191,Llama 3.3 70B · 12 000 TPM,Puntuación,No sub-rule assigned,otorgadas.,1,1,1,1,0.02352553697038135,False,otorgadas.,AGN_Tierras_v039-2_exp003_41,Flor,agn_tierras
3192,Llama 3.3 70B · 12 000 TPM,Puntuación,No sub-rule assigned,parecer y,1,1,1,1,0.02352553697038135,False,parecer y,UIA_Ms149_Exp2_51,Arturo,uia_ms149
3193,Llama 3.3 70B · 12 000 TPM,Puntuación,No sub-rule assigned,pareció,1,1,1,1,0.02352553697038135,False,pareció,BnF_032_23,Arturo,bnf_032
3194,Llama 3.3 70B · 12 000 TPM,Puntuación,No sub-rule assigned,persona.,1,1,1,1,0.02352553697038135,False,persona.,AGN_Tierras_v039-2_exp003_41,Flor,agn_tierras
3195,Llama 3.3 70B · 12 000 TPM,Puntuación,No sub-rule assigned,renta ren,1,1,1,1,0.02352553697038135,False,renta ren,BnF_112_08,Paloma,bnf_112
3196,Llama 3.3 70B · 12 000 TPM,Puntuación,No sub-rule assigned,servicio que,1,1,1,1,0.02352553697038135,False,servicio que,BP_CM_R481_016,Arturo,bp_cm
3197,Llama 3.3 70B · 12 000 TPM,Puntuación,No sub-rule assigned,señales. el,1,1,1,1,0.02352553697038135,False,señales. El,AGN_HospJesus_c474_leg267-2_exp024_7473-7537_05,Rodrigo,agn_hospjesus
3198,Llama 3.3 70B · 12 000 TPM,Puntuación,No sub-rule assigned,testigos,1,1,1,1,0.02352553697038135,False,testigos,AGN_AHHacienda_v268_exp046_03,Arturo,agn_ahhacienda
3199,Llama 3.3 70B · 12 000 TPM,Puntuación,No sub-rule assigned,testigos. ante,1,1,1,1,0.02352553697038135,False,testigos. Ante,AGN_HospJesus_c474_leg267-2_exp024_7473-7537_05,Rodrigo,agn_hospjesus
3200,Llama 3.3 70B · 12 000 TPM,Puntuación,No sub-rule assigned,valederas.,1,1,1,1,0.02352553697038135,False,valederas.,AGN_Tierras_v039-2_exp003_41,Flor,agn_tierras
3201,Llama 3.3 70B · 12 000 TPM,Puntuación,No sub-rule assigned,verdad,1,1,1,1,0.02352553697038135,False,verdad,AGN_AHHacienda_v268_exp046_03,Arturo,agn_ahhacienda
3202,Llama 3.3 70B · 12 000 TPM,Puntuación,Punto (.),694.,1,1,1,1,0.02352553697038135,False,694.,BnF_174_03,Arturo,bnf_174
3203,Llama 3.3 70B · 12 000 TPM,Puntuación,Punto (.),97.,1,1,1,1,0.02352553697038135,False,97.,BnF_174_03,Arturo,bnf_174
3204,Llama 3.3 70B · 12 000 TPM,Puntuación,Punto (.),98. desde,1,1,1,1,0.02352553697038135,False,98. desde,BnF_174_03,Arturo,bnf_174
3205,Llama 3.3 70B · 12 000 TPM,Puntuación,Punto (.),"abril, nezahualcoyotl",1,1,1,1,0.02352553697038135,False,"abril, Nezahualcoyotl",BnF_243_16,Rodrigo,bnf_243
3206,Llama 3.3 70B · 12 000 TPM,Puntuación,Punto (.),antes:,1,1,1,1,0.02352553697038135,False,antes:,BnF_174_06,Javier,bnf_174
3207,Llama 3.3 70B · 12 000 TPM,Puntuación,Punto (.),año. juan,1,1,1,1,0.02352553697038135,False,año. Juan,AGI_CONTRATACION_1089_N8_176,Flor,agi_contratacion
3208,Llama 3.3 70B · 12 000 TPM,Puntuación,Punto (.),"bravo,",1,1,1,1,0.02352553697038135,False,"Bravo,",BnF_243_16,Rodrigo,bnf_243
3209,Llama 3.3 70B · 12 000 TPM,Puntuación,Punto (.),"campos, que",1,1,1,1,0.02352553697038135,False,"Campos, que",AGN_GralParte_v006_exp617_02,Rodrigo,agn_gralparte
3210,Llama 3.3 70B · 12 000 TPM,Puntuación,Punto (.),carta.,1,1,1,1,0.02352553697038135,False,carta.,AGN_Tierras_v039-2_exp003_41,Flor,agn_tierras
3211,Llama 3.3 70B · 12 000 TPM,Puntuación,Punto (.),casas.,1,1,1,1,0.02352553697038135,False,casas.,BnF_118_08,Arturo,bnf_118
3212,Llama 3.3 70B · 12 000 TPM,Puntuación,Punto (.),castilblanco.,1,1,1,1,0.02352553697038135,False,Castilblanco.,BnF_075_035,Arturo,bnf_075
3213,Llama 3.3 70B · 12 000 TPM,Puntuación,Punto (.),"claro, doy",1,1,1,1,0.02352553697038135,False,"claro, doy",BnF_243_16,Rodrigo,bnf_243
3214,Llama 3.3 70B · 12 000 TPM,Puntuación,Punto (.),confesión. 3,1,1,1,1,0.02352553697038135,False,confesión. 3,Mechoacan_Yurirapundaro_2,Arturo,mechoacan_yurirapundaro
3215,Llama 3.3 70B · 12 000 TPM,Puntuación,Punto (.),delgada están,1,1,1,1,0.02352553697038135,False,delgada están,AGI_INDIFERENTE_1529_N8_06,Rodrigo,agi_indiferente
3216,Llama 3.3 70B · 12 000 TPM,Puntuación,Punto (.),demandas.,1,1,1,1,0.02352553697038135,False,demandas.,AGN_Tierras_v039-2_exp003_41,Flor,agn_tierras
3217,Llama 3.3 70B · 12 000 TPM,Puntuación,Punto (.),dice:,1,1,1,1,0.02352553697038135,False,dice:,BnF_283_12,Javier,bnf_283
3218,Llama 3.3 70B · 12 000 TPM,Puntuación,Punto (.),dulce. más,1,1,1,1,0.02352553697038135,False,dulce. Más,AGI_INDIFERENTE_1529_N8_06,Rodrigo,agi_indiferente
3219,Llama 3.3 70B · 12 000 TPM,Puntuación,Punto (.),días. a,1,1,1,1,0.02352553697038135,False,días. A,BnF_117_13,Paco,bnf_117
3220,Llama 3.3 70B · 12 000 TPM,Puntuación,Punto (.),echaban.,1,1,1,1,0.02352553697038135,False,echaban.,BnF_266_10,Flor,bnf_266
3221,Llama 3.3 70B · 12 000 TPM,Puntuación,Punto (.),ellas.,1,1,1,1,0.02352553697038135,False,ellas.,AGN_Tierras_v039-2_exp003_41,Flor,agn_tierras
3222,Llama 3.3 70B · 12 000 TPM,Puntuación,Punto (.),fechas.,1,1,1,1,0.02352553697038135,False,fechas.,AGN_Tierras_v039-2_exp003_41,Flor,agn_tierras
3223,Llama 3.3 70B · 12 000 TPM,Puntuación,Punto (.),"general,",1,1,1,1,0.02352553697038135,False,"General,",AGS_CE_RG_L379_02,Arturo,ags_ce
3224,Llama 3.3 70B · 12 000 TPM,Puntuación,Punto (.),hacienda.,1,1,1,1,0.02352553697038135,False,hacienda.,BnF_118_08,Arturo,bnf_118
3225,Llama 3.3 70B · 12 000 TPM,Puntuación,Punto (.),hubiere y,1,1,1,1,0.02352553697038135,False,hubiere y,AGI_CONTRATACION_1089_N8_151,Paco,agi_contratacion
3226,Llama 3.3 70B · 12 000 TPM,Puntuación,Punto (.),"jurisdicción, don",1,1,1,1,0.02352553697038135,False,"Jurisdicción, Don",AGS_CE_RG_L379_02,Arturo,ags_ce
3227,Llama 3.3 70B · 12 000 TPM,Puntuación,Punto (.),marcaba:,1,1,1,1,0.02352553697038135,False,marcaba:,BnF_283_12,Javier,bnf_283
3228,Llama 3.3 70B · 12 000 TPM,Puntuación,Punto (.),mendoza:,1,1,1,1,0.02352553697038135,False,Mendoza:,BnF_283_12,Javier,bnf_283
3229,Llama 3.3 70B · 12 000 TPM,Puntuación,Punto (.),"menos, dicen",1,1,1,1,0.02352553697038135,False,"menos, dicen",AGI_INDIFERENTE_1529_N8_06,Rodrigo,agi_indiferente
3230,Llama 3.3 70B · 12 000 TPM,Puntuación,Punto (.),mexicana:,1,1,1,1,0.02352553697038135,False,Mexicana:,BnF_283_12,Javier,bnf_283
3231,Llama 3.3 70B · 12 000 TPM,Puntuación,Punto (.),no. en,1,1,1,1,0.02352553697038135,False,no. En,AGN_GralParte_v001_exp1020_02,Edna,agn_gralparte
3232,Llama 3.3 70B · 12 000 TPM,Puntuación,Punto (.),noble; antonio,1,1,1,1,0.02352553697038135,False,Noble; Antonio,AGS_CE_RG_L379_02,Arturo,ags_ce
3233,Llama 3.3 70B · 12 000 TPM,Puntuación,Punto (.),oficio imploro,1,1,1,1,0.02352553697038135,False,oficio imploro,BnF_117_08,Edna,bnf_117
3234,Llama 3.3 70B · 12 000 TPM,Puntuación,Punto (.),oración.,1,1,1,1,0.02352553697038135,False,oración.,BnF_266_10,Flor,bnf_266
3235,Llama 3.3 70B · 12 000 TPM,Puntuación,Punto (.),pagará. con,1,1,1,1,0.02352553697038135,False,pagará. Con,AGN_AHHacienda_v268_exp046_03,Arturo,agn_ahhacienda
3236,Llama 3.3 70B · 12 000 TPM,Puntuación,Punto (.),pareció. juan,1,1,1,1,0.02352553697038135,False,pareció. Juan,AGN_HospJesus_c474_leg267-2_exp024_7473-7537_02,Paco,agn_hospjesus
3237,Llama 3.3 70B · 12 000 TPM,Puntuación,Punto (.),pinto. en el,1,1,1,1,0.02352553697038135,False,Pinto. En el,BnF_117_13,Paco,bnf_117
3238,Llama 3.3 70B · 12 000 TPM,Puntuación,Punto (.),podían. aber,1,1,1,1,0.02352553697038135,False,podían. Aber,AGN_HospJesus_c474_leg267-2_exp024_7473-7537_02,Paco,agn_hospjesus
3239,Llama 3.3 70B · 12 000 TPM,Puntuación,Punto (.),procuradores. en,1,1,1,1,0.02352553697038135,False,procuradores. En,AGN_HospJesus_c474_leg267-2_exp024_7473-7537_02,Paco,agn_hospjesus
3240,Llama 3.3 70B · 12 000 TPM,Puntuación,Punto (.),provincia.,1,1,1,1,0.02352553697038135,False,Provincia.,BnF_174_02,Javier,bnf_174
3241,Llama 3.3 70B · 12 000 TPM,Puntuación,Punto (.),saberse: a,1,1,1,1,0.02352553697038135,False,saberse: a,BnF_266_03,Rodrigo,bnf_266
3242,Llama 3.3 70B · 12 000 TPM,Puntuación,Punto (.),servicio.,1,1,1,1,0.02352553697038135,False,servicio.,utblac_gg_mss_g62_duplicated_03,Flor,utblac_gg
3243,Llama 3.3 70B · 12 000 TPM,Puntuación,Punto (.),siguientes un,1,1,1,1,0.02352553697038135,False,siguientes Un,AGI_CONTRATACION_1089_N8_151,Paco,agi_contratacion
3244,Llama 3.3 70B · 12 000 TPM,Puntuación,Punto (.),tengo.,1,1,1,1,0.02352553697038135,False,tengo.,AGN_Tierras_v039-2_exp003_41,Flor,agn_tierras
3245,Llama 3.3 70B · 12 000 TPM,Puntuación,Punto (.),tizamos;,1,1,1,1,0.02352553697038135,False,tizamos;,BnF_174_06,Javier,bnf_174
3246,Llama 3.3 70B · 12 000 TPM,Puntuación,Punto (.),todos:,1,1,1,1,0.02352553697038135,False,todos:,BnF_174_06,Javier,bnf_174
3247,Llama 3.3 70B · 12 000 TPM,Puntuación,Punto (.),tributantes.,1,1,1,1,0.02352553697038135,False,tributantes.,Mechoacan_Yurirapundaro_2,Arturo,mechoacan_yurirapundaro
3248,Llama 3.3 70B · 12 000 TPM,Puntuación,Punto (.),velas,1,1,1,1,0.02352553697038135,False,velas,BnF_266_10,Flor,bnf_266
3249,Llama 3.3 70B · 12 000 TPM,Puntuación,Punto (.),veracruz.,1,1,1,1,0.02352553697038135,False,Veracruz.,AGN_Tierras_v039-2_exp003_41,Flor,agn_tierras
3250,Llama 3.3 70B · 12 000 TPM,Puntuación,Punto (.),veracruz. oro,1,1,1,1,0.02352553697038135,False,Veracruz. Oro,AGN_HospJesus_c205_exp041_04,Flor,agn_hospjesus
3251,Llama 3.3 70B · 12 000 TPM,Puntuación,Punto (.),voluntad,1,1,1,1,0.02352553697038135,False,voluntad,AGN_HospJesus_c474_leg267-2_exp024_7473-7537_02,Paco,agn_hospjesus
3252,Llama 3.3 70B · 12 000 TPM,Puntuación,Punto (.),ángeles. por,1,1,1,1,0.02352553697038135,False,Ángeles. por,BnF_174_03,Arturo,bnf_174
