model,error_category,subrule,normalised_annotated_text,annotated_text,filename_stem,annotation_id,reviewer_name,archive
Llama 3.3 70B · 12 000 TPM,Abreviaturas,"Excepciones (desto/a/os, dello/a/os)",de ellas,de ellas,AGN_HospJesus_c474_leg267-2_exp024_7473-7537_10,4397,Arturo,agn_hospjesus
Llama 3.3 70B · 12 000 TPM,Abreviaturas,"Excepciones (desto/a/os, dello/a/os)",de ellas,de ellas,BnF_112_08,1896,Paloma,bnf_112
Llama 3.3 70B · 12 000 TPM,Abreviaturas,"Excepciones (desto/a/os, dello/a/os)",de ellas,de ellas,BnF_112_08,1897,Paloma,bnf_112
Llama 3.3 70B · 12 000 TPM,Abreviaturas,"Excepciones (desto/a/os, dello/a/os)",de ellas,de ellas,BnF_118_08,5620,Arturo,bnf_118
Llama 3.3 70B · 12 000 TPM,Abreviaturas,"Excepciones (desto/a/os, dello/a/os)",de ello,de ello,BnF_075_035,5346,Arturo,bnf_075
Llama 3.3 70B · 12 000 TPM,Abreviaturas,"Excepciones (desto/a/os, dello/a/os)",de ello,de ello,BnF_075_035,5347,Arturo,bnf_075
Llama 3.3 70B · 12 000 TPM,Abreviaturas,"Excepciones (desto/a/os, dello/a/os)",de ello,de ello,utblac_wbs_1433_duplicated_1,1609,Rodrigo,utblac_wbs
Llama 3.3 70B · 12 000 TPM,Abreviaturas,"Excepciones (desto/a/os, dello/a/os)",de ellos,de ellos,AGN_GralParte_v006_exp617_02,751,Rodrigo,agn_gralparte
Llama 3.3 70B · 12 000 TPM,Abreviaturas,"Excepciones (desto/a/os, dello/a/os)",de ellos,de ellos,AGN_Inquisicion_v1568A_exp152_fs115-116v_01,615,Rodrigo,agn_inquisicion
Llama 3.3 70B · 12 000 TPM,Abreviaturas,"Excepciones (desto/a/os, dello/a/os)",de ellos,de ellos,BP_CM_R481_016,5890,Arturo,bp_cm
Llama 3.3 70B · 12 000 TPM,Abreviaturas,"Excepciones (desto/a/os, dello/a/os)",de ellos,de ellos,BnF_075_026,5277,Arturo,bnf_075
Llama 3.3 70B · 12 000 TPM,Abreviaturas,"Excepciones (desto/a/os, dello/a/os)",de esta,de esta,AGN_AHHacienda_v268_exp046_02,1298,Paloma,agn_ahhacienda
Llama 3.3 70B · 12 000 TPM,Abreviaturas,"Excepciones (desto/a/os, dello/a/os)",de esta,de esta,AGN_AHHacienda_v268_exp046_02,1300,Paloma,agn_ahhacienda
Llama 3.3 70B · 12 000 TPM,Abreviaturas,"Excepciones (desto/a/os, dello/a/os)",de esta,de esta,AGN_AHHacienda_v268_exp046_02,1350,Paloma,agn_ahhacienda
Llama 3.3 70B · 12 000 TPM,Abreviaturas,"Excepciones (desto/a/os, dello/a/os)",de esta,de esta,AGN_GralParte_v006_exp617_02,413,Rodrigo,agn_gralparte
Llama 3.3 70B · 12 000 TPM,Abreviaturas,"Excepciones (desto/a/os, dello/a/os)",de esta,de esta,AGN_IndiferenteVirreinal_caja4071_exp024_1,572,Rodrigo,agn_indiferentevirreinal
Llama 3.3 70B · 12 000 TPM,Abreviaturas,"Excepciones (desto/a/os, dello/a/os)",de esta,de esta,AGN_IndiferenteVirreinal_caja4071_exp024_1,573,Rodrigo,agn_indiferentevirreinal
Llama 3.3 70B · 12 000 TPM,Abreviaturas,"Excepciones (desto/a/os, dello/a/os)",de esta,de esta,AGN_IndiferenteVirreinal_caja4071_exp024_1,574,Rodrigo,agn_indiferentevirreinal
Llama 3.3 70B · 12 000 TPM,Abreviaturas,"Excepciones (desto/a/os, dello/a/os)",de esta,de esta,AGN_IndiferenteVirreinal_caja4071_exp024_1,575,Rodrigo,agn_indiferentevirreinal
Llama 3.3 70B · 12 000 TPM,Abreviaturas,"Excepciones (desto/a/os, dello/a/os)",de esta,de esta,AGN_IndiferenteVirreinal_caja4071_exp024_1,576,Rodrigo,agn_indiferentevirreinal
Llama 3.3 70B · 12 000 TPM,Abreviaturas,"Excepciones (desto/a/os, dello/a/os)",de esta,de esta,AGN_Inquisicion_v1568A_exp152_fs115-116v_01,608,Rodrigo,agn_inquisicion
Llama 3.3 70B · 12 000 TPM,Abreviaturas,"Excepciones (desto/a/os, dello/a/os)",de esta,de esta,BnF_032_23,4823,Arturo,bnf_032
Llama 3.3 70B · 12 000 TPM,Abreviaturas,"Excepciones (desto/a/os, dello/a/os)",de esta,de esta,BnF_032_39,1598,Paloma,bnf_032
Llama 3.3 70B · 12 000 TPM,Abreviaturas,"Excepciones (desto/a/os, dello/a/os)",de esta,de esta,BnF_112_08,1889,Paloma,bnf_112
Llama 3.3 70B · 12 000 TPM,Abreviaturas,"Excepciones (desto/a/os, dello/a/os)",de esta,de esta,BnF_112_08,1890,Paloma,bnf_112
Llama 3.3 70B · 12 000 TPM,Abreviaturas,"Excepciones (desto/a/os, dello/a/os)",de esta,de esta,Mechoacan_Yurirapundaro_1,856,Adriana,mechoacan_yurirapundaro
Llama 3.3 70B · 12 000 TPM,Abreviaturas,"Excepciones (desto/a/os, dello/a/os)",de esta,de esta,Mechoacan_Yurirapundaro_1,857,Adriana,mechoacan_yurirapundaro
Llama 3.3 70B · 12 000 TPM,Abreviaturas,"Excepciones (desto/a/os, dello/a/os)",de esta,de esta,Mechoacan_Yurirapundaro_1,858,Adriana,mechoacan_yurirapundaro
Llama 3.3 70B · 12 000 TPM,Abreviaturas,"Excepciones (desto/a/os, dello/a/os)",de esta,de esta,UIA_Ms149_Exp2_51,5978,Arturo,uia_ms149
Llama 3.3 70B · 12 000 TPM,Abreviaturas,"Excepciones (desto/a/os, dello/a/os)",de esta,de esta,UIA_Ms149_Exp2_51,5979,Arturo,uia_ms149
Llama 3.3 70B · 12 000 TPM,Abreviaturas,"Excepciones (desto/a/os, dello/a/os)",de esta,de esta,UIA_Ms149_Exp2_51,5980,Arturo,uia_ms149
Llama 3.3 70B · 12 000 TPM,Abreviaturas,"Excepciones (desto/a/os, dello/a/os)",de esta,de esta,UIA_Ms149_Exp2_51,5981,Arturo,uia_ms149
Llama 3.3 70B · 12 000 TPM,Abreviaturas,"Excepciones (desto/a/os, dello/a/os)",de este,de este,AGN_AHHacienda_v268_exp046_02,1349,Paloma,agn_ahhacienda
Llama 3.3 70B · 12 000 TPM,Abreviaturas,"Excepciones (desto/a/os, dello/a/os)",de este,de este,AGN_GralParte_v001_exp1020_01,1366,Paloma,agn_gralparte
Llama 3.3 70B · 12 000 TPM,Abreviaturas,"Excepciones (desto/a/os, dello/a/os)",de este,de este,BnF_032_39,1627,Paloma,bnf_032
Llama 3.3 70B · 12 000 TPM,Abreviaturas,"Excepciones (desto/a/os, dello/a/os)",de este,de este,BnF_032_39,1628,Paloma,bnf_032
Llama 3.3 70B · 12 000 TPM,Abreviaturas,"Excepciones (desto/a/os, dello/a/os)",de este,de este,BnF_032_39,1629,Paloma,bnf_032
Llama 3.3 70B · 12 000 TPM,Abreviaturas,"Excepciones (desto/a/os, dello/a/os)",de este,de este,BnF_075_026,5243,Arturo,bnf_075
Llama 3.3 70B · 12 000 TPM,Abreviaturas,"Excepciones (desto/a/os, dello/a/os)",de este,de este,BnF_075_026,5244,Arturo,bnf_075
Llama 3.3 70B · 12 000 TPM,Abreviaturas,"Excepciones (desto/a/os, dello/a/os)",de este,de este,BnF_075_035,5335,Arturo,bnf_075
Llama 3.3 70B · 12 000 TPM,Abreviaturas,"Excepciones (desto/a/os, dello/a/os)",de este,de este,BnF_075_035,5336,Arturo,bnf_075
Llama 3.3 70B · 12 000 TPM,Abreviaturas,"Excepciones (desto/a/os, dello/a/os)",de este,de este,BnF_075_035,5337,Arturo,bnf_075
Llama 3.3 70B · 12 000 TPM,Abreviaturas,"Excepciones (desto/a/os, dello/a/os)",de este,de este,BnF_112_08,1911,Paloma,bnf_112
Llama 3.3 70B · 12 000 TPM,Abreviaturas,"Excepciones (desto/a/os, dello/a/os)",de este,de este,utblac_wbs_0912a_duplicated,6081,Arturo,utblac_wbs
Llama 3.3 70B · 12 000 TPM,Abreviaturas,"Excepciones (desto/a/os, dello/a/os)",de estos,de estos,AGI_INDIFERENTE_1529_N8_06,684,Rodrigo,agi_indiferente
Llama 3.3 70B · 12 000 TPM,Abreviaturas,"Excepciones (desto/a/os, dello/a/os)",de estos,de estos,Mechoacan_Yurirapundaro_1,865,Adriana,mechoacan_yurirapundaro
Llama 3.3 70B · 12 000 TPM,Abreviaturas,"Excepciones (desto/a/os, dello/a/os)",de estos,de estos,Mechoacan_Yurirapundaro_1,866,Adriana,mechoacan_yurirapundaro
Llama 3.3 70B · 12 000 TPM,Abreviaturas,"Excepciones (desto/a/os, dello/a/os)",della,della,AMP_AC_v021__doc026_2,970,Alba,amp_ac
Llama 3.3 70B · 12 000 TPM,Abreviaturas,"Excepciones (desto/a/os, dello/a/os)",della,della,BNE_ms3047_3,1080,Javier,bne_ms3047
Llama 3.3 70B · 12 000 TPM,Abreviaturas,"Excepciones (desto/a/os, dello/a/os)",della,della,BnF_111_27,1126,Alba,bnf_111
Llama 3.3 70B · 12 000 TPM,Abreviaturas,"Excepciones (desto/a/os, dello/a/os)",della,della,BnF_111_27,1127,Alba,bnf_111
GPT OSS 120B · 8 000 TPM,Abreviaturas,"Excepciones (desto/a/os, dello/a/os)",desta,desta,AGI_PATRONATO_182_R3_01,56,Alba,agi_patronato
GPT OSS 120B · 8 000 TPM,Abreviaturas,"Excepciones (desto/a/os, dello/a/os)",desta,desta,AGI_PATRONATO_182_R3_01,57,Alba,agi_patronato
GPT OSS 120B · 8 000 TPM,Abreviaturas,"Excepciones (desto/a/os, dello/a/os)",desta,desta,AGI_PATRONATO_182_R3_01,58,Alba,agi_patronato
GPT OSS 120B · 8 000 TPM,Abreviaturas,"Excepciones (desto/a/os, dello/a/os)",desta,desta,AGN_RealesCedDup_v030_exp874,693,Alba,agn_realesceddup
GPT OSS 120B · 8 000 TPM,Abreviaturas,"Excepciones (desto/a/os, dello/a/os)",desta,desta,AGN_RealesCedDup_v030_exp874,694,Alba,agn_realesceddup
GPT OSS 120B · 8 000 TPM,Abreviaturas,"Excepciones (desto/a/os, dello/a/os)",desta,desta,AGN_RealesCedDup_v030_exp874,695,Alba,agn_realesceddup
GPT OSS 120B · 8 000 TPM,Abreviaturas,"Excepciones (desto/a/os, dello/a/os)",desta,deSta,AGN_RealesCedDup_v030_exp874,696,Alba,agn_realesceddup
GPT OSS 120B · 8 000 TPM,Abreviaturas,"Excepciones (desto/a/os, dello/a/os)",desta,desta,BnF_112_25,2703,Paco,bnf_112
GPT OSS 120B · 8 000 TPM,Abreviaturas,"Excepciones (desto/a/os, dello/a/os)",desta,desta,BnF_116_02,2829,Paco,bnf_116
GPT OSS 120B · 8 000 TPM,Abreviaturas,"Excepciones (desto/a/os, dello/a/os)",desta,desta,BnF_116_02,2830,Paco,bnf_116
GPT OSS 120B · 8 000 TPM,Abreviaturas,"Excepciones (desto/a/os, dello/a/os)",deste,deste,AGI_PATRONATO_182_R3_01,36,Alba,agi_patronato
GPT OSS 120B · 8 000 TPM,Abreviaturas,"Excepciones (desto/a/os, dello/a/os)",deste,deste,AGI_PATRONATO_182_R3_01,37,Alba,agi_patronato
GPT OSS 120B · 8 000 TPM,Abreviaturas,"Excepciones (desto/a/os, dello/a/os)",deste,deste,AGI_PATRONATO_182_R3_01,38,Alba,agi_patronato
GPT OSS 120B · 8 000 TPM,Abreviaturas,"Excepciones (desto/a/os, dello/a/os)",deste,deste,AGI_PATRONATO_182_R3_01,39,Alba,agi_patronato
GPT OSS 120B · 8 000 TPM,Abreviaturas,"Excepciones (desto/a/os, dello/a/os)",deste,deste,AGI_PATRONATO_182_R3_01,40,Alba,agi_patronato
GPT OSS 120B · 8 000 TPM,Abreviaturas,"Excepciones (desto/a/os, dello/a/os)",deste,deste,BnF_032_36,3138,Paco,bnf_032
GPT OSS 120B · 8 000 TPM,Abreviaturas,"Excepciones (desto/a/os, dello/a/os)",deste,deste,BnF_104_2,3150,Paco,bnf_104
Llama 3.3 70B · 12 000 TPM,Abreviaturas,"Excepciones (desto/a/os, dello/a/os)",que está,que está,BnF_116_08,455,Adriana,bnf_116
Llama 3.3 70B · 12 000 TPM,Abreviaturas,"Excepciones (desto/a/os, dello/a/os)",que está,que está,utblac_eog_j_04_duplicated_02,6077,Arturo,utblac_eog
GPT OSS 120B · 8 000 TPM,Abreviaturas,Expansión completa,anto,anto,AGN_GralParte_v006_exp617_01,396,Rodrigo,agn_gralparte
GPT OSS 120B · 8 000 TPM,Abreviaturas,Expansión completa,anto,anto,BnF_104_2,2654,Paco,bnf_104
GPT OSS 120B · 8 000 TPM,Abreviaturas,Expansión completa,anto,anto,BnF_104_2,2655,Paco,bnf_104
Llama 3.3 70B · 12 000 TPM,Abreviaturas,Expansión completa,anto,Anto,AGI_CONTRATACION_1089_N8_151,2173,Paco,agi_contratacion
Llama 3.3 70B · 12 000 TPM,Abreviaturas,Expansión completa,anto,Anto,AGN_HospJesus_c205_exp041_04,4967,Flor,agn_hospjesus
Llama 3.3 70B · 12 000 TPM,Abreviaturas,Expansión completa,anto,Anto,BnF_243_16,1283,Rodrigo,bnf_243
Llama 3.3 70B · 12 000 TPM,Abreviaturas,Expansión completa,anto,Anto,BnF_243_16,1284,Rodrigo,bnf_243
GPT OSS 120B · 8 000 TPM,Abreviaturas,Expansión completa,ao,ao,AGN_AHHacienda_v268_exp046_01,100,Adriana,agn_ahhacienda
GPT OSS 120B · 8 000 TPM,Abreviaturas,Expansión completa,ao,ao,AGN_AHHacienda_v268_exp046_01,101,Adriana,agn_ahhacienda
GPT OSS 120B · 8 000 TPM,Abreviaturas,Expansión completa,ao,ao,AGN_AHHacienda_v268_exp046_01,102,Adriana,agn_ahhacienda
GPT OSS 120B · 8 000 TPM,Abreviaturas,Expansión completa,ao,ao,BnF_032_36,2542,Paco,bnf_032
GPT OSS 120B · 8 000 TPM,Abreviaturas,Expansión completa,ao,ao,BnF_032_36,2543,Paco,bnf_032
GPT OSS 120B · 8 000 TPM,Abreviaturas,Expansión completa,aos,aos,AGN_AHHacienda_v1292_exp135,1299,Javier,agn_ahhacienda
GPT OSS 120B · 8 000 TPM,Abreviaturas,Expansión completa,aos,aos,AGN_AHHacienda_v268_exp046_01,116,Adriana,agn_ahhacienda
GPT OSS 120B · 8 000 TPM,Abreviaturas,Expansión completa,aos,aos,AGN_GralParte_v006_exp617_01,364,Rodrigo,agn_gralparte
GPT OSS 120B · 8 000 TPM,Abreviaturas,Expansión completa,aos,aos,AGN_Indios_v019_exp354_2,475,Alba,agn_indios
GPT OSS 120B · 8 000 TPM,Abreviaturas,Expansión completa,audía,audía,AGI_GUADALAJARA_230_L2_F_45V-46V_2,81,Adriana,agi_guadalajara
GPT OSS 120B · 8 000 TPM,Abreviaturas,Expansión completa,audía,audía,BnF_116_02,3243,Paco,bnf_116
GPT OSS 120B · 8 000 TPM,Abreviaturas,Expansión completa,audía,audía,BnF_116_02,3244,Paco,bnf_116
GPT OSS 120B · 8 000 TPM,Abreviaturas,Expansión completa,ciud,Ciud,AGN_RealesCedDup_v050_exp062,1515,Paloma,agn_realesceddup
GPT OSS 120B · 8 000 TPM,Abreviaturas,Expansión completa,ciud,ciud,AGN_RealesCedDup_v050_exp062,1516,Paloma,agn_realesceddup
GPT OSS 120B · 8 000 TPM,Abreviaturas,Expansión completa,ciud,ciud,BNE_ms3047_4,1333,Javier,bne_ms3047
GPT OSS 120B · 8 000 TPM,Abreviaturas,Expansión completa,da,da,AGI_PATRONATO_182_R3_04,2242,Paco,agi_patronato
GPT OSS 120B · 8 000 TPM,Abreviaturas,Expansión completa,da,da,BnF_075_014,978,Alba,bnf_075
GPT OSS 120B · 8 000 TPM,Abreviaturas,Expansión completa,da,da,BnF_104_2,2660,Paco,bnf_104
GPT OSS 120B · 8 000 TPM,Abreviaturas,Expansión completa,da,da,BnF_104_2,2661,Paco,bnf_104
GPT OSS 120B · 8 000 TPM,Abreviaturas,Expansión completa,da,da,BnF_112_25,2721,Paco,bnf_112
GPT OSS 120B · 8 000 TPM,Abreviaturas,Expansión completa,das,das,AGI_PATRONATO_182_R3_04,2229,Paco,agi_patronato
GPT OSS 120B · 8 000 TPM,Abreviaturas,Expansión completa,das,das,BnF_112_02,5471,Arturo,bnf_112
GPT OSS 120B · 8 000 TPM,Abreviaturas,Expansión completa,de,de,AGI_PATRONATO_182_R3_04,2201,Paco,agi_patronato
GPT OSS 120B · 8 000 TPM,Abreviaturas,Expansión completa,de,de,BNE_ms3047_4,1098,Javier,bne_ms3047
GPT OSS 120B · 8 000 TPM,Abreviaturas,Expansión completa,de,de,BnF_030_27,1102,Rodrigo,bnf_030
GPT OSS 120B · 8 000 TPM,Abreviaturas,Expansión completa,de,de,BnF_030_27,1105,Rodrigo,bnf_030
GPT OSS 120B · 8 000 TPM,Abreviaturas,Expansión completa,de,de,BnF_030_27,1108,Rodrigo,bnf_030
GPT OSS 120B · 8 000 TPM,Abreviaturas,Expansión completa,de,de,BnF_112_25,2741,Paco,bnf_112
GPT OSS 120B · 8 000 TPM,Abreviaturas,Expansión completa,del,del,BnF_075_014,990,Alba,bnf_075
GPT OSS 120B · 8 000 TPM,Abreviaturas,Expansión completa,del,del,BnF_075_014,991,Alba,bnf_075
GPT OSS 120B · 8 000 TPM,Abreviaturas,Expansión completa,del,del,BnF_075_014,992,Alba,bnf_075
GPT OSS 120B · 8 000 TPM,Abreviaturas,Expansión completa,del,del,BnF_075_014,993,Alba,bnf_075
GPT OSS 120B · 8 000 TPM,Abreviaturas,Expansión completa,del,del,BnF_075_014,994,Alba,bnf_075
GPT OSS 120B · 8 000 TPM,Abreviaturas,Expansión completa,del,del,BnF_075_014,995,Alba,bnf_075
GPT OSS 120B · 8 000 TPM,Abreviaturas,Expansión completa,del,del,BnF_112_25,2708,Paco,bnf_112
GPT OSS 120B · 8 000 TPM,Abreviaturas,Expansión completa,del,del,BnF_112_25,2713,Paco,bnf_112
GPT OSS 120B · 8 000 TPM,Abreviaturas,Expansión completa,del,del,BnF_112_25,2718,Paco,bnf_112
GPT OSS 120B · 8 000 TPM,Abreviaturas,Expansión completa,dha,dha,AGI_PATRONATO_182_R3_01,59,Alba,agi_patronato
GPT OSS 120B · 8 000 TPM,Abreviaturas,Expansión completa,dha,dha,AGI_PATRONATO_182_R3_01,60,Alba,agi_patronato
GPT OSS 120B · 8 000 TPM,Abreviaturas,Expansión completa,dha,dha,AGI_PATRONATO_182_R3_01,61,Alba,agi_patronato
GPT OSS 120B · 8 000 TPM,Abreviaturas,Expansión completa,dha,dha,AGI_PATRONATO_182_R3_01,62,Alba,agi_patronato
GPT OSS 120B · 8 000 TPM,Abreviaturas,Expansión completa,dha,dha,AGI_PATRONATO_182_R3_01,63,Alba,agi_patronato
GPT OSS 120B · 8 000 TPM,Abreviaturas,Expansión completa,dha,dha,AGI_PATRONATO_182_R3_04,2272,Paco,agi_patronato
GPT OSS 120B · 8 000 TPM,Abreviaturas,Expansión completa,dha,dha,AGN_AHHacienda_v1292_exp135,1350,Javier,agn_ahhacienda
GPT OSS 120B · 8 000 TPM,Abreviaturas,Expansión completa,dha,dha,AGN_GralParte_v006_exp617_01,198,Rodrigo,agn_gralparte
GPT OSS 120B · 8 000 TPM,Abreviaturas,Expansión completa,dha,dha,AGN_GralParte_v006_exp617_01,199,Rodrigo,agn_gralparte
GPT OSS 120B · 8 000 TPM,Abreviaturas,Expansión completa,dha,dha,AGN_GralParte_v006_exp617_01,200,Rodrigo,agn_gralparte
GPT OSS 120B · 8 000 TPM,Abreviaturas,Expansión completa,dha,dha,AGN_GralParte_v006_exp617_01,201,Rodrigo,agn_gralparte
GPT OSS 120B · 8 000 TPM,Abreviaturas,Expansión completa,dha,dha,AGN_GralParte_v006_exp617_01,202,Rodrigo,agn_gralparte
GPT OSS 120B · 8 000 TPM,Abreviaturas,Expansión completa,dha,dha,AGN_Indios_v019_exp354_2,466,Alba,agn_indios
GPT OSS 120B · 8 000 TPM,Abreviaturas,Expansión completa,dha,dha,AGN_RealesCedDup_v050_exp062,1539,Paloma,agn_realesceddup
GPT OSS 120B · 8 000 TPM,Abreviaturas,Expansión completa,dha,dha,BnF_032_36,2536,Paco,bnf_032
GPT OSS 120B · 8 000 TPM,Abreviaturas,Expansión completa,dha,dha,BnF_032_36,2537,Paco,bnf_032
GPT OSS 120B · 8 000 TPM,Abreviaturas,Expansión completa,dha,dha,BnF_032_36,2538,Paco,bnf_032
GPT OSS 120B · 8 000 TPM,Abreviaturas,Expansión completa,dha,dha,BnF_111_20,5042,Flor,bnf_111
GPT OSS 120B · 8 000 TPM,Abreviaturas,Expansión completa,dha,dha,BnF_111_20,5043,Flor,bnf_111
GPT OSS 120B · 8 000 TPM,Abreviaturas,Expansión completa,dha,dha,BnF_111_20,5044,Flor,bnf_111
GPT OSS 120B · 8 000 TPM,Abreviaturas,Expansión completa,dha,dha,BnF_111_20,5045,Flor,bnf_111
GPT OSS 120B · 8 000 TPM,Abreviaturas,Expansión completa,dha,dha,BnF_112_02,5448,Arturo,bnf_112
GPT OSS 120B · 8 000 TPM,Abreviaturas,Expansión completa,dha,dha,BnF_112_02,5449,Arturo,bnf_112
GPT OSS 120B · 8 000 TPM,Abreviaturas,Expansión completa,dha,dha,BnF_113_22,1934,Paloma,bnf_113
GPT OSS 120B · 8 000 TPM,Abreviaturas,Expansión completa,dha,dha,BnF_113_22,1935,Paloma,bnf_113
GPT OSS 120B · 8 000 TPM,Abreviaturas,Expansión completa,dhas,dhas,AGN_GralParte_v006_exp617_01,343,Rodrigo,agn_gralparte
GPT OSS 120B · 8 000 TPM,Abreviaturas,Expansión completa,dhas,dhas,AGN_GralParte_v006_exp617_01,344,Rodrigo,agn_gralparte
GPT OSS 120B · 8 000 TPM,Abreviaturas,Expansión completa,dhas,dhas,AGN_Indios_v019_exp354_2,436,Alba,agn_indios
GPT OSS 120B · 8 000 TPM,Abreviaturas,Expansión completa,dhas,dhas,BnF_112_02,5517,Arturo,bnf_112
GPT OSS 120B · 8 000 TPM,Abreviaturas,Expansión completa,dhas,dhas,BnF_112_25,2693,Paco,bnf_112
GPT OSS 120B · 8 000 TPM,Abreviaturas,Expansión completa,dhas,dhas,BnF_113_22,1946,Paloma,bnf_113
GPT OSS 120B · 8 000 TPM,Abreviaturas,Expansión completa,dhas,dhas,BnF_113_22,1947,Paloma,bnf_113
GPT OSS 120B · 8 000 TPM,Abreviaturas,Expansión completa,dho,dho,AGI_PATRONATO_182_R3_01,99,Alba,agi_patronato
GPT OSS 120B · 8 000 TPM,Abreviaturas,Expansión completa,dho,dho,AGI_PATRONATO_182_R3_01,100,Alba,agi_patronato
GPT OSS 120B · 8 000 TPM,Abreviaturas,Expansión completa,dho,dho,AGI_PATRONATO_182_R3_01,101,Alba,agi_patronato
GPT OSS 120B · 8 000 TPM,Abreviaturas,Expansión completa,dho,dho,AGI_PATRONATO_182_R3_01,102,Alba,agi_patronato
GPT OSS 120B · 8 000 TPM,Abreviaturas,Expansión completa,dho,dho,AGI_PATRONATO_182_R3_01,103,Alba,agi_patronato
GPT OSS 120B · 8 000 TPM,Abreviaturas,Expansión completa,dho,dho,AGI_PATRONATO_182_R3_01,104,Alba,agi_patronato
GPT OSS 120B · 8 000 TPM,Abreviaturas,Expansión completa,dho,dho,AGI_PATRONATO_182_R3_01,105,Alba,agi_patronato
GPT OSS 120B · 8 000 TPM,Abreviaturas,Expansión completa,dho,dho,AGN_AHHacienda_v1292_exp135,1352,Javier,agn_ahhacienda
GPT OSS 120B · 8 000 TPM,Abreviaturas,Expansión completa,dho,dho,AGN_AHHacienda_v268_exp046_01,98,Adriana,agn_ahhacienda
GPT OSS 120B · 8 000 TPM,Abreviaturas,Expansión completa,dho,dho,AGN_AHHacienda_v268_exp046_01,99,Adriana,agn_ahhacienda
GPT OSS 120B · 8 000 TPM,Abreviaturas,Expansión completa,dho,dho,AGN_GralParte_v006_exp617_01,400,Rodrigo,agn_gralparte
GPT OSS 120B · 8 000 TPM,Abreviaturas,Expansión completa,dho,dho,AGN_GralParte_v006_exp617_01,401,Rodrigo,agn_gralparte
GPT OSS 120B · 8 000 TPM,Abreviaturas,Expansión completa,dho,dho,AGN_Indios_v019_exp354_2,446,Alba,agn_indios
GPT OSS 120B · 8 000 TPM,Abreviaturas,Expansión completa,dho,dho,BNE_ms3047_4,1218,Javier,bne_ms3047
GPT OSS 120B · 8 000 TPM,Abreviaturas,Expansión completa,dho,dho,BNE_ms3047_4,1219,Javier,bne_ms3047
GPT OSS 120B · 8 000 TPM,Abreviaturas,Expansión completa,dho,dho,BNE_ms3047_4,1220,Javier,bne_ms3047
GPT OSS 120B · 8 000 TPM,Abreviaturas,Expansión completa,dho,dho,BNE_ms3047_4,1221,Javier,bne_ms3047
GPT OSS 120B · 8 000 TPM,Abreviaturas,Expansión completa,dho,dho,BnF_032_36,2523,Paco,bnf_032
GPT OSS 120B · 8 000 TPM,Abreviaturas,Expansión completa,dho,dho,BnF_032_36,2524,Paco,bnf_032
GPT OSS 120B · 8 000 TPM,Abreviaturas,Expansión completa,dho,dho,BnF_032_36,2525,Paco,bnf_032
GPT OSS 120B · 8 000 TPM,Abreviaturas,Expansión completa,dho,dho,BnF_032_36,2526,Paco,bnf_032
GPT OSS 120B · 8 000 TPM,Abreviaturas,Expansión completa,dho,dho,BnF_032_36,2527,Paco,bnf_032
GPT OSS 120B · 8 000 TPM,Abreviaturas,Expansión completa,dho,dho,BnF_032_36,2528,Paco,bnf_032
GPT OSS 120B · 8 000 TPM,Abreviaturas,Expansión completa,dho,dho,BnF_032_36,2529,Paco,bnf_032
GPT OSS 120B · 8 000 TPM,Abreviaturas,Expansión completa,dho,dho,BnF_032_36,2530,Paco,bnf_032
GPT OSS 120B · 8 000 TPM,Abreviaturas,Expansión completa,dho,dho,BnF_111_20,5049,Flor,bnf_111
GPT OSS 120B · 8 000 TPM,Abreviaturas,Expansión completa,dho,dho,BnF_111_20,5052,Flor,bnf_111
GPT OSS 120B · 8 000 TPM,Abreviaturas,Expansión completa,dho,dho,BnF_111_20,5053,Flor,bnf_111
GPT OSS 120B · 8 000 TPM,Abreviaturas,Expansión completa,dho,dho,BnF_112_02,5442,Arturo,bnf_112
GPT OSS 120B · 8 000 TPM,Abreviaturas,Expansión completa,dho,dho,BnF_112_02,5443,Arturo,bnf_112
GPT OSS 120B · 8 000 TPM,Abreviaturas,Expansión completa,dho,dho,BnF_112_02,5444,Arturo,bnf_112
GPT OSS 120B · 8 000 TPM,Abreviaturas,Expansión completa,dho,dho,BnF_112_02,5445,Arturo,bnf_112
GPT OSS 120B · 8 000 TPM,Abreviaturas,Expansión completa,dhos,dhos,AGI_PATRONATO_182_R3_01,127,Alba,agi_patronato
GPT OSS 120B · 8 000 TPM,Abreviaturas,Expansión completa,dhos,dhos,BnF_032_36,2570,Paco,bnf_032
GPT OSS 120B · 8 000 TPM,Abreviaturas,Expansión completa,dhos,dhos,BnF_032_36,2571,Paco,bnf_032
GPT OSS 120B · 8 000 TPM,Abreviaturas,Expansión completa,dhos,dhos,BnF_111_20,5038,Flor,bnf_111
GPT OSS 120B · 8 000 TPM,Abreviaturas,Expansión completa,dhos,dhos,BnF_111_20,5039,Flor,bnf_111
GPT OSS 120B · 8 000 TPM,Abreviaturas,Expansión completa,dio,dio,BnF_075_014,976,Alba,bnf_075
GPT OSS 120B · 8 000 TPM,Abreviaturas,Expansión completa,dio,dio,BnF_112_02,5382,Arturo,bnf_112
GPT OSS 120B · 8 000 TPM,Abreviaturas,Expansión completa,dio,dio,BnF_112_02,5383,Arturo,bnf_112
Llama 3.3 70B · 12 000 TPM,Abreviaturas,Expansión completa,dn,Dn,BnF_174_02,954,Javier,bnf_174
Llama 3.3 70B · 12 000 TPM,Abreviaturas,Expansión completa,dn,Dn,BnF_243_16,1278,Rodrigo,bnf_243
Llama 3.3 70B · 12 000 TPM,Abreviaturas,Expansión completa,dn,Dn,BnF_243_16,1279,Rodrigo,bnf_243
Llama 3.3 70B · 12 000 TPM,Abreviaturas,Expansión completa,dn,Dn,BnF_243_16,1280,Rodrigo,bnf_243
Llama 3.3 70B · 12 000 TPM,Abreviaturas,Expansión completa,dn,Dn,BnF_243_16,1281,Rodrigo,bnf_243
Llama 3.3 70B · 12 000 TPM,Abreviaturas,Expansión completa,dn,Dn,BnF_243_16,1282,Rodrigo,bnf_243
Llama 3.3 70B · 12 000 TPM,Abreviaturas,Expansión completa,dn,Dn,UIA_Ms149_Exp3_04,1239,Alba,uia_ms149
Llama 3.3 70B · 12 000 TPM,Abreviaturas,Expansión completa,dn,Dn,UIA_Ms149_Exp3_04,1240,Alba,uia_ms149
Llama 3.3 70B · 12 000 TPM,Abreviaturas,Expansión completa,dn,Dn,UIA_Ms149_Exp3_04,1241,Alba,uia_ms149
Llama 3.3 70B · 12 000 TPM,Abreviaturas,Expansión completa,dn,Dn,UIA_Ms149_Exp3_04,1242,Alba,uia_ms149
Llama 3.3 70B · 12 000 TPM,Abreviaturas,Expansión completa,dn.,Dn.,BnF_167_29,477,Adriana,bnf_167
Llama 3.3 70B · 12 000 TPM,Abreviaturas,Expansión completa,dn.,Dn.,BnF_174_03,5712,Arturo,bnf_174
GPT OSS 120B · 8 000 TPM,Abreviaturas,Expansión completa,do,do,AGN_AHHacienda_v1292_exp135,1276,Javier,agn_ahhacienda
GPT OSS 120B · 8 000 TPM,Abreviaturas,Expansión completa,do,do,AGN_AHHacienda_v1292_exp135,1277,Javier,agn_ahhacienda
GPT OSS 120B · 8 000 TPM,Abreviaturas,Expansión completa,do,do,AGN_Tierras_v039-2_exp003_72,95,Edna,agn_tierras
GPT OSS 120B · 8 000 TPM,Abreviaturas,Expansión completa,do,do,AGN_Tierras_v039-2_exp003_72,96,Edna,agn_tierras
GPT OSS 120B · 8 000 TPM,Abreviaturas,Expansión completa,do,do,AGN_Tierras_v039-2_exp003_72,97,Edna,agn_tierras
GPT OSS 120B · 8 000 TPM,Abreviaturas,Expansión completa,do,do,AMP_AC_v021__doc026_1,629,Rodrigo,amp_ac
GPT OSS 120B · 8 000 TPM,Abreviaturas,Expansión completa,do,do,BnF_075_014,1016,Alba,bnf_075
GPT OSS 120B · 8 000 TPM,Abreviaturas,Expansión completa,do,do,BnF_104_2,2632,Paco,bnf_104
GPT OSS 120B · 8 000 TPM,Abreviaturas,Expansión completa,do,do,BnF_104_2,2633,Paco,bnf_104
GPT OSS 120B · 8 000 TPM,Abreviaturas,Expansión completa,do,do,BnF_104_2,2634,Paco,bnf_104
GPT OSS 120B · 8 000 TPM,Abreviaturas,Expansión completa,do,do,BnF_104_2,2635,Paco,bnf_104
GPT OSS 120B · 8 000 TPM,Abreviaturas,Expansión completa,do,do,BnF_104_2,2636,Paco,bnf_104
GPT OSS 120B · 8 000 TPM,Abreviaturas,Expansión completa,do,do,BnF_104_2,2637,Paco,bnf_104
GPT OSS 120B · 8 000 TPM,Abreviaturas,Expansión completa,do,do,BnF_104_2,2638,Paco,bnf_104
GPT OSS 120B · 8 000 TPM,Abreviaturas,Expansión completa,do,do,BnF_104_2,2639,Paco,bnf_104
GPT OSS 120B · 8 000 TPM,Abreviaturas,Expansión completa,do,do,BnF_104_2,2640,Paco,bnf_104
GPT OSS 120B · 8 000 TPM,Abreviaturas,Expansión completa,do,do,BnF_104_2,2641,Paco,bnf_104
GPT OSS 120B · 8 000 TPM,Abreviaturas,Expansión completa,do,do,BnF_112_02,5468,Arturo,bnf_112
GPT OSS 120B · 8 000 TPM,Abreviaturas,Expansión completa,do,do,BnF_112_02,5469,Arturo,bnf_112
GPT OSS 120B · 8 000 TPM,Abreviaturas,Expansión completa,dos,dos,BnF_075_014,1010,Alba,bnf_075
GPT OSS 120B · 8 000 TPM,Abreviaturas,Expansión completa,dos,dos,BnF_104_2,2692,Paco,bnf_104
GPT OSS 120B · 8 000 TPM,Abreviaturas,Expansión completa,dos,dos,BnF_112_25,2719,Paco,bnf_112
GPT OSS 120B · 8 000 TPM,Abreviaturas,Expansión completa,dos,dos,BnF_112_25,2720,Paco,bnf_112
GPT OSS 120B · 8 000 TPM,Abreviaturas,Expansión completa,esta,esta,AGI_PATRONATO_182_R3_04,2240,Paco,agi_patronato
GPT OSS 120B · 8 000 TPM,Abreviaturas,Expansión completa,esta,esta,AGN_GralParte_v006_exp617_01,255,Rodrigo,agn_gralparte
GPT OSS 120B · 8 000 TPM,Abreviaturas,Expansión completa,esta,esta,AGN_GralParte_v006_exp617_01,256,Rodrigo,agn_gralparte
GPT OSS 120B · 8 000 TPM,Abreviaturas,Expansión completa,esta,esta,BNE_ms3047_1,1021,Rodrigo,bne_ms3047
GPT OSS 120B · 8 000 TPM,Abreviaturas,Expansión completa,exa,exa,AGN_GralParte_v006_exp617_01,357,Rodrigo,agn_gralparte
GPT OSS 120B · 8 000 TPM,Abreviaturas,Expansión completa,exa,exa,AGN_GralParte_v006_exp617_01,358,Rodrigo,agn_gralparte
GPT OSS 120B · 8 000 TPM,Abreviaturas,Expansión completa,exa,exa,AGN_Indios_v019_exp354_2,479,Alba,agn_indios
GPT OSS 120B · 8 000 TPM,Abreviaturas,Expansión completa,franco,franco,AGI_PATRONATO_182_R3_04,2263,Paco,agi_patronato
GPT OSS 120B · 8 000 TPM,Abreviaturas,Expansión completa,franco,Franco,AGN_AHHacienda_v268_exp046_01,93,Adriana,agn_ahhacienda
GPT OSS 120B · 8 000 TPM,Abreviaturas,Expansión completa,franco,franco,AGN_AHHacienda_v268_exp046_01,94,Adriana,agn_ahhacienda
GPT OSS 120B · 8 000 TPM,Abreviaturas,Expansión completa,franco,franco,AGN_GralParte_v006_exp617_01,243,Rodrigo,agn_gralparte
GPT OSS 120B · 8 000 TPM,Abreviaturas,Expansión completa,franco,franco,AGN_GralParte_v006_exp617_01,244,Rodrigo,agn_gralparte
GPT OSS 120B · 8 000 TPM,Abreviaturas,Expansión completa,franco,franco,AGN_GralParte_v006_exp617_01,245,Rodrigo,agn_gralparte
GPT OSS 120B · 8 000 TPM,Abreviaturas,Expansión completa,franco,franco,AGN_GralParte_v006_exp617_01,246,Rodrigo,agn_gralparte
GPT OSS 120B · 8 000 TPM,Abreviaturas,Expansión completa,franco,franco,AGN_GralParte_v006_exp617_01,247,Rodrigo,agn_gralparte
GPT OSS 120B · 8 000 TPM,Abreviaturas,Expansión completa,franco,Franco,AGN_IndiferenteVirreinal_caja4071_exp024_2,1410,Paloma,agn_indiferentevirreinal
GPT OSS 120B · 8 000 TPM,Abreviaturas,Expansión completa,franco,Franco,AMP_AC_v021__doc026_1,855,Rodrigo,amp_ac
GPT OSS 120B · 8 000 TPM,Abreviaturas,Expansión completa,franco,Franco,BNE_ms3047_1,1012,Rodrigo,bne_ms3047
GPT OSS 120B · 8 000 TPM,Abreviaturas,Expansión completa,franco,franco,BNE_ms3047_1,1013,Rodrigo,bne_ms3047
GPT OSS 120B · 8 000 TPM,Abreviaturas,Expansión completa,franco,Franco,BNE_ms3047_4,1086,Javier,bne_ms3047
GPT OSS 120B · 8 000 TPM,Abreviaturas,Expansión completa,franco,Franco,BNE_ms3047_4,1087,Javier,bne_ms3047
GPT OSS 120B · 8 000 TPM,Abreviaturas,Expansión completa,franco,Franco,BNE_ms3047_4,1088,Javier,bne_ms3047
GPT OSS 120B · 8 000 TPM,Abreviaturas,Expansión completa,franco,Franco,BNE_ms3047_4,1089,Javier,bne_ms3047
GPT OSS 120B · 8 000 TPM,Abreviaturas,Expansión completa,franco,Franco,BnF_032_36,2565,Paco,bnf_032
GPT OSS 120B · 8 000 TPM,Abreviaturas,Expansión completa,franco,Franco,BnF_032_36,2566,Paco,bnf_032
GPT OSS 120B · 8 000 TPM,Abreviaturas,Expansión completa,franco,Franco,BnF_104_2,3163,Paco,bnf_104
GPT OSS 120B · 8 000 TPM,Abreviaturas,Expansión completa,franco,Franco,BnF_111_20,5121,Flor,bnf_111
GPT OSS 120B · 8 000 TPM,Abreviaturas,Expansión completa,franco,Franco,BnF_112_02,5384,Arturo,bnf_112
GPT OSS 120B · 8 000 TPM,Abreviaturas,Expansión completa,franco,Franco,BnF_112_02,5385,Arturo,bnf_112
GPT OSS 120B · 8 000 TPM,Abreviaturas,Expansión completa,franco,franco,BnF_112_02,5386,Arturo,bnf_112
GPT OSS 120B · 8 000 TPM,Abreviaturas,Expansión completa,franco,franco,BnF_112_02,5387,Arturo,bnf_112
GPT OSS 120B · 8 000 TPM,Abreviaturas,Expansión completa,franco,franco,BnF_112_02,5388,Arturo,bnf_112
GPT OSS 120B · 8 000 TPM,Abreviaturas,Expansión completa,franco,franco,BnF_112_25,2697,Paco,bnf_112
GPT OSS 120B · 8 000 TPM,Abreviaturas,Expansión completa,franco,franco,BnF_113_04,2754,Paco,bnf_113
GPT OSS 120B · 8 000 TPM,Abreviaturas,Expansión completa,franco,franco,BnF_113_04,2755,Paco,bnf_113
Llama 3.3 70B · 12 000 TPM,Abreviaturas,Expansión completa,franco,franco,AGI_CONTRATACION_1089_N8_151,2146,Paco,agi_contratacion
Llama 3.3 70B · 12 000 TPM,Abreviaturas,Expansión completa,franco,franco,AGI_CONTRATACION_1089_N8_151,2147,Paco,agi_contratacion
Llama 3.3 70B · 12 000 TPM,Abreviaturas,Expansión completa,franco,Franco,AGN_AHHacienda_v268_exp046_03,4386,Arturo,agn_ahhacienda
Llama 3.3 70B · 12 000 TPM,Abreviaturas,Expansión completa,franco,Franco,AGN_HospJesus_c474_leg267-2_exp024_7473-7537_02,2415,Paco,agn_hospjesus
Llama 3.3 70B · 12 000 TPM,Abreviaturas,Expansión completa,franco,Franco,AGN_Marina_v031A_exp02_fs85-92_15,2417,Paco,agn_marina
Llama 3.3 70B · 12 000 TPM,Abreviaturas,Expansión completa,franco,Franco,BnF_030_22,2431,Paco,bnf_030
Llama 3.3 70B · 12 000 TPM,Abreviaturas,Expansión completa,franco,Franco,BnF_030_22,2432,Paco,bnf_030
Llama 3.3 70B · 12 000 TPM,Abreviaturas,Expansión completa,franco,Franco,BnF_030_22,2433,Paco,bnf_030
Llama 3.3 70B · 12 000 TPM,Abreviaturas,Expansión completa,franco,Franco,BnF_030_22,2434,Paco,bnf_030
Llama 3.3 70B · 12 000 TPM,Abreviaturas,Expansión completa,franco,Franco,BnF_032_23,5190,Arturo,bnf_032
Llama 3.3 70B · 12 000 TPM,Abreviaturas,Expansión completa,franco,Franco,BnF_032_23,5191,Arturo,bnf_032
Llama 3.3 70B · 12 000 TPM,Abreviaturas,Expansión completa,franco,Franco,BnF_111_21,5161,Flor,bnf_111
Llama 3.3 70B · 12 000 TPM,Abreviaturas,Expansión completa,franco,Franco,BnF_111_21,5163,Flor,bnf_111
Llama 3.3 70B · 12 000 TPM,Abreviaturas,Expansión completa,franco,Franco,BnF_111_21,5222,Flor,bnf_111
Llama 3.3 70B · 12 000 TPM,Abreviaturas,Expansión completa,franco,Franco,BnF_111_22,1651,Paloma,bnf_111
Llama 3.3 70B · 12 000 TPM,Abreviaturas,Expansión completa,franco,Franco,BnF_111_22,1652,Paloma,bnf_111
Llama 3.3 70B · 12 000 TPM,Abreviaturas,Expansión completa,franco,Franco,BnF_111_22,1653,Paloma,bnf_111
Llama 3.3 70B · 12 000 TPM,Abreviaturas,Expansión completa,franco,Franco,BnF_111_22,1654,Paloma,bnf_111
Llama 3.3 70B · 12 000 TPM,Abreviaturas,Expansión completa,franco,Franco,BnF_111_22,1655,Paloma,bnf_111
Llama 3.3 70B · 12 000 TPM,Abreviaturas,Expansión completa,franco,Franco,BnF_117_13,2844,Paco,bnf_117
Llama 3.3 70B · 12 000 TPM,Abreviaturas,Expansión completa,franco,Franco,BnF_243_16,1293,Rodrigo,bnf_243
Llama 3.3 70B · 12 000 TPM,Abreviaturas,Expansión completa,franco,Franco,BnF_243_16,1294,Rodrigo,bnf_243
Llama 3.3 70B · 12 000 TPM,Abreviaturas,Expansión completa,franco,Franco,BnF_243_16,1295,Rodrigo,bnf_243
Llama 3.3 70B · 12 000 TPM,Abreviaturas,Expansión completa,franco,Franco,BnF_243_16,1296,Rodrigo,bnf_243
Llama 3.3 70B · 12 000 TPM,Abreviaturas,Expansión completa,franco,Franco,BnF_243_16,1297,Rodrigo,bnf_243
Llama 3.3 70B · 12 000 TPM,Abreviaturas,Expansión completa,franco,Franco,utblac_eog_v_41_orig_03,5590,Flor,utblac_eog
Llama 3.3 70B · 12 000 TPM,Abreviaturas,Expansión completa,franco,Franco,utblac_gg_mss_g62_duplicated_09,5622,Flor,utblac_gg
GPT OSS 120B · 8 000 TPM,Abreviaturas,Expansión completa,juo,juo,AGN_GralParte_v006_exp617_01,405,Rodrigo,agn_gralparte
GPT OSS 120B · 8 000 TPM,Abreviaturas,Expansión completa,juo,Juo,BNE_ms3047_4,1192,Javier,bne_ms3047
Llama 3.3 70B · 12 000 TPM,Abreviaturas,Expansión completa,juo,juo,AGI_INDIFERENTE_1529_N36_07,74,Rodrigo,agi_indiferente
Llama 3.3 70B · 12 000 TPM,Abreviaturas,Expansión completa,juo,Juo,AGN_AHHacienda_v268_exp046_03,4351,Arturo,agn_ahhacienda
Llama 3.3 70B · 12 000 TPM,Abreviaturas,Expansión completa,juo,Juo,BnF_032_23,5186,Arturo,bnf_032
Llama 3.3 70B · 12 000 TPM,Abreviaturas,Expansión completa,juo,Juo,BnF_032_23,5187,Arturo,bnf_032
Llama 3.3 70B · 12 000 TPM,Abreviaturas,Expansión completa,juo,Juo,BnF_032_33,202,Adriana,bnf_032
Llama 3.3 70B · 12 000 TPM,Abreviaturas,Expansión completa,juo,Juo,BnF_110_13,423,Adriana,bnf_110
Llama 3.3 70B · 12 000 TPM,Abreviaturas,Expansión completa,juo,Juo,BnF_110_13,424,Adriana,bnf_110
Llama 3.3 70B · 12 000 TPM,Abreviaturas,Expansión completa,juo,Juo,BnF_111_27,1140,Alba,bnf_111
Llama 3.3 70B · 12 000 TPM,Abreviaturas,Expansión completa,juo,Juo,BnF_111_27,1141,Alba,bnf_111
Llama 3.3 70B · 12 000 TPM,Abreviaturas,Expansión completa,juo,Juo,BnF_111_27,1142,Alba,bnf_111
Llama 3.3 70B · 12 000 TPM,Abreviaturas,Expansión completa,juo,Juo,BnF_243_16,1302,Rodrigo,bnf_243
Llama 3.3 70B · 12 000 TPM,Abreviaturas,Expansión completa,juo,Juo,BnF_243_16,1303,Rodrigo,bnf_243
Llama 3.3 70B · 12 000 TPM,Abreviaturas,Expansión completa,juo,Juo,BnF_243_16,1304,Rodrigo,bnf_243
Llama 3.3 70B · 12 000 TPM,Abreviaturas,Expansión completa,juo,Juo,BnF_243_16,1305,Rodrigo,bnf_243
Llama 3.3 70B · 12 000 TPM,Abreviaturas,Expansión completa,juo,Juo,BnF_243_16,1306,Rodrigo,bnf_243
Llama 3.3 70B · 12 000 TPM,Abreviaturas,Expansión completa,juo,Juo,BnF_243_16,1307,Rodrigo,bnf_243
Llama 3.3 70B · 12 000 TPM,Abreviaturas,Expansión completa,juo,Juo,Mechoacan_Yurirapundaro_1,859,Adriana,mechoacan_yurirapundaro
Llama 3.3 70B · 12 000 TPM,Abreviaturas,Expansión completa,juo,Juo,Mechoacan_Yurirapundaro_1,860,Adriana,mechoacan_yurirapundaro
GPT OSS 120B · 8 000 TPM,Abreviaturas,Expansión completa,justa,justa,BnF_111_20,5117,Flor,bnf_111
GPT OSS 120B · 8 000 TPM,Abreviaturas,Expansión completa,justa,justa,BnF_112_25,3198,Paco,bnf_112
GPT OSS 120B · 8 000 TPM,Abreviaturas,Expansión completa,justa,justa,BnF_116_02,2801,Paco,bnf_116
GPT OSS 120B · 8 000 TPM,Abreviaturas,Expansión completa,justa,justa,BnF_116_02,2802,Paco,bnf_116
GPT OSS 120B · 8 000 TPM,Abreviaturas,Expansión completa,justa,justa,BnF_116_02,2803,Paco,bnf_116
GPT OSS 120B · 8 000 TPM,Abreviaturas,Expansión completa,justa,justa,BnF_116_02,2804,Paco,bnf_116
GPT OSS 120B · 8 000 TPM,Abreviaturas,Expansión completa,la,La,AGN_GralParte_v006_exp617_01,229,Rodrigo,agn_gralparte
GPT OSS 120B · 8 000 TPM,Abreviaturas,Expansión completa,la,la,BnF_113_04,2778,Paco,bnf_113
GPT OSS 120B · 8 000 TPM,Abreviaturas,Expansión completa,mag,mag,AGI_PATRONATO_182_R3_01,121,Alba,agi_patronato
GPT OSS 120B · 8 000 TPM,Abreviaturas,Expansión completa,mag,mag,AGI_PATRONATO_182_R3_04,2243,Paco,agi_patronato
GPT OSS 120B · 8 000 TPM,Abreviaturas,Expansión completa,mag,mag,AGI_PATRONATO_182_R3_04,2244,Paco,agi_patronato
GPT OSS 120B · 8 000 TPM,Abreviaturas,Expansión completa,mag,mag,AGN_Mercedes_v003_exp520,523,Alba,agn_mercedes
GPT OSS 120B · 8 000 TPM,Abreviaturas,Expansión completa,mag,mag,BnF_032_15,5036,Flor,bnf_032
GPT OSS 120B · 8 000 TPM,Abreviaturas,Expansión completa,mag,mag,BnF_032_36,2557,Paco,bnf_032
GPT OSS 120B · 8 000 TPM,Abreviaturas,Expansión completa,mag,mag,BnF_032_36,2558,Paco,bnf_032
GPT OSS 120B · 8 000 TPM,Abreviaturas,Expansión completa,magno,magno,AMP_AC_v021__doc026_1,848,Rodrigo,amp_ac
GPT OSS 120B · 8 000 TPM,Abreviaturas,Expansión completa,magno,magno,BnF_104_2,2578,Paco,bnf_104
GPT OSS 120B · 8 000 TPM,Abreviaturas,Expansión completa,mdo,mdo,AGN_GralParte_v006_exp617_01,747,Rodrigo,agn_gralparte
GPT OSS 120B · 8 000 TPM,Abreviaturas,Expansión completa,mdo,mdo,AGN_Indios_v019_exp354_2,478,Alba,agn_indios
GPT OSS 120B · 8 000 TPM,Abreviaturas,Expansión completa,mexco,mexco,AGN_GralParte_v006_exp617_01,203,Rodrigo,agn_gralparte
GPT OSS 120B · 8 000 TPM,Abreviaturas,Expansión completa,mexco,mexco,AGN_GralParte_v006_exp617_01,204,Rodrigo,agn_gralparte
GPT OSS 120B · 8 000 TPM,Abreviaturas,Expansión completa,mexco,mexco,AGN_RealesCedDup_v050_exp062,1517,Paloma,agn_realesceddup
Llama 3.3 70B · 12 000 TPM,Abreviaturas,Expansión completa,min,min,AGI_INDIFERENTE_1529_N36_07,73,Rodrigo,agi_indiferente
Llama 3.3 70B · 12 000 TPM,Abreviaturas,Expansión completa,min,Min,BnF_032_33,280,Adriana,bnf_032
GPT OSS 120B · 8 000 TPM,Abreviaturas,Expansión completa,mo,mo,AGI_CONTRATACION_1091_N3_098,1240,Javier,agi_contratacion
GPT OSS 120B · 8 000 TPM,Abreviaturas,Expansión completa,mo,mo,AGN_AHHacienda_v1292_exp135,1351,Javier,agn_ahhacienda
GPT OSS 120B · 8 000 TPM,Abreviaturas,Expansión completa,mo,Mo,BNE_ms3047_1,938,Rodrigo,bne_ms3047
GPT OSS 120B · 8 000 TPM,Abreviaturas,Expansión completa,modo,modo,AGI_GUADALAJARA_230_L2_F_45V-46V_2,85,Adriana,agi_guadalajara
GPT OSS 120B · 8 000 TPM,Abreviaturas,Expansión completa,modo,modo,AGN_Tierras_v039-2_exp003_72,98,Edna,agn_tierras
GPT OSS 120B · 8 000 TPM,Abreviaturas,Expansión completa,ne,ne,AGN_AHHacienda_v1292_exp135,1310,Javier,agn_ahhacienda
GPT OSS 120B · 8 000 TPM,Abreviaturas,Expansión completa,ne,ne,BnF_112_02,5381,Arturo,bnf_112
GPT OSS 120B · 8 000 TPM,Abreviaturas,Expansión completa,nra,nra,AGI_GUADALAJARA_230_L2_F_45V-46V_2,86,Adriana,agi_guadalajara
GPT OSS 120B · 8 000 TPM,Abreviaturas,Expansión completa,nra,nra,AGI_PATRONATO_182_R3_01,93,Alba,agi_patronato
GPT OSS 120B · 8 000 TPM,Abreviaturas,Expansión completa,nra,nra,BNE_ms3047_1,1016,Rodrigo,bne_ms3047
GPT OSS 120B · 8 000 TPM,Abreviaturas,Expansión completa,nro,nro,BnF_112_04,1716,Paloma,bnf_112
GPT OSS 120B · 8 000 TPM,Abreviaturas,Expansión completa,nro,nro,BnF_113_04,2764,Paco,bnf_113
GPT OSS 120B · 8 000 TPM,Abreviaturas,Expansión completa,nro,nro,BnF_116_02,2805,Paco,bnf_116
Llama 3.3 70B · 12 000 TPM,Abreviaturas,Expansión completa,p.,P.,BnF_244_04,664,Edna,bnf_244
Llama 3.3 70B · 12 000 TPM,Abreviaturas,Expansión completa,p.,P.,BnF_244_04,665,Edna,bnf_244
Llama 3.3 70B · 12 000 TPM,Abreviaturas,Expansión completa,p.,P.,BnF_244_04,666,Edna,bnf_244
Llama 3.3 70B · 12 000 TPM,Abreviaturas,Expansión completa,p.,P.,BnF_244_04,667,Edna,bnf_244
Llama 3.3 70B · 12 000 TPM,Abreviaturas,Expansión completa,p.,P.,BnF_244_04,668,Edna,bnf_244
Llama 3.3 70B · 12 000 TPM,Abreviaturas,Expansión completa,p.,P.,BnF_264_03,544,Adriana,bnf_264
GPT OSS 120B · 8 000 TPM,Abreviaturas,Expansión completa,pa,pa,AGN_Indios_v019_exp354_2,502,Alba,agn_indios
GPT OSS 120B · 8 000 TPM,Abreviaturas,Expansión completa,pa,pa,AGN_Mercedes_v003_exp520,513,Alba,agn_mercedes
GPT OSS 120B · 8 000 TPM,Abreviaturas,Expansión completa,pa,pa,AGN_Mercedes_v003_exp520,514,Alba,agn_mercedes
GPT OSS 120B · 8 000 TPM,Abreviaturas,Expansión completa,pa,pa,BnF_032_36,2540,Paco,bnf_032
GPT OSS 120B · 8 000 TPM,Abreviaturas,Expansión completa,pa,pa,BnF_032_36,2541,Paco,bnf_032
GPT OSS 120B · 8 000 TPM,Abreviaturas,Expansión completa,partdo,Partdo,AGN_AHHacienda_v1292_exp135,1311,Javier,agn_ahhacienda
GPT OSS 120B · 8 000 TPM,Abreviaturas,Expansión completa,partdo,partdo,AGN_RealesCedDup_v050_exp062,1535,Paloma,agn_realesceddup
GPT OSS 120B · 8 000 TPM,Abreviaturas,Expansión completa,po,Po,AGN_GralParte_v006_exp617_01,365,Rodrigo,agn_gralparte
GPT OSS 120B · 8 000 TPM,Abreviaturas,Expansión completa,po,Po,AGN_Indios_v019_exp354_2,480,Alba,agn_indios
GPT OSS 120B · 8 000 TPM,Abreviaturas,Expansión completa,po,Po,BNE_ms3047_4,1160,Javier,bne_ms3047
GPT OSS 120B · 8 000 TPM,Abreviaturas,Expansión completa,po,Po,BNE_ms3047_4,1161,Javier,bne_ms3047
GPT OSS 120B · 8 000 TPM,Abreviaturas,Expansión completa,po,Po,BNE_ms3047_4,1162,Javier,bne_ms3047
GPT OSS 120B · 8 000 TPM,Abreviaturas,Expansión completa,po,po,BnF_032_36,2563,Paco,bnf_032
GPT OSS 120B · 8 000 TPM,Abreviaturas,Expansión completa,po,po,BnF_032_36,2564,Paco,bnf_032
GPT OSS 120B · 8 000 TPM,Abreviaturas,Expansión completa,po,Po,BnF_112_02,5407,Arturo,bnf_112
GPT OSS 120B · 8 000 TPM,Abreviaturas,Expansión completa,po,po,BnF_112_25,2694,Paco,bnf_112
Llama 3.3 70B · 12 000 TPM,Abreviaturas,Expansión completa,po,Po,BP_CM_R494_156_2,945,Javier,bp_cm
Llama 3.3 70B · 12 000 TPM,Abreviaturas,Expansión completa,po,Po,BnF_032_23,4773,Arturo,bnf_032
Llama 3.3 70B · 12 000 TPM,Abreviaturas,Expansión completa,po,Po,BnF_032_23,4774,Arturo,bnf_032
Llama 3.3 70B · 12 000 TPM,Abreviaturas,Expansión completa,po,Po,BnF_032_23,4775,Arturo,bnf_032
Llama 3.3 70B · 12 000 TPM,Abreviaturas,Expansión completa,po,Po,BnF_032_23,4776,Arturo,bnf_032
Llama 3.3 70B · 12 000 TPM,Abreviaturas,Expansión completa,po,Po,BnF_032_23,4777,Arturo,bnf_032
Llama 3.3 70B · 12 000 TPM,Abreviaturas,Expansión completa,po,Po,BnF_111_21,5232,Flor,bnf_111
Llama 3.3 70B · 12 000 TPM,Abreviaturas,Expansión completa,po,Po,BnF_111_22,1664,Paloma,bnf_111
Llama 3.3 70B · 12 000 TPM,Abreviaturas,Expansión completa,po,Po,BnF_111_22,1665,Paloma,bnf_111
Llama 3.3 70B · 12 000 TPM,Abreviaturas,Expansión completa,po,Po,BnF_111_27,1131,Alba,bnf_111
Llama 3.3 70B · 12 000 TPM,Abreviaturas,Expansión completa,po,Po,BnF_111_27,1132,Alba,bnf_111
Llama 3.3 70B · 12 000 TPM,Abreviaturas,Expansión completa,po,Po,BnF_111_27,1133,Alba,bnf_111
Llama 3.3 70B · 12 000 TPM,Abreviaturas,Expansión completa,po,Po,BnF_111_27,1134,Alba,bnf_111
Llama 3.3 70B · 12 000 TPM,Abreviaturas,Expansión completa,po,po,BnF_117_03,5519,Arturo,bnf_117
Llama 3.3 70B · 12 000 TPM,Abreviaturas,Expansión completa,po,po,BnF_267_03,2958,Paco,bnf_267
Llama 3.3 70B · 12 000 TPM,Abreviaturas,Expansión completa,po,po,BnF_267_03,2959,Paco,bnf_267
Llama 3.3 70B · 12 000 TPM,Abreviaturas,Expansión completa,po,po,BnF_267_03,2960,Paco,bnf_267
Llama 3.3 70B · 12 000 TPM,Abreviaturas,Expansión completa,po,po,BnF_267_03,2961,Paco,bnf_267
Llama 3.3 70B · 12 000 TPM,Abreviaturas,Expansión completa,po,po,BnF_267_03,2962,Paco,bnf_267
Llama 3.3 70B · 12 000 TPM,Abreviaturas,Expansión completa,po,po,BnF_267_03,2963,Paco,bnf_267
Llama 3.3 70B · 12 000 TPM,Abreviaturas,Expansión completa,po,po,BnF_267_03,2964,Paco,bnf_267
Llama 3.3 70B · 12 000 TPM,Abreviaturas,Expansión completa,po,po,BnF_267_03,2965,Paco,bnf_267
Llama 3.3 70B · 12 000 TPM,Abreviaturas,Expansión completa,po,po,BnF_267_03,2966,Paco,bnf_267
Llama 3.3 70B · 12 000 TPM,Abreviaturas,Expansión completa,po,po,BnF_267_03,2967,Paco,bnf_267
Llama 3.3 70B · 12 000 TPM,Abreviaturas,Expansión completa,po,po,BnF_267_03,2968,Paco,bnf_267
Llama 3.3 70B · 12 000 TPM,Abreviaturas,Expansión completa,po,po,BnF_267_03,2969,Paco,bnf_267
Llama 3.3 70B · 12 000 TPM,Abreviaturas,Expansión completa,po,po,BnF_267_03,2970,Paco,bnf_267
Llama 3.3 70B · 12 000 TPM,Abreviaturas,Expansión completa,po,po,BnF_267_03,2971,Paco,bnf_267
Llama 3.3 70B · 12 000 TPM,Abreviaturas,Expansión completa,po,po,BnF_267_03,2972,Paco,bnf_267
Llama 3.3 70B · 12 000 TPM,Abreviaturas,Expansión completa,po,po,BnF_267_03,2973,Paco,bnf_267
Llama 3.3 70B · 12 000 TPM,Abreviaturas,Expansión completa,po,po,BnF_267_03,2974,Paco,bnf_267
Llama 3.3 70B · 12 000 TPM,Abreviaturas,Expansión completa,po,po,BnF_267_03,2975,Paco,bnf_267
Llama 3.3 70B · 12 000 TPM,Abreviaturas,Expansión completa,po,po,BnF_267_03,2976,Paco,bnf_267
Llama 3.3 70B · 12 000 TPM,Abreviaturas,Expansión completa,po,po,BnF_267_03,2977,Paco,bnf_267
Llama 3.3 70B · 12 000 TPM,Abreviaturas,Expansión completa,po,po,BnF_267_03,2978,Paco,bnf_267
Llama 3.3 70B · 12 000 TPM,Abreviaturas,Expansión completa,po,po,BnF_267_03,2979,Paco,bnf_267
Llama 3.3 70B · 12 000 TPM,Abreviaturas,Expansión completa,po,po,BnF_267_03,2980,Paco,bnf_267
Llama 3.3 70B · 12 000 TPM,Abreviaturas,Expansión completa,po,po,BnF_267_03,2981,Paco,bnf_267
Llama 3.3 70B · 12 000 TPM,Abreviaturas,Expansión completa,po,po,BnF_267_03,2982,Paco,bnf_267
Llama 3.3 70B · 12 000 TPM,Abreviaturas,Expansión completa,po,po,BnF_267_03,2983,Paco,bnf_267
Llama 3.3 70B · 12 000 TPM,Abreviaturas,Expansión completa,po,po,BnF_267_03,2984,Paco,bnf_267
Llama 3.3 70B · 12 000 TPM,Abreviaturas,Expansión completa,po,po,BnF_267_03,2985,Paco,bnf_267
Llama 3.3 70B · 12 000 TPM,Abreviaturas,Expansión completa,po,po,BnF_267_03,2986,Paco,bnf_267
Llama 3.3 70B · 12 000 TPM,Abreviaturas,Expansión completa,po,po,BnF_267_03,2987,Paco,bnf_267
Llama 3.3 70B · 12 000 TPM,Abreviaturas,Expansión completa,po,po,BnF_267_03,2988,Paco,bnf_267
Llama 3.3 70B · 12 000 TPM,Abreviaturas,Expansión completa,po,po,BnF_267_23,3255,Paco,bnf_267
Llama 3.3 70B · 12 000 TPM,Abreviaturas,Expansión completa,po,po,BnF_267_23,3256,Paco,bnf_267
Llama 3.3 70B · 12 000 TPM,Abreviaturas,Expansión completa,po,po,BnF_267_23,3257,Paco,bnf_267
Llama 3.3 70B · 12 000 TPM,Abreviaturas,Expansión completa,po,po,BnF_267_23,3258,Paco,bnf_267
Llama 3.3 70B · 12 000 TPM,Abreviaturas,Expansión completa,po,po,BnF_267_23,3259,Paco,bnf_267
Llama 3.3 70B · 12 000 TPM,Abreviaturas,Expansión completa,po,po,BnF_267_23,3260,Paco,bnf_267
Llama 3.3 70B · 12 000 TPM,Abreviaturas,Expansión completa,po,po,BnF_267_23,3261,Paco,bnf_267
Llama 3.3 70B · 12 000 TPM,Abreviaturas,Expansión completa,po,po,BnF_267_23,3262,Paco,bnf_267
Llama 3.3 70B · 12 000 TPM,Abreviaturas,Expansión completa,po,po,BnF_267_23,3263,Paco,bnf_267
Llama 3.3 70B · 12 000 TPM,Abreviaturas,Expansión completa,po,po,BnF_267_23,3264,Paco,bnf_267
Llama 3.3 70B · 12 000 TPM,Abreviaturas,Expansión completa,po,po,BnF_267_23,3265,Paco,bnf_267
Llama 3.3 70B · 12 000 TPM,Abreviaturas,Expansión completa,po,po,BnF_267_23,3266,Paco,bnf_267
Llama 3.3 70B · 12 000 TPM,Abreviaturas,Expansión completa,po,po,BnF_267_23,3267,Paco,bnf_267
Llama 3.3 70B · 12 000 TPM,Abreviaturas,Expansión completa,po,po,BnF_267_23,3268,Paco,bnf_267
Llama 3.3 70B · 12 000 TPM,Abreviaturas,Expansión completa,po,po,BnF_267_23,3269,Paco,bnf_267
Llama 3.3 70B · 12 000 TPM,Abreviaturas,Expansión completa,po,po,BnF_267_23,3270,Paco,bnf_267
Llama 3.3 70B · 12 000 TPM,Abreviaturas,Expansión completa,po,po,BnF_267_23,3271,Paco,bnf_267
Llama 3.3 70B · 12 000 TPM,Abreviaturas,Expansión completa,po,po,BnF_267_23,3272,Paco,bnf_267
Llama 3.3 70B · 12 000 TPM,Abreviaturas,Expansión completa,po,po,BnF_267_23,3273,Paco,bnf_267
Llama 3.3 70B · 12 000 TPM,Abreviaturas,Expansión completa,po,po,BnF_267_23,3274,Paco,bnf_267
Llama 3.3 70B · 12 000 TPM,Abreviaturas,Expansión completa,po,po,BnF_267_23,3275,Paco,bnf_267
Llama 3.3 70B · 12 000 TPM,Abreviaturas,Expansión completa,po,po,BnF_267_23,3276,Paco,bnf_267
Llama 3.3 70B · 12 000 TPM,Abreviaturas,Expansión completa,po,po,BnF_267_23,3277,Paco,bnf_267
Llama 3.3 70B · 12 000 TPM,Abreviaturas,Expansión completa,po,po,BnF_267_23,3278,Paco,bnf_267
Llama 3.3 70B · 12 000 TPM,Abreviaturas,Expansión completa,po,po,BnF_267_23,3279,Paco,bnf_267
Llama 3.3 70B · 12 000 TPM,Abreviaturas,Expansión completa,po,po,BnF_267_23,3280,Paco,bnf_267
Llama 3.3 70B · 12 000 TPM,Abreviaturas,Expansión completa,po,po,BnF_267_23,3281,Paco,bnf_267
Llama 3.3 70B · 12 000 TPM,Abreviaturas,Expansión completa,po,po,BnF_267_23,3282,Paco,bnf_267
Llama 3.3 70B · 12 000 TPM,Abreviaturas,Expansión completa,po,po,BnF_267_23,3283,Paco,bnf_267
Llama 3.3 70B · 12 000 TPM,Abreviaturas,Expansión completa,po,po,BnF_267_23,3284,Paco,bnf_267
GPT OSS 120B · 8 000 TPM,Abreviaturas,Expansión completa,pos,pos,AGN_AHHacienda_v1292_exp135,1260,Javier,agn_ahhacienda
GPT OSS 120B · 8 000 TPM,Abreviaturas,Expansión completa,pos,pos,AGN_AHHacienda_v1292_exp135,1261,Javier,agn_ahhacienda
GPT OSS 120B · 8 000 TPM,Abreviaturas,Expansión completa,pos,pos,AGN_AHHacienda_v1292_exp135,1262,Javier,agn_ahhacienda
GPT OSS 120B · 8 000 TPM,Abreviaturas,Expansión completa,pos,pos,AGN_AHHacienda_v1292_exp135,1263,Javier,agn_ahhacienda
GPT OSS 120B · 8 000 TPM,Abreviaturas,Expansión completa,pos,pos,AGN_AHHacienda_v1292_exp135,1264,Javier,agn_ahhacienda
GPT OSS 120B · 8 000 TPM,Abreviaturas,Expansión completa,pos,pos,AGN_AHHacienda_v1292_exp135,1265,Javier,agn_ahhacienda
GPT OSS 120B · 8 000 TPM,Abreviaturas,Expansión completa,pos,pos,BNE_ms3047_1,860,Rodrigo,bne_ms3047
GPT OSS 120B · 8 000 TPM,Abreviaturas,Expansión completa,pos,pos,BNE_ms3047_1,861,Rodrigo,bne_ms3047
GPT OSS 120B · 8 000 TPM,Abreviaturas,Expansión completa,pos,pos,BNE_ms3047_1,862,Rodrigo,bne_ms3047
GPT OSS 120B · 8 000 TPM,Abreviaturas,Expansión completa,pos,pos,BNE_ms3047_1,863,Rodrigo,bne_ms3047
GPT OSS 120B · 8 000 TPM,Abreviaturas,Expansión completa,pos,pos,BNE_ms3047_1,864,Rodrigo,bne_ms3047
GPT OSS 120B · 8 000 TPM,Abreviaturas,Expansión completa,pos,pos,BNE_ms3047_1,865,Rodrigo,bne_ms3047
GPT OSS 120B · 8 000 TPM,Abreviaturas,Expansión completa,pos,pos,BNE_ms3047_1,866,Rodrigo,bne_ms3047
GPT OSS 120B · 8 000 TPM,Abreviaturas,Expansión completa,pos,pos,BNE_ms3047_1,867,Rodrigo,bne_ms3047
GPT OSS 120B · 8 000 TPM,Abreviaturas,Expansión completa,pos,pos,BNE_ms3047_1,868,Rodrigo,bne_ms3047
GPT OSS 120B · 8 000 TPM,Abreviaturas,Expansión completa,pos,pos,BNE_ms3047_1,869,Rodrigo,bne_ms3047
GPT OSS 120B · 8 000 TPM,Abreviaturas,Expansión completa,pueblo,pueblo,AGN_Indios_v019_exp354_2,180,Alba,agn_indios
GPT OSS 120B · 8 000 TPM,Abreviaturas,Expansión completa,pueblo,pueblo,BnF_112_25,2723,Paco,bnf_112
GPT OSS 120B · 8 000 TPM,Abreviaturas,Expansión completa,puo,puo,AGN_Indios_v019_exp354_2,435,Alba,agn_indios
GPT OSS 120B · 8 000 TPM,Abreviaturas,Expansión completa,puo,puo,BNE_ms3047_4,1222,Javier,bne_ms3047
GPT OSS 120B · 8 000 TPM,Abreviaturas,Expansión completa,puo,puo,BnF_111_20,5082,Flor,bnf_111
GPT OSS 120B · 8 000 TPM,Abreviaturas,Expansión completa,puo,puo,BnF_111_20,5084,Flor,bnf_111
GPT OSS 120B · 8 000 TPM,Abreviaturas,Expansión completa,puo,puo,BnF_111_20,5085,Flor,bnf_111
GPT OSS 120B · 8 000 TPM,Abreviaturas,Expansión completa,puo,puo,BnF_111_20,5086,Flor,bnf_111
GPT OSS 120B · 8 000 TPM,Abreviaturas,Expansión completa,puo,puo,BnF_111_20,5087,Flor,bnf_111
GPT OSS 120B · 8 000 TPM,Abreviaturas,Expansión completa,puo,puo,BnF_111_20,5100,Flor,bnf_111
GPT OSS 120B · 8 000 TPM,Abreviaturas,Expansión completa,puo,puo,BnF_113_04,2742,Paco,bnf_113
GPT OSS 120B · 8 000 TPM,Abreviaturas,Expansión completa,puo,puo,BnF_113_04,2743,Paco,bnf_113
GPT OSS 120B · 8 000 TPM,Abreviaturas,Expansión completa,puo,puo,BnF_113_04,2744,Paco,bnf_113
GPT OSS 120B · 8 000 TPM,Abreviaturas,Expansión completa,q,q,AGN_GralParte_v006_exp617_01,368,Rodrigo,agn_gralparte
GPT OSS 120B · 8 000 TPM,Abreviaturas,Expansión completa,q,q,AGN_GralParte_v006_exp617_01,369,Rodrigo,agn_gralparte
GPT OSS 120B · 8 000 TPM,Abreviaturas,Expansión completa,q,q,AGN_GralParte_v006_exp617_01,370,Rodrigo,agn_gralparte
GPT OSS 120B · 8 000 TPM,Abreviaturas,Expansión completa,q,q,AGN_GralParte_v006_exp617_01,371,Rodrigo,agn_gralparte
GPT OSS 120B · 8 000 TPM,Abreviaturas,Expansión completa,q,q,AGN_GralParte_v006_exp617_01,372,Rodrigo,agn_gralparte
GPT OSS 120B · 8 000 TPM,Abreviaturas,Expansión completa,q,q,AGN_GralParte_v006_exp617_01,373,Rodrigo,agn_gralparte
GPT OSS 120B · 8 000 TPM,Abreviaturas,Expansión completa,q,q,AGN_Indios_v019_exp354_2,456,Alba,agn_indios
GPT OSS 120B · 8 000 TPM,Abreviaturas,Expansión completa,q,q,AGN_Indios_v019_exp354_2,457,Alba,agn_indios
GPT OSS 120B · 8 000 TPM,Abreviaturas,Expansión completa,q,q,AGN_Indios_v019_exp354_2,458,Alba,agn_indios
GPT OSS 120B · 8 000 TPM,Abreviaturas,Expansión completa,q,q,AGN_Indios_v019_exp354_2,459,Alba,agn_indios
GPT OSS 120B · 8 000 TPM,Abreviaturas,Expansión completa,q,q,AGN_Indios_v019_exp354_2,460,Alba,agn_indios
GPT OSS 120B · 8 000 TPM,Abreviaturas,Expansión completa,q,q,AGN_Indios_v019_exp354_2,461,Alba,agn_indios
GPT OSS 120B · 8 000 TPM,Abreviaturas,Expansión completa,q,q,AGN_Indios_v019_exp354_2,462,Alba,agn_indios
GPT OSS 120B · 8 000 TPM,Abreviaturas,Expansión completa,q,q,AGN_Indios_v019_exp354_2,463,Alba,agn_indios
GPT OSS 120B · 8 000 TPM,Abreviaturas,Expansión completa,q,q,AGN_Indios_v019_exp354_2,464,Alba,agn_indios
GPT OSS 120B · 8 000 TPM,Abreviaturas,Expansión completa,q,q,BnF_032_36,2510,Paco,bnf_032
GPT OSS 120B · 8 000 TPM,Abreviaturas,Expansión completa,q,q,BnF_032_36,2512,Paco,bnf_032
GPT OSS 120B · 8 000 TPM,Abreviaturas,Expansión completa,q,q,BnF_032_36,2513,Paco,bnf_032
GPT OSS 120B · 8 000 TPM,Abreviaturas,Expansión completa,q,q,BnF_032_36,2514,Paco,bnf_032
GPT OSS 120B · 8 000 TPM,Abreviaturas,Expansión completa,q,q,BnF_032_36,2515,Paco,bnf_032
GPT OSS 120B · 8 000 TPM,Abreviaturas,Expansión completa,q,q,BnF_032_36,2516,Paco,bnf_032
GPT OSS 120B · 8 000 TPM,Abreviaturas,Expansión completa,q,q,BnF_032_36,2517,Paco,bnf_032
GPT OSS 120B · 8 000 TPM,Abreviaturas,Expansión completa,q,q,BnF_032_36,2518,Paco,bnf_032
GPT OSS 120B · 8 000 TPM,Abreviaturas,Expansión completa,q,q,BnF_032_36,2519,Paco,bnf_032
GPT OSS 120B · 8 000 TPM,Abreviaturas,Expansión completa,q,q,BnF_032_36,2520,Paco,bnf_032
GPT OSS 120B · 8 000 TPM,Abreviaturas,Expansión completa,q,q,BnF_111_20,5066,Flor,bnf_111
GPT OSS 120B · 8 000 TPM,Abreviaturas,Expansión completa,q,q,BnF_111_20,5067,Flor,bnf_111
GPT OSS 120B · 8 000 TPM,Abreviaturas,Expansión completa,q,q,BnF_111_20,5068,Flor,bnf_111
GPT OSS 120B · 8 000 TPM,Abreviaturas,Expansión completa,q,q,BnF_111_20,5071,Flor,bnf_111
GPT OSS 120B · 8 000 TPM,Abreviaturas,Expansión completa,q,q,BnF_111_20,5072,Flor,bnf_111
GPT OSS 120B · 8 000 TPM,Abreviaturas,Expansión completa,q,q,BnF_111_20,5073,Flor,bnf_111
GPT OSS 120B · 8 000 TPM,Abreviaturas,Expansión completa,q,q,BnF_111_20,5074,Flor,bnf_111
GPT OSS 120B · 8 000 TPM,Abreviaturas,Expansión completa,q,q,BnF_111_20,5075,Flor,bnf_111
GPT OSS 120B · 8 000 TPM,Abreviaturas,Expansión completa,q,q,BnF_111_20,5076,Flor,bnf_111
GPT OSS 120B · 8 000 TPM,Abreviaturas,Expansión completa,q,q,BnF_111_20,5077,Flor,bnf_111
GPT OSS 120B · 8 000 TPM,Abreviaturas,Expansión completa,q,q,BnF_111_20,5078,Flor,bnf_111
GPT OSS 120B · 8 000 TPM,Abreviaturas,Expansión completa,q,q,BnF_111_20,5096,Flor,bnf_111
GPT OSS 120B · 8 000 TPM,Abreviaturas,Expansión completa,q,q,BnF_111_20,5103,Flor,bnf_111
GPT OSS 120B · 8 000 TPM,Abreviaturas,Expansión completa,q,q,BnF_113_04,2749,Paco,bnf_113
GPT OSS 120B · 8 000 TPM,Abreviaturas,Expansión completa,q,q,BnF_113_22,1963,Paloma,bnf_113
GPT OSS 120B · 8 000 TPM,Abreviaturas,Expansión completa,qto,qto,AGN_AHHacienda_v268_exp046_01,121,Adriana,agn_ahhacienda
GPT OSS 120B · 8 000 TPM,Abreviaturas,Expansión completa,qto,qto,AGN_Indios_v019_exp354_2,491,Alba,agn_indios
GPT OSS 120B · 8 000 TPM,Abreviaturas,Expansión completa,quios,quios,AGI_PATRONATO_182_R3_01,25,Alba,agi_patronato
GPT OSS 120B · 8 000 TPM,Abreviaturas,Expansión completa,quios,quios,AGN_AHHacienda_v1292_exp135,1294,Javier,agn_ahhacienda
GPT OSS 120B · 8 000 TPM,Abreviaturas,Expansión completa,quios,quios,AGN_Mercedes_v003_exp520,654,Alba,agn_mercedes
GPT OSS 120B · 8 000 TPM,Abreviaturas,Expansión completa,quios,quios,BnF_030_21,189,Edna,bnf_030
GPT OSS 120B · 8 000 TPM,Abreviaturas,Expansión completa,quios,quios,BnF_032_36,2559,Paco,bnf_032
GPT OSS 120B · 8 000 TPM,Abreviaturas,Expansión completa,quios,quios,BnF_113_04,2747,Paco,bnf_113
GPT OSS 120B · 8 000 TPM,Abreviaturas,Expansión completa,rl,Rl,AGN_AHHacienda_v268_exp046_01,103,Adriana,agn_ahhacienda
GPT OSS 120B · 8 000 TPM,Abreviaturas,Expansión completa,rl,RL,AGN_Indios_v019_exp354_2,165,Alba,agn_indios
GPT OSS 120B · 8 000 TPM,Abreviaturas,Expansión completa,rl,RL,AGN_Indios_v019_exp354_2,167,Alba,agn_indios
GPT OSS 120B · 8 000 TPM,Abreviaturas,Expansión completa,rl,RL,AGN_Indios_v019_exp354_2,169,Alba,agn_indios
GPT OSS 120B · 8 000 TPM,Abreviaturas,Expansión completa,rl,RL,AGN_Indios_v019_exp354_2,170,Alba,agn_indios
GPT OSS 120B · 8 000 TPM,Abreviaturas,Expansión completa,rs,Rs,AGI_CONTRATACION_1091_N3_098,1239,Javier,agi_contratacion
GPT OSS 120B · 8 000 TPM,Abreviaturas,Expansión completa,rs,Rs,AGN_AHHacienda_v1292_exp135,1287,Javier,agn_ahhacienda
GPT OSS 120B · 8 000 TPM,Abreviaturas,Expansión completa,rs,Rs,AGN_AHHacienda_v1292_exp135,1288,Javier,agn_ahhacienda
GPT OSS 120B · 8 000 TPM,Abreviaturas,Expansión completa,rs,Rs,AGN_IndiferenteVirreinal_caja4071_exp024_2,1404,Paloma,agn_indiferentevirreinal
GPT OSS 120B · 8 000 TPM,Abreviaturas,Expansión completa,rs,Rs,AGN_Indios_v019_exp354_2,168,Alba,agn_indios
Llama 3.3 70B · 12 000 TPM,Abreviaturas,Expansión completa,seiscientos,seiscientos,BnF_075_003,337,Adriana,bnf_075
Llama 3.3 70B · 12 000 TPM,Abreviaturas,Expansión completa,seiscientos,seiscientos,BnF_117_13,2845,Paco,bnf_117
GPT OSS 120B · 8 000 TPM,Abreviaturas,Expansión completa,seiso,Seiso,AGN_Indios_v019_exp354_2,474,Alba,agn_indios
GPT OSS 120B · 8 000 TPM,Abreviaturas,Expansión completa,seiso,seiso,AGN_RealesCedDup_v050_exp062,1519,Paloma,agn_realesceddup
GPT OSS 120B · 8 000 TPM,Abreviaturas,Expansión completa,servo,Servo,AGN_Indios_v009_exp003_fs4v-5_01,4696,Arturo,agn_indios
GPT OSS 120B · 8 000 TPM,Abreviaturas,Expansión completa,servo,servo,BNE_ms3047_1,987,Rodrigo,bne_ms3047
Llama 3.3 70B · 12 000 TPM,Abreviaturas,Expansión completa,ses,ses,AGN_AHHacienda_v268_exp046_03,4522,Arturo,agn_ahhacienda
Llama 3.3 70B · 12 000 TPM,Abreviaturas,Expansión completa,ses,ses,UIA_Ms149_Exp3_04,1236,Alba,uia_ms149
GPT OSS 120B · 8 000 TPM,Abreviaturas,Expansión completa,sor,Sor,AGN_RealesCedDup_v030_exp874,679,Alba,agn_realesceddup
GPT OSS 120B · 8 000 TPM,Abreviaturas,Expansión completa,sor,Sor,AGN_RealesCedDup_v030_exp874,680,Alba,agn_realesceddup
GPT OSS 120B · 8 000 TPM,Abreviaturas,Expansión completa,sor,Sor,AGN_RealesCedDup_v030_exp874,681,Alba,agn_realesceddup
GPT OSS 120B · 8 000 TPM,Abreviaturas,Expansión completa,sor,sor,AGN_RealesCedDup_v030_exp874,682,Alba,agn_realesceddup
GPT OSS 120B · 8 000 TPM,Abreviaturas,Expansión completa,sor,Sor,AGN_RealesCedDup_v030_exp874,683,Alba,agn_realesceddup
GPT OSS 120B · 8 000 TPM,Abreviaturas,Expansión completa,sor,sor,AGN_RealesCedDup_v030_exp874,684,Alba,agn_realesceddup
GPT OSS 120B · 8 000 TPM,Abreviaturas,Expansión completa,sor,sor,AGN_RealesCedDup_v050_exp062,1530,Paloma,agn_realesceddup
GPT OSS 120B · 8 000 TPM,Abreviaturas,Expansión completa,sor,sor,BnF_112_04,1717,Paloma,bnf_112
GPT OSS 120B · 8 000 TPM,Abreviaturas,Expansión completa,sor,sor,BnF_112_04,1718,Paloma,bnf_112
Llama 3.3 70B · 12 000 TPM,Abreviaturas,Expansión completa,sor,sor,BnF_113_25,5328,Flor,bnf_113
Llama 3.3 70B · 12 000 TPM,Abreviaturas,Expansión completa,sor,sor,BnF_117_13,2835,Paco,bnf_117
Llama 3.3 70B · 12 000 TPM,Abreviaturas,Expansión completa,sor,Sor,BnF_174_02,952,Javier,bnf_174
GPT OSS 120B · 8 000 TPM,Abreviaturas,Expansión completa,to,to,AGN_AHHacienda_v1292_exp135,1266,Javier,agn_ahhacienda
GPT OSS 120B · 8 000 TPM,Abreviaturas,Expansión completa,to,to,AGN_AHHacienda_v1292_exp135,1267,Javier,agn_ahhacienda
GPT OSS 120B · 8 000 TPM,Abreviaturas,Expansión completa,to,to,AGN_AHHacienda_v1292_exp135,1268,Javier,agn_ahhacienda
GPT OSS 120B · 8 000 TPM,Abreviaturas,Expansión completa,to,to,AGN_AHHacienda_v1292_exp135,1269,Javier,agn_ahhacienda
GPT OSS 120B · 8 000 TPM,Abreviaturas,Expansión completa,to,to,AGN_AHHacienda_v1292_exp135,1270,Javier,agn_ahhacienda
GPT OSS 120B · 8 000 TPM,Abreviaturas,Expansión completa,to,To,BnF_111_20,5060,Flor,bnf_111
GPT OSS 120B · 8 000 TPM,Abreviaturas,Expansión completa,to,to,BnF_111_20,5061,Flor,bnf_111
GPT OSS 120B · 8 000 TPM,Abreviaturas,Expansión completa,to,to,BnF_111_20,5099,Flor,bnf_111
Llama 3.3 70B · 12 000 TPM,Abreviaturas,Expansión completa,to,to,AGN_HospJesus_c205_exp041_04,4978,Flor,agn_hospjesus
Llama 3.3 70B · 12 000 TPM,Abreviaturas,Expansión completa,to,to,BnF_111_21,5166,Flor,bnf_111
Llama 3.3 70B · 12 000 TPM,Abreviaturas,Expansión completa,to,to,BnF_111_21,5167,Flor,bnf_111
Llama 3.3 70B · 12 000 TPM,Abreviaturas,Expansión completa,to,to,BnF_111_21,5168,Flor,bnf_111
Llama 3.3 70B · 12 000 TPM,Abreviaturas,Expansión completa,to,to,BnF_111_21,5169,Flor,bnf_111
Llama 3.3 70B · 12 000 TPM,Abreviaturas,Expansión completa,to,to,BnF_111_21,5170,Flor,bnf_111
Llama 3.3 70B · 12 000 TPM,Abreviaturas,Expansión completa,to,to,BnF_111_21,5171,Flor,bnf_111
Llama 3.3 70B · 12 000 TPM,Abreviaturas,Expansión completa,to,to,BnF_111_21,5172,Flor,bnf_111
Llama 3.3 70B · 12 000 TPM,Abreviaturas,Expansión completa,to,to,BnF_267_03,2989,Paco,bnf_267
Llama 3.3 70B · 12 000 TPM,Abreviaturas,Expansión completa,to,to,BnF_267_03,2990,Paco,bnf_267
Llama 3.3 70B · 12 000 TPM,Abreviaturas,Expansión completa,to,to,BnF_267_03,2991,Paco,bnf_267
Llama 3.3 70B · 12 000 TPM,Abreviaturas,Expansión completa,to,to,BnF_267_03,2992,Paco,bnf_267
Llama 3.3 70B · 12 000 TPM,Abreviaturas,Expansión completa,to,to,BnF_267_03,2993,Paco,bnf_267
Llama 3.3 70B · 12 000 TPM,Abreviaturas,Expansión completa,to,to,BnF_267_03,2994,Paco,bnf_267
Llama 3.3 70B · 12 000 TPM,Abreviaturas,Expansión completa,to,to,BnF_267_03,2995,Paco,bnf_267
Llama 3.3 70B · 12 000 TPM,Abreviaturas,Expansión completa,to,to,BnF_267_03,2996,Paco,bnf_267
Llama 3.3 70B · 12 000 TPM,Abreviaturas,Expansión completa,to,to,BnF_267_03,2997,Paco,bnf_267
Llama 3.3 70B · 12 000 TPM,Abreviaturas,Expansión completa,to,to,BnF_267_03,2998,Paco,bnf_267
Llama 3.3 70B · 12 000 TPM,Abreviaturas,Expansión completa,to,to,BnF_267_03,2999,Paco,bnf_267
Llama 3.3 70B · 12 000 TPM,Abreviaturas,Expansión completa,to,to,BnF_267_03,3000,Paco,bnf_267
Llama 3.3 70B · 12 000 TPM,Abreviaturas,Expansión completa,to,to,BnF_267_03,3001,Paco,bnf_267
Llama 3.3 70B · 12 000 TPM,Abreviaturas,Expansión completa,to,to,BnF_267_03,3002,Paco,bnf_267
Llama 3.3 70B · 12 000 TPM,Abreviaturas,Expansión completa,to,to,BnF_267_03,3003,Paco,bnf_267
Llama 3.3 70B · 12 000 TPM,Abreviaturas,Expansión completa,to,to,BnF_267_03,3004,Paco,bnf_267
Llama 3.3 70B · 12 000 TPM,Abreviaturas,Expansión completa,to,to,BnF_267_03,3005,Paco,bnf_267
Llama 3.3 70B · 12 000 TPM,Abreviaturas,Expansión completa,to,to,BnF_267_03,3006,Paco,bnf_267
Llama 3.3 70B · 12 000 TPM,Abreviaturas,Expansión completa,to,to,BnF_267_03,3007,Paco,bnf_267
Llama 3.3 70B · 12 000 TPM,Abreviaturas,Expansión completa,to,to,BnF_267_03,3008,Paco,bnf_267
Llama 3.3 70B · 12 000 TPM,Abreviaturas,Expansión completa,to,to,BnF_267_03,3009,Paco,bnf_267
Llama 3.3 70B · 12 000 TPM,Abreviaturas,Expansión completa,to,to,BnF_267_03,3010,Paco,bnf_267
Llama 3.3 70B · 12 000 TPM,Abreviaturas,Expansión completa,to,to,BnF_267_03,3011,Paco,bnf_267
Llama 3.3 70B · 12 000 TPM,Abreviaturas,Expansión completa,to,to,BnF_267_03,3012,Paco,bnf_267
Llama 3.3 70B · 12 000 TPM,Abreviaturas,Expansión completa,to,to,BnF_267_03,3013,Paco,bnf_267
Llama 3.3 70B · 12 000 TPM,Abreviaturas,Expansión completa,to,to,BnF_267_03,3014,Paco,bnf_267
Llama 3.3 70B · 12 000 TPM,Abreviaturas,Expansión completa,to,to,BnF_267_03,3015,Paco,bnf_267
Llama 3.3 70B · 12 000 TPM,Abreviaturas,Expansión completa,to,to,BnF_267_03,3016,Paco,bnf_267
Llama 3.3 70B · 12 000 TPM,Abreviaturas,Expansión completa,to,to,BnF_267_03,3017,Paco,bnf_267
Llama 3.3 70B · 12 000 TPM,Abreviaturas,Expansión completa,to,to,BnF_267_03,3018,Paco,bnf_267
Llama 3.3 70B · 12 000 TPM,Abreviaturas,Expansión completa,to,to,BnF_267_03,3019,Paco,bnf_267
Llama 3.3 70B · 12 000 TPM,Abreviaturas,Expansión completa,to,to,BnF_267_23,3285,Paco,bnf_267
Llama 3.3 70B · 12 000 TPM,Abreviaturas,Expansión completa,to,to,BnF_267_23,3286,Paco,bnf_267
Llama 3.3 70B · 12 000 TPM,Abreviaturas,Expansión completa,to,to,BnF_267_23,3287,Paco,bnf_267
Llama 3.3 70B · 12 000 TPM,Abreviaturas,Expansión completa,to,to,BnF_267_23,3288,Paco,bnf_267
Llama 3.3 70B · 12 000 TPM,Abreviaturas,Expansión completa,to,to,BnF_267_23,3289,Paco,bnf_267
Llama 3.3 70B · 12 000 TPM,Abreviaturas,Expansión completa,to,to,BnF_267_23,3290,Paco,bnf_267
Llama 3.3 70B · 12 000 TPM,Abreviaturas,Expansión completa,to,to,BnF_267_23,3291,Paco,bnf_267
Llama 3.3 70B · 12 000 TPM,Abreviaturas,Expansión completa,to,to,BnF_267_23,3292,Paco,bnf_267
Llama 3.3 70B · 12 000 TPM,Abreviaturas,Expansión completa,to,to,BnF_267_23,3293,Paco,bnf_267
Llama 3.3 70B · 12 000 TPM,Abreviaturas,Expansión completa,to,to,BnF_267_23,3294,Paco,bnf_267
Llama 3.3 70B · 12 000 TPM,Abreviaturas,Expansión completa,to,to,BnF_267_23,3295,Paco,bnf_267
Llama 3.3 70B · 12 000 TPM,Abreviaturas,Expansión completa,to,to,BnF_267_23,3296,Paco,bnf_267
Llama 3.3 70B · 12 000 TPM,Abreviaturas,Expansión completa,to,to,BnF_267_23,3297,Paco,bnf_267
Llama 3.3 70B · 12 000 TPM,Abreviaturas,Expansión completa,to,to,BnF_267_23,3298,Paco,bnf_267
Llama 3.3 70B · 12 000 TPM,Abreviaturas,Expansión completa,to,to,BnF_267_23,3299,Paco,bnf_267
Llama 3.3 70B · 12 000 TPM,Abreviaturas,Expansión completa,to,to,BnF_267_23,3300,Paco,bnf_267
Llama 3.3 70B · 12 000 TPM,Abreviaturas,Expansión completa,to,to,BnF_267_23,3301,Paco,bnf_267
Llama 3.3 70B · 12 000 TPM,Abreviaturas,Expansión completa,to,to,BnF_267_23,3302,Paco,bnf_267
Llama 3.3 70B · 12 000 TPM,Abreviaturas,Expansión completa,to,to,BnF_267_23,3303,Paco,bnf_267
Llama 3.3 70B · 12 000 TPM,Abreviaturas,Expansión completa,to,to,BnF_267_23,3304,Paco,bnf_267
Llama 3.3 70B · 12 000 TPM,Abreviaturas,Expansión completa,to,to,BnF_267_23,3305,Paco,bnf_267
Llama 3.3 70B · 12 000 TPM,Abreviaturas,Expansión completa,to,to,BnF_267_23,3306,Paco,bnf_267
Llama 3.3 70B · 12 000 TPM,Abreviaturas,Expansión completa,to,to,BnF_267_23,3307,Paco,bnf_267
Llama 3.3 70B · 12 000 TPM,Abreviaturas,Expansión completa,to,to,BnF_267_23,3308,Paco,bnf_267
Llama 3.3 70B · 12 000 TPM,Abreviaturas,Expansión completa,to,to,BnF_267_23,3309,Paco,bnf_267
Llama 3.3 70B · 12 000 TPM,Abreviaturas,Expansión completa,to,to,BnF_267_23,3310,Paco,bnf_267
Llama 3.3 70B · 12 000 TPM,Abreviaturas,Expansión completa,to,to,BnF_267_23,3311,Paco,bnf_267
Llama 3.3 70B · 12 000 TPM,Abreviaturas,Expansión completa,to,to,BnF_267_23,3312,Paco,bnf_267
Llama 3.3 70B · 12 000 TPM,Abreviaturas,Expansión completa,to,to,BnF_267_23,3313,Paco,bnf_267
Llama 3.3 70B · 12 000 TPM,Abreviaturas,Expansión completa,to,to,BnF_267_23,3314,Paco,bnf_267
Llama 3.3 70B · 12 000 TPM,Abreviaturas,Expansión completa,to,to,BnF_267_23,3315,Paco,bnf_267
Llama 3.3 70B · 12 000 TPM,Abreviaturas,Expansión completa,to,to,BnF_267_23,3316,Paco,bnf_267
Llama 3.3 70B · 12 000 TPM,Abreviaturas,Expansión completa,vo,Vo,AGI_CONTRATACION_1089_N8_151,2141,Paco,agi_contratacion
Llama 3.3 70B · 12 000 TPM,Abreviaturas,Expansión completa,vo,Vo,AGI_CONTRATACION_1089_N8_151,2148,Paco,agi_contratacion
Llama 3.3 70B · 12 000 TPM,Abreviaturas,Expansión completa,vo,vo,utblac_gg_mss_g62_duplicated_11,1266,Alba,utblac_gg
GPT OSS 120B · 8 000 TPM,Abreviaturas,Expansión completa,xptoval,Xptoval,AGI_PATRONATO_182_R3_04,2259,Paco,agi_patronato
GPT OSS 120B · 8 000 TPM,Abreviaturas,Expansión completa,xptoval,xptoval,AGN_Indios_v019_exp354_2,428,Alba,agn_indios
GPT OSS 120B · 8 000 TPM,Abreviaturas,Expansión completa,xptoval,xptoval,AGN_Indios_v019_exp354_2,429,Alba,agn_indios
GPT OSS 120B · 8 000 TPM,Abreviaturas,No sub-rule assigned,dha,dha,AGN_AHHacienda_v268_exp046_01,107,Adriana,agn_ahhacienda
GPT OSS 120B · 8 000 TPM,Abreviaturas,No sub-rule assigned,dha,dha,AGN_Mercedes_v003_exp520,619,Alba,agn_mercedes
GPT OSS 120B · 8 000 TPM,Abreviaturas,No sub-rule assigned,dha,dha,BnF_030_21,231,Edna,bnf_030
GPT OSS 120B · 8 000 TPM,Abreviaturas,No sub-rule assigned,dha,dha,BnF_030_21,232,Edna,bnf_030
GPT OSS 120B · 8 000 TPM,Abreviaturas,No sub-rule assigned,dha,dha,BnF_112_04,1720,Paloma,bnf_112
GPT OSS 120B · 8 000 TPM,Abreviaturas,No sub-rule assigned,dha,dha,BnF_112_04,1721,Paloma,bnf_112
GPT OSS 120B · 8 000 TPM,Abreviaturas,No sub-rule assigned,dha,dha,BnF_112_04,1722,Paloma,bnf_112
GPT OSS 120B · 8 000 TPM,Abreviaturas,No sub-rule assigned,dha,dha,BnF_112_04,1723,Paloma,bnf_112
GPT OSS 120B · 8 000 TPM,Abreviaturas,No sub-rule assigned,dha,dha,BnF_112_23,407,Edna,bnf_112
GPT OSS 120B · 8 000 TPM,Abreviaturas,No sub-rule assigned,dho,dho,AGN_Mercedes_v003_exp520,592,Alba,agn_mercedes
GPT OSS 120B · 8 000 TPM,Abreviaturas,No sub-rule assigned,dho,dho,AGN_Mercedes_v003_exp520,593,Alba,agn_mercedes
GPT OSS 120B · 8 000 TPM,Abreviaturas,No sub-rule assigned,dho,dho,BnF_111_20,5050,Flor,bnf_111
GPT OSS 120B · 8 000 TPM,Abreviaturas,No sub-rule assigned,dho,dho,BnF_111_20,5051,Flor,bnf_111
GPT OSS 120B · 8 000 TPM,Abreviaturas,No sub-rule assigned,dho,dho,BnF_112_04,1829,Paloma,bnf_112
GPT OSS 120B · 8 000 TPM,Abreviaturas,No sub-rule assigned,dho,dho,BnF_112_04,1830,Paloma,bnf_112
GPT OSS 120B · 8 000 TPM,Abreviaturas,No sub-rule assigned,dho,dho,BnF_112_04,1831,Paloma,bnf_112
GPT OSS 120B · 8 000 TPM,Abreviaturas,No sub-rule assigned,dho,dho,BnF_112_23,436,Edna,bnf_112
GPT OSS 120B · 8 000 TPM,Abreviaturas,No sub-rule assigned,dho,dho,BnF_112_23,437,Edna,bnf_112
GPT OSS 120B · 8 000 TPM,Abreviaturas,No sub-rule assigned,dho,dho,BnF_112_23,438,Edna,bnf_112
GPT OSS 120B · 8 000 TPM,Abreviaturas,No sub-rule assigned,dho,dho,BnF_112_23,439,Edna,bnf_112
GPT OSS 120B · 8 000 TPM,Abreviaturas,No sub-rule assigned,dhos,dhos,AGN_Mercedes_v003_exp520,608,Alba,agn_mercedes
GPT OSS 120B · 8 000 TPM,Abreviaturas,No sub-rule assigned,dhos,dhos,BnF_113_22,1932,Paloma,bnf_113
GPT OSS 120B · 8 000 TPM,Abreviaturas,No sub-rule assigned,dhos,dhos,BnF_113_22,1933,Paloma,bnf_113
Llama 3.3 70B · 12 000 TPM,Abreviaturas,No sub-rule assigned,dn,Dn,BnF_243_17,628,Edna,bnf_243
Llama 3.3 70B · 12 000 TPM,Abreviaturas,No sub-rule assigned,dn,Dn,BnF_243_17,629,Edna,bnf_243
Llama 3.3 70B · 12 000 TPM,Abreviaturas,No sub-rule assigned,dn,Dn,BnF_243_17,630,Edna,bnf_243
Llama 3.3 70B · 12 000 TPM,Abreviaturas,No sub-rule assigned,dn,Dn,BnF_243_17,631,Edna,bnf_243
Llama 3.3 70B · 12 000 TPM,Abreviaturas,No sub-rule assigned,dn,Dn,BnF_243_17,632,Edna,bnf_243
Llama 3.3 70B · 12 000 TPM,Abreviaturas,No sub-rule assigned,dn,Dn,BnF_243_17,633,Edna,bnf_243
Llama 3.3 70B · 12 000 TPM,Abreviaturas,No sub-rule assigned,dn,Dn,BnF_244_02,1218,Alba,bnf_244
GPT OSS 120B · 8 000 TPM,Abreviaturas,No sub-rule assigned,do,do,AGN_RealesCedDup_v050_exp062,1499,Paloma,agn_realesceddup
GPT OSS 120B · 8 000 TPM,Abreviaturas,No sub-rule assigned,do,do,AGN_RealesCedDup_v050_exp062,1502,Paloma,agn_realesceddup
GPT OSS 120B · 8 000 TPM,Abreviaturas,No sub-rule assigned,do,do,AGN_RealesCedDup_v050_exp062,1509,Paloma,agn_realesceddup
GPT OSS 120B · 8 000 TPM,Abreviaturas,No sub-rule assigned,do,do,BnF_030_21,307,Edna,bnf_030
GPT OSS 120B · 8 000 TPM,Abreviaturas,No sub-rule assigned,dos,dos,AGI_GUADALAJARA_230_L2_F_45V-46V_1,170,Edna,agi_guadalajara
GPT OSS 120B · 8 000 TPM,Abreviaturas,No sub-rule assigned,dos,dos,AGN_Marina_v004_exp006_014,901,Javier,agn_marina
GPT OSS 120B · 8 000 TPM,Abreviaturas,No sub-rule assigned,dos,dos,BnF_116_02,2797,Paco,bnf_116
GPT OSS 120B · 8 000 TPM,Abreviaturas,No sub-rule assigned,dos,dos,BnF_116_02,2798,Paco,bnf_116
GPT OSS 120B · 8 000 TPM,Abreviaturas,No sub-rule assigned,franco,Franco,AGI_GUADALAJARA_230_L2_F_45V-46V_1,129,Edna,agi_guadalajara
GPT OSS 120B · 8 000 TPM,Abreviaturas,No sub-rule assigned,franco,Franco,BnF_030_21,316,Edna,bnf_030
GPT OSS 120B · 8 000 TPM,Abreviaturas,No sub-rule assigned,franco,franco,BnF_112_23,458,Edna,bnf_112
GPT OSS 120B · 8 000 TPM,Abreviaturas,No sub-rule assigned,franco,franco,BnF_113_22,1986,Paloma,bnf_113
Llama 3.3 70B · 12 000 TPM,Abreviaturas,No sub-rule assigned,franco,Franco,AGN_HospJesus_c205_exp041_04,4960,Flor,agn_hospjesus
Llama 3.3 70B · 12 000 TPM,Abreviaturas,No sub-rule assigned,franco,Franco,AGN_HospJesus_c205_exp041_04,4961,Flor,agn_hospjesus
Llama 3.3 70B · 12 000 TPM,Abreviaturas,No sub-rule assigned,franco,Franco,AGN_HospJesus_c205_exp041_04,4962,Flor,agn_hospjesus
Llama 3.3 70B · 12 000 TPM,Abreviaturas,No sub-rule assigned,franco,Franco,BnF_113_43,2042,Paloma,bnf_113
Llama 3.3 70B · 12 000 TPM,Abreviaturas,No sub-rule assigned,franco,Franco,BnF_113_43,2043,Paloma,bnf_113
Llama 3.3 70B · 12 000 TPM,Abreviaturas,No sub-rule assigned,franco,Franco,BnF_174_04,2251,Paloma,bnf_174
Llama 3.3 70B · 12 000 TPM,Abreviaturas,No sub-rule assigned,franco,Franco,BnF_174_04,2252,Paloma,bnf_174
Llama 3.3 70B · 12 000 TPM,Abreviaturas,No sub-rule assigned,fue,fue,AGN_GralParte_v001_exp1020_02,12,Edna,agn_gralparte
Llama 3.3 70B · 12 000 TPM,Abreviaturas,No sub-rule assigned,fue,Fue,BnF_118_05,1214,Alba,bnf_118
GPT OSS 120B · 8 000 TPM,Abreviaturas,No sub-rule assigned,mexco,mexco,AGN_Indios_v019_exp354_2,472,Alba,agn_indios
GPT OSS 120B · 8 000 TPM,Abreviaturas,No sub-rule assigned,mexco,Mexco,AGN_RealesCedDup_v030_exp874,744,Alba,agn_realesceddup
GPT OSS 120B · 8 000 TPM,Abreviaturas,No sub-rule assigned,mexco,Mexco,AGN_RealesCedDup_v030_exp874,745,Alba,agn_realesceddup
GPT OSS 120B · 8 000 TPM,Abreviaturas,No sub-rule assigned,mexco,mexco,BnF_112_23,356,Edna,bnf_112
GPT OSS 120B · 8 000 TPM,Abreviaturas,No sub-rule assigned,puo,puo,AGN_Mercedes_v003_exp520,576,Alba,agn_mercedes
GPT OSS 120B · 8 000 TPM,Abreviaturas,No sub-rule assigned,puo,puo,AGN_Mercedes_v003_exp520,577,Alba,agn_mercedes
GPT OSS 120B · 8 000 TPM,Abreviaturas,No sub-rule assigned,puo,puo,BnF_113_22,1952,Paloma,bnf_113
GPT OSS 120B · 8 000 TPM,Abreviaturas,No sub-rule assigned,puo,puo,BnF_113_22,1953,Paloma,bnf_113
GPT OSS 120B · 8 000 TPM,Abreviaturas,No sub-rule assigned,puo,puo,BnF_113_22,1954,Paloma,bnf_113
GPT OSS 120B · 8 000 TPM,Abreviaturas,No sub-rule assigned,puo,puo,BnF_113_22,1955,Paloma,bnf_113
GPT OSS 120B · 8 000 TPM,Abreviaturas,No sub-rule assigned,puo,puo,BnF_113_22,1956,Paloma,bnf_113
GPT OSS 120B · 8 000 TPM,Abreviaturas,No sub-rule assigned,puo,puo,BnF_113_22,1957,Paloma,bnf_113
GPT OSS 120B · 8 000 TPM,Abreviaturas,No sub-rule assigned,q,q,AGN_Mercedes_v003_exp520,578,Alba,agn_mercedes
GPT OSS 120B · 8 000 TPM,Abreviaturas,No sub-rule assigned,q,q,AGN_Mercedes_v003_exp520,579,Alba,agn_mercedes
GPT OSS 120B · 8 000 TPM,Abreviaturas,No sub-rule assigned,q,q,AGN_Mercedes_v003_exp520,580,Alba,agn_mercedes
GPT OSS 120B · 8 000 TPM,Abreviaturas,No sub-rule assigned,q,q,AGN_Mercedes_v003_exp520,581,Alba,agn_mercedes
GPT OSS 120B · 8 000 TPM,Abreviaturas,No sub-rule assigned,q,q,AGN_Mercedes_v003_exp520,582,Alba,agn_mercedes
GPT OSS 120B · 8 000 TPM,Abreviaturas,No sub-rule assigned,q,q,AGN_Mercedes_v003_exp520,583,Alba,agn_mercedes
GPT OSS 120B · 8 000 TPM,Abreviaturas,No sub-rule assigned,q,q,BnF_112_23,388,Edna,bnf_112
GPT OSS 120B · 8 000 TPM,Abreviaturas,No sub-rule assigned,q,q,BnF_112_23,389,Edna,bnf_112
GPT OSS 120B · 8 000 TPM,Abreviaturas,No sub-rule assigned,q,q,BnF_112_23,390,Edna,bnf_112
GPT OSS 120B · 8 000 TPM,Abreviaturas,No sub-rule assigned,q,q,BnF_112_23,391,Edna,bnf_112
GPT OSS 120B · 8 000 TPM,Abreviaturas,No sub-rule assigned,q,q,BnF_112_23,392,Edna,bnf_112
GPT OSS 120B · 8 000 TPM,Abreviaturas,No sub-rule assigned,q,q,BnF_112_23,393,Edna,bnf_112
GPT OSS 120B · 8 000 TPM,Abreviaturas,No sub-rule assigned,q,q,BnF_112_23,394,Edna,bnf_112
GPT OSS 120B · 8 000 TPM,Abreviaturas,No sub-rule assigned,q,q,BnF_113_22,1991,Paloma,bnf_113
Llama 3.3 70B · 12 000 TPM,Abreviaturas,No sub-rule assigned,seiscientos,seiscientos,BnF_110_09,1114,Alba,bnf_110
Llama 3.3 70B · 12 000 TPM,Abreviaturas,No sub-rule assigned,seiscientos,seiscientos,BnF_110_33,1119,Alba,bnf_110
Llama 3.3 70B · 12 000 TPM,Abreviaturas,No sub-rule assigned,seiscientos,seiscientos,BnF_118_05,1215,Alba,bnf_118
Llama 3.3 70B · 12 000 TPM,Abreviaturas,No sub-rule assigned,seiscientos,seiscientos,BnF_119-148_13,590,Edna,bnf_119-148
GPT OSS 120B · 8 000 TPM,Abreviaturas,No sub-rule assigned,tpo,tpo,AGN_RealesCedDup_v030_exp874,783,Alba,agn_realesceddup
GPT OSS 120B · 8 000 TPM,Abreviaturas,No sub-rule assigned,tpo,tpo,AGN_RealesCedDup_v030_exp874,784,Alba,agn_realesceddup
GPT OSS 120B · 8 000 TPM,Abreviaturas,No sub-rule assigned,tpo,tpo,BnF_112_04,1813,Paloma,bnf_112
GPT OSS 120B · 8 000 TPM,Acentuación,No sub-rule assigned,adjudico,adjudico,BnF_032_36,3122,Paco,bnf_032
GPT OSS 120B · 8 000 TPM,Acentuación,No sub-rule assigned,adjudico,adjudico,BnF_112_02,5467,Arturo,bnf_112
Llama 3.3 70B · 12 000 TPM,Acentuación,No sub-rule assigned,como,como,BnF_110_09,1056,Alba,bnf_110
Llama 3.3 70B · 12 000 TPM,Acentuación,No sub-rule assigned,como,como,BnF_174_03,5828,Arturo,bnf_174
Llama 3.3 70B · 12 000 TPM,Acentuación,No sub-rule assigned,como,como,UIA_Ms149_Exp2_51,6035,Arturo,uia_ms149
Llama 3.3 70B · 12 000 TPM,Acentuación,No sub-rule assigned,declaro,declaro,AGI_CONTRATACION_1089_N8_176,4877,Flor,agi_contratacion
Llama 3.3 70B · 12 000 TPM,Acentuación,No sub-rule assigned,declaro,declaro,AGN_GralParte_v006_exp617_02,416,Rodrigo,agn_gralparte
Llama 3.3 70B · 12 000 TPM,Acentuación,No sub-rule assigned,declaro,declaro,AGN_GralParte_v006_exp617_02,417,Rodrigo,agn_gralparte
Llama 3.3 70B · 12 000 TPM,Acentuación,No sub-rule assigned,declaro,declaro,BnF_075_026,5296,Arturo,bnf_075
GPT OSS 120B · 8 000 TPM,Acentuación,No sub-rule assigned,despues,despues,AGI_PATRONATO_182_R3_01,136,Alba,agi_patronato
GPT OSS 120B · 8 000 TPM,Acentuación,No sub-rule assigned,despues,despues,BnF_113_22,1979,Paloma,bnf_113
GPT OSS 120B · 8 000 TPM,Acentuación,No sub-rule assigned,dias,dias,AGI_PATRONATO_182_R3_01,21,Alba,agi_patronato
GPT OSS 120B · 8 000 TPM,Acentuación,No sub-rule assigned,dias,dias,AGN_GralParte_v006_exp617_01,205,Rodrigo,agn_gralparte
GPT OSS 120B · 8 000 TPM,Acentuación,No sub-rule assigned,dias,dias,AGN_GralParte_v006_exp617_01,206,Rodrigo,agn_gralparte
GPT OSS 120B · 8 000 TPM,Acentuación,No sub-rule assigned,dias,dias,AGN_GralParte_v006_exp617_01,207,Rodrigo,agn_gralparte
GPT OSS 120B · 8 000 TPM,Acentuación,No sub-rule assigned,dias,dias,AGN_Indios_v019_exp354_2,468,Alba,agn_indios
GPT OSS 120B · 8 000 TPM,Acentuación,No sub-rule assigned,dias,dias,AGN_Mercedes_v003_exp520,595,Alba,agn_mercedes
GPT OSS 120B · 8 000 TPM,Acentuación,No sub-rule assigned,dias,dias,BnF_113_22,1981,Paloma,bnf_113
GPT OSS 120B · 8 000 TPM,Acentuación,No sub-rule assigned,el,el,AGN_Marina_v004_exp006_005,37,Edna,agn_marina
GPT OSS 120B · 8 000 TPM,Acentuación,No sub-rule assigned,el,el,AMP_AC_v021__doc026_1,626,Rodrigo,amp_ac
GPT OSS 120B · 8 000 TPM,Acentuación,No sub-rule assigned,el,el,BNE_ms3047_1,1043,Rodrigo,bne_ms3047
GPT OSS 120B · 8 000 TPM,Acentuación,No sub-rule assigned,el,el,BnF_112_02,5427,Arturo,bnf_112
Llama 3.3 70B · 12 000 TPM,Acentuación,No sub-rule assigned,el,el,AGN_HospJesus_c474_leg267-2_exp024_7473-7537_05,568,Rodrigo,agn_hospjesus
Llama 3.3 70B · 12 000 TPM,Acentuación,No sub-rule assigned,el,el,AGN_HospJesus_c474_leg267-2_exp024_7473-7537_05,790,Rodrigo,agn_hospjesus
Llama 3.3 70B · 12 000 TPM,Acentuación,No sub-rule assigned,el,el,BnF_117_03,5540,Arturo,bnf_117
Llama 3.3 70B · 12 000 TPM,Acentuación,No sub-rule assigned,el,el,Mechoacan_Yurirapundaro_1,850,Adriana,mechoacan_yurirapundaro
Llama 3.3 70B · 12 000 TPM,Acentuación,No sub-rule assigned,firme,firme,AGN_Tierras_v039-2_exp003_41,5026,Flor,agn_tierras
Llama 3.3 70B · 12 000 TPM,Acentuación,No sub-rule assigned,firme,firme,AGN_Tierras_v039-2_exp003_41,5027,Flor,agn_tierras
Llama 3.3 70B · 12 000 TPM,Acentuación,No sub-rule assigned,firme,firme,BnF_243_16,1361,Rodrigo,bnf_243
Llama 3.3 70B · 12 000 TPM,Acentuación,No sub-rule assigned,firme,firme,BnF_243_16,1362,Rodrigo,bnf_243
GPT OSS 120B · 8 000 TPM,Acentuación,No sub-rule assigned,mando,mando,BnF_032_36,3123,Paco,bnf_032
GPT OSS 120B · 8 000 TPM,Acentuación,No sub-rule assigned,mando,mando,BnF_032_36,3124,Paco,bnf_032
GPT OSS 120B · 8 000 TPM,Acentuación,No sub-rule assigned,mando,mando,BnF_112_02,5466,Arturo,bnf_112
GPT OSS 120B · 8 000 TPM,Acentuación,No sub-rule assigned,mexico,mexico,AGI_PATRONATO_182_R3_01,129,Alba,agi_patronato
GPT OSS 120B · 8 000 TPM,Acentuación,No sub-rule assigned,mexico,mexico,BnF_112_23,419,Edna,bnf_112
GPT OSS 120B · 8 000 TPM,Acentuación,No sub-rule assigned,mi,mi,AGI_CONTRATACION_1183_N8_78,40,Adriana,agi_contratacion
GPT OSS 120B · 8 000 TPM,Acentuación,No sub-rule assigned,mi,mi,AGN_Indios_v009_exp003_fs4v-5_01,4744,Arturo,agn_indios
GPT OSS 120B · 8 000 TPM,Acentuación,No sub-rule assigned,mi,mi,BnF_104_2,3154,Paco,bnf_104
GPT OSS 120B · 8 000 TPM,Acentuación,No sub-rule assigned,mi,mi,BnF_104_2,3166,Paco,bnf_104
GPT OSS 120B · 8 000 TPM,Acentuación,No sub-rule assigned,mi,mi,BnF_104_2,3167,Paco,bnf_104
GPT OSS 120B · 8 000 TPM,Acentuación,No sub-rule assigned,mi,mi,BnF_104_2,3168,Paco,bnf_104
GPT OSS 120B · 8 000 TPM,Acentuación,No sub-rule assigned,mi,mi,BnF_113_04,3203,Paco,bnf_113
GPT OSS 120B · 8 000 TPM,Acentuación,No sub-rule assigned,mi,mi,BnF_113_04,3208,Paco,bnf_113
Llama 3.3 70B · 12 000 TPM,Acentuación,No sub-rule assigned,obligo,obligo,AGI_CONTRATACION_1089_N8_151,3071,Paco,agi_contratacion
Llama 3.3 70B · 12 000 TPM,Acentuación,No sub-rule assigned,obligo,obligo,AGN_AHHacienda_v268_exp046_03,4341,Arturo,agn_ahhacienda
GPT OSS 120B · 8 000 TPM,Acentuación,No sub-rule assigned,pidio,pidio,AGN_GralParte_v006_exp617_01,305,Rodrigo,agn_gralparte
GPT OSS 120B · 8 000 TPM,Acentuación,No sub-rule assigned,pidio,pidio,BnF_112_02,5455,Arturo,bnf_112
GPT OSS 120B · 8 000 TPM,Acentuación,No sub-rule assigned,posesion,posesion,AGN_Mercedes_v003_exp520,618,Alba,agn_mercedes
GPT OSS 120B · 8 000 TPM,Acentuación,No sub-rule assigned,posesion,posesion,BnF_112_02,5452,Arturo,bnf_112
GPT OSS 120B · 8 000 TPM,Acentuación,No sub-rule assigned,posesion,posesion,BnF_112_02,5453,Arturo,bnf_112
GPT OSS 120B · 8 000 TPM,Acentuación,No sub-rule assigned,relacion,relacion,AGN_GralParte_v006_exp617_01,301,Rodrigo,agn_gralparte
GPT OSS 120B · 8 000 TPM,Acentuación,No sub-rule assigned,relacion,Relacion,AGN_Indios_v019_exp354_2,496,Alba,agn_indios
GPT OSS 120B · 8 000 TPM,Acentuación,No sub-rule assigned,relacion,Relacion,BnF_112_23,343,Edna,bnf_112
GPT OSS 120B · 8 000 TPM,Acentuación,No sub-rule assigned,relacion,relacion,BnF_112_23,344,Edna,bnf_112
GPT OSS 120B · 8 000 TPM,Acentuación,No sub-rule assigned,terminos,terminos,AGN_GralParte_v006_exp617_01,299,Rodrigo,agn_gralparte
GPT OSS 120B · 8 000 TPM,Acentuación,No sub-rule assigned,terminos,terminos,AGN_GralParte_v006_exp617_01,300,Rodrigo,agn_gralparte
GPT OSS 120B · 8 000 TPM,Acentuación,No sub-rule assigned,terminos,terminos,AGN_Mercedes_v003_exp520,605,Alba,agn_mercedes
GPT OSS 120B · 8 000 TPM,Acentuación,No sub-rule assigned,vendio,vendio,AGN_GralParte_v006_exp617_01,399,Rodrigo,agn_gralparte
GPT OSS 120B · 8 000 TPM,Acentuación,No sub-rule assigned,vendio,vendio,BnF_112_02,5438,Arturo,bnf_112
Llama 3.3 70B · 12 000 TPM,Cambios,Deleción,a,a,AGI_INDIFERENTE_1529_N36_07,92,Rodrigo,agi_indiferente
Llama 3.3 70B · 12 000 TPM,Cambios,Deleción,a,a,AGI_INDIFERENTE_1529_N36_07,97,Rodrigo,agi_indiferente
Llama 3.3 70B · 12 000 TPM,Cambios,Deleción,a,a,AGI_INDIFERENTE_1529_N36_07,118,Rodrigo,agi_indiferente
Llama 3.3 70B · 12 000 TPM,Cambios,Deleción,a,a,AGI_PATRONATO_181_R13_2,1284,Paloma,agi_patronato
Llama 3.3 70B · 12 000 TPM,Cambios,Deleción,al,al,AGN_GralParte_v001_exp1020_01,1368,Paloma,agn_gralparte
Llama 3.3 70B · 12 000 TPM,Cambios,Deleción,al,al,BnF_266_07,2883,Paco,bnf_266
Llama 3.3 70B · 12 000 TPM,Cambios,Deleción,al,al,BnF_266_07,2907,Paco,bnf_266
Llama 3.3 70B · 12 000 TPM,Cambios,Deleción,así,así,AGI_INDIFERENTE_1529_N8_06,685,Rodrigo,agi_indiferente
Llama 3.3 70B · 12 000 TPM,Cambios,Deleción,así,así,BnF_075_035,5359,Arturo,bnf_075
Llama 3.3 70B · 12 000 TPM,Cambios,Deleción,así,así,BnF_113_43,2035,Paloma,bnf_113
Llama 3.3 70B · 12 000 TPM,Cambios,Deleción,así,así,BnF_117_03,5535,Arturo,bnf_117
Llama 3.3 70B · 12 000 TPM,Cambios,Deleción,así,así,BnF_119-148_33,2190,Paloma,bnf_119-148
Llama 3.3 70B · 12 000 TPM,Cambios,Deleción,así,así,BnF_119-148_33,2191,Paloma,bnf_119-148
GPT OSS 120B · 8 000 TPM,Cambios,Deleción,da,da,AGN_RealesCedDup_v050_exp062,1503,Paloma,agn_realesceddup
GPT OSS 120B · 8 000 TPM,Cambios,Deleción,da,da,BnF_112_25,2721,Paco,bnf_112
Llama 3.3 70B · 12 000 TPM,Cambios,Deleción,del,del,AGI_INDIFERENTE_1529_N36_07,125,Rodrigo,agi_indiferente
Llama 3.3 70B · 12 000 TPM,Cambios,Deleción,del,del,BnF_174_04,2263,Paloma,bnf_174
Llama 3.3 70B · 12 000 TPM,Cambios,Deleción,del,del,BnF_174_04,2272,Paloma,bnf_174
Llama 3.3 70B · 12 000 TPM,Cambios,Deleción,del,del,BnF_174_04,2275,Paloma,bnf_174
Llama 3.3 70B · 12 000 TPM,Cambios,Deleción,del,del,BnF_174_04,2276,Paloma,bnf_174
Llama 3.3 70B · 12 000 TPM,Cambios,Deleción,del,del,BnF_174_04,2277,Paloma,bnf_174
GPT OSS 120B · 8 000 TPM,Cambios,Deleción,del pueblo,del pueblo,AGN_Indios_v009_exp003_fs4v-5_01,4639,Arturo,agn_indios
GPT OSS 120B · 8 000 TPM,Cambios,Deleción,del pueblo,del pueblo,AGN_Indios_v009_exp003_fs4v-5_01,4691,Arturo,agn_indios
GPT OSS 120B · 8 000 TPM,Cambios,Deleción,del pueblo,del pueblo,BnF_116_02,2788,Paco,bnf_116
GPT OSS 120B · 8 000 TPM,Cambios,Deleción,españa,España,AGI_PATRONATO_181_R13_1,1264,Paloma,agi_patronato
GPT OSS 120B · 8 000 TPM,Cambios,Deleción,españa,España,AGI_PATRONATO_181_R13_1,1265,Paloma,agi_patronato
GPT OSS 120B · 8 000 TPM,Cambios,Deleción,españa,España,AGI_PATRONATO_181_R13_1,1266,Paloma,agi_patronato
GPT OSS 120B · 8 000 TPM,Cambios,Deleción,españa,España,AGN_Mercedes_v003_exp520,564,Alba,agn_mercedes
Llama 3.3 70B · 12 000 TPM,Cambios,Deleción,mi,mi,BnF_030_22,2436,Paco,bnf_030
Llama 3.3 70B · 12 000 TPM,Cambios,Deleción,mi,mi,BnF_030_22,2439,Paco,bnf_030
Llama 3.3 70B · 12 000 TPM,Cambios,Deleción,mi,mi,BnF_030_22,2440,Paco,bnf_030
Llama 3.3 70B · 12 000 TPM,Cambios,Deleción,mi,mi,BnF_032_39,1622,Paloma,bnf_032
Llama 3.3 70B · 12 000 TPM,Cambios,Deleción,mi,mi,BnF_032_39,1624,Paloma,bnf_032
Llama 3.3 70B · 12 000 TPM,Cambios,Deleción,mil quinientos sesenta,mil quinientos sesenta,BnF_113_43,2040,Paloma,bnf_113
Llama 3.3 70B · 12 000 TPM,Cambios,Deleción,mil quinientos sesenta,mil quinientos sesenta,BnF_243_16,1351,Rodrigo,bnf_243
Llama 3.3 70B · 12 000 TPM,Cambios,Deleción,que,Que,AGN_AHHacienda_v268_exp046_03,4317,Arturo,agn_ahhacienda
Llama 3.3 70B · 12 000 TPM,Cambios,Deleción,que,que,BnF_394_07,1559,Rodrigo,bnf_394
Llama 3.3 70B · 12 000 TPM,Cambios,Deleción,seiscientos,seiscientos,BnF_075_035,5302,Arturo,bnf_075
Llama 3.3 70B · 12 000 TPM,Cambios,Deleción,seiscientos,seiscientos,BnF_117_13,2845,Paco,bnf_117
Llama 3.3 70B · 12 000 TPM,Cambios,Deleción,veintisiete,veintisiete,BnF_030_22,3106,Paco,bnf_030
Llama 3.3 70B · 12 000 TPM,Cambios,Deleción,veintisiete,veintisiete,utblac_wbs_1433_duplicated_1,1610,Rodrigo,utblac_wbs
Llama 3.3 70B · 12 000 TPM,Cambios,Inserción,a,a,BnF_118_03,2086,Paloma,bnf_118
Llama 3.3 70B · 12 000 TPM,Cambios,Inserción,a,a,UIA_Ms149_Exp2_51,6000,Arturo,uia_ms149
Llama 3.3 70B · 12 000 TPM,Cambios,Inserción,de la,de la,AGN_HospJesus_c474_leg267-2_exp024_7473-7537_05,795,Rodrigo,agn_hospjesus
Llama 3.3 70B · 12 000 TPM,Cambios,Inserción,de la,de la,BnF_119-148_33,2207,Paloma,bnf_119-148
Llama 3.3 70B · 12 000 TPM,Cambios,Inserción,de la,de la,BnF_119-148_33,2210,Paloma,bnf_119-148
Llama 3.3 70B · 12 000 TPM,Cambios,Inserción,de la,de la,BnF_266_07,2932,Paco,bnf_266
Llama 3.3 70B · 12 000 TPM,Cambios,Inserción,lo,lo,AGN_HospJesus_c474_leg267-2_exp024_7473-7537_02,2284,Paco,agn_hospjesus
Llama 3.3 70B · 12 000 TPM,Cambios,Inserción,lo,lo,BnF_118_08,5613,Arturo,bnf_118
Llama 3.3 70B · 12 000 TPM,Cambios,Inserción,los,los,BnF_032_23,5108,Arturo,bnf_032
Llama 3.3 70B · 12 000 TPM,Cambios,Inserción,los,los,BnF_117_15,5330,Flor,bnf_117
Llama 3.3 70B · 12 000 TPM,Cambios,Inserción,los,los,UIA_Ms149_Exp2_51,6018,Arturo,uia_ms149
Llama 3.3 70B · 12 000 TPM,Cambios,Inserción,que,que,AGN_AHHacienda_v268_exp046_02,1301,Paloma,agn_ahhacienda
Llama 3.3 70B · 12 000 TPM,Cambios,Inserción,que,que,AGN_AHHacienda_v268_exp046_02,1302,Paloma,agn_ahhacienda
Llama 3.3 70B · 12 000 TPM,Cambios,Inserción,que,que,AGN_AHHacienda_v268_exp046_02,1304,Paloma,agn_ahhacienda
Llama 3.3 70B · 12 000 TPM,Cambios,Inserción,que,que,AGN_GralParte_v001_exp1020_01,1381,Paloma,agn_gralparte
Llama 3.3 70B · 12 000 TPM,Cambios,Inserción,que,que,AGN_GralParte_v001_exp1020_01,1389,Paloma,agn_gralparte
Llama 3.3 70B · 12 000 TPM,Cambios,Inserción,que,que,BP_CM_R481_016,5885,Arturo,bp_cm
Llama 3.3 70B · 12 000 TPM,Cambios,Inserción,que,que,BP_CM_R481_016,5894,Arturo,bp_cm
Llama 3.3 70B · 12 000 TPM,Cambios,Inserción,que,que,BnF_032_23,4779,Arturo,bnf_032
Llama 3.3 70B · 12 000 TPM,Cambios,Inserción,que,que,BnF_032_23,4824,Arturo,bnf_032
Llama 3.3 70B · 12 000 TPM,Cambios,Inserción,que,que,BnF_118_03,2101,Paloma,bnf_118
Llama 3.3 70B · 12 000 TPM,Cambios,Inserción,que,que,BnF_119-148_13,611,Edna,bnf_119-148
Llama 3.3 70B · 12 000 TPM,Cambios,Inserción,que,que,BnF_244_03,5854,Arturo,bnf_244
Llama 3.3 70B · 12 000 TPM,Cambios,Inserción,que,que,BnF_244_03,5855,Arturo,bnf_244
Llama 3.3 70B · 12 000 TPM,Cambios,Inserción,que,que,UIA_Ms149_Exp3_43,3371,Paco,uia_ms149
Llama 3.3 70B · 12 000 TPM,Cambios,Inserción,que,que,UIA_Ms149_Exp3_43,3375,Paco,uia_ms149
Llama 3.3 70B · 12 000 TPM,Cambios,Inserción,que,que,UIA_Ms149_Exp3_43,3378,Paco,uia_ms149
Llama 3.3 70B · 12 000 TPM,Cambios,Inserción,que,que,UIA_Ms149_Exp3_43,3384,Paco,uia_ms149
Llama 3.3 70B · 12 000 TPM,Cambios,Inserción,que,que,UIA_Ms149_Exp3_43,3385,Paco,uia_ms149
Llama 3.3 70B · 12 000 TPM,Cambios,Inserción,y,y,AGN_HospJesus_c474_leg267-2_exp024_7473-7537_05,532,Rodrigo,agn_hospjesus
Llama 3.3 70B · 12 000 TPM,Cambios,Inserción,y,y,AGN_HospJesus_c474_leg267-2_exp024_7473-7537_05,536,Rodrigo,agn_hospjesus
Llama 3.3 70B · 12 000 TPM,Cambios,Inserción,y,y,AGN_HospJesus_c474_leg267-2_exp024_7473-7537_05,540,Rodrigo,agn_hospjesus
Llama 3.3 70B · 12 000 TPM,Cambios,Inserción,y,y,AGN_HospJesus_c474_leg267-2_exp024_7473-7537_05,547,Rodrigo,agn_hospjesus
Llama 3.3 70B · 12 000 TPM,Cambios,Inserción,y,y,AGN_HospJesus_c474_leg267-2_exp024_7473-7537_05,550,Rodrigo,agn_hospjesus
Llama 3.3 70B · 12 000 TPM,Cambios,Inserción,y,y,AGN_HospJesus_c474_leg267-2_exp024_7473-7537_05,817,Rodrigo,agn_hospjesus
Llama 3.3 70B · 12 000 TPM,Cambios,Inserción,y,y,BnF_266_10,5401,Flor,bnf_266
Llama 3.3 70B · 12 000 TPM,Cambios,No sub-rule assigned,y,y,BnF_032_33,249,Adriana,bnf_032
Llama 3.3 70B · 12 000 TPM,Cambios,No sub-rule assigned,y,y,BnF_032_33,250,Adriana,bnf_032
Llama 3.3 70B · 12 000 TPM,Cambios,No sub-rule assigned,y,y,BnF_032_33,251,Adriana,bnf_032
Llama 3.3 70B · 12 000 TPM,Cambios,No sub-rule assigned,y,y,BnF_032_33,264,Adriana,bnf_032
Llama 3.3 70B · 12 000 TPM,Cambios,No sub-rule assigned,y,y,BnF_075_003,344,Adriana,bnf_075
Llama 3.3 70B · 12 000 TPM,Cambios,No sub-rule assigned,y,y,BnF_075_003,345,Adriana,bnf_075
Llama 3.3 70B · 12 000 TPM,Cambios,No sub-rule assigned,y,y,BnF_075_003,346,Adriana,bnf_075
Llama 3.3 70B · 12 000 TPM,Cambios,No sub-rule assigned,y,y,BnF_075_003,347,Adriana,bnf_075
Llama 3.3 70B · 12 000 TPM,Cambios,No sub-rule assigned,y,y,BnF_075_003,348,Adriana,bnf_075
Llama 3.3 70B · 12 000 TPM,Cambios,No sub-rule assigned,y,y,BnF_075_003,349,Adriana,bnf_075
Llama 3.3 70B · 12 000 TPM,Cambios,No sub-rule assigned,y,y,BnF_075_003,350,Adriana,bnf_075
Llama 3.3 70B · 12 000 TPM,Cambios,No sub-rule assigned,y,y,BnF_075_003,351,Adriana,bnf_075
Llama 3.3 70B · 12 000 TPM,Cambios,No sub-rule assigned,y,y,BnF_075_003,352,Adriana,bnf_075
Llama 3.3 70B · 12 000 TPM,Cambios,No sub-rule assigned,y,y,BnF_075_003,353,Adriana,bnf_075
Llama 3.3 70B · 12 000 TPM,Cambios,No sub-rule assigned,y,y,BnF_075_003,354,Adriana,bnf_075
Llama 3.3 70B · 12 000 TPM,Cambios,No sub-rule assigned,y,y,BnF_075_003,355,Adriana,bnf_075
Llama 3.3 70B · 12 000 TPM,Cambios,No sub-rule assigned,y,y,BnF_075_003,356,Adriana,bnf_075
Llama 3.3 70B · 12 000 TPM,Cambios,No sub-rule assigned,y,y,BnF_075_003,357,Adriana,bnf_075
Llama 3.3 70B · 12 000 TPM,Cambios,No sub-rule assigned,y,y,BnF_075_003,358,Adriana,bnf_075
Llama 3.3 70B · 12 000 TPM,Cambios,No sub-rule assigned,y,y,BnF_075_003,359,Adriana,bnf_075
Llama 3.3 70B · 12 000 TPM,Cambios,No sub-rule assigned,y,y,BnF_075_003,360,Adriana,bnf_075
Llama 3.3 70B · 12 000 TPM,Cambios,No sub-rule assigned,y,y,BnF_075_003,361,Adriana,bnf_075
Llama 3.3 70B · 12 000 TPM,Cambios,No sub-rule assigned,y,y,BnF_075_003,362,Adriana,bnf_075
Llama 3.3 70B · 12 000 TPM,Cambios,No sub-rule assigned,y,y,BnF_075_003,363,Adriana,bnf_075
Llama 3.3 70B · 12 000 TPM,Cambios,No sub-rule assigned,y,y,BnF_075_003,364,Adriana,bnf_075
Llama 3.3 70B · 12 000 TPM,Cambios,No sub-rule assigned,y,y,BnF_075_003,366,Adriana,bnf_075
Llama 3.3 70B · 12 000 TPM,Cambios,No sub-rule assigned,y,y,BnF_075_003,367,Adriana,bnf_075
Llama 3.3 70B · 12 000 TPM,Cambios,No sub-rule assigned,y,y,BnF_075_003,368,Adriana,bnf_075
Llama 3.3 70B · 12 000 TPM,Cambios,No sub-rule assigned,y,y,BnF_075_026,5255,Arturo,bnf_075
Llama 3.3 70B · 12 000 TPM,Cambios,No sub-rule assigned,y,y,BnF_075_026,5256,Arturo,bnf_075
Llama 3.3 70B · 12 000 TPM,Cambios,No sub-rule assigned,y,y,BnF_075_026,5257,Arturo,bnf_075
Llama 3.3 70B · 12 000 TPM,Cambios,No sub-rule assigned,y,y,BnF_075_026,5258,Arturo,bnf_075
Llama 3.3 70B · 12 000 TPM,Cambios,No sub-rule assigned,y,y,BnF_075_026,5259,Arturo,bnf_075
Llama 3.3 70B · 12 000 TPM,Cambios,No sub-rule assigned,y,y,BnF_075_026,5260,Arturo,bnf_075
Llama 3.3 70B · 12 000 TPM,Cambios,No sub-rule assigned,y,y,BnF_075_026,5261,Arturo,bnf_075
Llama 3.3 70B · 12 000 TPM,Cambios,No sub-rule assigned,y,y,BnF_075_026,5262,Arturo,bnf_075
Llama 3.3 70B · 12 000 TPM,Cambios,No sub-rule assigned,y,y,BnF_075_026,5263,Arturo,bnf_075
Llama 3.3 70B · 12 000 TPM,Cambios,No sub-rule assigned,y,y,BnF_075_026,5264,Arturo,bnf_075
Llama 3.3 70B · 12 000 TPM,Cambios,No sub-rule assigned,y,y,BnF_075_026,5265,Arturo,bnf_075
Llama 3.3 70B · 12 000 TPM,Cambios,No sub-rule assigned,y,y,BnF_075_026,5267,Arturo,bnf_075
Llama 3.3 70B · 12 000 TPM,Cambios,No sub-rule assigned,y,y,BnF_075_026,5268,Arturo,bnf_075
Llama 3.3 70B · 12 000 TPM,Cambios,No sub-rule assigned,y,y,BnF_075_026,5269,Arturo,bnf_075
Llama 3.3 70B · 12 000 TPM,Cambios,No sub-rule assigned,y,y,BnF_075_026,5270,Arturo,bnf_075
GPT OSS 120B · 8 000 TPM,Cambios,Otros,para,Para,AGN_GralParte_v006_exp617_01,249,Rodrigo,agn_gralparte
GPT OSS 120B · 8 000 TPM,Cambios,Otros,para,Para,AGN_GralParte_v006_exp617_01,250,Rodrigo,agn_gralparte
GPT OSS 120B · 8 000 TPM,Cambios,Otros,para,para,BnF_116_02,2792,Paco,bnf_116
Llama 3.3 70B · 12 000 TPM,Cambios,Sustitución,ahora,ahora,AGI_INDIFERENTE_1529_N8_06,38,Rodrigo,agi_indiferente
Llama 3.3 70B · 12 000 TPM,Cambios,Sustitución,ahora,ahora,utblac_wbs_0912a_duplicated,6083,Arturo,utblac_wbs
GPT OSS 120B · 8 000 TPM,Cambios,Sustitución,allá,allá,AGI_INDIFERENTE_2065_N45_09,162,Rodrigo,agi_indiferente
GPT OSS 120B · 8 000 TPM,Cambios,Sustitución,allá,allá,AGI_INDIFERENTE_2065_N45_09,163,Rodrigo,agi_indiferente
GPT OSS 120B · 8 000 TPM,Cambios,Sustitución,allá,allá,AGN_Tierras_v039-2_exp003_72,99,Edna,agn_tierras
GPT OSS 120B · 8 000 TPM,Cambios,Sustitución,alta,alta,AGI_GUADALAJARA_230_L2_F_45V-46V_1,118,Edna,agi_guadalajara
GPT OSS 120B · 8 000 TPM,Cambios,Sustitución,alta,alta,AMP_AC_v021__doc026_1,845,Rodrigo,amp_ac
Llama 3.3 70B · 12 000 TPM,Cambios,Sustitución,así,así,BnF_110_13,426,Adriana,bnf_110
Llama 3.3 70B · 12 000 TPM,Cambios,Sustitución,así,así,BnF_119-148_16,5354,Flor,bnf_119-148
Llama 3.3 70B · 12 000 TPM,Cambios,Sustitución,braza,braza,BP_CM_R494_156_2,944,Javier,bp_cm
Llama 3.3 70B · 12 000 TPM,Cambios,Sustitución,braza,braza,BnF_032_23,5046,Arturo,bnf_032
Llama 3.3 70B · 12 000 TPM,Cambios,Sustitución,cien,cien,BnF_118_06,549,Edna,bnf_118
Llama 3.3 70B · 12 000 TPM,Cambios,Sustitución,cien,cien,BnF_119-148_24,467,Adriana,bnf_119-148
Llama 3.3 70B · 12 000 TPM,Cambios,Sustitución,ciudad,ciudad,BnF_032_39,1599,Paloma,bnf_032
Llama 3.3 70B · 12 000 TPM,Cambios,Sustitución,ciudad,ciudad,BnF_394_07,1568,Rodrigo,bnf_394
Llama 3.3 70B · 12 000 TPM,Cambios,Sustitución,ciudad,ciudad,BnF_394_07,1569,Rodrigo,bnf_394
GPT OSS 120B · 8 000 TPM,Cambios,Sustitución,de,de,AGI_PATRONATO_181_R13_1,1205,Paloma,agi_patronato
GPT OSS 120B · 8 000 TPM,Cambios,Sustitución,de,de,AGI_PATRONATO_181_R13_1,1241,Paloma,agi_patronato
GPT OSS 120B · 8 000 TPM,Cambios,Sustitución,de,de,AGN_Indios_v009_exp003_fs4v-5_01,4653,Arturo,agn_indios
GPT OSS 120B · 8 000 TPM,Cambios,Sustitución,de,de,AGN_Indios_v009_exp003_fs4v-5_01,4674,Arturo,agn_indios
GPT OSS 120B · 8 000 TPM,Cambios,Sustitución,de,de,BnF_030_27,1102,Rodrigo,bnf_030
GPT OSS 120B · 8 000 TPM,Cambios,Sustitución,de,de,BnF_030_27,1105,Rodrigo,bnf_030
GPT OSS 120B · 8 000 TPM,Cambios,Sustitución,de,de,BnF_030_27,1108,Rodrigo,bnf_030
GPT OSS 120B · 8 000 TPM,Cambios,Sustitución,de,de,BnF_112_25,2741,Paco,bnf_112
GPT OSS 120B · 8 000 TPM,Cambios,Sustitución,del,del,AGN_Indios_v002_exp835,1439,Paloma,agn_indios
GPT OSS 120B · 8 000 TPM,Cambios,Sustitución,del,del,AGN_Indios_v002_exp835,1443,Paloma,agn_indios
GPT OSS 120B · 8 000 TPM,Cambios,Sustitución,del,del,AGN_Indios_v002_exp835,1479,Paloma,agn_indios
GPT OSS 120B · 8 000 TPM,Cambios,Sustitución,del,del,AGN_Indios_v002_exp835,1480,Paloma,agn_indios
GPT OSS 120B · 8 000 TPM,Cambios,Sustitución,del,del,AGN_Indios_v002_exp835,1481,Paloma,agn_indios
GPT OSS 120B · 8 000 TPM,Cambios,Sustitución,del,del,AGN_Indios_v002_exp835,1482,Paloma,agn_indios
GPT OSS 120B · 8 000 TPM,Cambios,Sustitución,del,del,BnF_030_21,214,Edna,bnf_030
GPT OSS 120B · 8 000 TPM,Cambios,Sustitución,del,del,BnF_030_21,215,Edna,bnf_030
GPT OSS 120B · 8 000 TPM,Cambios,Sustitución,del,del,BnF_030_21,219,Edna,bnf_030
GPT OSS 120B · 8 000 TPM,Cambios,Sustitución,del,del,BnF_112_25,2708,Paco,bnf_112
GPT OSS 120B · 8 000 TPM,Cambios,Sustitución,del,del,BnF_112_25,2713,Paco,bnf_112
GPT OSS 120B · 8 000 TPM,Cambios,Sustitución,del,del,BnF_112_25,2718,Paco,bnf_112
Llama 3.3 70B · 12 000 TPM,Cambios,Sustitución,del,del,BnF_111_21,5226,Flor,bnf_111
Llama 3.3 70B · 12 000 TPM,Cambios,Sustitución,del,del,utblac_eog_j_04_duplicated_02,6079,Arturo,utblac_eog
Llama 3.3 70B · 12 000 TPM,Cambios,Sustitución,dije,dije,AGN_GralParte_v001_exp1020_01,1373,Paloma,agn_gralparte
Llama 3.3 70B · 12 000 TPM,Cambios,Sustitución,dije,dije,BnF_032_23,5178,Arturo,bnf_032
GPT OSS 120B · 8 000 TPM,Cambios,Sustitución,do,do,AGN_Tierras_v039-2_exp003_72,95,Edna,agn_tierras
GPT OSS 120B · 8 000 TPM,Cambios,Sustitución,do,do,AGN_Tierras_v039-2_exp003_72,96,Edna,agn_tierras
GPT OSS 120B · 8 000 TPM,Cambios,Sustitución,do,do,AGN_Tierras_v039-2_exp003_72,97,Edna,agn_tierras
GPT OSS 120B · 8 000 TPM,Cambios,Sustitución,do,do,BnF_030_21,307,Edna,bnf_030
GPT OSS 120B · 8 000 TPM,Cambios,Sustitución,do,do,BnF_104_2,2632,Paco,bnf_104
GPT OSS 120B · 8 000 TPM,Cambios,Sustitución,do,do,BnF_104_2,2633,Paco,bnf_104
GPT OSS 120B · 8 000 TPM,Cambios,Sustitución,do,do,BnF_104_2,2634,Paco,bnf_104
GPT OSS 120B · 8 000 TPM,Cambios,Sustitución,do,do,BnF_104_2,2635,Paco,bnf_104
GPT OSS 120B · 8 000 TPM,Cambios,Sustitución,do,do,BnF_104_2,2636,Paco,bnf_104
GPT OSS 120B · 8 000 TPM,Cambios,Sustitución,do,do,BnF_104_2,2637,Paco,bnf_104
GPT OSS 120B · 8 000 TPM,Cambios,Sustitución,do,do,BnF_104_2,2638,Paco,bnf_104
GPT OSS 120B · 8 000 TPM,Cambios,Sustitución,do,do,BnF_104_2,2639,Paco,bnf_104
GPT OSS 120B · 8 000 TPM,Cambios,Sustitución,do,do,BnF_104_2,2640,Paco,bnf_104
GPT OSS 120B · 8 000 TPM,Cambios,Sustitución,do,do,BnF_104_2,2641,Paco,bnf_104
GPT OSS 120B · 8 000 TPM,Cambios,Sustitución,dos,dos,AGI_GUADALAJARA_230_L2_F_45V-46V_1,7,Edna,agi_guadalajara
GPT OSS 120B · 8 000 TPM,Cambios,Sustitución,dos,dos,AGN_Indios_v009_exp003_fs4v-5_01,4707,Arturo,agn_indios
GPT OSS 120B · 8 000 TPM,Cambios,Sustitución,dos,dos,AGN_Marina_v004_exp006_014,901,Javier,agn_marina
GPT OSS 120B · 8 000 TPM,Cambios,Sustitución,dos,dos,BnF_030_27,1164,Rodrigo,bnf_030
GPT OSS 120B · 8 000 TPM,Cambios,Sustitución,dos,dos,BnF_030_27,1165,Rodrigo,bnf_030
GPT OSS 120B · 8 000 TPM,Cambios,Sustitución,dos,dos,BnF_030_27,1166,Rodrigo,bnf_030
GPT OSS 120B · 8 000 TPM,Cambios,Sustitución,dos,dos,BnF_104_2,2692,Paco,bnf_104
GPT OSS 120B · 8 000 TPM,Cambios,Sustitución,dos,dos,BnF_112_25,2719,Paco,bnf_112
GPT OSS 120B · 8 000 TPM,Cambios,Sustitución,dos,dos,BnF_112_25,2720,Paco,bnf_112
GPT OSS 120B · 8 000 TPM,Cambios,Sustitución,el,El,AGI_INDIFERENTE_2065_N45_09,146,Rodrigo,agi_indiferente
GPT OSS 120B · 8 000 TPM,Cambios,Sustitución,el,El,AGI_INDIFERENTE_2065_N45_09,148,Rodrigo,agi_indiferente
GPT OSS 120B · 8 000 TPM,Cambios,Sustitución,el,El,AGI_INDIFERENTE_2065_N45_09,151,Rodrigo,agi_indiferente
GPT OSS 120B · 8 000 TPM,Cambios,Sustitución,el,el,AGN_AHHacienda_v1292_exp135,1282,Javier,agn_ahhacienda
Llama 3.3 70B · 12 000 TPM,Cambios,Sustitución,envió,envió,BnF_032_33,301,Adriana,bnf_032
Llama 3.3 70B · 12 000 TPM,Cambios,Sustitución,envió,envió,BnF_266_03,1380,Rodrigo,bnf_266
Llama 3.3 70B · 12 000 TPM,Cambios,Sustitución,fue,fue,AGN_Congregaciones_v001_exp076,1313,Javier,agn_congregaciones
Llama 3.3 70B · 12 000 TPM,Cambios,Sustitución,fue,Fue,AGN_Congregaciones_v001_exp076,1314,Javier,agn_congregaciones
Llama 3.3 70B · 12 000 TPM,Cambios,Sustitución,fue,fue,AGN_GralParte_v001_exp1020_02,12,Edna,agn_gralparte
Llama 3.3 70B · 12 000 TPM,Cambios,Sustitución,ha,ha,AGN_Marina_v031A_exp02_fs85-92_15,2420,Paco,agn_marina
Llama 3.3 70B · 12 000 TPM,Cambios,Sustitución,ha,ha,BnF_119-148_33,2215,Paloma,bnf_119-148
GPT OSS 120B · 8 000 TPM,Cambios,Sustitución,haya,haya,AGN_Indios_v002_exp835,1412,Paloma,agn_indios
GPT OSS 120B · 8 000 TPM,Cambios,Sustitución,haya,haya,AMP_AC_v021__doc026_1,856,Rodrigo,amp_ac
Llama 3.3 70B · 12 000 TPM,Cambios,Sustitución,hecho,hecho,BnF_112_08,1904,Paloma,bnf_112
Llama 3.3 70B · 12 000 TPM,Cambios,Sustitución,hecho,hecho,BnF_394_10,5512,Flor,bnf_394
Llama 3.3 70B · 12 000 TPM,Cambios,Sustitución,hecho,hecho,Mechoacan_Yurirapundaro_2,5918,Arturo,mechoacan_yurirapundaro
Llama 3.3 70B · 12 000 TPM,Cambios,Sustitución,hemos,hemos,BnF_111_27,1159,Alba,bnf_111
Llama 3.3 70B · 12 000 TPM,Cambios,Sustitución,hemos,hemos,BnF_119-148_24,460,Adriana,bnf_119-148
Llama 3.3 70B · 12 000 TPM,Cambios,Sustitución,hubieren,hubieren,AGN_Indios_v009_exp002_fs3v-4_01,4566,Arturo,agn_indios
Llama 3.3 70B · 12 000 TPM,Cambios,Sustitución,hubieren,hubieren,BnF_112_08,1901,Paloma,bnf_112
Llama 3.3 70B · 12 000 TPM,Cambios,Sustitución,josé,José,AGN_Inquisicion_v1570A_exp134_fs159-160v_02,178,Adriana,agn_inquisicion
Llama 3.3 70B · 12 000 TPM,Cambios,Sustitución,josé,José,BnF_113_25,5268,Flor,bnf_113
Llama 3.3 70B · 12 000 TPM,Cambios,Sustitución,juan,Juan,BnF_030_22,2459,Paco,bnf_030
Llama 3.3 70B · 12 000 TPM,Cambios,Sustitución,juan,Juan,BnF_030_22,2460,Paco,bnf_030
Llama 3.3 70B · 12 000 TPM,Cambios,Sustitución,juan,Juan,BnF_030_22,2461,Paco,bnf_030
Llama 3.3 70B · 12 000 TPM,Cambios,Sustitución,juan,Juan,BnF_030_22,2462,Paco,bnf_030
Llama 3.3 70B · 12 000 TPM,Cambios,Sustitución,juan,Juan,BnF_030_22,2463,Paco,bnf_030
Llama 3.3 70B · 12 000 TPM,Cambios,Sustitución,juan,Juan,BnF_030_22,2464,Paco,bnf_030
Llama 3.3 70B · 12 000 TPM,Cambios,Sustitución,juan,Juan,BnF_030_22,2465,Paco,bnf_030
Llama 3.3 70B · 12 000 TPM,Cambios,Sustitución,juan,Juan,BnF_030_22,2466,Paco,bnf_030
Llama 3.3 70B · 12 000 TPM,Cambios,Sustitución,juan,Juan,BnF_030_22,2467,Paco,bnf_030
Llama 3.3 70B · 12 000 TPM,Cambios,Sustitución,juan,Juan,BnF_030_22,2468,Paco,bnf_030
Llama 3.3 70B · 12 000 TPM,Cambios,Sustitución,juan,Juan,BnF_030_22,2469,Paco,bnf_030
Llama 3.3 70B · 12 000 TPM,Cambios,Sustitución,juan,Juan,BnF_075_003,307,Adriana,bnf_075
Llama 3.3 70B · 12 000 TPM,Cambios,Sustitución,juan,Juan,BnF_075_003,308,Adriana,bnf_075
Llama 3.3 70B · 12 000 TPM,Cambios,Sustitución,juan,Juan,BnF_110_13,422,Adriana,bnf_110
Llama 3.3 70B · 12 000 TPM,Cambios,Sustitución,juan,Juan,BnF_174_04,2282,Paloma,bnf_174
Llama 3.3 70B · 12 000 TPM,Cambios,Sustitución,juan,Juan,BnF_174_04,2283,Paloma,bnf_174
Llama 3.3 70B · 12 000 TPM,Cambios,Sustitución,lo,lo,BnF_110_09,1083,Alba,bnf_110
Llama 3.3 70B · 12 000 TPM,Cambios,Sustitución,lo,lo,BnF_110_09,1084,Alba,bnf_110
Llama 3.3 70B · 12 000 TPM,Cambios,Sustitución,lo,lo,utblac_wbs_0912a_duplicated,6089,Arturo,utblac_wbs
GPT OSS 120B · 8 000 TPM,Cambios,Sustitución,magno,magno,AMP_AC_v021__doc026_1,848,Rodrigo,amp_ac
GPT OSS 120B · 8 000 TPM,Cambios,Sustitución,magno,magno,BnF_104_2,2578,Paco,bnf_104
Llama 3.3 70B · 12 000 TPM,Cambios,Sustitución,mi,mi,BnF_030_22,2436,Paco,bnf_030
Llama 3.3 70B · 12 000 TPM,Cambios,Sustitución,mi,mi,BnF_030_22,2439,Paco,bnf_030
Llama 3.3 70B · 12 000 TPM,Cambios,Sustitución,mi,mi,BnF_030_22,2440,Paco,bnf_030
Llama 3.3 70B · 12 000 TPM,Cambios,Sustitución,mi,mi,BnF_032_39,1622,Paloma,bnf_032
Llama 3.3 70B · 12 000 TPM,Cambios,Sustitución,mi,mi,BnF_032_39,1624,Paloma,bnf_032
Llama 3.3 70B · 12 000 TPM,Cambios,Sustitución,para,para,BP_CM_R481_071_2,828,Adriana,bp_cm
Llama 3.3 70B · 12 000 TPM,Cambios,Sustitución,para,para,BP_CM_R481_071_2,829,Adriana,bp_cm
Llama 3.3 70B · 12 000 TPM,Cambios,Sustitución,para,para,BnF_266_03,1414,Rodrigo,bnf_266
Llama 3.3 70B · 12 000 TPM,Cambios,Sustitución,para,para,BnF_266_10,5432,Flor,bnf_266
Llama 3.3 70B · 12 000 TPM,Cambios,Sustitución,para,para,BnF_266_10,5433,Flor,bnf_266
Llama 3.3 70B · 12 000 TPM,Cambios,Sustitución,para,para,BnF_266_10,5438,Flor,bnf_266
GPT OSS 120B · 8 000 TPM,Cambios,Sustitución,poco,poco,AGI_INDIFERENTE_2065_N45_09,161,Rodrigo,agi_indiferente
GPT OSS 120B · 8 000 TPM,Cambios,Sustitución,poco,poco,AGN_Tierras_v039-2_exp003_72,73,Edna,agn_tierras
GPT OSS 120B · 8 000 TPM,Cambios,Sustitución,poco,poco,AGN_Tierras_v039-2_exp003_72,74,Edna,agn_tierras
GPT OSS 120B · 8 000 TPM,Cambios,Sustitución,poco,poco,AGN_Tierras_v039-2_exp003_72,75,Edna,agn_tierras
GPT OSS 120B · 8 000 TPM,Cambios,Sustitución,poco,poco,AGN_Tierras_v039-2_exp003_72,76,Edna,agn_tierras
Llama 3.3 70B · 12 000 TPM,Cambios,Sustitución,principales,principales,AGN_HospJesus_c474_leg267-2_exp024_7473-7537_02,2275,Paco,agn_hospjesus
Llama 3.3 70B · 12 000 TPM,Cambios,Sustitución,principales,principales,AGN_HospJesus_c474_leg267-2_exp024_7473-7537_02,2276,Paco,agn_hospjesus
Llama 3.3 70B · 12 000 TPM,Cambios,Sustitución,principales,principales,AGN_HospJesus_c474_leg267-2_exp024_7473-7537_02,2277,Paco,agn_hospjesus
Llama 3.3 70B · 12 000 TPM,Cambios,Sustitución,principales,principales,AGN_HospJesus_c474_leg267-2_exp024_7473-7537_02,2278,Paco,agn_hospjesus
Llama 3.3 70B · 12 000 TPM,Cambios,Sustitución,principales,principales,AGN_HospJesus_c474_leg267-2_exp024_7473-7537_05,798,Rodrigo,agn_hospjesus
Llama 3.3 70B · 12 000 TPM,Cambios,Sustitución,principales,principales,AGN_HospJesus_c474_leg267-2_exp024_7473-7537_05,799,Rodrigo,agn_hospjesus
Llama 3.3 70B · 12 000 TPM,Cambios,Sustitución,principales,principales,AGN_HospJesus_c474_leg267-2_exp024_7473-7537_10,4399,Arturo,agn_hospjesus
Llama 3.3 70B · 12 000 TPM,Cambios,Sustitución,principales,principales,AGN_HospJesus_c474_leg267-2_exp024_7473-7537_10,4400,Arturo,agn_hospjesus
Llama 3.3 70B · 12 000 TPM,Cambios,Sustitución,principales,principales,AGN_HospJesus_c474_leg267-2_exp024_7473-7537_10,4401,Arturo,agn_hospjesus
Llama 3.3 70B · 12 000 TPM,Cambios,Sustitución,principales,principales,BnF_032_23,5175,Arturo,bnf_032
Llama 3.3 70B · 12 000 TPM,Cambios,Sustitución,prueba,prueba,BnF_110_29,1637,Paloma,bnf_110
Llama 3.3 70B · 12 000 TPM,Cambios,Sustitución,prueba,prueba,BnF_117_03,5524,Arturo,bnf_117
Llama 3.3 70B · 12 000 TPM,Cambios,Sustitución,que,que,BnF_030_22,2505,Paco,bnf_030
Llama 3.3 70B · 12 000 TPM,Cambios,Sustitución,que,que,BnF_111_21,5258,Flor,bnf_111
Llama 3.3 70B · 12 000 TPM,Cambios,Sustitución,que,que,utblac_gg_mss_g62_duplicated_09,5653,Flor,utblac_gg
GPT OSS 120B · 8 000 TPM,Cambios,Sustitución,quiso,quiso,AGN_Tierras_v039-2_exp003_72,77,Edna,agn_tierras
GPT OSS 120B · 8 000 TPM,Cambios,Sustitución,quiso,quiso,AGN_Tierras_v039-2_exp003_72,78,Edna,agn_tierras
GPT OSS 120B · 8 000 TPM,Cambios,Sustitución,quiso,quiso,AGN_Tierras_v039-2_exp003_72,79,Edna,agn_tierras
GPT OSS 120B · 8 000 TPM,Cambios,Sustitución,quiso,quiso,BnF_111_20,5150,Flor,bnf_111
GPT OSS 120B · 8 000 TPM,Cambios,Sustitución,quiso,quiso,BnF_111_20,5151,Flor,bnf_111
Llama 3.3 70B · 12 000 TPM,Cambios,Sustitución,renuncia,renuncia,AGN_AHHacienda_v268_exp046_02,1358,Paloma,agn_ahhacienda
Llama 3.3 70B · 12 000 TPM,Cambios,Sustitución,renuncia,renuncia,AGN_IndiferenteVirreinal_caja4071_exp024_1,606,Rodrigo,agn_indiferentevirreinal
GPT OSS 120B · 8 000 TPM,Cambios,Sustitución,se,se,AGN_RealesCedDup_v050_exp062,1573,Paloma,agn_realesceddup
GPT OSS 120B · 8 000 TPM,Cambios,Sustitución,se,se,AGN_RealesCedDup_v050_exp062,1574,Paloma,agn_realesceddup
GPT OSS 120B · 8 000 TPM,Cambios,Sustitución,se,se,AMP_AC_v021__doc026_1,633,Rodrigo,amp_ac
Llama 3.3 70B · 12 000 TPM,Cambios,Sustitución,seiscientos,seiscientos,BnF_075_003,337,Adriana,bnf_075
Llama 3.3 70B · 12 000 TPM,Cambios,Sustitución,seiscientos,seiscientos,BnF_075_035,5302,Arturo,bnf_075
Llama 3.3 70B · 12 000 TPM,Cambios,Sustitución,seiscientos,seiscientos,BnF_117_13,2845,Paco,bnf_117
Llama 3.3 70B · 12 000 TPM,Cambios,Sustitución,seiscientos,seiscientos,BnF_119-148_13,590,Edna,bnf_119-148
Llama 3.3 70B · 12 000 TPM,Cambios,Sustitución,seiscientos,seiscientos,utblac_wbs_1433_duplicated_1,1611,Rodrigo,utblac_wbs
Llama 3.3 70B · 12 000 TPM,Cambios,Sustitución,siembra,siembra,BnF_174_05,488,Adriana,bnf_174
Llama 3.3 70B · 12 000 TPM,Cambios,Sustitución,siembra,siembra,UIA_Ms149_Exp3_43,3398,Paco,uia_ms149
GPT OSS 120B · 8 000 TPM,Cambios,Sustitución,trato,trato,AGN_Indios_v009_exp003_fs4v-5_01,4693,Arturo,agn_indios
GPT OSS 120B · 8 000 TPM,Cambios,Sustitución,trato,trato,BnF_104_2,2659,Paco,bnf_104
Llama 3.3 70B · 12 000 TPM,Cambios,Sustitución,veintisiete,veintisiete,AGN_Indios_v009_exp002_fs3v-4_01,4597,Arturo,agn_indios
Llama 3.3 70B · 12 000 TPM,Cambios,Sustitución,veintisiete,veintisiete,BnF_030_22,3106,Paco,bnf_030
Llama 3.3 70B · 12 000 TPM,Cambios,Sustitución,vino,Vino,AGN_HospJesus_c474_leg267-2_exp024_7473-7537_02,2274,Paco,agn_hospjesus
Llama 3.3 70B · 12 000 TPM,Cambios,Sustitución,vino,Vino,BnF_266_03,1445,Rodrigo,bnf_266
GPT OSS 120B · 8 000 TPM,Cambios,Sustitución,y,y,AGI_INDIFERENTE_2065_N45_09,723,Rodrigo,agi_indiferente
GPT OSS 120B · 8 000 TPM,Cambios,Sustitución,y,y,AGI_INDIFERENTE_2065_N45_09,725,Rodrigo,agi_indiferente
GPT OSS 120B · 8 000 TPM,Cambios,Sustitución,y,y,AGI_INDIFERENTE_2065_N45_09,726,Rodrigo,agi_indiferente
GPT OSS 120B · 8 000 TPM,Cambios,Sustitución,y,y,AGI_INDIFERENTE_2065_N45_09,732,Rodrigo,agi_indiferente
GPT OSS 120B · 8 000 TPM,Cambios,Sustitución,y,y,AGI_INDIFERENTE_2065_N45_09,733,Rodrigo,agi_indiferente
GPT OSS 120B · 8 000 TPM,Cambios,Sustitución,y,y,AGI_INDIFERENTE_2065_N45_09,735,Rodrigo,agi_indiferente
GPT OSS 120B · 8 000 TPM,Cambios,Sustitución,y,Y,AGI_INDIFERENTE_2065_N45_09,736,Rodrigo,agi_indiferente
GPT OSS 120B · 8 000 TPM,Cambios,Sustitución,y,y,AGI_INDIFERENTE_2065_N45_09,737,Rodrigo,agi_indiferente
GPT OSS 120B · 8 000 TPM,Cambios,Sustitución,y,y,AGI_INDIFERENTE_2065_N45_09,739,Rodrigo,agi_indiferente
GPT OSS 120B · 8 000 TPM,Cambios,Sustitución,y,y,BnF_030_27,1061,Rodrigo,bnf_030
GPT OSS 120B · 8 000 TPM,Cambios,Sustitución,y,y,BnF_030_27,1091,Rodrigo,bnf_030
GPT OSS 120B · 8 000 TPM,Cambios,Sustitución,y,y,BnF_104_2,2595,Paco,bnf_104
GPT OSS 120B · 8 000 TPM,Cambios,Sustitución,y,y,BnF_104_2,2615,Paco,bnf_104
GPT OSS 120B · 8 000 TPM,Cambios,Sustitución,y,y,BnF_104_2,2623,Paco,bnf_104
GPT OSS 120B · 8 000 TPM,Cambios,Sustitución,y,y,BnF_104_2,2624,Paco,bnf_104
GPT OSS 120B · 8 000 TPM,Cambios,Sustitución,y,y,BnF_104_2,2625,Paco,bnf_104
GPT OSS 120B · 8 000 TPM,Cambios,Sustitución,y,y,BnF_104_2,2626,Paco,bnf_104
GPT OSS 120B · 8 000 TPM,Cambios,Sustitución,y,y,BnF_104_2,2627,Paco,bnf_104
GPT OSS 120B · 8 000 TPM,Cambios,Sustitución,y,y,BnF_104_2,2628,Paco,bnf_104
GPT OSS 120B · 8 000 TPM,Cambios,Sustitución,y,y,BnF_104_2,2629,Paco,bnf_104
GPT OSS 120B · 8 000 TPM,Cambios,Sustitución,y,y,BnF_104_2,2630,Paco,bnf_104
GPT OSS 120B · 8 000 TPM,Cambios,Sustitución,y,y,BnF_104_2,2631,Paco,bnf_104
GPT OSS 120B · 8 000 TPM,Cambios,Sustitución,y,y,BnF_104_2,2642,Paco,bnf_104
GPT OSS 120B · 8 000 TPM,Cambios,Sustitución,y,y,BnF_104_2,2643,Paco,bnf_104
GPT OSS 120B · 8 000 TPM,Cambios,Sustitución,y,y,BnF_104_2,2644,Paco,bnf_104
GPT OSS 120B · 8 000 TPM,Cambios,Sustitución,y,y,BnF_104_2,2645,Paco,bnf_104
GPT OSS 120B · 8 000 TPM,Cambios,Sustitución,y,y,BnF_104_2,2648,Paco,bnf_104
GPT OSS 120B · 8 000 TPM,Cambios,Sustitución,y,y,BnF_104_2,2649,Paco,bnf_104
GPT OSS 120B · 8 000 TPM,Cambios,Sustitución,y,y,BnF_104_2,2650,Paco,bnf_104
GPT OSS 120B · 8 000 TPM,Cambios,Sustitución,y,y,BnF_104_2,2651,Paco,bnf_104
GPT OSS 120B · 8 000 TPM,Cambios,Sustitución,y,y,BnF_104_2,2652,Paco,bnf_104
GPT OSS 120B · 8 000 TPM,Cambios,Sustitución,y,y,BnF_116_02,2822,Paco,bnf_116
Llama 3.3 70B · 12 000 TPM,Cambios,Sustitución,y,y,AGI_INDIFERENTE_1529_N36_07,699,Rodrigo,agi_indiferente
Llama 3.3 70B · 12 000 TPM,Cambios,Sustitución,y,y,AGI_INDIFERENTE_1529_N36_07,703,Rodrigo,agi_indiferente
Llama 3.3 70B · 12 000 TPM,Cambios,Sustitución,y,y,AGI_INDIFERENTE_1529_N8_06,663,Rodrigo,agi_indiferente
Llama 3.3 70B · 12 000 TPM,Cambios,Sustitución,y,y,AGI_INDIFERENTE_1529_N8_06,679,Rodrigo,agi_indiferente
Llama 3.3 70B · 12 000 TPM,Cambios,Sustitución,y,y,AGN_HospJesus_c474_leg267-2_exp024_7473-7537_02,2408,Paco,agn_hospjesus
Llama 3.3 70B · 12 000 TPM,Cambios,Sustitución,y,y,AGN_HospJesus_c474_leg267-2_exp024_7473-7537_02,2412,Paco,agn_hospjesus
Llama 3.3 70B · 12 000 TPM,Cambios,Sustitución,y,y,BnF_032_33,236,Adriana,bnf_032
Llama 3.3 70B · 12 000 TPM,Cambios,Sustitución,y,y,BnF_075_026,5271,Arturo,bnf_075
Llama 3.3 70B · 12 000 TPM,Cambios,Sustitución,y,y,BnF_075_026,5272,Arturo,bnf_075
Llama 3.3 70B · 12 000 TPM,Cambios,Sustitución,y,y,BnF_075_026,5273,Arturo,bnf_075
Llama 3.3 70B · 12 000 TPM,Cambios,Sustitución,y,y,BnF_075_026,5275,Arturo,bnf_075
Llama 3.3 70B · 12 000 TPM,Cambios,Sustitución,y,y,BnF_075_026,5285,Arturo,bnf_075
Llama 3.3 70B · 12 000 TPM,Cambios,Sustitución,y,y,BnF_075_035,5303,Arturo,bnf_075
Llama 3.3 70B · 12 000 TPM,Cambios,Sustitución,y,y,BnF_075_035,5304,Arturo,bnf_075
Llama 3.3 70B · 12 000 TPM,Cambios,Sustitución,y,y,BnF_075_035,5306,Arturo,bnf_075
Llama 3.3 70B · 12 000 TPM,Cambios,Sustitución,y,y,BnF_075_035,5307,Arturo,bnf_075
Llama 3.3 70B · 12 000 TPM,Cambios,Sustitución,y,y,BnF_075_035,5308,Arturo,bnf_075
Llama 3.3 70B · 12 000 TPM,Cambios,Sustitución,y,y,BnF_075_035,5309,Arturo,bnf_075
Llama 3.3 70B · 12 000 TPM,Cambios,Sustitución,y,y,BnF_075_035,5310,Arturo,bnf_075
Llama 3.3 70B · 12 000 TPM,Cambios,Sustitución,y,y,BnF_075_035,5311,Arturo,bnf_075
Llama 3.3 70B · 12 000 TPM,Cambios,Sustitución,y,y,BnF_075_035,5312,Arturo,bnf_075
Llama 3.3 70B · 12 000 TPM,Cambios,Sustitución,y,y,BnF_111_21,5199,Flor,bnf_111
Llama 3.3 70B · 12 000 TPM,Cambios,Sustitución,y,y,BnF_111_21,5203,Flor,bnf_111
Llama 3.3 70B · 12 000 TPM,Cambios,Sustitución,y,y,BnF_111_21,5204,Flor,bnf_111
Llama 3.3 70B · 12 000 TPM,Cambios,Sustitución,y,y,BnF_111_21,5207,Flor,bnf_111
Llama 3.3 70B · 12 000 TPM,Cambios,Sustitución,y,y,BnF_112_08,1848,Paloma,bnf_112
Llama 3.3 70B · 12 000 TPM,Cambios,Sustitución,y,y,BnF_112_08,1851,Paloma,bnf_112
Llama 3.3 70B · 12 000 TPM,Cambios,Sustitución,y,y,BnF_112_08,1852,Paloma,bnf_112
Llama 3.3 70B · 12 000 TPM,Cambios,Sustitución,y,y,BnF_112_08,1854,Paloma,bnf_112
Llama 3.3 70B · 12 000 TPM,Cambios,Sustitución,y,y,BnF_112_08,1855,Paloma,bnf_112
Llama 3.3 70B · 12 000 TPM,Cambios,Sustitución,y,y,BnF_112_08,1858,Paloma,bnf_112
Llama 3.3 70B · 12 000 TPM,Cambios,Sustitución,y,y,BnF_112_08,1860,Paloma,bnf_112
Llama 3.3 70B · 12 000 TPM,Cambios,Sustitución,y,y,BnF_112_08,1861,Paloma,bnf_112
Llama 3.3 70B · 12 000 TPM,Cambios,Sustitución,y,y,BnF_112_08,1863,Paloma,bnf_112
Llama 3.3 70B · 12 000 TPM,Cambios,Sustitución,y,y,BnF_112_08,1864,Paloma,bnf_112
Llama 3.3 70B · 12 000 TPM,Cambios,Sustitución,y,y,BnF_112_08,1865,Paloma,bnf_112
Llama 3.3 70B · 12 000 TPM,Cambios,Sustitución,y,y,BnF_112_08,1872,Paloma,bnf_112
Llama 3.3 70B · 12 000 TPM,Cambios,Sustitución,y,y,BnF_112_08,1878,Paloma,bnf_112
Llama 3.3 70B · 12 000 TPM,Cambios,Sustitución,y,y,BnF_112_08,1881,Paloma,bnf_112
Llama 3.3 70B · 12 000 TPM,Cambios,Sustitución,y,y,BnF_112_08,1882,Paloma,bnf_112
Llama 3.3 70B · 12 000 TPM,Cambios,Sustitución,y,y,BnF_112_08,1883,Paloma,bnf_112
Llama 3.3 70B · 12 000 TPM,Cambios,Sustitución,y,y,BnF_112_08,1884,Paloma,bnf_112
Llama 3.3 70B · 12 000 TPM,Cambios,Sustitución,y,y,BnF_112_08,1885,Paloma,bnf_112
Llama 3.3 70B · 12 000 TPM,Cambios,Sustitución,y,y,BnF_113_25,5324,Flor,bnf_113
Llama 3.3 70B · 12 000 TPM,Cambios,Sustitución,y,y,BnF_117_13,2853,Paco,bnf_117
Llama 3.3 70B · 12 000 TPM,Cambios,Sustitución,y,y,BnF_117_15,5350,Flor,bnf_117
Llama 3.3 70B · 12 000 TPM,Cambios,Sustitución,y,y,BnF_118_08,5585,Arturo,bnf_118
Llama 3.3 70B · 12 000 TPM,Cambios,Sustitución,y,y,BnF_118_08,5586,Arturo,bnf_118
Llama 3.3 70B · 12 000 TPM,Cambios,Sustitución,y,y,BnF_118_08,5587,Arturo,bnf_118
Llama 3.3 70B · 12 000 TPM,Cambios,Sustitución,y,Y,BnF_118_08,5588,Arturo,bnf_118
Llama 3.3 70B · 12 000 TPM,Cambios,Sustitución,y,y,BnF_118_08,5589,Arturo,bnf_118
Llama 3.3 70B · 12 000 TPM,Cambios,Sustitución,y,y,BnF_118_08,5590,Arturo,bnf_118
Llama 3.3 70B · 12 000 TPM,Cambios,Sustitución,y,y,BnF_118_08,5591,Arturo,bnf_118
Llama 3.3 70B · 12 000 TPM,Cambios,Sustitución,y,Y,BnF_118_08,5592,Arturo,bnf_118
Llama 3.3 70B · 12 000 TPM,Cambios,Sustitución,y,y,BnF_118_08,5593,Arturo,bnf_118
Llama 3.3 70B · 12 000 TPM,Cambios,Sustitución,y,Y,BnF_118_08,5594,Arturo,bnf_118
Llama 3.3 70B · 12 000 TPM,Cambios,Sustitución,y,y,BnF_118_08,5595,Arturo,bnf_118
Llama 3.3 70B · 12 000 TPM,Cambios,Sustitución,y,Y,BnF_118_08,5596,Arturo,bnf_118
Llama 3.3 70B · 12 000 TPM,Cambios,Sustitución,y,y,BnF_118_08,5597,Arturo,bnf_118
Llama 3.3 70B · 12 000 TPM,Cambios,Sustitución,y,Y,BnF_118_08,5598,Arturo,bnf_118
Llama 3.3 70B · 12 000 TPM,Cambios,Sustitución,y,Y,BnF_118_08,5600,Arturo,bnf_118
Llama 3.3 70B · 12 000 TPM,Cambios,Sustitución,y,y,BnF_118_08,5603,Arturo,bnf_118
Llama 3.3 70B · 12 000 TPM,Cambios,Sustitución,y,y,BnF_266_10,5427,Flor,bnf_266
Llama 3.3 70B · 12 000 TPM,Cambios,Sustitución,y,y,BnF_394_05,5511,Flor,bnf_394
Llama 3.3 70B · 12 000 TPM,Cambios,Sustitución,y,y,BnF_394_07,1491,Rodrigo,bnf_394
Llama 3.3 70B · 12 000 TPM,Cambios,Sustitución,y,y,BnF_394_07,1495,Rodrigo,bnf_394
Llama 3.3 70B · 12 000 TPM,Cambios,Sustitución,y,y,BnF_394_07,1503,Rodrigo,bnf_394
Llama 3.3 70B · 12 000 TPM,Cambios,Sustitución,y,y,BnF_394_07,1504,Rodrigo,bnf_394
Llama 3.3 70B · 12 000 TPM,Cambios,Sustitución,y,y,BnF_394_10,5561,Flor,bnf_394
Llama 3.3 70B · 12 000 TPM,Cambios,Sustitución,y,y,BnF_394_10,5562,Flor,bnf_394
Llama 3.3 70B · 12 000 TPM,Cambios,Sustitución,y,y,BnF_394_10,5566,Flor,bnf_394
Llama 3.3 70B · 12 000 TPM,Cambios,Sustitución,y,y,BnF_394_10,5588,Flor,bnf_394
Llama 3.3 70B · 12 000 TPM,Cambios,Sustitución,y,y,LoC_HPKraus_146_new_13,3342,Paco,loc_hpkraus
Llama 3.3 70B · 12 000 TPM,Cambios,Sustitución,y,y,LoC_HPKraus_146_new_13,3343,Paco,loc_hpkraus
Llama 3.3 70B · 12 000 TPM,Cambios,Sustitución,y,y,LoC_HPKraus_146_new_13,3346,Paco,loc_hpkraus
Llama 3.3 70B · 12 000 TPM,Cambios,Sustitución,y,y,LoC_HPKraus_146_new_13,3348,Paco,loc_hpkraus
Llama 3.3 70B · 12 000 TPM,Cambios,Sustitución,y,y,LoC_HPKraus_146_new_13,3349,Paco,loc_hpkraus
Llama 3.3 70B · 12 000 TPM,Cambios,Sustitución,y,y,LoC_HPKraus_146_new_13,3350,Paco,loc_hpkraus
Llama 3.3 70B · 12 000 TPM,Cambios,Sustitución,y,y,LoC_HPKraus_146_new_13,3351,Paco,loc_hpkraus
Llama 3.3 70B · 12 000 TPM,Cambios,Sustitución,y,y,LoC_HPKraus_146_new_13,3352,Paco,loc_hpkraus
Llama 3.3 70B · 12 000 TPM,Cambios,Sustitución,y,y,UIA_Ms149_Exp2_51,5954,Arturo,uia_ms149
Llama 3.3 70B · 12 000 TPM,Cambios,Sustitución,y,y,UIA_Ms149_Exp2_51,5974,Arturo,uia_ms149
GPT OSS 120B · 8 000 TPM,Cambios,Sustitución,él,él,AGI_INDIFERENTE_2065_N45_09,170,Rodrigo,agi_indiferente
GPT OSS 120B · 8 000 TPM,Cambios,Sustitución,él,él,AGI_PATRONATO_182_R3_04,3077,Paco,agi_patronato
GPT OSS 120B · 8 000 TPM,Cambios,Sustitución,él,él,AGN_Indios_v002_exp835,1417,Paloma,agn_indios
GPT OSS 120B · 8 000 TPM,Filológicas - instrucciones,Regularización de H etimológica,a,a,AGI_INDIFERENTE_2065_N45_09,166,Rodrigo,agi_indiferente
GPT OSS 120B · 8 000 TPM,Filológicas - instrucciones,Regularización de H etimológica,a,a,AGN_GralParte_v006_exp617_01,273,Rodrigo,agn_gralparte
GPT OSS 120B · 8 000 TPM,Filológicas - instrucciones,Regularización de H etimológica,a,A,BnF_030_27,1098,Rodrigo,bnf_030
GPT OSS 120B · 8 000 TPM,Filológicas - instrucciones,Regularización de H etimológica,a,a,BnF_111_20,5145,Flor,bnf_111
GPT OSS 120B · 8 000 TPM,Filológicas - instrucciones,Regularización de H etimológica,a,a,BnF_113_22,1965,Paloma,bnf_113
GPT OSS 120B · 8 000 TPM,Filológicas - instrucciones,Regularización de H etimológica,aver,aver,BnF_111_20,5094,Flor,bnf_111
GPT OSS 120B · 8 000 TPM,Filológicas - instrucciones,Regularización de H etimológica,aver,aver,BnF_112_02,5451,Arturo,bnf_112
GPT OSS 120B · 8 000 TPM,Filológicas - instrucciones,Regularización de H etimológica,aver,aver,BnF_112_23,473,Edna,bnf_112
GPT OSS 120B · 8 000 TPM,Filológicas - instrucciones,Regularización de H etimológica,aver,aver,BnF_112_23,474,Edna,bnf_112
Llama 3.3 70B · 12 000 TPM,Filológicas - instrucciones,Regularización de H etimológica,aver,aver,AGN_Tierras_v039-2_exp003_41,5024,Flor,agn_tierras
Llama 3.3 70B · 12 000 TPM,Filológicas - instrucciones,Regularización de H etimológica,aver,aver,BnF_112_08,1907,Paloma,bnf_112
GPT OSS 120B · 8 000 TPM,Filológicas - instrucciones,Regularización de H etimológica,ay,ay,AGN_Mercedes_v003_exp520,607,Alba,agn_mercedes
GPT OSS 120B · 8 000 TPM,Filológicas - instrucciones,Regularización de H etimológica,ay,ay,BNE_ms3047_1,942,Rodrigo,bne_ms3047
GPT OSS 120B · 8 000 TPM,Filológicas - instrucciones,Regularización de H etimológica,ay,ay,BNE_ms3047_1,943,Rodrigo,bne_ms3047
GPT OSS 120B · 8 000 TPM,Filológicas - instrucciones,Regularización de H etimológica,ay,ay,BNE_ms3047_1,944,Rodrigo,bne_ms3047
GPT OSS 120B · 8 000 TPM,Filológicas - instrucciones,Regularización de H etimológica,ay,ay,BNE_ms3047_1,945,Rodrigo,bne_ms3047
GPT OSS 120B · 8 000 TPM,Filológicas - instrucciones,Regularización de H etimológica,ay,ay,BnF_112_23,467,Edna,bnf_112
GPT OSS 120B · 8 000 TPM,Filológicas - instrucciones,Regularización de i/y vocálicas,myguel,myguel,BnF_111_20,5056,Flor,bnf_111
GPT OSS 120B · 8 000 TPM,Filológicas - instrucciones,Regularización de i/y vocálicas,myguel,myguel,BnF_113_22,1941,Paloma,bnf_113
GPT OSS 120B · 8 000 TPM,Filológicas - instrucciones,Regularización de i/y vocálicas,myguel,myguel,BnF_113_22,1942,Paloma,bnf_113
GPT OSS 120B · 8 000 TPM,Filológicas - instrucciones,Regularización de i/y vocálicas,myguel,myguel,BnF_113_22,1943,Paloma,bnf_113
GPT OSS 120B · 8 000 TPM,Filológicas - instrucciones,Regularización de i/y vocálicas,myll,myll,AGI_PATRONATO_182_R3_01,23,Alba,agi_patronato
GPT OSS 120B · 8 000 TPM,Filológicas - instrucciones,Regularización de i/y vocálicas,myll,myll,BnF_112_23,384,Edna,bnf_112
GPT OSS 120B · 8 000 TPM,Filológicas - instrucciones,Regularización de i/y vocálicas,yglesia,yglesia,BnF_111_20,5104,Flor,bnf_111
GPT OSS 120B · 8 000 TPM,Filológicas - instrucciones,Regularización de i/y vocálicas,yglesia,yglesia,BnF_112_04,1802,Paloma,bnf_112
GPT OSS 120B · 8 000 TPM,Filológicas - instrucciones,Regularización de i/y vocálicas,yndio,yndio,BnF_111_20,5058,Flor,bnf_111
GPT OSS 120B · 8 000 TPM,Filológicas - instrucciones,Regularización de i/y vocálicas,yndio,yndio,BnF_111_20,5059,Flor,bnf_111
GPT OSS 120B · 8 000 TPM,Filológicas - instrucciones,Regularización de i/y vocálicas,yndio,yndio,BnF_112_02,5447,Arturo,bnf_112
GPT OSS 120B · 8 000 TPM,Filológicas - instrucciones,Regularización de i/y vocálicas,yndio,yndio,BnF_112_04,1816,Paloma,bnf_112
GPT OSS 120B · 8 000 TPM,Filológicas - instrucciones,Regularización de i/y vocálicas,yndio,yndio,BnF_112_04,1817,Paloma,bnf_112
GPT OSS 120B · 8 000 TPM,Filológicas - instrucciones,Regularización de i/y vocálicas,yndio,yndio,BnF_112_23,348,Edna,bnf_112
GPT OSS 120B · 8 000 TPM,Filológicas - instrucciones,Regularización de i/y vocálicas,yndio,yndio,BnF_113_22,1989,Paloma,bnf_113
Llama 3.3 70B · 12 000 TPM,Filológicas - instrucciones,Regularización de i/y vocálicas,yndio,yndio,BnF_032_33,283,Adriana,bnf_032
Llama 3.3 70B · 12 000 TPM,Filológicas - instrucciones,Regularización de i/y vocálicas,yndio,yndio,BnF_104_3,1026,Alba,bnf_104
Llama 3.3 70B · 12 000 TPM,Filológicas - instrucciones,Regularización de i/y vocálicas,yndio,yndio,BnF_104_3,1027,Alba,bnf_104
GPT OSS 120B · 8 000 TPM,Filológicas - instrucciones,Regularización de i/y vocálicas,yndios,Yndios,AGN_Indios_v019_exp354_2,445,Alba,agn_indios
GPT OSS 120B · 8 000 TPM,Filológicas - instrucciones,Regularización de i/y vocálicas,yndios,yndios,BnF_111_20,5107,Flor,bnf_111
GPT OSS 120B · 8 000 TPM,Filológicas - instrucciones,Regularización de i/y vocálicas,yndios,yndios,BnF_113_22,1987,Paloma,bnf_113
GPT OSS 120B · 8 000 TPM,Filológicas - instrucciones,Regularización de i/y vocálicas,yndios,yndios,BnF_113_22,1988,Paloma,bnf_113
GPT OSS 120B · 8 000 TPM,Filológicas - instrucciones,Regularización de la nasal palatal,anos,anos,AGI_CONTRATACION_1183_N8_78,10,Adriana,agi_contratacion
GPT OSS 120B · 8 000 TPM,Filológicas - instrucciones,Regularización de la nasal palatal,anos,anos,AGI_CONTRATACION_1183_N8_78,11,Adriana,agi_contratacion
GPT OSS 120B · 8 000 TPM,Filológicas - instrucciones,Regularización de la nasal palatal,anos,anos,AGI_CONTRATACION_1183_N8_78,12,Adriana,agi_contratacion
GPT OSS 120B · 8 000 TPM,Filológicas - instrucciones,Regularización de la nasal palatal,anos,anos,AGI_CONTRATACION_1183_N8_78,15,Adriana,agi_contratacion
GPT OSS 120B · 8 000 TPM,Filológicas - instrucciones,Regularización de la nasal palatal,anos,anos,BnF_113_22,1961,Paloma,bnf_113
GPT OSS 120B · 8 000 TPM,Filológicas - instrucciones,Regularización de la nasal palatal,anos,anos,BnF_113_22,1962,Paloma,bnf_113
GPT OSS 120B · 8 000 TPM,Filológicas - instrucciones,Regularización de labiales (b/v),aver,aver,BnF_111_20,5094,Flor,bnf_111
GPT OSS 120B · 8 000 TPM,Filológicas - instrucciones,Regularización de labiales (b/v),aver,aver,BnF_112_02,5451,Arturo,bnf_112
GPT OSS 120B · 8 000 TPM,Filológicas - instrucciones,Regularización de labiales (b/v),aver,aver,BnF_112_23,473,Edna,bnf_112
GPT OSS 120B · 8 000 TPM,Filológicas - instrucciones,Regularización de labiales (b/v),aver,aver,BnF_112_23,474,Edna,bnf_112
Llama 3.3 70B · 12 000 TPM,Filológicas - instrucciones,Regularización de labiales (b/v),aver,aver,AGN_Tierras_v039-2_exp003_41,5023,Flor,agn_tierras
Llama 3.3 70B · 12 000 TPM,Filológicas - instrucciones,Regularización de labiales (b/v),aver,aver,AGN_Tierras_v039-2_exp003_41,5024,Flor,agn_tierras
Llama 3.3 70B · 12 000 TPM,Filológicas - instrucciones,Regularización de labiales (b/v),aver,aver,BnF_112_08,1907,Paloma,bnf_112
GPT OSS 120B · 8 000 TPM,Filológicas - instrucciones,Regularización de labiales (b/v),boluntad,boluntad,AGN_Mercedes_v003_exp520,584,Alba,agn_mercedes
GPT OSS 120B · 8 000 TPM,Filológicas - instrucciones,Regularización de labiales (b/v),boluntad,boluntad,BnF_112_23,488,Edna,bnf_112
Llama 3.3 70B · 12 000 TPM,Filológicas - instrucciones,Regularización de labiales (b/v),escrivano,escrivano,AGN_AHHacienda_v268_exp046_03,4388,Arturo,agn_ahhacienda
Llama 3.3 70B · 12 000 TPM,Filológicas - instrucciones,Regularización de labiales (b/v),escrivano,escrivano,BnF_075_003,303,Adriana,bnf_075
Llama 3.3 70B · 12 000 TPM,Filológicas - instrucciones,Regularización de labiales (b/v),escrivano,escrivano,BnF_075_003,304,Adriana,bnf_075
Llama 3.3 70B · 12 000 TPM,Filológicas - instrucciones,Regularización de labiales (b/v),escrivano,escrivano,BnF_075_003,305,Adriana,bnf_075
Llama 3.3 70B · 12 000 TPM,Filológicas - instrucciones,Regularización de labiales (b/v),escrivano,escrivano,BnF_075_003,306,Adriana,bnf_075
Llama 3.3 70B · 12 000 TPM,Filológicas - instrucciones,Regularización de labiales (b/v),escrivano,escrivano,BnF_116_07,448,Adriana,bnf_116
GPT OSS 120B · 8 000 TPM,Filológicas - instrucciones,Regularización de labiales (b/v),governador,governador,BnF_111_20,5144,Flor,bnf_111
GPT OSS 120B · 8 000 TPM,Filológicas - instrucciones,Regularización de labiales (b/v),governador,governador,BnF_112_02,5462,Arturo,bnf_112
GPT OSS 120B · 8 000 TPM,Filológicas - instrucciones,Regularización de labiales (b/v),nueba,nueba,AGI_PATRONATO_182_R3_04,2269,Paco,agi_patronato
GPT OSS 120B · 8 000 TPM,Filológicas - instrucciones,Regularización de labiales (b/v),nueba,nueba,AGN_Mercedes_v003_exp520,524,Alba,agn_mercedes
GPT OSS 120B · 8 000 TPM,Filológicas - instrucciones,Regularización de labiales (b/v),nueba,nueba,AGN_Mercedes_v003_exp520,525,Alba,agn_mercedes
GPT OSS 120B · 8 000 TPM,Filológicas - instrucciones,x sibilante → j,dixo,dixo,BnF_111_20,5079,Flor,bnf_111
GPT OSS 120B · 8 000 TPM,Filológicas - instrucciones,x sibilante → j,dixo,dixo,BnF_111_20,5093,Flor,bnf_111
GPT OSS 120B · 8 000 TPM,Filológicas - instrucciones,x sibilante → j,dixo,dixo,BnF_112_04,1834,Paloma,bnf_112
GPT OSS 120B · 8 000 TPM,Filológicas - instrucciones,x sibilante → j,dixo,dixo,BnF_112_04,1835,Paloma,bnf_112
GPT OSS 120B · 8 000 TPM,Filológicas - instrucciones,x sibilante → j,dixo,dixo,BnF_112_23,421,Edna,bnf_112
GPT OSS 120B · 8 000 TPM,Filológicas - instrucciones,x sibilante → j,dixo,dixo,BnF_113_22,1992,Paloma,bnf_113
GPT OSS 120B · 8 000 TPM,Filológicas - mecánicas,Regularización de sibilantes,catorze,Catorze,AGI_CONTRATACION_1183_N8_78,72,Adriana,agi_contratacion
GPT OSS 120B · 8 000 TPM,Filológicas - mecánicas,Regularización de sibilantes,catorze,catorze,BnF_111_20,5095,Flor,bnf_111
GPT OSS 120B · 8 000 TPM,Filológicas - mecánicas,Regularización de sibilantes,dizen,dizen,BnF_112_02,5450,Arturo,bnf_112
GPT OSS 120B · 8 000 TPM,Filológicas - mecánicas,Regularización de sibilantes,dizen,dizen,BnF_113_22,1959,Paloma,bnf_113
GPT OSS 120B · 8 000 TPM,Filológicas - mecánicas,Regularización de sibilantes,doze,doze,AGI_CONTRATACION_1183_N8_78,55,Adriana,agi_contratacion
GPT OSS 120B · 8 000 TPM,Filológicas - mecánicas,Regularización de sibilantes,doze,doze,AGN_RealesCedDup_v030_exp874,746,Alba,agn_realesceddup
GPT OSS 120B · 8 000 TPM,Filológicas - mecánicas,Regularización de sibilantes,doze,doze,AGN_RealesCedDup_v030_exp874,747,Alba,agn_realesceddup
GPT OSS 120B · 8 000 TPM,Filológicas - mecánicas,Regularización de sibilantes,haze,haze,AGN_AHHacienda_v1292_exp135,1300,Javier,agn_ahhacienda
GPT OSS 120B · 8 000 TPM,Filológicas - mecánicas,Regularización de sibilantes,haze,haze,BnF_112_02,5410,Arturo,bnf_112
GPT OSS 120B · 8 000 TPM,Filológicas - mecánicas,Simplificación de grupos vocálicos,myll,myll,AGI_PATRONATO_182_R3_01,23,Alba,agi_patronato
GPT OSS 120B · 8 000 TPM,Filológicas - mecánicas,Simplificación de grupos vocálicos,myll,myll,BnF_112_23,384,Edna,bnf_112
