annotated_form_rank,model,normalised_annotated_text,distinct_annotations,affected_documents,affected_archives,affected_reviewers,example_surface_forms,example_documents,archives,reviewers,most_common_error_category,most_common_subrule,most_common_rule_assignments,all_rule_assignments,cross_context_prompt_candidate,display_label
1,Llama 3.3 70B · 12 000 TPM,y,135,20,13,6,y | Y,AGN_HospJesus_c474_leg267-2_exp024_7473-7537_02 | BnF_117_13 | LoC_HPKraus_146_new_13 | BnF_032_33 | BnF_075_003,agn_hospjesus | bnf_117 | loc_hpkraus | bnf_032 | bnf_075,Paco | Adriana | Arturo | Paloma | Flor,Cambios,Sustitución,82,"Cambios — Sustitución | Cambios — No sub-rule assigned | Cambios — Inserción | Cambios — Deleción | Cambios — Otros | Puntuación — Coma (,)",True,y
2,Llama 3.3 70B · 12 000 TPM,po,76,9,6,6,Po | po,BP_CM_R494_156_2 | BnF_267_03 | BnF_267_23 | BnF_032_23 | BnF_117_03,bp_cm | bnf_267 | bnf_032 | bnf_117 | bnf_110,Javier | Paco | Arturo | Alba | Paloma,Abreviaturas,Expansión completa,75,Abreviaturas — Expansión completa | Abreviaturas — No sub-rule assigned,True,po
3,Llama 3.3 70B · 12 000 TPM,to,71,4,3,2,to,BnF_267_03 | BnF_267_23 | AGN_HospJesus_c205_exp041_04 | BnF_111_21,bnf_267 | agn_hospjesus | bnf_111,Paco | Flor,Abreviaturas,Expansión completa,71,Abreviaturas — Expansión completa,True,to
4,GPT OSS 120B · 8 000 TPM,dho,54,13,10,9,dho,AGN_AHHacienda_v1292_exp135 | BNE_ms3047_4 | BnF_032_36 | AGN_AHHacienda_v268_exp046_01 | BnF_112_02,agn_ahhacienda | bne_ms3047 | bnf_032 | bnf_112 | agi_patronato,Javier | Paco | Adriana | Arturo | Edna,Abreviaturas,Expansión completa,32,Abreviaturas — Expansión completa | Abreviaturas — No sub-rule assigned | Filológicas - mecánicas — Regularización de sibilantes | Filológicas - instrucciones — x sibilante → j,True,dho
5,GPT OSS 120B · 8 000 TPM,q,54,8,7,6,q,BnF_032_36 | BnF_113_04 | BnF_112_23 | AGN_Indios_v019_exp354_2 | AGN_Mercedes_v003_exp520,bnf_032 | bnf_113 | bnf_112 | agn_indios | agn_mercedes,Paco | Edna | Alba | Paloma | Flor,Abreviaturas,Expansión completa,40,Abreviaturas — Expansión completa | Abreviaturas — No sub-rule assigned | Filológicas - instrucciones — Regularización de H etimológica | Filológicas - instrucciones — x sibilante → j,True,q
6,GPT OSS 120B · 8 000 TPM,y,50,7,6,3,y | Y,BNE_ms3047_4 | BnF_104_2 | BnF_116_02 | AGI_INDIFERENTE_2065_N45_09 | AGN_GralParte_v006_exp617_01,bne_ms3047 | bnf_104 | bnf_116 | agi_indiferente | agn_gralparte,Javier | Paco | Rodrigo,Cambios,Sustitución,32,Cambios — Sustitución | Filológicas - instrucciones — Regularización de i/y vocálicas | Cambios — Otros | Cambios — No sub-rule assigned | Puntuación — Punto (.),True,y
7,GPT OSS 120B · 8 000 TPM,franco,35,17,13,8,Franco | franco,BNE_ms3047_4 | AGI_PATRONATO_182_R3_04 | BnF_032_36 | BnF_104_2 | BnF_112_25,bne_ms3047 | agi_patronato | bnf_032 | bnf_104 | bnf_112,Javier | Paco | Adriana | Arturo | Edna,Abreviaturas,Expansión completa,28,Abreviaturas — Expansión completa | Cambios — Otros | Abreviaturas — No sub-rule assigned | Filológicas - instrucciones — Regularización de labiales (b/v) | Filológicas - mecánicas — Simplificación de grupos consonánticos | Puntuación — Punto (.),True,franco
8,GPT OSS 120B · 8 000 TPM,dha,34,15,11,9,dha,AGN_AHHacienda_v1292_exp135 | AGI_PATRONATO_182_R3_04 | BnF_032_36 | AGN_AHHacienda_v268_exp046_01 | BnF_112_02,agn_ahhacienda | agi_patronato | bnf_032 | bnf_112 | bnf_030,Javier | Paco | Adriana | Arturo | Edna,Abreviaturas,Expansión completa,25,Abreviaturas — Expansión completa | Abreviaturas — No sub-rule assigned | Filológicas - mecánicas — Simplificación de grupos consonánticos,True,dha
9,Llama 3.3 70B · 12 000 TPM,franco,34,15,13,5,franco | Franco,AGI_CONTRATACION_1089_N8_151 | AGN_HospJesus_c474_leg267-2_exp024_7473-7537_02 | AGN_Marina_v031A_exp02_fs85-92_15 | BnF_030_22 | BnF_117_13,agi_contratacion | agn_hospjesus | agn_marina | bnf_030 | bnf_117,Paco | Arturo | Paloma | Flor | Rodrigo,Abreviaturas,Expansión completa,27,Abreviaturas — Expansión completa | Abreviaturas — No sub-rule assigned | Filológicas - instrucciones — Regularización de H etimológica,True,franco
10,Llama 3.3 70B · 12 000 TPM,que,29,15,13,6,que | Que,BnF_030_22 | UIA_Ms149_Exp3_43 | utblac_gg_mss_g62_duplicated_15 | AGN_AHHacienda_v268_exp046_03 | BP_CM_R481_016,bnf_030 | uia_ms149 | utblac_gg | agn_ahhacienda | bp_cm,Paco | Arturo | Edna | Paloma | Flor,Cambios,Inserción,18,"Cambios — Inserción | Acentuación — No sub-rule assigned | Cambios — Sustitución | Cambios — Deleción | Puntuación — Coma (,)",True,que
11,GPT OSS 120B · 8 000 TPM,mi,27,5,5,4,mi,BnF_104_2 | BnF_113_04 | AGI_CONTRATACION_1183_N8_78 | AGN_Indios_v009_exp003_fs4v-5_01 | BnF_030_21,bnf_104 | bnf_113 | agi_contratacion | agn_indios | bnf_030,Paco | Adriana | Arturo | Edna,Abreviaturas,No sub-rule assigned,12,Abreviaturas — No sub-rule assigned | Acentuación — No sub-rule assigned | Abreviaturas — Expansión completa | Cambios — Deleción | Cambios — Sustitución,True,mi
12,GPT OSS 120B · 8 000 TPM,do,24,9,9,7,do,AGN_AHHacienda_v1292_exp135 | BnF_032_36 | BnF_104_2 | BnF_112_02 | AGN_Tierras_v039-2_exp003_72,agn_ahhacienda | bnf_032 | bnf_104 | bnf_112 | agn_tierras,Javier | Paco | Arturo | Edna | Alba,Abreviaturas,Expansión completa,19,Abreviaturas — Expansión completa | Cambios — Sustitución | Abreviaturas — No sub-rule assigned | Cambios — Deleción | Acentuación — No sub-rule assigned | Cambios — Inserción,True,do
13,GPT OSS 120B · 8 000 TPM,del,23,6,5,5,del,BnF_112_25 | BnF_030_21 | AGN_Indios_v019_exp354_2 | BnF_075_014 | AGN_Indios_v002_exp835,bnf_112 | bnf_030 | agn_indios | bnf_075 | agi_indiferente,Paco | Edna | Alba | Paloma | Rodrigo,Cambios,Sustitución,12,"Cambios — Sustitución | Abreviaturas — Expansión completa | Abreviaturas — No sub-rule assigned | Abreviaturas — Excepciones (desto/a/os, dello/a/os) | Filológicas - mecánicas — E protética | Cambios — Deleción",True,del
14,Llama 3.3 70B · 12 000 TPM,de esta,21,9,8,4,de esta,Mechoacan_Yurirapundaro_1 | BnF_032_23 | UIA_Ms149_Exp2_51 | AGN_AHHacienda_v268_exp046_02 | BnF_032_39,mechoacan_yurirapundaro | bnf_032 | uia_ms149 | agn_ahhacienda | bnf_112,Adriana | Arturo | Paloma | Rodrigo,Abreviaturas,"Excepciones (desto/a/os, dello/a/os)",21,"Abreviaturas — Excepciones (desto/a/os, dello/a/os)",True,de esta
15,Llama 3.3 70B · 12 000 TPM,juo,19,9,7,4,Juo | juo,BnF_032_33 | BnF_110_13 | Mechoacan_Yurirapundaro_1 | AGN_AHHacienda_v268_exp046_03 | BnF_032_23,bnf_032 | bnf_110 | mechoacan_yurirapundaro | agn_ahhacienda | bnf_111,Adriana | Arturo | Alba | Rodrigo,Abreviaturas,Expansión completa,18,Abreviaturas — Expansión completa | Abreviaturas — No sub-rule assigned,True,juo
16,GPT OSS 120B · 8 000 TPM,puo,19,6,5,5,puo,BNE_ms3047_4 | BnF_113_04 | AGN_Indios_v019_exp354_2 | AGN_Mercedes_v003_exp520 | BnF_113_22,bne_ms3047 | bnf_113 | agn_indios | agn_mercedes | bnf_111,Javier | Paco | Alba | Paloma | Flor,Abreviaturas,Expansión completa,11,Abreviaturas — Expansión completa | Abreviaturas — No sub-rule assigned,True,puo
17,Llama 3.3 70B · 12 000 TPM,dn,17,5,4,4,Dn,BnF_174_02 | BnF_243_17 | BnF_244_02 | UIA_Ms149_Exp3_04 | BnF_243_16,bnf_174 | bnf_243 | bnf_244 | uia_ms149,Javier | Edna | Alba | Rodrigo,Abreviaturas,Expansión completa,10,Abreviaturas — Expansión completa | Abreviaturas — No sub-rule assigned,True,dn
18,Llama 3.3 70B · 12 000 TPM,juan,17,5,5,4,Juan,BnF_030_22 | BnF_075_003 | BnF_110_13 | BnF_174_04 | AGI_CONTRATACION_1089_N8_176,bnf_030 | bnf_075 | bnf_110 | bnf_174 | agi_contratacion,Paco | Adriana | Paloma | Flor,Cambios,Sustitución,16,Cambios — Sustitución | Abreviaturas — No sub-rule assigned,True,juan
19,GPT OSS 120B · 8 000 TPM,pos,17,3,3,3,pos,AGN_AHHacienda_v1292_exp135 | BnF_113_22 | BNE_ms3047_1,agn_ahhacienda | bnf_113 | bne_ms3047,Javier | Paloma | Rodrigo,Abreviaturas,Expansión completa,16,Abreviaturas — Expansión completa | Abreviaturas — No sub-rule assigned,True,pos
20,Llama 3.3 70B · 12 000 TPM,de este,16,9,7,3,de este,BnF_032_33 | BnF_075_026 | BnF_075_035 | utblac_wbs_0912a_duplicated | AGN_AHHacienda_v268_exp046_02,bnf_032 | bnf_075 | utblac_wbs | agn_ahhacienda | agn_gralparte,Adriana | Arturo | Paloma,Abreviaturas,"Excepciones (desto/a/os, dello/a/os)",12,"Abreviaturas — Excepciones (desto/a/os, dello/a/os) | Abreviaturas — Expansión completa | Filológicas - instrucciones — Regularización de labiales (b/v) | Cambios — Sustitución | Cambios — Inserción",True,de este
21,GPT OSS 120B · 8 000 TPM,dos,14,8,8,6,dos,AGN_Marina_v004_exp006_014 | BnF_104_2 | BnF_112_25 | BnF_116_02 | AGN_Indios_v009_exp003_fs4v-5_01,agn_marina | bnf_104 | bnf_112 | bnf_116 | agn_indios,Javier | Paco | Arturo | Edna | Alba,Cambios,Sustitución,9,Cambios — Sustitución | Abreviaturas — Expansión completa | Abreviaturas — No sub-rule assigned | Cambios — Deleción | Puntuación — Punto (.),True,dos
22,GPT OSS 120B · 8 000 TPM,de,13,9,7,6,de,BNE_ms3047_4 | AGI_PATRONATO_182_R3_04 | BnF_112_25 | AGN_Indios_v009_exp003_fs4v-5_01 | BnF_112_02,bne_ms3047 | agi_patronato | bnf_112 | agn_indios | agn_mercedes,Javier | Paco | Arturo | Alba | Paloma,Cambios,Sustitución,8,"Cambios — Sustitución | Abreviaturas — Expansión completa | Abreviaturas — Excepciones (desto/a/os, dello/a/os) | Cambios — Deleción | Cambios — Inserción",True,de
23,Llama 3.3 70B · 12 000 TPM,del,13,6,6,5,del,BnF_266_07 | AGS_CE_RG_L379_02 | utblac_eog_j_04_duplicated_02 | BnF_174_04 | BnF_111_21,bnf_266 | ags_ce | utblac_eog | bnf_174 | bnf_111,Paco | Arturo | Paloma | Flor | Rodrigo,Cambios,Deleción,6,"Cambios — Deleción | Abreviaturas — Excepciones (desto/a/os, dello/a/os) | Cambios — Sustitución | Abreviaturas — No sub-rule assigned | Cambios — Inserción | Cambios — Otros",True,del
24,Llama 3.3 70B · 12 000 TPM,a,12,7,7,4,a,AGN_HospJesus_c474_leg267-2_exp024_7473-7537_10 | BnF_032_23 | UIA_Ms149_Exp2_51 | AGI_PATRONATO_181_R13_2 | BnF_118_03,agn_hospjesus | bnf_032 | uia_ms149 | agi_patronato | bnf_118,Arturo | Paloma | Flor | Rodrigo,Cambios,Deleción,4,"Cambios — Deleción | Filológicas - instrucciones — Regularización de H etimológica | Cambios — Otros | Cambios — Inserción | Cambios — Sustitución | Puntuación — Coma (,)",True,a
25,Llama 3.3 70B · 12 000 TPM,así,11,8,6,5,así,BnF_075_003 | BnF_110_13 | BnF_075_035 | BnF_117_03 | BnF_113_43,bnf_075 | bnf_110 | bnf_117 | bnf_113 | bnf_119-148,Adriana | Arturo | Paloma | Flor | Rodrigo,Cambios,Deleción,6,Cambios — Deleción | Cambios — No sub-rule assigned | Cambios — Sustitución,True,así
26,GPT OSS 120B · 8 000 TPM,sor,11,5,4,3,Sor | sor,AGS_CE_RG_L379_01 | AGN_RealesCedDup_v030_exp874 | AGN_RealesCedDup_v050_exp062 | BnF_112_04 | BnF_113_22,ags_ce | agn_realesceddup | bnf_112 | bnf_113,Javier | Alba | Paloma,Abreviaturas,Expansión completa,9,Abreviaturas — Expansión completa | Abreviaturas — No sub-rule assigned | Cambios — Sustitución,True,sor
27,GPT OSS 120B · 8 000 TPM,to,11,2,2,2,to | To,AGN_AHHacienda_v1292_exp135 | BnF_111_20,agn_ahhacienda | bnf_111,Javier | Flor,Abreviaturas,Expansión completa,8,Abreviaturas — Expansión completa | Filológicas - instrucciones — Regularización de i/y vocálicas,True,to
28,GPT OSS 120B · 8 000 TPM,la,10,6,6,3,la | la  | La,BnF_112_25 | BnF_113_04 | AGN_Mercedes_v003_exp520 | AGI_INDIFERENTE_2065_N45_09 | AGN_GralParte_v006_exp617_01,bnf_112 | bnf_113 | agn_mercedes | agi_indiferente | agn_gralparte,Paco | Alba | Rodrigo,Cambios,Otros,6,"Cambios — Otros | Abreviaturas — Expansión completa | Abreviaturas — Excepciones (desto/a/os, dello/a/os) | Cambios — Deleción | Cambios — Inserción",True,la
29,GPT OSS 120B · 8 000 TPM,desta,10,4,4,2,desta | deSta,BnF_112_25 | BnF_116_02 | AGI_PATRONATO_182_R3_01 | AGN_RealesCedDup_v030_exp874,bnf_112 | bnf_116 | agi_patronato | agn_realesceddup,Paco | Alba,Abreviaturas,"Excepciones (desto/a/os, dello/a/os)",10,"Abreviaturas — Excepciones (desto/a/os, dello/a/os) | Filológicas - instrucciones — Regularización de i/y vocálicas",True,desta
30,Llama 3.3 70B · 12 000 TPM,principales,10,4,2,3,principales,AGN_HospJesus_c474_leg267-2_exp024_7473-7537_02 | AGN_HospJesus_c474_leg267-2_exp024_7473-7537_10 | BnF_032_23 | AGN_HospJesus_c474_leg267-2_exp024_7473-7537_05,agn_hospjesus | bnf_032,Paco | Arturo | Rodrigo,Cambios,Sustitución,10,Cambios — Sustitución | Cambios — Inserción,True,principales
31,GPT OSS 120B · 8 000 TPM,el,9,7,7,4,el | El,AGN_AHHacienda_v1292_exp135 | AGN_Indios_v009_exp003_fs4v-5_01 | BnF_112_02 | AGN_Marina_v004_exp006_005 | AGI_INDIFERENTE_2065_N45_09,agn_ahhacienda | agn_indios | bnf_112 | agn_marina | agi_indiferente,Javier | Arturo | Edna | Rodrigo,Acentuación,No sub-rule assigned,4,Acentuación — No sub-rule assigned | Cambios — Sustitución | Puntuación — No sub-rule assigned,True,el
32,GPT OSS 120B · 8 000 TPM,po,9,6,5,5,Po | po,BNE_ms3047_4 | BnF_032_36 | BnF_112_25 | BnF_112_02 | AGN_Indios_v019_exp354_2,bne_ms3047 | bnf_032 | bnf_112 | agn_indios | agn_gralparte,Javier | Paco | Arturo | Alba | Rodrigo,Abreviaturas,Expansión completa,9,Abreviaturas — Expansión completa,True,po
33,GPT OSS 120B · 8 000 TPM,justa,9,4,3,3,justa,BnF_112_25 | BnF_116_02 | BnF_112_23 | BnF_111_20,bnf_112 | bnf_116 | bnf_111,Paco | Edna | Flor,Abreviaturas,Expansión completa,6,Abreviaturas — Expansión completa | Acentuación — No sub-rule assigned | Abreviaturas — No sub-rule assigned,True,justa
34,GPT OSS 120B · 8 000 TPM,quios,8,8,8,4,quios,AGN_AHHacienda_v1292_exp135 | BnF_032_36 | BnF_113_04 | AGI_GUADALAJARA_230_L2_F_45V-46V_1 | BnF_030_21,agn_ahhacienda | bnf_032 | bnf_113 | agi_guadalajara | bnf_030,Javier | Paco | Edna | Alba,Abreviaturas,Expansión completa,6,Abreviaturas — Expansión completa | Abreviaturas — No sub-rule assigned,True,quios
35,Llama 3.3 70B · 12 000 TPM,seiscientos,8,8,6,6,seiscientos,BnF_117_13 | BnF_075_003 | BnF_075_035 | BnF_119-148_13 | BnF_110_09,bnf_117 | bnf_075 | bnf_119-148 | bnf_110 | bnf_118,Paco | Adriana | Arturo | Edna | Alba,Cambios,Sustitución,5,Cambios — Sustitución | Abreviaturas — No sub-rule assigned | Abreviaturas — Expansión completa | Cambios — Deleción,True,seiscientos
36,Llama 3.3 70B · 12 000 TPM,de,8,7,7,4,de,BnF_032_23 | utblac_gg_mss_g62_duplicated_11 | AGI_CONTRATACION_1089_N8_176 | BnF_119-148_16 | AGN_GralParte_v006_exp617_02,bnf_032 | utblac_gg | agi_contratacion | bnf_119-148 | agn_gralparte,Arturo | Alba | Flor | Rodrigo,Acentuación,No sub-rule assigned,4,"Acentuación — No sub-rule assigned | Cambios — Inserción | Abreviaturas — Excepciones (desto/a/os, dello/a/os) | Cambios — Sustitución",True,de
37,Llama 3.3 70B · 12 000 TPM,el,8,7,7,3,el | El,Mechoacan_Yurirapundaro_1 | AGN_Indios_v009_exp002_fs3v-4_01 | BnF_032_23 | BnF_075_026 | BnF_117_03,mechoacan_yurirapundaro | agn_indios | bnf_032 | bnf_075 | bnf_117,Adriana | Arturo | Rodrigo,Acentuación,No sub-rule assigned,4,"Acentuación — No sub-rule assigned | Cambios — Inserción | Cambios — Sustitución | Puntuación — Coma (,)",True,el
38,GPT OSS 120B · 8 000 TPM,dhas,8,6,4,6,dhas,BnF_112_25 | BnF_112_02 | BnF_112_23 | AGN_Indios_v019_exp354_2 | BnF_113_22,bnf_112 | agn_indios | bnf_113 | agn_gralparte,Paco | Arturo | Edna | Alba | Paloma,Abreviaturas,Expansión completa,7,Abreviaturas — Expansión completa | Abreviaturas — No sub-rule assigned,True,dhas
39,GPT OSS 120B · 8 000 TPM,mag,8,6,4,4,mag,AGI_PATRONATO_182_R3_04 | BnF_032_36 | BnF_112_23 | AGI_PATRONATO_182_R3_01 | AGN_Mercedes_v003_exp520,agi_patronato | bnf_032 | bnf_112 | agn_mercedes,Paco | Edna | Alba | Flor,Abreviaturas,Expansión completa,7,Abreviaturas — Expansión completa | Abreviaturas — No sub-rule assigned,True,mag
40,GPT OSS 120B · 8 000 TPM,dhos,8,5,5,4,dhos,BnF_032_36 | AGI_PATRONATO_182_R3_01 | AGN_Mercedes_v003_exp520 | BnF_113_22 | BnF_111_20,bnf_032 | agi_patronato | agn_mercedes | bnf_113 | bnf_111,Paco | Alba | Paloma | Flor,Abreviaturas,Expansión completa,5,Abreviaturas — Expansión completa | Abreviaturas — No sub-rule assigned,True,dhos
41,GPT OSS 120B · 8 000 TPM,anos,8,4,3,3,anos,BnF_032_36 | BnF_113_04 | AGI_CONTRATACION_1183_N8_78 | BnF_113_22,bnf_032 | bnf_113 | agi_contratacion,Paco | Adriana | Paloma,Filológicas - instrucciones,Regularización de la nasal palatal,6,Filológicas - instrucciones — Regularización de la nasal palatal | Filológicas - instrucciones — No sub-rule assigned,True,anos
42,GPT OSS 120B · 8 000 TPM,poco,8,3,3,3,poco,AGN_Tierras_v039-2_exp003_72 | BnF_075_014 | AGI_INDIFERENTE_2065_N45_09,agn_tierras | bnf_075 | agi_indiferente,Edna | Alba | Rodrigo,Cambios,Sustitución,5,Cambios — Sustitución | Abreviaturas — No sub-rule assigned | Abreviaturas — Expansión completa,True,poco
43,Llama 3.3 70B · 12 000 TPM,esto,8,2,2,2,esto,utblac_gg_mss_g62_duplicated_15 | BnF_111_27,utblac_gg | bnf_111,Paco | Alba,Cambios,Sustitución,7,Cambios — Sustitución | Cambios — Deleción | Abreviaturas — Expansión completa,True,esto
44,GPT OSS 120B · 8 000 TPM,dias,7,5,5,3,dias,AGI_PATRONATO_182_R3_01 | AGN_Indios_v019_exp354_2 | AGN_Mercedes_v003_exp520 | BnF_113_22 | AGN_GralParte_v006_exp617_01,agi_patronato | agn_indios | agn_mercedes | bnf_113 | agn_gralparte,Alba | Paloma | Rodrigo,Acentuación,No sub-rule assigned,7,Acentuación — No sub-rule assigned,True,dias
45,GPT OSS 120B · 8 000 TPM,mexco,7,5,4,4,mexco | Mexco,BnF_112_23 | AGN_Indios_v019_exp354_2 | AGN_RealesCedDup_v030_exp874 | AGN_RealesCedDup_v050_exp062 | AGN_GralParte_v006_exp617_01,bnf_112 | agn_indios | agn_realesceddup | agn_gralparte,Edna | Alba | Paloma | Rodrigo,Abreviaturas,No sub-rule assigned,4,Abreviaturas — No sub-rule assigned | Abreviaturas — Expansión completa,True,mexco
46,GPT OSS 120B · 8 000 TPM,rs,7,5,5,3,Rs,AGI_CONTRATACION_1091_N3_098 | AGN_AHHacienda_v1292_exp135 | AGN_Indios_v019_exp354_2 | AGN_RealesCedDup_v030_exp874 | AGN_IndiferenteVirreinal_caja4071_exp024_2,agi_contratacion | agn_ahhacienda | agn_indios | agn_realesceddup | agn_indiferentevirreinal,Javier | Alba | Paloma,Abreviaturas,Expansión completa,5,Abreviaturas — Expansión completa | Abreviaturas — No sub-rule assigned,True,rs
47,GPT OSS 120B · 8 000 TPM,yndio,7,5,3,4,yndio,BnF_112_02 | BnF_112_23 | BnF_112_04 | BnF_113_22 | BnF_111_20,bnf_112 | bnf_113 | bnf_111,Arturo | Edna | Paloma | Flor,Filológicas - instrucciones,Regularización de i/y vocálicas,7,Filológicas - instrucciones — Regularización de i/y vocálicas,True,yndio
48,GPT OSS 120B · 8 000 TPM,esta,7,4,4,2,esta,AGI_PATRONATO_182_R3_04 | BnF_113_04 | AGN_GralParte_v006_exp617_01 | BNE_ms3047_1,agi_patronato | bnf_113 | agn_gralparte | bne_ms3047,Paco | Rodrigo,Abreviaturas,Expansión completa,4,Abreviaturas — Expansión completa | Acentuación — No sub-rule assigned | Cambios — Deleción | Cambios — Inserción | Cambios — Sustitución,True,esta
49,Llama 3.3 70B · 12 000 TPM,para,7,4,3,3,para,BP_CM_R481_071_2 | BnF_266_10 | AGI_INDIFERENTE_1529_N8_06 | BnF_266_03,bp_cm | bnf_266 | agi_indiferente,Adriana | Flor | Rodrigo,Cambios,Sustitución,6,Cambios — Sustitución | Cambios — Inserción,True,para
50,GPT OSS 120B · 8 000 TPM,deste,7,3,3,2,deste,BnF_032_36 | BnF_104_2 | AGI_PATRONATO_182_R3_01,bnf_032 | bnf_104 | agi_patronato,Paco | Alba,Abreviaturas,"Excepciones (desto/a/os, dello/a/os)",7,"Abreviaturas — Excepciones (desto/a/os, dello/a/os)",True,deste
51,GPT OSS 120B · 8 000 TPM,da,6,5,5,3,da,AGI_PATRONATO_182_R3_04 | BnF_104_2 | BnF_112_25 | BnF_075_014 | AGN_RealesCedDup_v050_exp062,agi_patronato | bnf_104 | bnf_112 | bnf_075 | agn_realesceddup,Paco | Alba | Paloma,Abreviaturas,Expansión completa,5,Abreviaturas — Expansión completa | Cambios — Sustitución | Cambios — Deleción,True,da
52,GPT OSS 120B · 8 000 TPM,dixo,6,4,3,3,dixo,BnF_112_23 | BnF_112_04 | BnF_113_22 | BnF_111_20,bnf_112 | bnf_113 | bnf_111,Edna | Paloma | Flor,Filológicas - instrucciones,x sibilante → j,6,Filológicas - instrucciones — x sibilante → j | Abreviaturas — No sub-rule assigned,True,dixo
53,GPT OSS 120B · 8 000 TPM,pa,6,4,4,3,pa,BnF_032_36 | BnF_030_21 | AGN_Indios_v019_exp354_2 | AGN_Mercedes_v003_exp520,bnf_032 | bnf_030 | agn_indios | agn_mercedes,Paco | Edna | Alba,Abreviaturas,Expansión completa,5,Abreviaturas — Expansión completa | Abreviaturas — No sub-rule assigned,True,pa
54,GPT OSS 120B · 8 000 TPM,ay,6,3,3,3,ay,BnF_112_23 | AGN_Mercedes_v003_exp520 | BNE_ms3047_1,bnf_112 | agn_mercedes | bne_ms3047,Edna | Alba | Rodrigo,Filológicas - instrucciones,Regularización de H etimológica,6,Filológicas - instrucciones — Regularización de H etimológica,True,ay
55,Llama 3.3 70B · 12 000 TPM,escrivano,6,3,3,2,escrivano,BnF_075_003 | BnF_116_07 | AGN_AHHacienda_v268_exp046_03,bnf_075 | bnf_116 | agn_ahhacienda,Adriana | Arturo,Filológicas - instrucciones,Regularización de labiales (b/v),6,Filológicas - instrucciones — Regularización de labiales (b/v),True,escrivano
56,GPT OSS 120B · 8 000 TPM,exa,6,3,3,2,exa,AGN_Indios_v019_exp354_2 | AGN_RealesCedDup_v030_exp874 | AGN_GralParte_v006_exp617_01,agn_indios | agn_realesceddup | agn_gralparte,Alba | Rodrigo,Abreviaturas,Expansión completa,3,Abreviaturas — Expansión completa | Abreviaturas — No sub-rule assigned,True,exa
57,GPT OSS 120B · 8 000 TPM,ma,6,3,3,2,ma,BnF_032_36 | AGN_Mercedes_v003_exp520 | AGN_RealesCedDup_v030_exp874,bnf_032 | agn_mercedes | agn_realesceddup,Paco | Alba,Abreviaturas,No sub-rule assigned,5,Abreviaturas — No sub-rule assigned | Cambios — Inserción,True,ma
58,Llama 3.3 70B · 12 000 TPM,mi,6,3,3,3,mi,BnF_030_22 | BnF_174_03 | BnF_032_39,bnf_030 | bnf_174 | bnf_032,Paco | Arturo | Paloma,Cambios,Deleción,5,Cambios — Deleción | Cambios — Sustitución | Abreviaturas — Expansión completa | Acentuación — No sub-rule assigned,True,mi
59,Llama 3.3 70B · 12 000 TPM,p.,6,2,2,2,P.,BnF_264_03 | BnF_244_04,bnf_264 | bnf_244,Adriana | Edna,Abreviaturas,Expansión completa,6,Abreviaturas — Expansión completa,True,p.
60,Llama 3.3 70B · 12 000 TPM,que están,6,2,2,2,que están,BnF_118_08 | BnF_119-148_33,bnf_118 | bnf_119-148,Arturo | Paloma,Cambios,Inserción,4,"Cambios — Inserción | Abreviaturas — Excepciones (desto/a/os, dello/a/os)",True,que están
61,GPT OSS 120B · 8 000 TPM,a,5,5,5,3,a | A,BnF_113_22 | BnF_111_20 | AGI_INDIFERENTE_2065_N45_09 | AGN_GralParte_v006_exp617_01 | BnF_030_27,bnf_113 | bnf_111 | agi_indiferente | agn_gralparte | bnf_030,Paloma | Flor | Rodrigo,Filológicas - instrucciones,Regularización de H etimológica,5,Filológicas - instrucciones — Regularización de H etimológica | Abreviaturas — Expansión completa,True,a
62,Llama 3.3 70B · 12 000 TPM,de ellos,5,5,5,3,de ellos,BP_CM_R481_016 | BnF_075_026 | AGI_PATRONATO_181_R13_2 | AGN_GralParte_v006_exp617_02 | AGN_Inquisicion_v1568A_exp152_fs115-116v_01,bp_cm | bnf_075 | agi_patronato | agn_gralparte | agn_inquisicion,Arturo | Paloma | Rodrigo,Abreviaturas,"Excepciones (desto/a/os, dello/a/os)",4,"Abreviaturas — Excepciones (desto/a/os, dello/a/os) | Cambios — Inserción",True,de ellos
63,Llama 3.3 70B · 12 000 TPM,esta,5,5,4,4,esta,AGI_CONTRATACION_1089_N8_151 | utblac_gg_mss_g62_duplicated_15 | AGI_INDIFERENTE_2065_N45_11 | BnF_118_03 | utblac_gg_mss_g62_duplicated_09,agi_contratacion | utblac_gg | agi_indiferente | bnf_118,Paco | Alba | Paloma | Flor,Abreviaturas,Expansión completa,2,Abreviaturas — Expansión completa | Acentuación — No sub-rule assigned | Cambios — Inserción | Cambios — Otros | Cambios — Sustitución,True,esta
64,Llama 3.3 70B · 12 000 TPM,fue,5,4,4,4,fue | Fue,AGN_Congregaciones_v001_exp076 | AGN_GralParte_v001_exp1020_02 | BnF_118_05 | AGN_AHHacienda_v268_exp046_02,agn_congregaciones | agn_gralparte | bnf_118 | agn_ahhacienda,Javier | Edna | Alba | Paloma,Cambios,Sustitución,3,Cambios — Sustitución | Abreviaturas — No sub-rule assigned | Abreviaturas — Expansión completa | Cambios — Inserción,True,fue
65,Llama 3.3 70B · 12 000 TPM,lo,5,4,4,3,lo,AGN_HospJesus_c474_leg267-2_exp024_7473-7537_02 | BnF_118_08 | utblac_wbs_0912a_duplicated | BnF_110_09,agn_hospjesus | bnf_118 | utblac_wbs | bnf_110,Paco | Arturo | Alba,Cambios,Sustitución,3,Cambios — Sustitución | Cambios — Inserción,True,lo
66,GPT OSS 120B · 8 000 TPM,para,5,4,4,4,para | Para,AGS_CE_RG_L379_01 | BnF_116_02 | AGN_AHHacienda_v268_exp046_01 | AGN_GralParte_v006_exp617_01,ags_ce | bnf_116 | agn_ahhacienda | agn_gralparte,Javier | Paco | Adriana | Rodrigo,Cambios,Otros,3,Cambios — Otros | Abreviaturas — Expansión completa | Filológicas - instrucciones — x sibilante → j | Puntuación — Punto (.),True,para
67,GPT OSS 120B · 8 000 TPM,por,5,4,4,3,por | Por,AGI_PATRONATO_182_R3_04 | BnF_116_02 | AGN_Indios_v009_exp003_fs4v-5_01 | AGN_GralParte_v006_exp617_01,agi_patronato | bnf_116 | agn_indios | agn_gralparte,Paco | Arturo | Rodrigo,Abreviaturas,Expansión completa,2,Abreviaturas — Expansión completa | Cambios — No sub-rule assigned | Cambios — Otros | Cambios — Inserción | Puntuación — No sub-rule assigned,True,por
68,GPT OSS 120B · 8 000 TPM,se,5,4,4,3,se,AGN_Mercedes_v003_exp520 | AGN_RealesCedDup_v050_exp062 | AMP_AC_v021__doc026_1 | BnF_030_27,agn_mercedes | agn_realesceddup | amp_ac | bnf_030,Alba | Paloma | Rodrigo,Cambios,Sustitución,3,Cambios — Sustitución | Cambios — Inserción | Acentuación — No sub-rule assigned,True,se
69,GPT OSS 120B · 8 000 TPM,yndios,5,4,4,4,yndios | Yndios,BnF_112_25 | AGN_Indios_v019_exp354_2 | BnF_113_22 | BnF_111_20,bnf_112 | agn_indios | bnf_113 | bnf_111,Paco | Alba | Paloma | Flor,Filológicas - instrucciones,Regularización de i/y vocálicas,4,Filológicas - instrucciones — Regularización de i/y vocálicas | Filológicas - instrucciones — No sub-rule assigned,True,yndios
70,Llama 3.3 70B · 12 000 TPM,agora,5,3,3,2,agora,BnF_118_08 | LoC_HPKraus_138_new_07 | utblac_JGI_XXV-05_Tequixquiac_25,bnf_118 | loc_hpkraus | utblac_jgi,Arturo | Edna,Filológicas - instrucciones,Regularización de H etimológica,4,Filológicas - instrucciones — Regularización de H etimológica | Cambios — Sustitución,True,agora
71,GPT OSS 120B · 8 000 TPM,españa,5,3,2,3,España,AGI_PATRONATO_182_R3_04 | AGN_Mercedes_v003_exp520 | AGI_PATRONATO_181_R13_1,agi_patronato | agn_mercedes,Paco | Alba | Paloma,Cambios,Deleción,4,Cambios — Deleción | Cambios — Inserción | Filológicas - mecánicas — Regularización de sibilantes,True,españa
72,Llama 3.3 70B · 12 000 TPM,justa,5,3,2,3,justa,BnF_110_13 | BnF_117_08 | BnF_110_29,bnf_110 | bnf_117,Adriana | Edna | Paloma,Abreviaturas,Expansión completa,3,Abreviaturas — Expansión completa | Abreviaturas — No sub-rule assigned,True,justa
73,Llama 3.3 70B · 12 000 TPM,la,5,3,3,3,la,BnF_117_08 | BnF_394_10 | AGI_INDIFERENTE_1529_N36_07,bnf_117 | bnf_394 | agi_indiferente,Edna | Flor | Rodrigo,Cambios,Deleción,3,Cambios — Deleción | Abreviaturas — No sub-rule assigned | Cambios — Inserción | Cambios — Sustitución,True,la
74,Llama 3.3 70B · 12 000 TPM,que es,5,3,3,3,que es,BnF_032_33 | UIA_Ms149_Exp2_51 | AGI_INDIFERENTE_1529_N8_06,bnf_032 | uia_ms149 | agi_indiferente,Adriana | Arturo | Rodrigo,Cambios,Inserción,3,"Cambios — Inserción | Abreviaturas — Excepciones (desto/a/os, dello/a/os) | Cambios — Sustitución",True,que es
75,GPT OSS 120B · 8 000 TPM,ao,5,2,2,2,ao,BnF_032_36 | AGN_AHHacienda_v268_exp046_01,bnf_032 | agn_ahhacienda,Paco | Adriana,Abreviaturas,Expansión completa,5,Abreviaturas — Expansión completa,True,ao
76,Llama 3.3 70B · 12 000 TPM,ba,5,2,2,2,Ba | ba,AGN_Inquisicion_v1568A_exp152_fs115-116v_03 | AGN_Marina_v031A_exp02_fs85-92_11,agn_inquisicion | agn_marina,Javier | Adriana,Filológicas - instrucciones,Regularización de labiales (b/v),4,Filológicas - instrucciones — Regularización de labiales (b/v) | Abreviaturas — Expansión completa,True,ba
77,GPT OSS 120B · 8 000 TPM,de la,5,2,2,2,de la,AGN_Mercedes_v003_exp520 | AGN_Indios_v002_exp835,agn_mercedes | agn_indios,Alba | Paloma,Acentuación,No sub-rule assigned,3,Acentuación — No sub-rule assigned | Cambios — No sub-rule assigned | Cambios — Sustitución,True,de la
78,GPT OSS 120B · 8 000 TPM,quiso,5,2,2,2,quiso,AGN_Tierras_v039-2_exp003_72 | BnF_111_20,agn_tierras | bnf_111,Edna | Flor,Cambios,Sustitución,5,Cambios — Sustitución | Abreviaturas — Expansión completa,True,quiso
79,GPT OSS 120B · 8 000 TPM,rl,5,2,2,2,Rl | RL,AGN_AHHacienda_v268_exp046_01 | AGN_Indios_v019_exp354_2,agn_ahhacienda | agn_indios,Adriana | Alba,Abreviaturas,Expansión completa,5,Abreviaturas — Expansión completa,True,rl
80,GPT OSS 120B · 8 000 TPM,aos,4,4,3,4,aos,AGN_AHHacienda_v1292_exp135 | AGN_AHHacienda_v268_exp046_01 | AGN_Indios_v019_exp354_2 | AGN_GralParte_v006_exp617_01,agn_ahhacienda | agn_indios | agn_gralparte,Javier | Adriana | Alba | Rodrigo,Abreviaturas,Expansión completa,4,Abreviaturas — Expansión completa,True,aos
81,Llama 3.3 70B · 12 000 TPM,los,4,4,4,3,los,BnF_032_23 | UIA_Ms149_Exp2_51 | AMP_AC_v021__doc026_2 | BnF_117_15,bnf_032 | uia_ms149 | amp_ac | bnf_117,Arturo | Alba | Flor,Cambios,Inserción,3,Cambios — Inserción | Abreviaturas — Expansión completa,True,los
82,Llama 3.3 70B · 12 000 TPM,sor,4,4,4,4,Sor | sor,BnF_174_02 | BnF_117_13 | BnF_118_06 | BnF_113_25,bnf_174 | bnf_117 | bnf_118 | bnf_113,Javier | Paco | Edna | Flor,Abreviaturas,Expansión completa,3,Abreviaturas — Expansión completa | Abreviaturas — No sub-rule assigned,True,sor
83,GPT OSS 120B · 8 000 TPM,tos,4,4,3,2,tos,BnF_032_36 | BnF_104_2 | BnF_113_04 | BnF_113_22,bnf_032 | bnf_104 | bnf_113,Paco | Paloma,Abreviaturas,Expansión completa,3,Abreviaturas — Expansión completa | Abreviaturas — No sub-rule assigned,True,tos
84,Llama 3.3 70B · 12 000 TPM,anto,4,3,3,3,Anto,AGI_CONTRATACION_1089_N8_151 | AGN_HospJesus_c205_exp041_04 | BnF_243_16,agi_contratacion | agn_hospjesus | bnf_243,Paco | Flor | Rodrigo,Abreviaturas,Expansión completa,4,Abreviaturas — Expansión completa,True,anto
85,GPT OSS 120B · 8 000 TPM,aver,4,3,2,3,aver,BnF_112_02 | BnF_112_23 | BnF_111_20,bnf_112 | bnf_111,Arturo | Edna | Flor,Filológicas - instrucciones,Regularización de H etimológica,4,Filológicas - instrucciones — Regularización de H etimológica | Filológicas - instrucciones — Regularización de labiales (b/v),True,aver
86,GPT OSS 120B · 8 000 TPM,das,4,3,3,3,das,AGI_PATRONATO_182_R3_04 | BnF_112_02 | BnF_030_21,agi_patronato | bnf_112 | bnf_030,Paco | Arturo | Edna,Abreviaturas,Expansión completa,2,Abreviaturas — Expansión completa | Cambios — Sustitución | Cambios — Deleción,True,das
87,Llama 3.3 70B · 12 000 TPM,de ellas,4,3,3,2,de ellas,AGN_HospJesus_c474_leg267-2_exp024_7473-7537_10 | BnF_118_08 | BnF_112_08,agn_hospjesus | bnf_118 | bnf_112,Arturo | Paloma,Abreviaturas,"Excepciones (desto/a/os, dello/a/os)",4,"Abreviaturas — Excepciones (desto/a/os, dello/a/os)",True,de ellas
88,Llama 3.3 70B · 12 000 TPM,de la,4,3,3,3,de la,BnF_266_07 | BnF_119-148_33 | AGN_HospJesus_c474_leg267-2_exp024_7473-7537_05,bnf_266 | bnf_119-148 | agn_hospjesus,Paco | Paloma | Rodrigo,Cambios,Inserción,4,Cambios — Inserción,True,de la
89,Llama 3.3 70B · 12 000 TPM,declaro,4,3,3,3,declaro,BnF_075_026 | AGI_CONTRATACION_1089_N8_176 | AGN_GralParte_v006_exp617_02,bnf_075 | agi_contratacion | agn_gralparte,Arturo | Flor | Rodrigo,Acentuación,No sub-rule assigned,4,Acentuación — No sub-rule assigned,True,declaro
90,Llama 3.3 70B · 12 000 TPM,della,4,3,3,2,della,BNE_ms3047_3 | AMP_AC_v021__doc026_2 | BnF_111_27,bne_ms3047 | amp_ac | bnf_111,Javier | Alba,Abreviaturas,"Excepciones (desto/a/os, dello/a/os)",4,"Abreviaturas — Excepciones (desto/a/os, dello/a/os)",True,della
91,GPT OSS 120B · 8 000 TPM,dio,4,3,3,3,dio,BnF_116_02 | BnF_112_02 | BnF_075_014,bnf_116 | bnf_112 | bnf_075,Paco | Arturo | Alba,Abreviaturas,Expansión completa,3,Abreviaturas — Expansión completa | Acentuación — No sub-rule assigned,True,dio
92,GPT OSS 120B · 8 000 TPM,juo,4,3,3,3,Juo | juo,BNE_ms3047_4 | AGN_Mercedes_v003_exp520 | AGN_GralParte_v006_exp617_01,bne_ms3047 | agn_mercedes | agn_gralparte,Javier | Alba | Rodrigo,Abreviaturas,Expansión completa,2,Abreviaturas — Expansión completa | Abreviaturas — No sub-rule assigned,True,juo
93,Llama 3.3 70B · 12 000 TPM,las,4,3,3,2,Las | las,AGN_AHHacienda_v268_exp046_03 | BnF_119-148_33 | BnF_264_02,agn_ahhacienda | bnf_119-148 | bnf_264,Arturo | Paloma,Cambios,Inserción,3,Cambios — Inserción | Puntuación — No sub-rule assigned,True,las
94,Llama 3.3 70B · 12 000 TPM,mucha,4,3,3,2,mucha,BP_CM_R481_071_2 | BnF_264_03 | AGN_Inquisicion_v1568A_exp152_fs115-116v_01,bp_cm | bnf_264 | agn_inquisicion,Adriana | Rodrigo,Abreviaturas,Expansión completa,2,Abreviaturas — Expansión completa | Cambios — Deleción | Cambios — Sustitución,True,mucha
95,GPT OSS 120B · 8 000 TPM,relacion,4,3,3,3,Relacion | relacion,BnF_112_23 | AGN_Indios_v019_exp354_2 | AGN_GralParte_v006_exp617_01,bnf_112 | agn_indios | agn_gralparte,Edna | Alba | Rodrigo,Acentuación,No sub-rule assigned,4,Acentuación — No sub-rule assigned,True,relacion
96,Llama 3.3 70B · 12 000 TPM,virrey,4,3,3,2,Virrey | virrey,BnF_119-148_18 | UIA_Ms149_Exp2_51 | utblac_JGI_XXIII-13_Atlatlauhca_03,bnf_119-148 | uia_ms149 | utblac_jgi,Arturo | Flor,Cambios,Otros,2,Cambios — Otros | Cambios — Inserción | Cambios — Sustitución,True,virrey
97,Llama 3.3 70B · 12 000 TPM,escribo,4,2,2,2,escribo,AGI_INDIFERENTE_2065_N45_11 | BnF_032_39,agi_indiferente | bnf_032,Alba | Paloma,Abreviaturas,Expansión completa,3,Abreviaturas — Expansión completa | Abreviaturas — No sub-rule assigned,True,escribo
98,Llama 3.3 70B · 12 000 TPM,firme,4,2,2,2,firme,AGN_Tierras_v039-2_exp003_41 | BnF_243_16,agn_tierras | bnf_243,Flor | Rodrigo,Acentuación,No sub-rule assigned,4,Acentuación — No sub-rule assigned,True,firme
99,Llama 3.3 70B · 12 000 TPM,ha,4,2,2,2,ha,AGN_Marina_v031A_exp02_fs85-92_15 | BnF_119-148_33,agn_marina | bnf_119-148,Paco | Paloma,Cambios,Inserción,3,Cambios — Inserción | Cambios — Sustitución,True,ha
100,GPT OSS 120B · 8 000 TPM,miguel,4,2,2,2,Miguel | miguel,BnF_113_04 | AGN_GralParte_v006_exp617_01,bnf_113 | agn_gralparte,Paco | Rodrigo,Cambios,No sub-rule assigned,3,Cambios — No sub-rule assigned | Cambios — Otros | Cambios — Sustitución,True,miguel
101,GPT OSS 120B · 8 000 TPM,myguel,4,2,2,2,myguel,BnF_113_22 | BnF_111_20,bnf_113 | bnf_111,Paloma | Flor,Filológicas - instrucciones,Regularización de i/y vocálicas,4,Filológicas - instrucciones — Regularización de i/y vocálicas,True,myguel
102,GPT OSS 120B · 8 000 TPM,que,4,2,2,2,que,BnF_112_02 | AGN_Marina_v002_exp024_005,bnf_112 | agn_marina,Arturo | Flor,Abreviaturas,No sub-rule assigned,3,Abreviaturas — No sub-rule assigned | Cambios — Deleción | Cambios — Sustitución,True,que
103,GPT OSS 120B · 8 000 TPM,rio,4,2,2,2,rio,BnF_112_23 | AGI_PATRONATO_182_R3_01,bnf_112 | agi_patronato,Edna | Alba,Acentuación,No sub-rule assigned,3,"Acentuación — No sub-rule assigned | Puntuación — Coma (,)",True,rio
104,Llama 3.3 70B · 12 000 TPM,como,3,3,3,2,como,BnF_174_03 | UIA_Ms149_Exp2_51 | BnF_110_09,bnf_174 | uia_ms149 | bnf_110,Arturo | Alba,Acentuación,No sub-rule assigned,3,Acentuación — No sub-rule assigned,True,como
105,GPT OSS 120B · 8 000 TPM,con,3,3,3,2,con,BnF_112_25 | BnF_113_04 | AGI_GUADALAJARA_230_L2_F_45V-46V_2,bnf_112 | bnf_113 | agi_guadalajara,Paco | Adriana,Abreviaturas,Expansión completa,1,Abreviaturas — Expansión completa | Cambios — Inserción | Filológicas - mecánicas — Regularización de nasales ante labial,True,con
106,Llama 3.3 70B · 12 000 TPM,d.,3,3,3,2,D.,AGN_AHHacienda_v268_exp046_03 | BnF_119-148_18 | BnF_244_02,agn_ahhacienda | bnf_119-148 | bnf_244,Arturo | Alba,Abreviaturas,Expansión completa,2,Abreviaturas — Expansión completa | Abreviaturas — No sub-rule assigned,True,d.
107,Llama 3.3 70B · 12 000 TPM,hecho,3,3,3,3,hecho,Mechoacan_Yurirapundaro_2 | BnF_112_08 | BnF_394_10,mechoacan_yurirapundaro | bnf_112 | bnf_394,Arturo | Paloma | Flor,Cambios,Sustitución,3,Cambios — Sustitución | Cambios — Deleción,True,hecho
108,Llama 3.3 70B · 12 000 TPM,josé,3,3,3,3,José,AGN_Inquisicion_v1570A_exp134_fs159-160v_02 | AGN_AHHacienda_v268_exp046_03 | BnF_113_25,agn_inquisicion | agn_ahhacienda | bnf_113,Adriana | Arturo | Flor,Cambios,Sustitución,2,Cambios — Sustitución | Cambios — Deleción,True,josé
109,GPT OSS 120B · 8 000 TPM,mo,3,3,3,2,mo | Mo,AGI_CONTRATACION_1091_N3_098 | AGN_AHHacienda_v1292_exp135 | BNE_ms3047_1,agi_contratacion | agn_ahhacienda | bne_ms3047,Javier | Rodrigo,Abreviaturas,Expansión completa,3,Abreviaturas — Expansión completa,True,mo
110,GPT OSS 120B · 8 000 TPM,myll,3,3,3,3,myll,BnF_113_04 | BnF_112_23 | AGI_PATRONATO_182_R3_01,bnf_113 | bnf_112 | agi_patronato,Paco | Edna | Alba,Filológicas - instrucciones,Regularización de i/y vocálicas,2,Filológicas - instrucciones — Regularización de i/y vocálicas | Filológicas - mecánicas — Simplificación de grupos vocálicos | Filológicas - instrucciones — No sub-rule assigned | Filológicas - mecánicas — No sub-rule assigned,True,myll
111,GPT OSS 120B · 8 000 TPM,nra,3,3,3,3,nra,AGI_GUADALAJARA_230_L2_F_45V-46V_2 | AGI_PATRONATO_182_R3_01 | BNE_ms3047_1,agi_guadalajara | agi_patronato | bne_ms3047,Adriana | Alba | Rodrigo,Abreviaturas,Expansión completa,3,Abreviaturas — Expansión completa,True,nra
112,GPT OSS 120B · 8 000 TPM,nro,3,3,3,2,nro,BnF_113_04 | BnF_116_02 | BnF_112_04,bnf_113 | bnf_116 | bnf_112,Paco | Paloma,Abreviaturas,Expansión completa,3,Abreviaturas — Expansión completa,True,nro
113,Llama 3.3 70B · 12 000 TPM,renuncia,3,3,3,3,renuncia,LoC_HPKraus_146_new_13 | AGN_AHHacienda_v268_exp046_02 | AGN_IndiferenteVirreinal_caja4071_exp024_1,loc_hpkraus | agn_ahhacienda | agn_indiferentevirreinal,Paco | Paloma | Rodrigo,Cambios,Sustitución,2,Cambios — Sustitución | Abreviaturas — Expansión completa,True,renuncia
114,GPT OSS 120B · 8 000 TPM,su,3,3,3,3,su | Su,BnF_116_02 | BnF_112_04 | BNE_ms3047_1,bnf_116 | bnf_112 | bne_ms3047,Paco | Paloma | Rodrigo,Abreviaturas,Expansión completa,1,Abreviaturas — Expansión completa | Cambios — Deleción | Cambios — Otros | Cambios — Sustitución | Puntuación — No sub-rule assigned,True,su
115,Llama 3.3 70B · 12 000 TPM,trato,3,3,2,3,trato | Trato,BnF_110_13 | BnF_110_33 | BnF_264_02,bnf_110 | bnf_264,Adriana | Alba | Paloma,Abreviaturas,Expansión completa,1,Abreviaturas — Expansión completa | Acentuación — No sub-rule assigned | Cambios — Sustitución,True,trato
116,Llama 3.3 70B · 12 000 TPM,veintisiete,3,3,3,3,veintisiete,BnF_030_22 | AGN_Indios_v009_exp002_fs3v-4_01 | utblac_wbs_1433_duplicated_1,bnf_030 | agn_indios | utblac_wbs,Paco | Arturo | Rodrigo,Cambios,Deleción,2,Cambios — Deleción | Cambios — Sustitución,True,veintisiete
117,GPT OSS 120B · 8 000 TPM,él,3,3,3,3,él,AGI_PATRONATO_182_R3_04 | AGN_Indios_v002_exp835 | AGI_INDIFERENTE_2065_N45_09,agi_patronato | agn_indios | agi_indiferente,Paco | Paloma | Rodrigo,Cambios,Sustitución,3,Cambios — Sustitución,True,él
118,GPT OSS 120B · 8 000 TPM,al,3,2,2,2,al,BnF_075_014 | AGI_INDIFERENTE_2065_N45_09,bnf_075 | agi_indiferente,Alba | Rodrigo,Cambios,Deleción,2,Cambios — Deleción | Abreviaturas — No sub-rule assigned,True,al
119,Llama 3.3 70B · 12 000 TPM,al,3,2,2,2,al,BnF_266_07 | AGN_GralParte_v001_exp1020_01,bnf_266 | agn_gralparte,Paco | Paloma,Cambios,Deleción,3,Cambios — Deleción,True,al
120,GPT OSS 120B · 8 000 TPM,alguaziles,3,2,2,2,alguaziles,BnF_112_25 | BnF_111_20,bnf_112 | bnf_111,Paco | Flor,Abreviaturas,Expansión completa,1,Abreviaturas — Expansión completa | Filológicas - mecánicas — No sub-rule assigned | Filológicas - mecánicas — Regularización de sibilantes,True,alguaziles
121,GPT OSS 120B · 8 000 TPM,allá,3,2,2,2,allá,AGN_Tierras_v039-2_exp003_72 | AGI_INDIFERENTE_2065_N45_09,agn_tierras | agi_indiferente,Edna | Rodrigo,Cambios,Sustitución,3,Cambios — Sustitución | Abreviaturas — Expansión completa,True,allá
122,GPT OSS 120B · 8 000 TPM,alta,3,2,2,2,alta,AGI_GUADALAJARA_230_L2_F_45V-46V_1 | AMP_AC_v021__doc026_1,agi_guadalajara | amp_ac,Edna | Rodrigo,Abreviaturas,No sub-rule assigned,2,Abreviaturas — No sub-rule assigned | Cambios — Sustitución | Abreviaturas — Expansión completa,True,alta
123,GPT OSS 120B · 8 000 TPM,anto,3,2,2,2,anto,BnF_104_2 | AGN_GralParte_v006_exp617_01,bnf_104 | agn_gralparte,Paco | Rodrigo,Abreviaturas,Expansión completa,3,Abreviaturas — Expansión completa,True,anto
124,GPT OSS 120B · 8 000 TPM,audía,3,2,2,2,audía,BnF_116_02 | AGI_GUADALAJARA_230_L2_F_45V-46V_2,bnf_116 | agi_guadalajara,Paco | Adriana,Abreviaturas,Expansión completa,3,Abreviaturas — Expansión completa,True,audía
125,Llama 3.3 70B · 12 000 TPM,aver,3,2,2,2,aver,BnF_112_08 | AGN_Tierras_v039-2_exp003_41,bnf_112 | agn_tierras,Paloma | Flor,Filológicas - instrucciones,Regularización de labiales (b/v),3,Filológicas - instrucciones — Regularización de labiales (b/v) | Filológicas - instrucciones — Regularización de H etimológica,True,aver
126,Llama 3.3 70B · 12 000 TPM,baras,3,2,2,2,baras,AGI_CONTRATACION_1089_N8_151 | AGS_CE_RG_L379_05,agi_contratacion | ags_ce,Paco | Flor,Filológicas - instrucciones,Regularización de labiales (b/v),2,Filológicas - instrucciones — Regularización de labiales (b/v) | Filológicas - instrucciones — No sub-rule assigned,True,baras
127,GPT OSS 120B · 8 000 TPM,ciud,3,2,2,2,ciud | Ciud,BNE_ms3047_4 | AGN_RealesCedDup_v050_exp062,bne_ms3047 | agn_realesceddup,Javier | Paloma,Abreviaturas,Expansión completa,3,Abreviaturas — Expansión completa,True,ciud
128,Llama 3.3 70B · 12 000 TPM,ciudad,3,2,2,2,ciudad,BnF_032_39 | BnF_394_07,bnf_032 | bnf_394,Paloma | Rodrigo,Cambios,Sustitución,3,Cambios — Sustitución,True,ciudad
129,Llama 3.3 70B · 12 000 TPM,de ello,3,2,2,2,de ello,BnF_075_035 | utblac_wbs_1433_duplicated_1,bnf_075 | utblac_wbs,Arturo | Rodrigo,Abreviaturas,"Excepciones (desto/a/os, dello/a/os)",3,"Abreviaturas — Excepciones (desto/a/os, dello/a/os)",True,de ello
130,Llama 3.3 70B · 12 000 TPM,de estos,3,2,2,2,de estos,Mechoacan_Yurirapundaro_1 | AGI_INDIFERENTE_1529_N8_06,mechoacan_yurirapundaro | agi_indiferente,Adriana | Rodrigo,Abreviaturas,"Excepciones (desto/a/os, dello/a/os)",3,"Abreviaturas — Excepciones (desto/a/os, dello/a/os)",True,de estos
131,GPT OSS 120B · 8 000 TPM,del pueblo,3,2,2,2,del pueblo,BnF_116_02 | AGN_Indios_v009_exp003_fs4v-5_01,bnf_116 | agn_indios,Paco | Arturo,Cambios,Deleción,3,Cambios — Deleción | Puntuación — No sub-rule assigned,True,del pueblo
132,GPT OSS 120B · 8 000 TPM,dies,3,2,2,2,dies,BnF_113_22 | AGN_GralParte_v006_exp617_01,bnf_113 | agn_gralparte,Paloma | Rodrigo,Filológicas - mecánicas,Regularización de sibilantes,2,Filológicas - mecánicas — Regularización de sibilantes | Cambios — No sub-rule assigned | Cambios — Otros,True,dies
133,Llama 3.3 70B · 12 000 TPM,dijo,3,2,2,2,dijo,AGN_HospJesus_c474_leg267-2_exp024_7473-7537_10 | BnF_111_21,agn_hospjesus | bnf_111,Arturo | Flor,Cambios,Sustitución,2,Cambios — Sustitución | Puntuación — No sub-rule assigned,True,dijo
134,GPT OSS 120B · 8 000 TPM,doze,3,2,2,2,doze,AGI_CONTRATACION_1183_N8_78 | AGN_RealesCedDup_v030_exp874,agi_contratacion | agn_realesceddup,Adriana | Alba,Filológicas - mecánicas,Regularización de sibilantes,3,Filológicas - mecánicas — Regularización de sibilantes,True,doze
135,Llama 3.3 70B · 12 000 TPM,firmó,3,2,2,2,firmó,BnF_112_08 | BnF_113_25,bnf_112 | bnf_113,Paloma | Flor,Cambios,Deleción,2,Cambios — Deleción | Cambios — Sustitución,True,firmó
136,Llama 3.3 70B · 12 000 TPM,les,3,2,2,2,les,BnF_032_23 | BnF_266_10,bnf_032 | bnf_266,Arturo | Flor,Cambios,Sustitución,2,Cambios — Sustitución | Cambios — Inserción,True,les
137,GPT OSS 120B · 8 000 TPM,mando,3,2,2,2,mando,BnF_032_36 | BnF_112_02,bnf_032 | bnf_112,Paco | Arturo,Acentuación,No sub-rule assigned,3,Acentuación — No sub-rule assigned | Cambios — Inserción,True,mando
138,GPT OSS 120B · 8 000 TPM,nueba,3,2,2,2,nueba,AGI_PATRONATO_182_R3_04 | AGN_Mercedes_v003_exp520,agi_patronato | agn_mercedes,Paco | Alba,Filológicas - instrucciones,Regularización de labiales (b/v),3,Filológicas - instrucciones — Regularización de labiales (b/v),True,nueba
139,GPT OSS 120B · 8 000 TPM,posesion,3,2,2,2,posesion,BnF_112_02 | AGN_Mercedes_v003_exp520,bnf_112 | agn_mercedes,Arturo | Alba,Acentuación,No sub-rule assigned,3,Acentuación — No sub-rule assigned,True,posesion
140,GPT OSS 120B · 8 000 TPM,preste,3,2,2,2,Preste | preste,AGN_AHHacienda_v1292_exp135 | AGI_GUADALAJARA_230_L2_F_45V-46V_1,agn_ahhacienda | agi_guadalajara,Javier | Edna,Abreviaturas,No sub-rule assigned,2,Abreviaturas — No sub-rule assigned | Abreviaturas — Expansión completa,True,preste
141,GPT OSS 120B · 8 000 TPM,señor,3,2,2,2,señor,BnF_113_22 | BnF_030_27,bnf_113 | bnf_030,Paloma | Rodrigo,Cambios,Sustitución,2,Cambios — Sustitución | Cambios — Deleción,True,señor
142,GPT OSS 120B · 8 000 TPM,terminos,3,2,2,2,terminos,AGN_Mercedes_v003_exp520 | AGN_GralParte_v006_exp617_01,agn_mercedes | agn_gralparte,Alba | Rodrigo,Acentuación,No sub-rule assigned,3,Acentuación — No sub-rule assigned,True,terminos
143,GPT OSS 120B · 8 000 TPM,tomas,3,2,2,2,tomas,BnF_113_22 | BnF_030_27,bnf_113 | bnf_030,Paloma | Rodrigo,Cambios,Sustitución,2,Cambios — Sustitución | Acentuación — No sub-rule assigned,True,tomas
144,GPT OSS 120B · 8 000 TPM,tpo,3,2,2,2,tpo,AGN_RealesCedDup_v030_exp874 | BnF_112_04,agn_realesceddup | bnf_112,Alba | Paloma,Abreviaturas,No sub-rule assigned,3,Abreviaturas — No sub-rule assigned,True,tpo
145,Llama 3.3 70B · 12 000 TPM,vo,3,2,2,2,Vo | vo,AGI_CONTRATACION_1089_N8_151 | utblac_gg_mss_g62_duplicated_11,agi_contratacion | utblac_gg,Paco | Alba,Abreviaturas,Expansión completa,3,Abreviaturas — Expansión completa,True,vo
146,GPT OSS 120B · 8 000 TPM,xptoval,3,2,2,2,Xptoval | xptoval,AGI_PATRONATO_182_R3_04 | AGN_Indios_v019_exp354_2,agi_patronato | agn_indios,Paco | Alba,Abreviaturas,Expansión completa,3,Abreviaturas — Expansión completa,True,xptoval
147,Llama 3.3 70B · 12 000 TPM,yndio,3,2,2,2,yndio,BnF_032_33 | BnF_104_3,bnf_032 | bnf_104,Adriana | Alba,Filológicas - instrucciones,Regularización de i/y vocálicas,3,Filológicas - instrucciones — Regularización de i/y vocálicas,True,yndio
148,GPT OSS 120B · 8 000 TPM,ynformacion,3,2,2,2,ynformacion,AGI_PATRONATO_182_R3_04 | BnF_112_02,agi_patronato | bnf_112,Paco | Arturo,Acentuación,No sub-rule assigned,2,Acentuación — No sub-rule assigned | Filológicas - instrucciones — Regularización de i/y vocálicas | Filológicas - instrucciones — No sub-rule assigned,True,ynformacion
149,GPT OSS 120B · 8 000 TPM,abriendo,2,2,2,2,abriendo,BnF_104_2 | BnF_075_014,bnf_104 | bnf_075,Paco | Alba,Cambios,Inserción,1,Cambios — Inserción | Cambios — No sub-rule assigned | Filológicas - instrucciones — Regularización de H etimológica,True,abriendo
150,GPT OSS 120B · 8 000 TPM,adjudico,2,2,2,2,adjudico,BnF_032_36 | BnF_112_02,bnf_032 | bnf_112,Paco | Arturo,Acentuación,No sub-rule assigned,2,Acentuación — No sub-rule assigned,True,adjudico
151,Llama 3.3 70B · 12 000 TPM,ahora,2,2,2,2,ahora,utblac_wbs_0912a_duplicated | AGI_INDIFERENTE_1529_N8_06,utblac_wbs | agi_indiferente,Arturo | Rodrigo,Cambios,Sustitución,2,Cambios — Sustitución,True,ahora
152,GPT OSS 120B · 8 000 TPM,boluntad,2,2,2,2,boluntad,BnF_112_23 | AGN_Mercedes_v003_exp520,bnf_112 | agn_mercedes,Edna | Alba,Filológicas - instrucciones,Regularización de labiales (b/v),2,Filológicas - instrucciones — Regularización de labiales (b/v),True,boluntad
153,Llama 3.3 70B · 12 000 TPM,braza,2,2,2,2,braza,BP_CM_R494_156_2 | BnF_032_23,bp_cm | bnf_032,Javier | Arturo,Cambios,Sustitución,2,Cambios — Sustitución,True,braza
154,GPT OSS 120B · 8 000 TPM,catorze,2,2,2,2,Catorze | catorze,AGI_CONTRATACION_1183_N8_78 | BnF_111_20,agi_contratacion | bnf_111,Adriana | Flor,Filológicas - mecánicas,Regularización de sibilantes,2,Filológicas - mecánicas — Regularización de sibilantes,True,catorze
155,Llama 3.3 70B · 12 000 TPM,cien,2,2,2,2,cien,BnF_119-148_24 | BnF_118_06,bnf_119-148 | bnf_118,Adriana | Edna,Cambios,Sustitución,2,Cambios — Sustitución,True,cien
156,GPT OSS 120B · 8 000 TPM,contra,2,2,2,2,Contra | contra,AGN_RealesCedDup_v050_exp062 | AGN_GralParte_v006_exp617_01,agn_realesceddup | agn_gralparte,Paloma | Rodrigo,Abreviaturas,Expansión completa,1,Abreviaturas — Expansión completa | Acentuación — No sub-rule assigned | Cambios — Otros,True,contra
157,Llama 3.3 70B · 12 000 TPM,cosa,2,2,2,2,cosa,BP_CM_R494_156_2 | utblac_wbs_1433_duplicated_1,bp_cm | utblac_wbs,Javier | Rodrigo,Cambios,Deleción,1,Cambios — Deleción | Cambios — Sustitución,True,cosa
158,Llama 3.3 70B · 12 000 TPM,cuando,2,2,2,2,cuando,BnF_266_07 | BnF_111_27,bnf_266 | bnf_111,Paco | Alba,Abreviaturas,No sub-rule assigned,1,Abreviaturas — No sub-rule assigned | Cambios — Inserción,True,cuando
159,Llama 3.3 70B · 12 000 TPM,cuio,2,2,2,2,cuio,BnF_174_03 | utblac_eog_v_41_orig_03,bnf_174 | utblac_eog,Arturo | Flor,Cambios,Otros,1,Cambios — Otros | Filológicas - instrucciones — Regularización de i/y vocálicas,True,cuio
160,GPT OSS 120B · 8 000 TPM,de.,2,2,2,2,de.,BnF_032_15 | BNE_ms3047_1,bnf_032 | bne_ms3047,Flor | Rodrigo,Puntuación,No sub-rule assigned,1,Puntuación — No sub-rule assigned | Puntuación — Punto (.),True,de.
161,GPT OSS 120B · 8 000 TPM,despues,2,2,2,2,despues,AGI_PATRONATO_182_R3_01 | BnF_113_22,agi_patronato | bnf_113,Alba | Paloma,Acentuación,No sub-rule assigned,2,Acentuación — No sub-rule assigned,True,despues
162,Llama 3.3 70B · 12 000 TPM,digo,2,2,2,2,digo,BnF_032_23 | BnF_113_43,bnf_032 | bnf_113,Arturo | Paloma,Cambios,Deleción,1,Cambios — Deleción | Cambios — Sustitución,True,digo
163,Llama 3.3 70B · 12 000 TPM,dije,2,2,2,2,dije,BnF_032_23 | AGN_GralParte_v001_exp1020_01,bnf_032 | agn_gralparte,Arturo | Paloma,Cambios,Sustitución,2,Cambios — Sustitución,True,dije
164,GPT OSS 120B · 8 000 TPM,dizen,2,2,2,2,dizen,BnF_112_02 | BnF_113_22,bnf_112 | bnf_113,Arturo | Paloma,Filológicas - mecánicas,Regularización de sibilantes,2,Filológicas - mecánicas — Regularización de sibilantes,True,dizen
165,Llama 3.3 70B · 12 000 TPM,dn.,2,2,2,2,Dn.,BnF_167_29 | BnF_174_03,bnf_167 | bnf_174,Adriana | Arturo,Abreviaturas,Expansión completa,2,Abreviaturas — Expansión completa,True,dn.
166,Llama 3.3 70B · 12 000 TPM,don,2,2,2,2,don | Don,BnF_116_08 | BP_CM_R481_016,bnf_116 | bp_cm,Adriana | Arturo,Abreviaturas,Expansión completa,1,Abreviaturas — Expansión completa | Puntuación — No sub-rule assigned,True,don
167,GPT OSS 120B · 8 000 TPM,en,2,2,2,2,en | En,BnF_112_02 | AMP_AC_v021__doc026_1,bnf_112 | amp_ac,Arturo | Rodrigo,Cambios,Deleción,1,Cambios — Deleción | Puntuación — No sub-rule assigned,True,en
168,Llama 3.3 70B · 12 000 TPM,envió,2,2,2,2,envió,BnF_032_33 | BnF_266_03,bnf_032 | bnf_266,Adriana | Rodrigo,Cambios,Sustitución,2,Cambios — Sustitución,True,envió
169,GPT OSS 120B · 8 000 TPM,es,2,2,2,2,es,AGI_PATRONATO_182_R3_04 | AGN_Tierras_v039-2_exp003_72,agi_patronato | agn_tierras,Paco | Edna,Cambios,Inserción,1,Cambios — Inserción | Cambios — Sustitución | Filológicas - mecánicas — Regularización de sibilantes,True,es
170,Llama 3.3 70B · 12 000 TPM,es,2,2,2,2,es | Es,BP_CM_R481_071_3 | BnF_394_07,bp_cm | bnf_394,Javier | Rodrigo,Cambios,Inserción,1,Cambios — Inserción | Cambios — Sustitución,True,es
171,GPT OSS 120B · 8 000 TPM,escrivano,2,2,2,2,escrivano,BnF_113_04 | BnF_112_04,bnf_113 | bnf_112,Paco | Paloma,Filológicas - instrucciones,No sub-rule assigned,1,Filológicas - instrucciones — No sub-rule assigned | Filológicas - instrucciones — Regularización de labiales (b/v),True,escrivano
172,GPT OSS 120B · 8 000 TPM,espana,2,2,2,2,espana,BnF_113_04 | BnF_112_04,bnf_113 | bnf_112,Paco | Paloma,Filológicas - instrucciones,No sub-rule assigned,1,Filológicas - instrucciones — No sub-rule assigned | Filológicas - instrucciones — Regularización de la nasal palatal,True,espana
173,Llama 3.3 70B · 12 000 TPM,"esto,",2,2,2,2,"esto, | Esto,",BnF_075_026 | utblac_gg_mss_g62_duplicated_03,bnf_075 | utblac_gg,Arturo | Flor,Abreviaturas,Expansión completa,1,Abreviaturas — Expansión completa | Cambios — Deleción | Cambios — Sustitución,True,"esto,"
174,Llama 3.3 70B · 12 000 TPM,exmo,2,2,2,2,Exmo,AGN_Inquisicion_v1568A_exp152_fs115-116v_03 | BnF_243_17,agn_inquisicion | bnf_243,Javier | Edna,Abreviaturas,Expansión completa,1,Abreviaturas — Expansión completa | Abreviaturas — No sub-rule assigned,True,exmo
175,GPT OSS 120B · 8 000 TPM,governador,2,2,2,2,governador,BnF_112_02 | BnF_111_20,bnf_112 | bnf_111,Arturo | Flor,Filológicas - instrucciones,Regularización de labiales (b/v),2,Filológicas - instrucciones — Regularización de labiales (b/v),True,governador
176,GPT OSS 120B · 8 000 TPM,haya,2,2,2,2,haya,AGN_Indios_v002_exp835 | AMP_AC_v021__doc026_1,agn_indios | amp_ac,Paloma | Rodrigo,Cambios,Sustitución,2,Cambios — Sustitución | Filológicas - instrucciones — Regularización de labiales (b/v),True,haya
177,GPT OSS 120B · 8 000 TPM,haze,2,2,2,2,haze,AGN_AHHacienda_v1292_exp135 | BnF_112_02,agn_ahhacienda | bnf_112,Javier | Arturo,Filológicas - mecánicas,Regularización de sibilantes,2,Filológicas - mecánicas — Regularización de sibilantes,True,haze
178,Llama 3.3 70B · 12 000 TPM,hemos,2,2,2,2,hemos,BnF_119-148_24 | BnF_111_27,bnf_119-148 | bnf_111,Adriana | Alba,Cambios,Sustitución,2,Cambios — Sustitución,True,hemos
179,Llama 3.3 70B · 12 000 TPM,hubieren,2,2,2,2,hubieren,AGN_Indios_v009_exp002_fs3v-4_01 | BnF_112_08,agn_indios | bnf_112,Arturo | Paloma,Cambios,Sustitución,2,Cambios — Sustitución,True,hubieren
180,Llama 3.3 70B · 12 000 TPM,intérprete,2,2,2,2,intérprete,UIA_Ms149_Exp2_51 | BnF_394_10,uia_ms149 | bnf_394,Arturo | Flor,Cambios,Otros,1,Cambios — Otros | Cambios — Sustitución,True,intérprete
181,GPT OSS 120B · 8 000 TPM,juridicion,2,2,2,2,juridicion | Juridicion,BnF_112_23 | AGN_IndiferenteVirreinal_caja4071_exp024_2,bnf_112 | agn_indiferentevirreinal,Edna | Paloma,Abreviaturas,Expansión completa,1,Abreviaturas — Expansión completa | Acentuación — No sub-rule assigned,True,juridicion
182,GPT OSS 120B · 8 000 TPM,magno,2,2,2,2,magno,BnF_104_2 | AMP_AC_v021__doc026_1,bnf_104 | amp_ac,Paco | Rodrigo,Abreviaturas,Expansión completa,2,Abreviaturas — Expansión completa | Cambios — Sustitución | Cambios — Deleción,True,magno
183,GPT OSS 120B · 8 000 TPM,mdo,2,2,2,2,mdo,AGN_Indios_v019_exp354_2 | AGN_GralParte_v006_exp617_01,agn_indios | agn_gralparte,Alba | Rodrigo,Abreviaturas,Expansión completa,2,Abreviaturas — Expansión completa,True,mdo
184,GPT OSS 120B · 8 000 TPM,mexico,2,2,2,2,mexico,BnF_112_23 | AGI_PATRONATO_182_R3_01,bnf_112 | agi_patronato,Edna | Alba,Acentuación,No sub-rule assigned,2,Acentuación — No sub-rule assigned,True,mexico
185,Llama 3.3 70B · 12 000 TPM,mil quinientos sesenta,2,2,2,2,mil quinientos sesenta,BnF_113_43 | BnF_243_16,bnf_113 | bnf_243,Paloma | Rodrigo,Cambios,Deleción,2,Cambios — Deleción,True,mil quinientos sesenta
186,Llama 3.3 70B · 12 000 TPM,min,2,2,2,2,Min | min,BnF_032_33 | AGI_INDIFERENTE_1529_N36_07,bnf_032 | agi_indiferente,Adriana | Rodrigo,Abreviaturas,Expansión completa,2,Abreviaturas — Expansión completa,True,min
187,GPT OSS 120B · 8 000 TPM,modo,2,2,2,2,modo,AGI_GUADALAJARA_230_L2_F_45V-46V_2 | AGN_Tierras_v039-2_exp003_72,agi_guadalajara | agn_tierras,Adriana | Edna,Abreviaturas,Expansión completa,2,Abreviaturas — Expansión completa | Cambios — Sustitución,True,modo
188,GPT OSS 120B · 8 000 TPM,mã¡s,2,2,2,2,mÃ¡s,AGN_Marina_v004_exp006_014 | BNE_ms3047_1,agn_marina | bne_ms3047,Javier | Rodrigo,Acentuación,No sub-rule assigned,1,Acentuación — No sub-rule assigned | Cambios — Otros,True,mã¡s
189,GPT OSS 120B · 8 000 TPM,ne,2,2,2,2,ne,AGN_AHHacienda_v1292_exp135 | BnF_112_02,agn_ahhacienda | bnf_112,Javier | Arturo,Abreviaturas,Expansión completa,2,Abreviaturas — Expansión completa,True,ne
190,Llama 3.3 70B · 12 000 TPM,obligo,2,2,2,2,obligo,AGI_CONTRATACION_1089_N8_151 | AGN_AHHacienda_v268_exp046_03,agi_contratacion | agn_ahhacienda,Paco | Arturo,Acentuación,No sub-rule assigned,2,Acentuación — No sub-rule assigned,True,obligo
191,GPT OSS 120B · 8 000 TPM,partdo,2,2,2,2,Partdo | partdo,AGN_AHHacienda_v1292_exp135 | AGN_RealesCedDup_v050_exp062,agn_ahhacienda | agn_realesceddup,Javier | Paloma,Abreviaturas,Expansión completa,2,Abreviaturas — Expansión completa | Filológicas - instrucciones — Regularización de H etimológica | Filológicas - instrucciones — Regularización de i/y vocálicas,True,partdo
192,GPT OSS 120B · 8 000 TPM,per,2,2,2,2,per,AGN_Mercedes_v003_exp520 | BnF_112_04,agn_mercedes | bnf_112,Alba | Paloma,Filológicas - mecánicas,Regularización de nasales ante labial,1,Filológicas - mecánicas — Regularización de nasales ante labial | Filológicas - mecánicas — Regularización de sibilantes,True,per
193,GPT OSS 120B · 8 000 TPM,pidio,2,2,2,2,pidio,BnF_112_02 | AGN_GralParte_v006_exp617_01,bnf_112 | agn_gralparte,Arturo | Rodrigo,Acentuación,No sub-rule assigned,2,Acentuación — No sub-rule assigned,True,pidio
194,GPT OSS 120B · 8 000 TPM,porq,2,2,2,2,porq,BnF_113_22 | BnF_111_20,bnf_113 | bnf_111,Paloma | Flor,Abreviaturas,Expansión completa,1,Abreviaturas — Expansión completa | Abreviaturas — No sub-rule assigned,True,porq
195,Llama 3.3 70B · 12 000 TPM,prueba,2,2,2,2,prueba,BnF_117_03 | BnF_110_29,bnf_117 | bnf_110,Arturo | Paloma,Cambios,Sustitución,2,Cambios — Sustitución | Abreviaturas — Expansión completa,True,prueba
196,GPT OSS 120B · 8 000 TPM,pueblo,2,2,2,2,pueblo,BnF_112_25 | AGN_Indios_v019_exp354_2,bnf_112 | agn_indios,Paco | Alba,Abreviaturas,Expansión completa,2,Abreviaturas — Expansión completa | Cambios — Sustitución,True,pueblo
197,GPT OSS 120B · 8 000 TPM,ql,2,2,2,2,ql,BnF_032_36 | BnF_113_22,bnf_032 | bnf_113,Paco | Paloma,Abreviaturas,Expansión completa,1,Abreviaturas — Expansión completa | Abreviaturas — No sub-rule assigned,True,ql
198,GPT OSS 120B · 8 000 TPM,qto,2,2,2,2,qto,AGN_AHHacienda_v268_exp046_01 | AGN_Indios_v019_exp354_2,agn_ahhacienda | agn_indios,Adriana | Alba,Abreviaturas,Expansión completa,2,Abreviaturas — Expansión completa,True,qto
199,Llama 3.3 70B · 12 000 TPM,que está,2,2,2,2,que está,BnF_116_08 | utblac_eog_j_04_duplicated_02,bnf_116 | utblac_eog,Adriana | Arturo,Abreviaturas,"Excepciones (desto/a/os, dello/a/os)",2,"Abreviaturas — Excepciones (desto/a/os, dello/a/os) | Cambios — Sustitución",True,que está
200,Llama 3.3 70B · 12 000 TPM,que se,2,2,2,2,que se,BnF_032_23 | utblac_JGI_XXIII-13_Atlatlauhca_03,bnf_032 | utblac_jgi,Arturo | Flor,Cambios,Deleción,1,Cambios — Deleción | Cambios — Sustitución,True,que se
201,GPT OSS 120B · 8 000 TPM,quinta,2,2,2,2,quinta,AGI_CONTRATACION_1091_N3_098 | AGN_Mercedes_v003_exp520,agi_contratacion | agn_mercedes,Javier | Alba,Abreviaturas,Expansión completa,1,Abreviaturas — Expansión completa | Cambios — Sustitución,True,quinta
202,GPT OSS 120B · 8 000 TPM,ron,2,2,2,2,ron | Ron ,AGN_Mercedes_v003_exp520 | AGN_RealesCedDup_v050_exp062,agn_mercedes | agn_realesceddup,Alba | Paloma,Abreviaturas,Expansión completa,1,Abreviaturas — Expansión completa | Filológicas - mecánicas — Regularización de nasales ante labial | Filológicas - mecánicas — Simplificación de grupos consonánticos,True,ron
203,GPT OSS 120B · 8 000 TPM,seiso,2,2,2,2,Seiso | seiso,AGN_Indios_v019_exp354_2 | AGN_RealesCedDup_v050_exp062,agn_indios | agn_realesceddup,Alba | Paloma,Abreviaturas,Expansión completa,2,Abreviaturas — Expansión completa,True,seiso
204,GPT OSS 120B · 8 000 TPM,servo,2,2,2,2,Servo | servo,AGN_Indios_v009_exp003_fs4v-5_01 | BNE_ms3047_1,agn_indios | bne_ms3047,Arturo | Rodrigo,Abreviaturas,Expansión completa,2,Abreviaturas — Expansión completa,True,servo
205,Llama 3.3 70B · 12 000 TPM,ses,2,2,2,2,ses,AGN_AHHacienda_v268_exp046_03 | UIA_Ms149_Exp3_04,agn_ahhacienda | uia_ms149,Arturo | Alba,Abreviaturas,Expansión completa,2,Abreviaturas — Expansión completa,True,ses
206,Llama 3.3 70B · 12 000 TPM,señaló,2,2,2,2,Señaló | señaló,BnF_266_07 | UIA_Ms149_Exp3_31,bnf_266 | uia_ms149,Paco | Alba,Cambios,Deleción,1,Cambios — Deleción | Cambios — Sustitución,True,señaló
207,Llama 3.3 70B · 12 000 TPM,siembra,2,2,2,2,siembra,UIA_Ms149_Exp3_43 | BnF_174_05,uia_ms149 | bnf_174,Paco | Adriana,Cambios,Sustitución,2,Cambios — Sustitución,True,siembra
208,GPT OSS 120B · 8 000 TPM,sienta,2,2,2,2,sienta,AGN_RealesCedDup_v050_exp062 | BnF_030_27,agn_realesceddup | bnf_030,Paloma | Rodrigo,Abreviaturas,Expansión completa,1,Abreviaturas — Expansión completa | Cambios — Inserción,True,sienta
209,GPT OSS 120B · 8 000 TPM,todo,2,2,2,2,todo,BnF_112_02 | AGI_INDIFERENTE_2065_N45_09,bnf_112 | agi_indiferente,Arturo | Rodrigo,Abreviaturas,No sub-rule assigned,1,Abreviaturas — No sub-rule assigned | Cambios — Sustitución | Puntuación — No sub-rule assigned,True,todo
210,GPT OSS 120B · 8 000 TPM,trato,2,2,2,2,trato,BnF_104_2 | AGN_Indios_v009_exp003_fs4v-5_01,bnf_104 | agn_indios,Paco | Arturo,Cambios,Sustitución,2,Cambios — Sustitución | Abreviaturas — Expansión completa,True,trato
211,Llama 3.3 70B · 12 000 TPM,tributarios,2,2,2,2,tributarios,AGN_HospJesus_c474_leg267-2_exp024_7473-7537_02 | Mechoacan_Yurirapundaro_1,agn_hospjesus | mechoacan_yurirapundaro,Paco | Adriana,Abreviaturas,Expansión completa,1,Abreviaturas — Expansión completa | Cambios — Sustitución,True,tributarios
212,GPT OSS 120B · 8 000 TPM,trras,2,2,2,2,trras,BnF_032_36 | AGN_Mercedes_v003_exp520,bnf_032 | agn_mercedes,Paco | Alba,Abreviaturas,Expansión completa,1,Abreviaturas — Expansión completa | Abreviaturas — No sub-rule assigned,True,trras
213,Llama 3.3 70B · 12 000 TPM,tuvo,2,2,2,2,tuvo,BnF_110_13 | BnF_117_14,bnf_110 | bnf_117,Adriana | Alba,Cambios,Inserción,1,Cambios — Inserción | Cambios — Sustitución,True,tuvo
214,GPT OSS 120B · 8 000 TPM,vendio,2,2,2,2,vendio,BnF_112_02 | AGN_GralParte_v006_exp617_01,bnf_112 | agn_gralparte,Arturo | Rodrigo,Acentuación,No sub-rule assigned,2,Acentuación — No sub-rule assigned,True,vendio
215,Llama 3.3 70B · 12 000 TPM,vino,2,2,2,2,Vino,AGN_HospJesus_c474_leg267-2_exp024_7473-7537_02 | BnF_266_03,agn_hospjesus | bnf_266,Paco | Rodrigo,Cambios,Sustitución,2,Cambios — Sustitución | Cambios — Otros,True,vino
216,GPT OSS 120B · 8 000 TPM,vio,2,2,2,2,vio,BnF_075_014 | AGI_INDIFERENTE_2065_N45_09,bnf_075 | agi_indiferente,Alba | Rodrigo,Abreviaturas,Expansión completa,1,Abreviaturas — Expansión completa | Cambios — Inserción | Cambios — Sustitución,True,vio
217,Llama 3.3 70B · 12 000 TPM,vio,2,2,2,2,vio,UIA_Ms149_Exp3_31 | BnF_266_03,uia_ms149 | bnf_266,Alba | Rodrigo,Acentuación,No sub-rule assigned,1,Acentuación — No sub-rule assigned | Cambios — Deleción | Cambios — Sustitución,True,vio
218,GPT OSS 120B · 8 000 TPM,yglesia,2,2,2,2,yglesia,BnF_112_04 | BnF_111_20,bnf_112 | bnf_111,Paloma | Flor,Filológicas - instrucciones,Regularización de i/y vocálicas,2,Filológicas - instrucciones — Regularización de i/y vocálicas,True,yglesia
219,Llama 3.3 70B · 12 000 TPM,yo,2,2,2,2,Yo,BnF_116_08 | BnF_032_23,bnf_116 | bnf_032,Adriana | Arturo,Cambios,Deleción,1,Cambios — Deleción | Cambios — Sustitución,True,yo
220,Llama 3.3 70B · 12 000 TPM,ytem,18,2,1,1,Ytem,BnF_244_04 | BnF_244_05,bnf_244,Edna,Filológicas - instrucciones,Regularización de i/y vocálicas,18,Filológicas - instrucciones — Regularización de i/y vocálicas,False,ytem
221,GPT OSS 120B · 8 000 TPM,.,17,1,1,1,.,BnF_112_04,bnf_112,Paloma,Puntuación,Punto (.),17,Puntuación — Punto (.),False,.
222,Llama 3.3 70B · 12 000 TPM,v. s.,16,2,1,2,V. S.,BnF_174_03 | BnF_174_04,bnf_174,Arturo | Paloma,Abreviaturas,Expansión completa,16,Abreviaturas — Expansión completa,False,v. s.
223,Llama 3.3 70B · 12 000 TPM,granos,14,1,1,1,granos,BnF_267_15,bnf_267,Adriana,Cambios,Inserción,14,Cambios — Inserción,False,granos
224,Llama 3.3 70B · 12 000 TPM,pdo,11,2,1,1,pdo,BnF_267_03 | BnF_267_23,bnf_267,Paco,Abreviaturas,Expansión completa,11,Abreviaturas — Expansión completa,False,pdo
225,Llama 3.3 70B · 12 000 TPM,pr,11,1,1,1,pr,BnF_264_03,bnf_264,Adriana,Abreviaturas,Expansión completa,11,Abreviaturas — Expansión completa,False,pr
226,Llama 3.3 70B · 12 000 TPM,col.,8,2,1,2,col.,BnF_264_03 | BnF_264_02,bnf_264,Adriana | Paloma,Abreviaturas,Expansión completa,5,Abreviaturas — Expansión completa | Abreviaturas — No sub-rule assigned,False,col.
227,Llama 3.3 70B · 12 000 TPM,lib,8,2,1,2,lib,BnF_264_03 | BnF_264_02,bnf_264,Adriana | Paloma,Abreviaturas,Expansión completa,5,Abreviaturas — Expansión completa | Abreviaturas — No sub-rule assigned,False,lib
228,Llama 3.3 70B · 12 000 TPM,partido,8,1,1,1,partido,BnF_267_15,bnf_267,Adriana,Abreviaturas,Expansión completa,8,Abreviaturas — Expansión completa,False,partido
229,Llama 3.3 70B · 12 000 TPM,y mocouh,8,1,1,1,y mocouh,BnF_118_03,bnf_118,Paloma,Cambios,Deleción,8,Cambios — Deleción,False,y mocouh
230,Llama 3.3 70B · 12 000 TPM,tlacotepec,7,2,1,2,Tlacotepec,BnF_032_33 | BnF_032_23,bnf_032,Adriana | Arturo,Filológicas - instrucciones,No modificar otros idiomas,7,Filológicas - instrucciones — No modificar otros idiomas | Cambios — Sustitución,False,tlacotepec
231,Llama 3.3 70B · 12 000 TPM,f,7,1,1,1,f,BnF_264_03,bnf_264,Adriana,Abreviaturas,Expansión completa,7,Abreviaturas — Expansión completa,False,f
232,Llama 3.3 70B · 12 000 TPM,fr,7,1,1,1,Fr,BnF_244_04,bnf_244,Edna,Abreviaturas,Expansión completa,7,Abreviaturas — Expansión completa,False,fr
233,Llama 3.3 70B · 12 000 TPM,gos,7,1,1,1,Gos,BnF_032_33,bnf_032,Adriana,Abreviaturas,Expansión completa,7,Abreviaturas — Expansión completa,False,gos
234,Llama 3.3 70B · 12 000 TPM,posos,7,1,1,1,posos,BnF_116_07,bnf_116,Adriana,Abreviaturas,Expansión completa,7,Abreviaturas — Expansión completa,False,posos
235,Llama 3.3 70B · 12 000 TPM,dho,6,2,2,1,dho,AGI_CONTRATACION_1089_N8_151 | BnF_267_23,agi_contratacion | bnf_267,Paco,Abreviaturas,Expansión completa,6,Abreviaturas — Expansión completa,False,dho
236,Llama 3.3 70B · 12 000 TPM,puo,6,2,1,1,puo,BnF_267_03 | BnF_267_23,bnf_267,Paco,Abreviaturas,Expansión completa,6,Abreviaturas — Expansión completa,False,puo
237,Llama 3.3 70B · 12 000 TPM,ellos,6,1,1,1,ellos | Ellos,BnF_266_10,bnf_266,Flor,Cambios,Deleción,6,Cambios — Deleción | Cambios — Inserción,False,ellos
238,Llama 3.3 70B · 12 000 TPM,esn,6,1,1,1,Esn,BnF_243_16,bnf_243,Rodrigo,Abreviaturas,Expansión completa,6,Abreviaturas — Expansión completa | Cambios — Inserción,False,esn
239,Llama 3.3 70B · 12 000 TPM,"magueyes, y",6,1,1,1,"magueyes, y",BnF_032_23,bnf_032,Arturo,Puntuación,"Coma (,)",6,"Puntuación — Coma (,)",False,"magueyes, y"
240,Llama 3.3 70B · 12 000 TPM,tejas,6,1,1,1,Tejas,BnF_167_25,bnf_167,Paco,Cambios,Sustitución,6,Cambios — Sustitución,False,tejas
241,GPT OSS 120B · 8 000 TPM,camellon,5,2,1,2,camellon | Camellon,BnF_112_02 | BnF_112_23,bnf_112,Arturo | Edna,Acentuación,No sub-rule assigned,5,Acentuación — No sub-rule assigned,False,camellon
242,Llama 3.3 70B · 12 000 TPM,cortes,5,2,1,2,cortes | Cortes,AGI_CONTRATACION_1089_N8_151 | AGI_CONTRATACION_1089_N8_176,agi_contratacion,Paco | Flor,Acentuación,No sub-rule assigned,5,Acentuación — No sub-rule assigned,False,cortes
243,Llama 3.3 70B · 12 000 TPM,da,5,2,1,2,Da,BnF_243_17 | BnF_243_16,bnf_243,Edna | Rodrigo,Abreviaturas,No sub-rule assigned,3,Abreviaturas — No sub-rule assigned | Abreviaturas — Expansión completa,False,da
244,Llama 3.3 70B · 12 000 TPM,pos,5,2,1,1,pos,BnF_267_03 | BnF_267_23,bnf_267,Paco,Abreviaturas,Expansión completa,5,Abreviaturas — Expansión completa,False,pos
245,GPT OSS 120B · 8 000 TPM,reyno,5,2,1,2,reyno,AGI_PATRONATO_182_R3_04 | AGI_PATRONATO_182_R3_01,agi_patronato,Paco | Alba,Filológicas - instrucciones,Regularización de i/y vocálicas,3,Filológicas - instrucciones — Regularización de i/y vocálicas | Filológicas - instrucciones — No sub-rule assigned,False,reyno
246,GPT OSS 120B · 8 000 TPM,s.,5,2,1,2,s. | S.,BNE_ms3047_4 | BNE_ms3047_1,bne_ms3047,Javier | Rodrigo,Abreviaturas,Expansión completa,5,Abreviaturas — Expansión completa,False,s.
247,Llama 3.3 70B · 12 000 TPM,señor,5,2,1,2,señor,BnF_075_003 | BnF_075_035,bnf_075,Adriana | Arturo,Cambios,Sustitución,3,Cambios — Sustitución | Cambios — Deleción,False,señor
248,GPT OSS 120B · 8 000 TPM,convto,5,1,1,1,convto,BNE_ms3047_4,bne_ms3047,Javier,Abreviaturas,Expansión completa,5,Abreviaturas — Expansión completa,False,convto
249,Llama 3.3 70B · 12 000 TPM,lib.,5,1,1,1,lib.,BnF_264_03,bnf_264,Adriana,Abreviaturas,Expansión completa,5,Abreviaturas — Expansión completa,False,lib.
250,Llama 3.3 70B · 12 000 TPM,pleyto,5,1,1,1,pleyto,BnF_118_03,bnf_118,Paloma,Filológicas - instrucciones,Regularización de i/y vocálicas,5,Filológicas - instrucciones — Regularización de i/y vocálicas,False,pleyto
251,Llama 3.3 70B · 12 000 TPM,s,5,1,1,1,S,BnF_174_02,bnf_174,Javier,Abreviaturas,Expansión completa,5,Abreviaturas — Expansión completa,False,s
252,Llama 3.3 70B · 12 000 TPM,v,5,1,1,1,V,BnF_174_02,bnf_174,Javier,Abreviaturas,Expansión completa,5,Abreviaturas — Expansión completa,False,v
253,GPT OSS 120B · 8 000 TPM,magd,4,3,3,1,magd | Magd,AGI_PATRONATO_181_R13_1 | AGN_IndiferenteVirreinal_caja4071_exp024_2 | AGN_RealesCedDup_v050_exp062,agi_patronato | agn_indiferentevirreinal | agn_realesceddup,Paloma,Abreviaturas,Expansión completa,3,Abreviaturas — Expansión completa | Abreviaturas — No sub-rule assigned,False,magd
254,GPT OSS 120B · 8 000 TPM,mas,4,3,3,1,mas | maS,AGI_PATRONATO_182_R3_01 | AGN_Indios_v019_exp354_2 | AGN_RealesCedDup_v030_exp874,agi_patronato | agn_indios | agn_realesceddup,Alba,Acentuación,No sub-rule assigned,4,Acentuación — No sub-rule assigned,False,mas
255,GPT OSS 120B · 8 000 TPM,están,4,2,1,2,Están,BnF_030_21 | BnF_030_27,bnf_030,Edna | Rodrigo,Cambios,Sustitución,4,Cambios — Sustitución,False,están
256,GPT OSS 120B · 8 000 TPM,marqs,4,2,2,1,Marqs | MarqS,AGN_Indios_v019_exp354_2 | AGN_RealesCedDup_v030_exp874,agn_indios | agn_realesceddup,Alba,Abreviaturas,Expansión completa,4,Abreviaturas — Expansión completa,False,marqs
257,GPT OSS 120B · 8 000 TPM,my,4,2,1,2,my,BnF_112_25 | BnF_112_23,bnf_112,Paco | Edna,Cambios,Sustitución,2,Cambios — Sustitución | Filológicas - instrucciones — Regularización de i/y vocálicas,False,my
258,GPT OSS 120B · 8 000 TPM,más,4,2,2,1,más,AGN_RealesCedDup_v030_exp874 | BnF_075_014,agn_realesceddup | bnf_075,Alba,Abreviaturas,Expansión completa,2,Abreviaturas — Expansión completa | Acentuación — No sub-rule assigned,False,más
259,Llama 3.3 70B · 12 000 TPM,y a,4,2,2,1,y a,AGN_HospJesus_c474_leg267-2_exp024_7473-7537_10 | BnF_032_23,agn_hospjesus | bnf_032,Arturo,Cambios,Sustitución,2,"Cambios — Sustitución | Puntuación — Coma (,)",False,y a
260,GPT OSS 120B · 8 000 TPM,=,4,1,1,1,=,AGN_RealesCedDup_v030_exp874,agn_realesceddup,Alba,Abreviaturas,"Excepciones (desto/a/os, dello/a/os)",4,"Abreviaturas — Excepciones (desto/a/os, dello/a/os) | Cambios — Deleción",False,=
261,Llama 3.3 70B · 12 000 TPM,acha,4,1,1,1,acha,BnF_111_22,bnf_111,Paloma,Filológicas - instrucciones,Regularización de H etimológica,4,Filológicas - instrucciones — Regularización de H etimológica,False,acha
262,GPT OSS 120B · 8 000 TPM,anata,4,1,1,1,anata,AGN_RealesCedDup_v030_exp874,agn_realesceddup,Alba,Abreviaturas,No sub-rule assigned,4,Abreviaturas — No sub-rule assigned,False,anata
263,Llama 3.3 70B · 12 000 TPM,cap.,4,1,1,1,cap.,BnF_264_03,bnf_264,Adriana,Abreviaturas,Expansión completa,4,Abreviaturas — Expansión completa,False,cap.
264,Llama 3.3 70B · 12 000 TPM,de que,4,1,1,1,de que,BnF_119-148_33,bnf_119-148,Paloma,Cambios,Sustitución,4,Cambios — Sustitución,False,de que
265,Llama 3.3 70B · 12 000 TPM,despuã©s,4,1,1,1,despuÃ©s,BnF_266_05,bnf_266,Adriana,Cambios,Otros,4,Cambios — Otros | Cambios — Sustitución,False,despuã©s
266,GPT OSS 120B · 8 000 TPM,dro,4,1,1,1,dro,AGN_RealesCedDup_v030_exp874,agn_realesceddup,Alba,Abreviaturas,No sub-rule assigned,4,Abreviaturas — No sub-rule assigned,False,dro
267,Llama 3.3 70B · 12 000 TPM,dã­a,4,1,1,1,dÃ­a,BnF_266_05,bnf_266,Adriana,Cambios,Otros,4,Cambios — Otros | Cambios — Sustitución,False,dã­a
268,GPT OSS 120B · 8 000 TPM,e,4,1,1,1,E,BnF_112_23,bnf_112,Edna,Filológicas - instrucciones,Regularización de H etimológica,4,Filológicas - instrucciones — Regularización de H etimológica,False,e
269,GPT OSS 120B · 8 000 TPM,en lla,4,1,1,1,en lla,BnF_032_36,bnf_032,Paco,Cambios,Inserción,4,Cambios — Inserción,False,en lla
270,Llama 3.3 70B · 12 000 TPM,herr.,4,1,1,1,Herr.,BnF_264_03,bnf_264,Adriana,Abreviaturas,Expansión completa,4,Abreviaturas — Expansión completa,False,herr.
271,GPT OSS 120B · 8 000 TPM,herrera escribano,4,1,1,1,Herrera escribano | herrera escribano,AGN_Tierras_v039-2_exp003_72,agn_tierras,Edna,Puntuación,"Coma (,)",4,"Puntuación — Coma (,)",False,herrera escribano
272,GPT OSS 120B · 8 000 TPM,mg,4,1,1,1,mg,AGN_Mercedes_v003_exp520,agn_mercedes,Alba,Abreviaturas,Expansión completa,4,Abreviaturas — Expansión completa,False,mg
273,Llama 3.3 70B · 12 000 TPM,mrs,4,1,1,1,mrs,AGI_CONTRATACION_1089_N8_151,agi_contratacion,Paco,Abreviaturas,Expansión completa,4,Abreviaturas — Expansión completa,False,mrs
274,GPT OSS 120B · 8 000 TPM,novta,4,1,1,1,novta,AGN_AHHacienda_v1292_exp135,agn_ahhacienda,Javier,Abreviaturas,Expansión completa,4,Abreviaturas — Expansión completa,False,novta
275,Llama 3.3 70B · 12 000 TPM,olbera,4,1,1,1,Olbera,BnF_394_10,bnf_394,Flor,Filológicas - instrucciones,Regularización de labiales (b/v),4,Filológicas - instrucciones — Regularización de labiales (b/v),False,olbera
276,GPT OSS 120B · 8 000 TPM,oxos,4,1,1,1,oxos,AGI_CONTRATACION_1183_N8_78,agi_contratacion,Adriana,Filológicas - instrucciones,x sibilante → j,4,Filológicas - instrucciones — x sibilante → j,False,oxos
277,Llama 3.3 70B · 12 000 TPM,pueblecito,4,1,1,1,pueblecito,AGI_INDIFERENTE_1529_N36_07,agi_indiferente,Rodrigo,Abreviaturas,Expansión completa,4,Abreviaturas — Expansión completa | Cambios — Sustitución,False,pueblecito
278,Llama 3.3 70B · 12 000 TPM,riego,4,1,1,1,Riego,AGS_CE_RG_L379_04,ags_ce,Rodrigo,Cambios,Sustitución,4,Cambios — Sustitución,False,riego
279,Llama 3.3 70B · 12 000 TPM,suchimilco,4,1,1,1,Suchimilco,UIA_Ms149_Exp2_51,uia_ms149,Arturo,Filológicas - instrucciones,No modificar otros idiomas,4,Filológicas - instrucciones — No modificar otros idiomas,False,suchimilco
280,GPT OSS 120B · 8 000 TPM,v mrd,4,1,1,1,V mrd,AGN_RealesCedDup_v030_exp874,agn_realesceddup,Alba,Abreviaturas,No sub-rule assigned,4,Abreviaturas — No sub-rule assigned,False,v mrd
281,GPT OSS 120B · 8 000 TPM,presento,3,3,3,1,presento,BnF_032_36 | BnF_112_25 | BnF_113_04,bnf_032 | bnf_112 | bnf_113,Paco,Acentuación,No sub-rule assigned,3,Acentuación — No sub-rule assigned,False,presento
282,Llama 3.3 70B · 12 000 TPM,tpo,3,3,1,2,tpo,BnF_267_03 | BnF_267_23 | BnF_267_15,bnf_267,Paco | Adriana,Abreviaturas,Expansión completa,3,Abreviaturas — Expansión completa,False,tpo
283,GPT OSS 120B · 8 000 TPM,audia,3,2,2,1,audia,AGI_PATRONATO_182_R3_01 | AGN_Indios_v019_exp354_2,agi_patronato | agn_indios,Alba,Abreviaturas,Expansión completa,3,Abreviaturas — Expansión completa,False,audia
284,GPT OSS 120B · 8 000 TPM,caxa,3,2,1,2,caxa,AGN_AHHacienda_v1292_exp135 | AGN_AHHacienda_v268_exp046_01,agn_ahhacienda,Javier | Adriana,Filológicas - instrucciones,x sibilante → j,3,Filológicas - instrucciones — x sibilante → j,False,caxa
285,Llama 3.3 70B · 12 000 TPM,coyuacán,3,2,1,2,Coyuacán,AGN_HospJesus_c474_leg267-2_exp024_7473-7537_02 | AGN_HospJesus_c474_leg267-2_exp024_7473-7537_10,agn_hospjesus,Paco | Arturo,Cambios,Sustitución,2,Cambios — Sustitución | Acentuación — No sub-rule assigned | Cambios — Inserción,False,coyuacán
286,Llama 3.3 70B · 12 000 TPM,de estas,3,2,2,1,de estas,AGI_INDIFERENTE_1529_N36_07 | AGN_GralParte_v006_exp617_02,agi_indiferente | agn_gralparte,Rodrigo,Abreviaturas,"Excepciones (desto/a/os, dello/a/os)",3,"Abreviaturas — Excepciones (desto/a/os, dello/a/os)",False,de estas
287,GPT OSS 120B · 8 000 TPM,eta,3,2,2,1,eta,AGN_Indios_v019_exp354_2 | AGN_RealesCedDup_v030_exp874,agn_indios | agn_realesceddup,Alba,Abreviaturas,Expansión completa,3,Abreviaturas — Expansión completa,False,eta
288,GPT OSS 120B · 8 000 TPM,exmo,3,2,1,2,exmo,AGN_RealesCedDup_v030_exp874 | AGN_RealesCedDup_v050_exp062,agn_realesceddup,Alba | Paloma,Abreviaturas,Expansión completa,3,Abreviaturas — Expansión completa,False,exmo
289,Llama 3.3 70B · 12 000 TPM,franca,3,2,1,2,Franca,BnF_243_18 | BnF_243_16,bnf_243,Adriana | Rodrigo,Abreviaturas,Expansión completa,3,Abreviaturas — Expansión completa,False,franca
290,GPT OSS 120B · 8 000 TPM,llamava,3,2,1,2,llamava,BnF_112_02 | BnF_112_23,bnf_112,Arturo | Edna,Filológicas - instrucciones,Regularización de labiales (b/v),3,Filológicas - instrucciones — Regularización de labiales (b/v),False,llamava
291,Llama 3.3 70B · 12 000 TPM,"pueblo,",3,2,1,1,"pueblo,",BnF_075_026 | BnF_075_035,bnf_075,Arturo,Puntuación,"Coma (,)",3,"Puntuación — Coma (,)",False,"pueblo,"
292,Llama 3.3 70B · 12 000 TPM,setecientos,3,2,2,1,setecientos,AGN_GralParte_v001_exp1020_02 | BnF_117_08,agn_gralparte | bnf_117,Edna,Abreviaturas,No sub-rule assigned,3,Abreviaturas — No sub-rule assigned | Cambios — Sustitución,False,setecientos
293,Llama 3.3 70B · 12 000 TPM,tlaxcala,3,2,1,2,Tlaxcala,BnF_117_13 | BnF_117_03,bnf_117,Paco | Arturo,Cambios,Sustitución,2,Cambios — Sustitución | Filológicas - instrucciones — No modificar otros idiomas,False,tlaxcala
294,GPT OSS 120B · 8 000 TPM,vienes,3,2,2,1,vienes,AGN_IndiferenteVirreinal_caja4071_exp024_2 | AGN_RealesCedDup_v050_exp062,agn_indiferentevirreinal | agn_realesceddup,Paloma,Filológicas - instrucciones,Regularización de labiales (b/v),3,Filológicas - instrucciones — Regularización de labiales (b/v),False,vienes
295,GPT OSS 120B · 8 000 TPM,/,3,1,1,1,/,BnF_111_20,bnf_111,Flor,Filológicas - instrucciones,Regularización de labiales (b/v),3,Filológicas - instrucciones — Regularización de labiales (b/v),False,/
296,GPT OSS 120B · 8 000 TPM,aca,3,1,1,1,aCa | aca,AGN_Mercedes_v003_exp520,agn_mercedes,Alba,Abreviaturas,Expansión completa,3,Abreviaturas — Expansión completa,False,aca
297,Llama 3.3 70B · 12 000 TPM,albaneses,3,1,1,1,albaneses,BnF_030_22,bnf_030,Paco,Cambios,Sustitución,3,Cambios — Sustitución,False,albaneses
298,GPT OSS 120B · 8 000 TPM,alcozer,3,1,1,1,alcozer | Alcozer,AGN_Indios_v019_exp354_2,agn_indios,Alba,Filológicas - mecánicas,Regularización de sibilantes,3,Filológicas - mecánicas — Regularización de sibilantes,False,alcozer
299,GPT OSS 120B · 8 000 TPM,avia,3,1,1,1,avia,BnF_112_02,bnf_112,Arturo,Acentuación,No sub-rule assigned,3,Acentuación — No sub-rule assigned | Filológicas - instrucciones — Regularización de H etimológica | Filológicas - instrucciones — Regularización de labiales (b/v),False,avia
300,Llama 3.3 70B · 12 000 TPM,ay,3,1,1,1,Ay,AGI_PATRONATO_181_R13_2,agi_patronato,Paloma,Filológicas - instrucciones,Regularización de H etimológica,3,Filológicas - instrucciones — Regularización de H etimológica,False,ay
301,GPT OSS 120B · 8 000 TPM,bara,3,1,1,1,bara,BnF_111_20,bnf_111,Flor,Filológicas - mecánicas,Regularización de sibilantes,2,Filológicas - mecánicas — Regularización de sibilantes | Filológicas - instrucciones — Regularización de labiales (b/v),False,bara
302,Llama 3.3 70B · 12 000 TPM,bautizar,3,1,1,1,bautizar,BnF_174_05,bnf_174,Adriana,Cambios,Sustitución,3,Cambios — Sustitución,False,bautizar
303,GPT OSS 120B · 8 000 TPM,caballerã­a,3,1,1,1,caballerÃ­a,AGN_Mercedes_v003_exp520,agn_mercedes,Alba,Acentuación,No sub-rule assigned,3,Acentuación — No sub-rule assigned,False,caballerã­a
304,Llama 3.3 70B · 12 000 TPM,cap,3,1,1,1,cap,BnF_264_02,bnf_264,Paloma,Abreviaturas,No sub-rule assigned,3,Abreviaturas — No sub-rule assigned,False,cap
305,Llama 3.3 70B · 12 000 TPM,coatepec,3,1,1,1,Coatepec,BnF_030_22,bnf_030,Paco,Abreviaturas,No sub-rule assigned,3,Abreviaturas — No sub-rule assigned,False,coatepec
306,Llama 3.3 70B · 12 000 TPM,culhuacán,3,1,1,1,Culhuacán,UIA_Ms149_Exp2_51,uia_ms149,Arturo,Filológicas - instrucciones,No modificar otros idiomas,3,Filológicas - instrucciones — No modificar otros idiomas,False,culhuacán
307,Llama 3.3 70B · 12 000 TPM,dec,3,1,1,1,Dec,BnF_264_02,bnf_264,Paloma,Abreviaturas,No sub-rule assigned,3,Abreviaturas — No sub-rule assigned,False,dec
308,Llama 3.3 70B · 12 000 TPM,dec.,3,1,1,1,Dec.,BnF_264_03,bnf_264,Adriana,Abreviaturas,Expansión completa,3,Abreviaturas — Expansión completa,False,dec.
309,GPT OSS 120B · 8 000 TPM,dixeran,3,1,1,1,dixeran,BnF_113_22,bnf_113,Paloma,Filológicas - instrucciones,x sibilante → j,3,Filológicas - instrucciones — x sibilante → j,False,dixeran
310,GPT OSS 120B · 8 000 TPM,el corregidor,3,1,1,1,el corregidor,AGN_Indios_v002_exp835,agn_indios,Paloma,Cambios,Deleción,3,Cambios — Deleción | Abreviaturas — Expansión completa,False,el corregidor
311,GPT OSS 120B · 8 000 TPM,el mandamiento,3,1,1,1,el mandamiento,AGN_Indios_v002_exp835,agn_indios,Paloma,Cambios,Deleción,3,Cambios — Deleción,False,el mandamiento
312,Llama 3.3 70B · 12 000 TPM,en el,3,1,1,1,en el,AGN_GralParte_v006_exp617_02,agn_gralparte,Rodrigo,Cambios,Sustitución,3,Cambios — Sustitución,False,en el
313,GPT OSS 120B · 8 000 TPM,estansia,3,1,1,1,Estansia | estansia,BnF_113_22,bnf_113,Paloma,Filológicas - mecánicas,Regularización de sibilantes,3,Filológicas - mecánicas — Regularización de sibilantes,False,estansia
314,Llama 3.3 70B · 12 000 TPM,f.,3,1,1,1,f.,BnF_264_02,bnf_264,Paloma,Abreviaturas,No sub-rule assigned,3,Abreviaturas — No sub-rule assigned,False,f.
315,Llama 3.3 70B · 12 000 TPM,guipil,3,1,1,1,guipil,BnF_111_22,bnf_111,Paloma,Filológicas - mecánicas,Regularización de la diéresis,3,Filológicas - mecánicas — Regularización de la diéresis,False,guipil
316,Llama 3.3 70B · 12 000 TPM,habría,3,1,1,1,habría,BnF_032_33,bnf_032,Adriana,Cambios,No sub-rule assigned,3,Cambios — No sub-rule assigned,False,habría
317,Llama 3.3 70B · 12 000 TPM,iiii,3,1,1,1,iiii,AGN_HospJesus_c205_exp041_04,agn_hospjesus,Flor,Cambios,Otros,3,Cambios — Otros,False,iiii
318,Llama 3.3 70B · 12 000 TPM,jph,3,1,1,1,Jph,AGS_CE_RG_L379_02,ags_ce,Arturo,Abreviaturas,Expansión completa,3,Abreviaturas — Expansión completa,False,jph
319,Llama 3.3 70B · 12 000 TPM,la flota,3,1,1,1,la flota | La flota,BnF_266_10,bnf_266,Flor,Puntuación,Punto (.),2,Puntuación — Punto (.) | Cambios — Sustitución,False,la flota
320,GPT OSS 120B · 8 000 TPM,limytes,3,1,1,1,limytes,AGI_PATRONATO_182_R3_01,agi_patronato,Alba,Acentuación,No sub-rule assigned,3,Acentuación — No sub-rule assigned | Filológicas - instrucciones — Regularización de i/y vocálicas,False,limytes
321,GPT OSS 120B · 8 000 TPM,masa,3,1,1,1,masa,AGN_Mercedes_v003_exp520,agn_mercedes,Alba,Abreviaturas,No sub-rule assigned,3,Abreviaturas — No sub-rule assigned,False,masa
322,GPT OSS 120B · 8 000 TPM,md,3,1,1,1,md,AGN_Mercedes_v003_exp520,agn_mercedes,Alba,Abreviaturas,No sub-rule assigned,3,Abreviaturas — No sub-rule assigned,False,md
323,GPT OSS 120B · 8 000 TPM,mechoacán,3,1,1,1,Mechoacán,BNE_ms3047_4,bne_ms3047,Javier,Filológicas - mecánicas,No sub-rule assigned,3,Filológicas - mecánicas — No sub-rule assigned,False,mechoacán
324,GPT OSS 120B · 8 000 TPM,mesa,3,1,1,1,meSa,BNE_ms3047_1,bne_ms3047,Rodrigo,Cambios,Otros,3,Cambios — Otros,False,mesa
325,Llama 3.3 70B · 12 000 TPM,mixteca,3,1,1,1,Mixteca,BnF_264_03,bnf_264,Adriana,Cambios,No sub-rule assigned,3,Cambios — No sub-rule assigned | Filológicas - instrucciones — No modificar otros idiomas,False,mixteca
326,Llama 3.3 70B · 12 000 TPM,monte,3,1,1,1,monte,BnF_030_22,bnf_030,Paco,Cambios,Inserción,3,Cambios — Inserción,False,monte
327,Llama 3.3 70B · 12 000 TPM,mã¡s,3,1,1,1,mÃ¡s,BnF_266_05,bnf_266,Adriana,Cambios,Otros,3,Cambios — Otros | Cambios — Sustitución,False,mã¡s
328,GPT OSS 120B · 8 000 TPM,ocelutle,3,1,1,1,ocelutle,BnF_032_36,bnf_032,Paco,Cambios,Sustitución,3,Cambios — Sustitución,False,ocelutle
329,GPT OSS 120B · 8 000 TPM,p,3,1,1,1,p,AGN_AHHacienda_v268_exp046_01,agn_ahhacienda,Adriana,Abreviaturas,Expansión completa,3,Abreviaturas — Expansión completa,False,p
330,GPT OSS 120B · 8 000 TPM,paxe,3,1,1,1,paxe,AGI_CONTRATACION_1183_N8_78,agi_contratacion,Adriana,Filológicas - instrucciones,x sibilante → j,3,Filológicas - instrucciones — x sibilante → j,False,paxe
331,Llama 3.3 70B · 12 000 TPM,pe.,3,1,1,1,Pe.,BnF_167_29,bnf_167,Adriana,Abreviaturas,Expansión completa,3,Abreviaturas — Expansión completa,False,pe.
332,Llama 3.3 70B · 12 000 TPM,poder,3,1,1,1,poder,BnF_118_05,bnf_118,Alba,Abreviaturas,Expansión completa,3,Abreviaturas — Expansión completa,False,poder
333,Llama 3.3 70B · 12 000 TPM,pregono,3,1,1,1,pregono,BnF_075_035,bnf_075,Arturo,Acentuación,No sub-rule assigned,3,Acentuación — No sub-rule assigned | Cambios — Deleción,False,pregono
334,GPT OSS 120B · 8 000 TPM,primo,3,1,1,1,Primo | primo,AGN_AHHacienda_v268_exp046_01,agn_ahhacienda,Adriana,Abreviaturas,Expansión completa,3,Abreviaturas — Expansión completa,False,primo
335,Llama 3.3 70B · 12 000 TPM,péz,3,1,1,1,Péz,AGN_GralParte_v006_exp617_02,agn_gralparte,Rodrigo,Abreviaturas,Expansión completa,3,Abreviaturas — Expansión completa,False,péz
336,GPT OSS 120B · 8 000 TPM,q sumado,3,1,1,1,q Sumado,BnF_113_22,bnf_113,Paloma,Abreviaturas,Expansión completa,3,Abreviaturas — Expansión completa,False,q sumado
337,Llama 3.3 70B · 12 000 TPM,ruy,3,1,1,1,Ruy,BnF_119-148_24,bnf_119-148,Adriana,Cambios,Sustitución,3,Cambios — Sustitución,False,ruy
338,Llama 3.3 70B · 12 000 TPM,santo,3,1,1,1,Santo,BnF_174_04,bnf_174,Paloma,Abreviaturas,No sub-rule assigned,3,Abreviaturas — No sub-rule assigned,False,santo
339,GPT OSS 120B · 8 000 TPM,se ha servido,3,1,1,1,se ha servido | Se ha servido,AGN_RealesCedDup_v030_exp874,agn_realesceddup,Alba,Cambios,Inserción,2,Cambios — Inserción | Filológicas - instrucciones — Regularización de H etimológica,False,se ha servido
340,Llama 3.3 70B · 12 000 TPM,sean,3,1,1,1,sean,BnF_119-148_33,bnf_119-148,Paloma,Cambios,Inserción,3,Cambios — Inserción,False,sean
341,Llama 3.3 70B · 12 000 TPM,sr,3,1,1,1,Sr,BnF_243_17,bnf_243,Edna,Abreviaturas,No sub-rule assigned,3,Abreviaturas — No sub-rule assigned,False,sr
342,GPT OSS 120B · 8 000 TPM,sujetos,3,1,1,1,sujetos,AGN_Indios_v009_exp003_fs4v-5_01,agn_indios,Arturo,Cambios,Deleción,3,Cambios — Deleción,False,sujetos
343,GPT OSS 120B · 8 000 TPM,suyo del,3,1,1,1,suyo del,BnF_030_27,bnf_030,Rodrigo,Cambios,Inserción,3,Cambios — Inserción | Cambios — Sustitución,False,suyo del
344,GPT OSS 120B · 8 000 TPM,tellez,3,1,1,1,tellez,AGN_Mercedes_v003_exp520,agn_mercedes,Alba,Acentuación,No sub-rule assigned,3,Acentuación — No sub-rule assigned,False,tellez
345,Llama 3.3 70B · 12 000 TPM,tenã­a,3,1,1,1,tenÃ­a,BnF_266_05,bnf_266,Adriana,Cambios,Otros,3,Cambios — Otros | Cambios — Sustitución,False,tenã­a
346,Llama 3.3 70B · 12 000 TPM,tenã­an,3,1,1,1,tenÃ­an,BnF_266_05,bnf_266,Adriana,Cambios,Otros,3,Cambios — Otros | Cambios — Sustitución,False,tenã­an
347,GPT OSS 120B · 8 000 TPM,todos,3,1,1,1,todos,BnF_113_04,bnf_113,Paco,Abreviaturas,Expansión completa,3,Abreviaturas — Expansión completa | Cambios — Inserción,False,todos
348,Llama 3.3 70B · 12 000 TPM,tras,3,1,1,1,Tras,AGS_CE_RG_L379_04,ags_ce,Rodrigo,Abreviaturas,Expansión completa,3,Abreviaturas — Expansión completa,False,tras
349,GPT OSS 120B · 8 000 TPM,uno,3,1,1,1,Uno | uno,BNE_ms3047_1,bne_ms3047,Rodrigo,Puntuación,Punto (.),3,Puntuación — Punto (.),False,uno
350,Llama 3.3 70B · 12 000 TPM,va.,3,1,1,1,Va. | va.,BNE_ms3047_3,bne_ms3047,Javier,Abreviaturas,Expansión completa,3,Abreviaturas — Expansión completa,False,va.
351,Llama 3.3 70B · 12 000 TPM,viniere,3,1,1,1,viniere,AGN_GralParte_v006_exp617_02,agn_gralparte,Rodrigo,Cambios,Sustitución,3,Cambios — Sustitución,False,viniere
352,GPT OSS 120B · 8 000 TPM,vra,3,1,1,1,vra,AGN_Mercedes_v003_exp520,agn_mercedes,Alba,Abreviaturas,No sub-rule assigned,3,Abreviaturas — No sub-rule assigned,False,vra
353,Llama 3.3 70B · 12 000 TPM,xerez,3,1,1,1,Xerez,BnF_118_05,bnf_118,Alba,Filológicas - instrucciones,x sibilante → j,3,Filológicas - instrucciones — x sibilante → j,False,xerez
354,Llama 3.3 70B · 12 000 TPM,y cinco,3,1,1,1,y cinco,BnF_032_23,bnf_032,Arturo,Cambios,No sub-rule assigned,2,Cambios — No sub-rule assigned | Cambios — Sustitución,False,y cinco
355,Llama 3.3 70B · 12 000 TPM,ynston,3,1,1,1,ynston,AGN_GralParte_v006_exp617_02,agn_gralparte,Rodrigo,Abreviaturas,Expansión completa,3,Abreviaturas — Expansión completa | Cambios — Deleción,False,ynston
356,GPT OSS 120B · 8 000 TPM,zibdad,3,1,1,1,zibdad,AGI_PATRONATO_182_R3_04,agi_patronato,Paco,Filológicas - mecánicas,Regularización de sibilantes,3,Filológicas - mecánicas — Regularización de sibilantes,False,zibdad
357,Llama 3.3 70B · 12 000 TPM,zultepec,3,1,1,1,zultepec,AGI_INDIFERENTE_1529_N36_07,agi_indiferente,Rodrigo,Cambios,Otros,3,Cambios — Otros,False,zultepec
358,Llama 3.3 70B · 12 000 TPM,ã©l,3,1,1,1,Ã©l,BnF_266_05,bnf_266,Adriana,Cambios,Otros,3,Cambios — Otros | Cambios — Sustitución,False,ã©l
359,GPT OSS 120B · 8 000 TPM,aber,2,2,1,2,aber,BnF_113_04 | BnF_113_22,bnf_113,Paco | Paloma,Filológicas - instrucciones,No sub-rule assigned,1,Filológicas - instrucciones — No sub-rule assigned | Filológicas - instrucciones — Regularización de H etimológica,False,aber
360,Llama 3.3 70B · 12 000 TPM,ante el,2,2,2,1,ante el,BnF_075_035 | BnF_118_08,bnf_075 | bnf_118,Arturo,Abreviaturas,"Excepciones (desto/a/os, dello/a/os)",1,"Abreviaturas — Excepciones (desto/a/os, dello/a/os) | Cambios — Deleción | Cambios — Inserción",False,ante el
361,Llama 3.3 70B · 12 000 TPM,aun,2,2,2,1,aun,AGI_INDIFERENTE_1529_N8_06 | BnF_266_03,agi_indiferente | bnf_266,Rodrigo,Acentuación,No sub-rule assigned,2,Acentuación — No sub-rule assigned,False,aun
362,GPT OSS 120B · 8 000 TPM,capan,2,2,2,1,Capan | capan,AGN_GralParte_v006_exp617_01 | BNE_ms3047_1,agn_gralparte | bne_ms3047,Rodrigo,Abreviaturas,Expansión completa,2,Abreviaturas — Expansión completa,False,capan
363,GPT OSS 120B · 8 000 TPM,carvajal,2,2,1,2,carvajal | Carvajal,BnF_112_25 | BnF_112_02,bnf_112,Paco | Arturo,Cambios,Deleción,2,Cambios — Deleción,False,carvajal
364,Llama 3.3 70B · 12 000 TPM,"corregidor,",2,2,1,1,"corregidor,",BnF_075_026 | BnF_075_035,bnf_075,Arturo,Puntuación,"Coma (,)",2,"Puntuación — Coma (,)",False,"corregidor,"
365,Llama 3.3 70B · 12 000 TPM,"costas, y",2,2,2,1,"costas, y",AGN_HospJesus_c474_leg267-2_exp024_7473-7537_10 | BnF_117_03,agn_hospjesus | bnf_117,Arturo,Puntuación,"Coma (,)",2,"Puntuación — Coma (,)",False,"costas, y"
366,GPT OSS 120B · 8 000 TPM,dava,2,2,1,2,dava,BnF_112_23 | BnF_112_04,bnf_112,Edna | Paloma,Filológicas - instrucciones,Regularización de labiales (b/v),2,Filológicas - instrucciones — Regularización de labiales (b/v),False,dava
367,GPT OSS 120B · 8 000 TPM,debaxo,2,2,1,2,debaxo,BnF_112_02 | BnF_112_04,bnf_112,Arturo | Paloma,Filológicas - instrucciones,x sibilante → j,2,Filológicas - instrucciones — x sibilante → j,False,debaxo
368,GPT OSS 120B · 8 000 TPM,della,2,2,1,2,della,AGI_PATRONATO_182_R3_04 | AGI_PATRONATO_182_R3_01,agi_patronato,Paco | Alba,Abreviaturas,"Excepciones (desto/a/os, dello/a/os)",2,"Abreviaturas — Excepciones (desto/a/os, dello/a/os) | Abreviaturas — Expansión completa",False,della
369,GPT OSS 120B · 8 000 TPM,dexo,2,2,1,2,dexo,BnF_112_02 | BnF_112_23,bnf_112,Arturo | Edna,Filológicas - instrucciones,x sibilante → j,2,Filológicas - instrucciones — x sibilante → j | Acentuación — No sub-rule assigned,False,dexo
370,GPT OSS 120B · 8 000 TPM,firme,2,2,2,1,firme,BnF_112_25 | BnF_113_04,bnf_112 | bnf_113,Paco,Acentuación,No sub-rule assigned,1,Acentuación — No sub-rule assigned | Cambios — Inserción,False,firme
371,GPT OSS 120B · 8 000 TPM,iglecia,2,2,1,2,Iglecia,BNE_ms3047_4 | BNE_ms3047_1,bne_ms3047,Javier | Rodrigo,Filológicas - mecánicas,Regularización de sibilantes,1,Filológicas - mecánicas — Regularización de sibilantes | Filológicas - mecánicas — Regularización de vibrantes,False,iglecia
372,Llama 3.3 70B · 12 000 TPM,"justicia,",2,2,2,1,"justicia,",BnF_075_035 | UIA_Ms149_Exp2_51,bnf_075 | uia_ms149,Arturo,Puntuación,"Coma (,)",2,"Puntuación — Coma (,)",False,"justicia,"
373,Llama 3.3 70B · 12 000 TPM,mandato,2,2,1,2,mandato,AGN_GralParte_v001_exp1020_02 | AGN_GralParte_v006_exp617_02,agn_gralparte,Edna | Rodrigo,Abreviaturas,No sub-rule assigned,1,Abreviaturas — No sub-rule assigned | Cambios — Inserción | Cambios — Sustitución,False,mandato
374,Llama 3.3 70B · 12 000 TPM,mil quinientos setenta,2,2,2,1,mil quinientos setenta,BnF_119-148_18 | utblac_wbs_0912a_duplicated,bnf_119-148 | utblac_wbs,Arturo,Cambios,Deleción,2,Cambios — Deleción,False,mil quinientos setenta
375,Llama 3.3 70B · 12 000 TPM,noroeste,2,2,1,2,noroeste,BnF_174_03 | BnF_174_04,bnf_174,Arturo | Paloma,Cambios,Sustitución,2,Cambios — Sustitución,False,noroeste
376,GPT OSS 120B · 8 000 TPM,oydores,2,2,1,2,oydores,AGI_PATRONATO_182_R3_04 | AGI_PATRONATO_182_R3_01,agi_patronato,Paco | Alba,Filológicas - instrucciones,No sub-rule assigned,1,Filológicas - instrucciones — No sub-rule assigned | Filológicas - instrucciones — Regularización de i/y vocálicas,False,oydores
377,GPT OSS 120B · 8 000 TPM,paso,2,2,2,1,paso,AGI_PATRONATO_182_R3_04 | BnF_104_2,agi_patronato | bnf_104,Paco,Acentuación,No sub-rule assigned,2,Acentuación — No sub-rule assigned,False,paso
378,Llama 3.3 70B · 12 000 TPM,"paz, y",2,2,2,1,"Paz, y | paz, y",AGS_CE_RG_L379_02 | BnF_174_03,ags_ce | bnf_174,Arturo,Puntuación,"Coma (,)",2,"Puntuación — Coma (,)",False,"paz, y"
379,Llama 3.3 70B · 12 000 TPM,pro,2,2,2,1,pro,BnF_104_3 | BnF_110_33,bnf_104 | bnf_110,Alba,Abreviaturas,Expansión completa,1,Abreviaturas — Expansión completa | Abreviaturas — No sub-rule assigned,False,pro
380,GPT OSS 120B · 8 000 TPM,sigtes,2,2,1,2,Sigtes | sigtes,BNE_ms3047_4 | BNE_ms3047_1,bne_ms3047,Javier | Rodrigo,Abreviaturas,Expansión completa,2,Abreviaturas — Expansión completa,False,sigtes
381,Llama 3.3 70B · 12 000 TPM,so,2,2,1,2,So,BnF_117_13 | BnF_117_03,bnf_117,Paco | Arturo,Abreviaturas,Expansión completa,2,Abreviaturas — Expansión completa,False,so
382,Llama 3.3 70B · 12 000 TPM,teniente,2,2,2,1,teniente,BnF_113_43 | BnF_174_04,bnf_113 | bnf_174,Paloma,Cambios,Sustitución,2,Cambios — Sustitución,False,teniente
383,Llama 3.3 70B · 12 000 TPM,theniente,2,2,1,2,Theniente,BnF_174_02 | BnF_174_03,bnf_174,Javier | Arturo,Cambios,No sub-rule assigned,1,Cambios — No sub-rule assigned | Filológicas - mecánicas — Simplificación de grupos consonánticos,False,theniente
384,GPT OSS 120B · 8 000 TPM,tie,2,2,1,2,tie,BNE_ms3047_4 | BNE_ms3047_1,bne_ms3047,Javier | Rodrigo,Abreviaturas,Expansión completa,2,Abreviaturas — Expansión completa,False,tie
385,Llama 3.3 70B · 12 000 TPM,"tierras, y",2,2,2,1,"tierras, y",BnF_174_03 | UIA_Ms149_Exp2_51,bnf_174 | uia_ms149,Arturo,Puntuación,"Coma (,)",2,"Puntuación — Coma (,)",False,"tierras, y"
386,Llama 3.3 70B · 12 000 TPM,verdad,2,2,2,1,verdad,AGN_AHHacienda_v268_exp046_03 | BnF_032_23,agn_ahhacienda | bnf_032,Arturo,Cambios,Sustitución,1,Cambios — Sustitución | Puntuación — No sub-rule assigned,False,verdad
387,Llama 3.3 70B · 12 000 TPM,y lo,2,2,2,1,y lo,BnF_111_22 | BnF_113_43,bnf_111 | bnf_113,Paloma,Cambios,Sustitución,2,Cambios — Sustitución,False,y lo
388,Llama 3.3 70B · 12 000 TPM,1576,2,1,1,1,1576,BnF_119-148_24,bnf_119-148,Adriana,Cambios,Sustitución,2,Cambios — Sustitución,False,1576
389,Llama 3.3 70B · 12 000 TPM,1619,2,1,1,1,1619,AGN_HospJesus_c205_exp041_04,agn_hospjesus,Flor,Cambios,Otros,2,Cambios — Otros,False,1619
390,GPT OSS 120B · 8 000 TPM,4a,2,1,1,1,4a,BNE_ms3047_1,bne_ms3047,Rodrigo,Abreviaturas,Expansión completa,2,Abreviaturas — Expansión completa,False,4a
391,Llama 3.3 70B · 12 000 TPM,a los,2,1,1,1,a los,BnF_119-148_33,bnf_119-148,Paloma,Cambios,Inserción,2,Cambios — Inserción,False,a los
392,Llama 3.3 70B · 12 000 TPM,a quien,2,1,1,1,a quien,BnF_174_04,bnf_174,Paloma,Cambios,Deleción,2,Cambios — Deleción,False,a quien
393,GPT OSS 120B · 8 000 TPM,a servido,2,1,1,1,a Servido,AGN_RealesCedDup_v030_exp874,agn_realesceddup,Alba,Filológicas - instrucciones,Regularización de H etimológica,2,Filológicas - instrucciones — Regularización de H etimológica,False,a servido
394,Llama 3.3 70B · 12 000 TPM,abadía,2,1,1,1,Abadía | abadía,BnF_104_3,bnf_104,Alba,Abreviaturas,Expansión completa,2,Abreviaturas — Expansión completa,False,abadía
395,Llama 3.3 70B · 12 000 TPM,"aguardados, y",2,1,1,1,"aguardados, y",BnF_174_03,bnf_174,Arturo,Puntuación,"Coma (,)",2,"Puntuación — Coma (,)",False,"aguardados, y"
396,GPT OSS 120B · 8 000 TPM,albaneses,2,1,1,1,albaneses,BnF_030_21,bnf_030,Edna,Cambios,Inserción,2,Cambios — Inserción | Cambios — Sustitución,False,albaneses
397,GPT OSS 120B · 8 000 TPM,albañiles,2,1,1,1,albañiles,BnF_030_21,bnf_030,Edna,Cambios,Inserción,2,Cambios — Inserción,False,albañiles
398,GPT OSS 120B · 8 000 TPM,aldees,2,1,1,1,aldees,BnF_075_014,bnf_075,Alba,Abreviaturas,Expansión completa,2,Abreviaturas — Expansión completa,False,aldees
399,Llama 3.3 70B · 12 000 TPM,algunos,2,1,1,1,algunos,BnF_266_06,bnf_266,Adriana,Cambios,Sustitución,2,Cambios — Sustitución,False,algunos
400,Llama 3.3 70B · 12 000 TPM,allã­,2,1,1,1,allÃ­,BnF_266_05,bnf_266,Adriana,Cambios,Otros,2,Cambios — Otros | Cambios — Sustitución,False,allã­
401,GPT OSS 120B · 8 000 TPM,alto,2,1,1,1,alto,BnF_104_2,bnf_104,Paco,Abreviaturas,Expansión completa,2,Abreviaturas — Expansión completa | Cambios — Sustitución,False,alto
402,GPT OSS 120B · 8 000 TPM,ano,2,1,1,1,ano,BnF_113_22,bnf_113,Paloma,Filológicas - instrucciones,Regularización de la nasal palatal,2,Filológicas - instrucciones — Regularización de la nasal palatal,False,ano
403,Llama 3.3 70B · 12 000 TPM,asã­,2,1,1,1,asÃ­,BnF_266_05,bnf_266,Adriana,Cambios,Otros,2,Cambios — Otros | Cambios — Sustitución,False,asã­
404,GPT OSS 120B · 8 000 TPM,azãºcar,2,1,1,1,azÃºcar,BNE_ms3047_1,bne_ms3047,Rodrigo,Cambios,Otros,2,Cambios — Otros,False,azãºcar
405,GPT OSS 120B · 8 000 TPM,aã±os,2,1,1,1,aÃ±os,AGN_Mercedes_v003_exp520,agn_mercedes,Alba,Filológicas - instrucciones,Regularización de la nasal palatal,2,Filológicas - instrucciones — Regularización de la nasal palatal,False,aã±os
406,Llama 3.3 70B · 12 000 TPM,año. juan,2,1,1,1,año. Juan,AGI_CONTRATACION_1089_N8_176,agi_contratacion,Flor,Cambios,Deleción,1,Cambios — Deleción | Filológicas - instrucciones — Regularización de labiales (b/v) | Puntuación — Punto (.),False,año. juan
407,GPT OSS 120B · 8 000 TPM,años el,2,1,1,1,años el,AGN_GralParte_v006_exp617_01,agn_gralparte,Rodrigo,Puntuación,Punto (.),2,Puntuación — Punto (.),False,años el
408,GPT OSS 120B · 8 000 TPM,años por,2,1,1,1,años por,AGN_Tierras_v039-2_exp003_72,agn_tierras,Edna,Abreviaturas,Expansión completa,2,"Abreviaturas — Expansión completa | Puntuación — Coma (,)",False,años por
409,Llama 3.3 70B · 12 000 TPM,bido,2,1,1,1,bido,BnF_111_22,bnf_111,Paloma,Filológicas - instrucciones,Regularización de labiales (b/v),2,Filológicas - instrucciones — Regularización de labiales (b/v),False,bido
410,GPT OSS 120B · 8 000 TPM,bos,2,1,1,1,bos,AGN_Mercedes_v003_exp520,agn_mercedes,Alba,Filológicas - instrucciones,Regularización de labiales (b/v),2,Filológicas - instrucciones — Regularización de labiales (b/v),False,bos
411,GPT OSS 120B · 8 000 TPM,báez,2,1,1,1,Báez,BnF_075_014,bnf_075,Alba,Cambios,No sub-rule assigned,2,Cambios — No sub-rule assigned,False,báez
412,GPT OSS 120B · 8 000 TPM,caballeria,2,1,1,1,caballeria,AGN_Mercedes_v003_exp520,agn_mercedes,Alba,Acentuación,No sub-rule assigned,2,Acentuación — No sub-rule assigned,False,caballeria
413,GPT OSS 120B · 8 000 TPM,campos,2,1,1,1,campos,AGN_GralParte_v006_exp617_01,agn_gralparte,Rodrigo,Puntuación,Punto (.),2,Puntuación — Punto (.),False,campos
414,GPT OSS 120B · 8 000 TPM,celemis,2,1,1,1,celemis,BnF_030_27,bnf_030,Rodrigo,Abreviaturas,Expansión completa,2,Abreviaturas — Expansión completa,False,celemis
415,Llama 3.3 70B · 12 000 TPM,ciento,2,1,1,1,ciento,BnF_116_07,bnf_116,Adriana,Cambios,Sustitución,2,Cambios — Sustitución,False,ciento
416,GPT OSS 120B · 8 000 TPM,cientos,2,1,1,1,cientos,AGN_AHHacienda_v1292_exp135,agn_ahhacienda,Javier,Abreviaturas,Expansión completa,2,Abreviaturas — Expansión completa | Cambios — Sustitución,False,cientos
417,GPT OSS 120B · 8 000 TPM,cierra,2,1,1,1,cierra,BNE_ms3047_4,bne_ms3047,Javier,Filológicas - mecánicas,Regularización de sibilantes,2,Filológicas - mecánicas — Regularización de sibilantes,False,cierra
418,Llama 3.3 70B · 12 000 TPM,cobrado y,2,1,1,1,cobrado y,AGN_AHHacienda_v268_exp046_02,agn_ahhacienda,Paloma,Cambios,Sustitución,2,Cambios — Sustitución,False,cobrado y
419,Llama 3.3 70B · 12 000 TPM,combate,2,1,1,1,combate,BnF_266_03,bnf_266,Rodrigo,Abreviaturas,Expansión completa,2,Abreviaturas — Expansión completa | Cambios — Sustitución,False,combate
420,Llama 3.3 70B · 12 000 TPM,compa.,2,1,1,1,Compa. | compa.,BnF_174_03,bnf_174,Arturo,Abreviaturas,Expansión completa,2,Abreviaturas — Expansión completa,False,compa.
421,GPT OSS 120B · 8 000 TPM,comun,2,1,1,1,comun,AGN_RealesCedDup_v030_exp874,agn_realesceddup,Alba,Acentuación,No sub-rule assigned,2,Acentuación — No sub-rule assigned,False,comun
422,GPT OSS 120B · 8 000 TPM,común,2,1,1,1,común,AGN_RealesCedDup_v030_exp874,agn_realesceddup,Alba,Acentuación,No sub-rule assigned,2,Acentuación — No sub-rule assigned,False,común
423,GPT OSS 120B · 8 000 TPM,conde,2,1,1,1,conde,AGN_Indios_v019_exp354_2,agn_indios,Alba,Abreviaturas,Expansión completa,2,Abreviaturas — Expansión completa,False,conde
424,GPT OSS 120B · 8 000 TPM,conoscio,2,1,1,1,conoscio,BnF_111_20,bnf_111,Flor,Abreviaturas,Expansión completa,1,Abreviaturas — Expansión completa | Filológicas - mecánicas — Regularización de sibilantes,False,conoscio
425,Llama 3.3 70B · 12 000 TPM,consentí,2,1,1,1,consentí,BnF_113_43,bnf_113,Paloma,Cambios,Deleción,2,Cambios — Deleción,False,consentí
426,Llama 3.3 70B · 12 000 TPM,conviene,2,1,1,1,conviene,BnF_119-148_33,bnf_119-148,Paloma,Cambios,Sustitución,2,Cambios — Sustitución,False,conviene
427,Llama 3.3 70B · 12 000 TPM,corona,2,1,1,1,corona,AGN_RealesCedDup_v003_exp334,agn_realesceddup,Alba,Cambios,Deleción,2,Cambios — Deleción,False,corona
428,GPT OSS 120B · 8 000 TPM,crela,2,1,1,1,crela,BnF_075_014,bnf_075,Alba,Abreviaturas,Expansión completa,2,Abreviaturas — Expansión completa,False,crela
429,Llama 3.3 70B · 12 000 TPM,cuarta,2,1,1,1,cuarta,AMP_AC_v021__doc026_2,amp_ac,Alba,Abreviaturas,No sub-rule assigned,2,Abreviaturas — No sub-rule assigned,False,cuarta
430,Llama 3.3 70B · 12 000 TPM,culuacán,2,1,1,1,Culuacán,UIA_Ms149_Exp3_31,uia_ms149,Alba,Cambios,Sustitución,2,Cambios — Sustitución,False,culuacán
431,GPT OSS 120B · 8 000 TPM,cuyo,2,1,1,1,cuyo,BnF_030_20,bnf_030,Paloma,Cambios,Sustitución,2,Cambios — Sustitución,False,cuyo
432,GPT OSS 120B · 8 000 TPM,cédulas,2,1,1,1,cédulas,AGN_Indios_v019_exp354_2,agn_indios,Alba,Acentuación,No sub-rule assigned,2,Acentuación — No sub-rule assigned,False,cédulas
433,Llama 3.3 70B · 12 000 TPM,córdova,2,1,1,1,Córdova,utblac_gg_mss_g62_duplicated_11,utblac_gg,Alba,Filológicas - instrucciones,Regularización de labiales (b/v),2,Filológicas - instrucciones — Regularización de labiales (b/v),False,córdova
434,Llama 3.3 70B · 12 000 TPM,de cuatro,2,1,1,1,de cuatro,BnF_266_06,bnf_266,Adriana,Cambios,Deleción,2,Cambios — Deleción,False,de cuatro
435,Llama 3.3 70B · 12 000 TPM,de esa,2,1,1,1,de esa,BnF_119-148_33,bnf_119-148,Paloma,Cambios,Inserción,2,Cambios — Inserción,False,de esa
436,GPT OSS 120B · 8 000 TPM,de las,2,1,1,1,de las,AGI_INDIFERENTE_2065_N45_09,agi_indiferente,Rodrigo,Abreviaturas,"Excepciones (desto/a/os, dello/a/os)",2,"Abreviaturas — Excepciones (desto/a/os, dello/a/os)",False,de las
437,Llama 3.3 70B · 12 000 TPM,debiera,2,1,1,1,debiera,BnF_119-148_18,bnf_119-148,Arturo,Cambios,Sustitución,2,Cambios — Sustitución,False,debiera
438,GPT OSS 120B · 8 000 TPM,del año,2,1,1,1,del año,BnF_030_27,bnf_030,Rodrigo,Cambios,Deleción,2,Cambios — Deleción,False,del año
439,GPT OSS 120B · 8 000 TPM,dellas,2,1,1,1,dellas,BnF_032_36,bnf_032,Paco,Abreviaturas,"Excepciones (desto/a/os, dello/a/os)",2,"Abreviaturas — Excepciones (desto/a/os, dello/a/os)",False,dellas
440,GPT OSS 120B · 8 000 TPM,dices,2,1,1,1,dices,AGI_GUADALAJARA_230_L2_F_45V-46V_2,agi_guadalajara,Adriana,Cambios,Sustitución,2,Cambios — Sustitución,False,dices
441,Llama 3.3 70B · 12 000 TPM,dijeran,2,1,1,1,dijeran,BnF_266_05,bnf_266,Adriana,Cambios,No sub-rule assigned,2,Cambios — No sub-rule assigned,False,dijeran
442,GPT OSS 120B · 8 000 TPM,domyngo,2,1,1,1,domyngo,BnF_111_20,bnf_111,Flor,Abreviaturas,Expansión completa,1,Abreviaturas — Expansión completa | Filológicas - instrucciones — Regularización de i/y vocálicas,False,domyngo
443,Llama 3.3 70B · 12 000 TPM,done,2,1,1,1,done,BnF_264_03,bnf_264,Adriana,Abreviaturas,Expansión completa,2,Abreviaturas — Expansión completa,False,done
444,GPT OSS 120B · 8 000 TPM,enter,2,1,1,1,enter |  enter,AGN_GralParte_v006_exp617_01,agn_gralparte,Rodrigo,Acentuación,No sub-rule assigned,1,Acentuación — No sub-rule assigned | Cambios — Otros,False,enter
445,Llama 3.3 70B · 12 000 TPM,escriano,2,1,1,1,escriano,BnF_075_035,bnf_075,Arturo,Abreviaturas,No sub-rule assigned,2,Abreviaturas — No sub-rule assigned,False,escriano
446,GPT OSS 120B · 8 000 TPM,escribo,2,1,1,1,escribo,BnF_104_2,bnf_104,Paco,Abreviaturas,Expansión completa,2,Abreviaturas — Expansión completa,False,escribo
447,GPT OSS 120B · 8 000 TPM,escrio,2,1,1,1,escrio,AGI_PATRONATO_182_R3_04,agi_patronato,Paco,Abreviaturas,Expansión completa,2,Abreviaturas — Expansión completa,False,escrio
448,GPT OSS 120B · 8 000 TPM,esnia,2,1,1,1,esnia,BnF_032_36,bnf_032,Paco,Abreviaturas,Expansión completa,2,Abreviaturas — Expansión completa,False,esnia
449,GPT OSS 120B · 8 000 TPM,esno,2,1,1,1,esno,BnF_032_36,bnf_032,Paco,Abreviaturas,Expansión completa,2,Abreviaturas — Expansión completa,False,esno
450,GPT OSS 120B · 8 000 TPM,etra,2,1,1,1,etra,AGN_GralParte_v006_exp617_01,agn_gralparte,Rodrigo,Abreviaturas,Expansión completa,2,Abreviaturas — Expansión completa,False,etra
451,Llama 3.3 70B · 12 000 TPM,francesa,2,1,1,1,francesa,BnF_266_03,bnf_266,Rodrigo,Cambios,Inserción,2,Cambios — Inserción,False,francesa
452,GPT OSS 120B · 8 000 TPM,garcía indio,2,1,1,1,García indio,AGN_Indios_v009_exp003_fs4v-5_01,agn_indios,Arturo,Puntuación,No sub-rule assigned,2,Puntuación — No sub-rule assigned,False,garcía indio
453,GPT OSS 120B · 8 000 TPM,gaspar,2,1,1,1,Gaspar | gaspar,AGN_GralParte_v006_exp617_01,agn_gralparte,Rodrigo,Cambios,No sub-rule assigned,2,Cambios — No sub-rule assigned | Cambios — Otros,False,gaspar
454,GPT OSS 120B · 8 000 TPM,gastan,2,1,1,1,gastan,BnF_030_27,bnf_030,Rodrigo,Cambios,Sustitución,2,Cambios — Sustitución,False,gastan
455,GPT OSS 120B · 8 000 TPM,gonzalez,2,1,1,1,gonzaLez | gonzalez,AGI_CONTRATACION_1183_N8_78,agi_contratacion,Adriana,Acentuación,No sub-rule assigned,2,Acentuación — No sub-rule assigned,False,gonzalez
456,GPT OSS 120B · 8 000 TPM,gos,2,1,1,1,Gos,BnF_032_36,bnf_032,Paco,Abreviaturas,Expansión completa,2,Abreviaturas — Expansión completa,False,gos
457,GPT OSS 120B · 8 000 TPM,gros,2,1,1,1,gros,AGN_AHHacienda_v1292_exp135,agn_ahhacienda,Javier,Abreviaturas,Expansión completa,2,Abreviaturas — Expansión completa,False,gros
458,GPT OSS 120B · 8 000 TPM,guzman,2,1,1,1,guzman,AGI_PATRONATO_182_R3_01,agi_patronato,Alba,Acentuación,No sub-rule assigned,2,Acentuación — No sub-rule assigned,False,guzman
459,GPT OSS 120B · 8 000 TPM,gã©neros,2,1,1,1,gÃ©neros,AGN_Marina_v004_exp006_014,agn_marina,Javier,Acentuación,No sub-rule assigned,2,Acentuación — No sub-rule assigned,False,gã©neros
460,Llama 3.3 70B · 12 000 TPM,habã­a,2,1,1,1,habÃ­a,BnF_266_05,bnf_266,Adriana,Cambios,Otros,2,Cambios — Otros | Cambios — Sustitución,False,habã­a
461,Llama 3.3 70B · 12 000 TPM,habã­an,2,1,1,1,habÃ­an,BnF_266_05,bnf_266,Adriana,Cambios,Otros,2,Cambios — Otros | Cambios — Sustitución,False,habã­an
462,Llama 3.3 70B · 12 000 TPM,hacer,2,1,1,1,hacer,BnF_264_12,bnf_264,Edna,Cambios,Sustitución,2,Cambios — Sustitución,False,hacer
463,Llama 3.3 70B · 12 000 TPM,hará,2,1,1,1,hará,BnF_104_3,bnf_104,Alba,Cambios,Deleción,2,Cambios — Deleción,False,hará
464,GPT OSS 120B · 8 000 TPM,hazienda,2,1,1,1,hazienda,BnF_112_23,bnf_112,Edna,Filológicas - mecánicas,Regularización de sibilantes,2,Filológicas - mecánicas — Regularización de sibilantes,False,hazienda
465,GPT OSS 120B · 8 000 TPM,herdo,2,1,1,1,herdo,AGN_AHHacienda_v1292_exp135,agn_ahhacienda,Javier,Abreviaturas,Expansión completa,2,Abreviaturas — Expansión completa,False,herdo
466,Llama 3.3 70B · 12 000 TPM,hermano don,2,1,1,1,hermano don,BnF_118_08,bnf_118,Arturo,Puntuación,"Coma (,)",1,"Puntuación — Coma (,) | Puntuación — No sub-rule assigned",False,hermano don
467,GPT OSS 120B · 8 000 TPM,hordinario,2,1,1,1,hordinario,AGN_RealesCedDup_v030_exp874,agn_realesceddup,Alba,Filológicas - instrucciones,Regularización de H etimológica,2,Filológicas - instrucciones — Regularización de H etimológica,False,hordinario
468,GPT OSS 120B · 8 000 TPM,huso,2,1,1,1,huso,AGN_GralParte_v006_exp617_01,agn_gralparte,Rodrigo,Filológicas - instrucciones,Regularización de H etimológica,2,Filológicas - instrucciones — Regularización de H etimológica,False,huso
469,GPT OSS 120B · 8 000 TPM,ilustre,2,1,1,1,ilustre,AGN_RealesCedDup_v030_exp874,agn_realesceddup,Alba,Abreviaturas,Expansión completa,2,Abreviaturas — Expansión completa,False,ilustre
470,GPT OSS 120B · 8 000 TPM,interpretó,2,1,1,1,interpretó,BnF_113_22,bnf_113,Paloma,Cambios,Sustitución,2,Cambios — Sustitución,False,interpretó
471,GPT OSS 120B · 8 000 TPM,jul,2,1,1,1,jul,AGN_AHHacienda_v1292_exp135,agn_ahhacienda,Javier,Abreviaturas,Expansión completa,2,Abreviaturas — Expansión completa,False,jul
472,GPT OSS 120B · 8 000 TPM,juron,2,1,1,1,Juron,AGN_RealesCedDup_v050_exp062,agn_realesceddup,Paloma,Abreviaturas,Expansión completa,2,Abreviaturas — Expansión completa | Filológicas - instrucciones — Regularización de H etimológica | Filológicas - instrucciones — Regularización de i/y vocálicas,False,juron
473,GPT OSS 120B · 8 000 TPM,la estancia,2,1,1,1,la estancia,BnF_111_20,bnf_111,Flor,Cambios,Deleción,1,Cambios — Deleción | Cambios — Sustitución,False,la estancia
474,GPT OSS 120B · 8 000 TPM,la piedra,2,1,1,1,la piedra,BnF_030_21,bnf_030,Edna,Cambios,Deleción,2,Cambios — Deleción,False,la piedra
475,GPT OSS 120B · 8 000 TPM,la voluntad de,2,1,1,1,la voluntad de,AGN_RealesCedDup_v030_exp874,agn_realesceddup,Alba,Cambios,No sub-rule assigned,2,Cambios — No sub-rule assigned,False,la voluntad de
476,GPT OSS 120B · 8 000 TPM,las,2,1,1,1,Las,AGN_GralParte_v006_exp617_01,agn_gralparte,Rodrigo,Cambios,Otros,2,Cambios — Otros,False,las
477,Llama 3.3 70B · 12 000 TPM,les dijo,2,1,1,1,les dijo,BnF_266_07,bnf_266,Paco,Cambios,Otros,2,Cambios — Otros,False,les dijo
478,GPT OSS 120B · 8 000 TPM,licz.,2,1,1,1,Licz.,AGN_Mercedes_v003_exp520,agn_mercedes,Alba,Abreviaturas,Expansión completa,2,Abreviaturas — Expansión completa,False,licz.
479,GPT OSS 120B · 8 000 TPM,lizdo,2,1,1,1,lizdo,AGN_RealesCedDup_v030_exp874,agn_realesceddup,Alba,Abreviaturas,Expansión completa,2,Abreviaturas — Expansión completa,False,lizdo
480,Llama 3.3 70B · 12 000 TPM,los indios,2,1,1,1,los indios,BnF_264_12,bnf_264,Edna,Cambios,Deleción,2,Cambios — Deleción,False,los indios
481,GPT OSS 120B · 8 000 TPM,"martín, el",2,1,1,1,"Martín, el",AGN_RealesCedDup_v030_exp874,agn_realesceddup,Alba,Abreviaturas,"Excepciones (desto/a/os, dello/a/os)",2,"Abreviaturas — Excepciones (desto/a/os, dello/a/os) | Cambios — Deleción",False,"martín, el"
482,Llama 3.3 70B · 12 000 TPM,maría,2,1,1,1,María,BnF_174_04,bnf_174,Paloma,Cambios,Deleción,2,Cambios — Deleción,False,maría
483,GPT OSS 120B · 8 000 TPM,mañana,2,1,1,1,mañana,AGN_RealesCedDup_v030_exp874,agn_realesceddup,Alba,Abreviaturas,"Excepciones (desto/a/os, dello/a/os)",2,"Abreviaturas — Excepciones (desto/a/os, dello/a/os)",False,mañana
484,Llama 3.3 70B · 12 000 TPM,medanos,2,1,1,1,Medanos | medanos,BnF_266_03,bnf_266,Rodrigo,Acentuación,No sub-rule assigned,2,Acentuación — No sub-rule assigned,False,medanos
485,GPT OSS 120B · 8 000 TPM,melchior,2,1,1,1,melchior,AGN_Tierras_v039-2_exp003_72,agn_tierras,Edna,Cambios,No sub-rule assigned,2,Cambios — No sub-rule assigned,False,melchior
486,Llama 3.3 70B · 12 000 TPM,mercaderias,2,1,1,1,mercaderias,AGI_CONTRATACION_1089_N8_151,agi_contratacion,Paco,Acentuación,No sub-rule assigned,2,Acentuación — No sub-rule assigned,False,mercaderias
487,Llama 3.3 70B · 12 000 TPM,mercaderías,2,1,1,1,mercaderías,BnF_119-148_16,bnf_119-148,Flor,Cambios,Sustitución,2,Cambios — Sustitución | Cambios — Deleción,False,mercaderías
488,GPT OSS 120B · 8 000 TPM,mexor,2,1,1,1,mexor,BNE_ms3047_4,bne_ms3047,Javier,Filológicas - instrucciones,x sibilante → j,2,Filológicas - instrucciones — x sibilante → j,False,mexor
489,Llama 3.3 70B · 12 000 TPM,mil setecientos,2,1,1,1,mil setecientos,UIA_Ms149_Exp2_51,uia_ms149,Arturo,Cambios,Deleción,2,Cambios — Deleción | Cambios — Sustitución | Abreviaturas — Expansión completa,False,mil setecientos
490,GPT OSS 120B · 8 000 TPM,min,2,1,1,1,min,BnF_032_36,bnf_032,Paco,Abreviaturas,Expansión completa,2,Abreviaturas — Expansión completa,False,min
491,Llama 3.3 70B · 12 000 TPM,mino,2,1,1,1,mino,AGN_GralParte_v006_exp617_02,agn_gralparte,Rodrigo,Abreviaturas,Expansión completa,2,Abreviaturas — Expansión completa,False,mino
492,Llama 3.3 70B · 12 000 TPM,minos,2,1,1,1,minos,AGN_GralParte_v006_exp617_02,agn_gralparte,Rodrigo,Abreviaturas,Expansión completa,2,Abreviaturas — Expansión completa,False,minos
493,Llama 3.3 70B · 12 000 TPM,monte rey,2,1,1,1,Monte Rey,AGN_GralParte_v006_exp617_02,agn_gralparte,Rodrigo,Cambios,Sustitución,2,Cambios — Sustitución,False,monte rey
494,GPT OSS 120B · 8 000 TPM,moreno,2,1,1,1,moreno,AGN_GralParte_v006_exp617_01,agn_gralparte,Rodrigo,Cambios,No sub-rule assigned,2,Cambios — No sub-rule assigned | Cambios — Otros,False,moreno
495,Llama 3.3 70B · 12 000 TPM,mozo,2,1,1,1,mozo,AGI_CONTRATACION_1089_N8_176,agi_contratacion,Flor,Abreviaturas,No sub-rule assigned,2,Abreviaturas — No sub-rule assigned | Acentuación — No sub-rule assigned,False,mozo
496,Llama 3.3 70B · 12 000 TPM,mozocoatle,2,1,1,1,Mozocoatle,BnF_032_23,bnf_032,Arturo,Filológicas - instrucciones,No modificar otros idiomas,2,Filológicas - instrucciones — No modificar otros idiomas,False,mozocoatle
497,Llama 3.3 70B · 12 000 TPM,mozocuaotle,2,1,1,1,Mozocuaotle,BnF_032_33,bnf_032,Adriana,Cambios,Sustitución,2,Cambios — Sustitución | Filológicas - instrucciones — No modificar otros idiomas,False,mozocuaotle
498,GPT OSS 120B · 8 000 TPM,mterrey,2,1,1,1,mterrey,AGN_GralParte_v006_exp617_01,agn_gralparte,Rodrigo,Abreviaturas,Expansión completa,2,Abreviaturas — Expansión completa | Cambios — Otros,False,mterrey
499,Llama 3.3 70B · 12 000 TPM,mucho,2,1,1,1,mucho,BnF_266_07,bnf_266,Paco,Cambios,Inserción,1,Cambios — Inserción | Cambios — Sustitución,False,mucho
500,Llama 3.3 70B · 12 000 TPM,murieron,2,1,1,1,murieron,BnF_266_05,bnf_266,Adriana,Cambios,Otros,2,Cambios — Otros | Cambios — Sustitución,False,murieron
501,Llama 3.3 70B · 12 000 TPM,mã,2,1,1,1,mÃ,BnF_266_05,bnf_266,Adriana,Cambios,Otros,2,Cambios — Otros | Cambios — Sustitución,False,mã
502,Llama 3.3 70B · 12 000 TPM,mí,2,1,1,1,mí,BnF_032_39,bnf_032,Paloma,Cambios,Deleción,2,Cambios — Deleción | Cambios — Sustitución,False,mí
503,Llama 3.3 70B · 12 000 TPM,mías,2,1,1,1,mías,AGI_INDIFERENTE_1529_N36_07,agi_indiferente,Rodrigo,Abreviaturas,Expansión completa,2,Abreviaturas — Expansión completa,False,mías
504,Llama 3.3 70B · 12 000 TPM,"nadie, y",2,1,1,1,"nadie, y",BnF_032_23,bnf_032,Arturo,Puntuación,"Coma (,)",2,"Puntuación — Coma (,)",False,"nadie, y"
505,GPT OSS 120B · 8 000 TPM,nalgas,2,1,1,1,nalgas,BnF_111_20,bnf_111,Flor,Cambios,Deleción,1,Cambios — Deleción | Cambios — Sustitución,False,nalgas
506,Llama 3.3 70B · 12 000 TPM,nativos,2,1,1,1,nativos,BnF_264_02,bnf_264,Paloma,Abreviaturas,No sub-rule assigned,2,Abreviaturas — No sub-rule assigned,False,nativos
507,Llama 3.3 70B · 12 000 TPM,natural,2,1,1,1,natural,AGI_CONTRATACION_1089_N8_176,agi_contratacion,Flor,Cambios,Deleción,2,Cambios — Deleción,False,natural
508,GPT OSS 120B · 8 000 TPM,navio,2,1,1,1,navio,AGN_GralParte_v006_exp617_01,agn_gralparte,Rodrigo,Acentuación,No sub-rule assigned,2,Acentuación — No sub-rule assigned,False,navio
509,Llama 3.3 70B · 12 000 TPM,navã­os,2,1,1,1,navÃ­os,BnF_266_05,bnf_266,Adriana,Cambios,Otros,2,Cambios — Otros | Cambios — Sustitución,False,navã­os
510,Llama 3.3 70B · 12 000 TPM,nesahualcóyotl,2,1,1,1,Nesahualcóyotl,BnF_243_18,bnf_243,Adriana,Filológicas - instrucciones,No modificar otros idiomas,2,Filológicas - instrucciones — No modificar otros idiomas,False,nesahualcóyotl
511,Llama 3.3 70B · 12 000 TPM,no.,2,1,1,1,no. | No.,AGI_CONTRATACION_1089_N8_151,agi_contratacion,Paco,Abreviaturas,Expansión completa,2,Abreviaturas — Expansión completa,False,no.
512,Llama 3.3 70B · 12 000 TPM,nonigo,2,1,1,1,nonigo,AGN_Inquisicion_v1568A_exp152_fs115-116v_03,agn_inquisicion,Javier,Abreviaturas,Expansión completa,2,Abreviaturas — Expansión completa,False,nonigo
513,Llama 3.3 70B · 12 000 TPM,nos,2,1,1,1,nos,BnF_266_10,bnf_266,Flor,Cambios,Deleción,1,Cambios — Deleción | Cambios — Sustitución,False,nos
514,Llama 3.3 70B · 12 000 TPM,nulo,2,1,1,1,nulo,BnF_117_03,bnf_117,Arturo,Cambios,Sustitución,2,Cambios — Sustitución,False,nulo
515,Llama 3.3 70B · 12 000 TPM,ocelotl,2,1,1,1,Ocelotl,BnF_032_33,bnf_032,Adriana,Cambios,Sustitución,2,Cambios — Sustitución | Filológicas - instrucciones — No modificar otros idiomas,False,ocelotl
516,GPT OSS 120B · 8 000 TPM,ofs,2,1,1,1,ofs,AGN_RealesCedDup_v030_exp874,agn_realesceddup,Alba,Abreviaturas,No sub-rule assigned,2,Abreviaturas — No sub-rule assigned,False,ofs
517,Llama 3.3 70B · 12 000 TPM,oposición,2,1,1,1,oposición,AGN_HospJesus_c474_leg267-2_exp024_7473-7537_10,agn_hospjesus,Arturo,Cambios,Sustitución,2,Cambios — Sustitución,False,oposición
518,GPT OSS 120B · 8 000 TPM,original,2,1,1,1,original,BnF_104_2,bnf_104,Paco,Cambios,Sustitución,2,Cambios — Sustitución,False,original
519,Llama 3.3 70B · 12 000 TPM,oy,2,1,1,1,oy | Oy,BnF_243_16,bnf_243,Rodrigo,Filológicas - instrucciones,Regularización de H etimológica,2,Filológicas - instrucciones — Regularización de H etimológica,False,oy
520,Llama 3.3 70B · 12 000 TPM,patrono,2,1,1,1,patrono,BnF_283_05,bnf_283,Alba,Cambios,Inserción,2,Cambios — Inserción,False,patrono
521,Llama 3.3 70B · 12 000 TPM,perez,2,1,1,1,perez,AGI_CONTRATACION_1089_N8_151,agi_contratacion,Paco,Acentuación,No sub-rule assigned,2,Acentuación — No sub-rule assigned,False,perez
522,Llama 3.3 70B · 12 000 TPM,pertenecen,2,1,1,1,pertenecen,BnF_112_08,bnf_112,Paloma,Cambios,Sustitución,2,Cambios — Sustitución,False,pertenecen
523,GPT OSS 120B · 8 000 TPM,podais,2,1,1,1,podais,AGN_Mercedes_v003_exp520,agn_mercedes,Alba,Acentuación,No sub-rule assigned,2,Acentuación — No sub-rule assigned,False,podais
524,Llama 3.3 70B · 12 000 TPM,predicador de,2,1,1,1,predicador de,Mechoacan_Yurirapundaro_1,mechoacan_yurirapundaro,Adriana,Cambios,Inserción,2,Cambios — Inserción,False,predicador de
525,GPT OSS 120B · 8 000 TPM,proceso,2,1,1,1,Proceso | proceso,BnF_112_02,bnf_112,Arturo,Puntuación,No sub-rule assigned,2,Puntuación — No sub-rule assigned,False,proceso
526,Llama 3.3 70B · 12 000 TPM,prometiã³,2,1,1,1,prometiÃ³,BnF_266_05,bnf_266,Adriana,Cambios,Otros,2,Cambios — Otros | Cambios — Sustitución,False,prometiã³
527,GPT OSS 120B · 8 000 TPM,pronuncio,2,1,1,1,pronuncio,BnF_032_36,bnf_032,Paco,Acentuación,No sub-rule assigned,2,Acentuación — No sub-rule assigned,False,pronuncio
528,Llama 3.3 70B · 12 000 TPM,prova.,2,1,1,1,Prova.,BnF_174_03,bnf_174,Arturo,Abreviaturas,Expansión completa,2,Abreviaturas — Expansión completa,False,prova.
529,Llama 3.3 70B · 12 000 TPM,provincia.,2,1,1,1,Provincia.,BnF_174_02,bnf_174,Javier,Puntuación,"Coma (,)",1,"Puntuación — Coma (,) | Puntuación — Punto (.)",False,provincia.
530,GPT OSS 120B · 8 000 TPM,provisto,2,1,1,1,provisto,AGN_Indios_v002_exp835,agn_indios,Paloma,Cambios,Sustitución,2,Cambios — Sustitución,False,provisto
531,GPT OSS 120B · 8 000 TPM,psona,2,1,1,1,psona,BnF_032_36,bnf_032,Paco,Abreviaturas,Expansión completa,2,Abreviaturas — Expansión completa,False,psona
532,GPT OSS 120B · 8 000 TPM,puso,2,1,1,1,puso,BnF_113_04,bnf_113,Paco,Abreviaturas,Expansión completa,2,Abreviaturas — Expansión completa | Cambios — Inserción,False,puso
533,Llama 3.3 70B · 12 000 TPM,pã³lvora,2,1,1,1,pÃ³lvora,BnF_266_05,bnf_266,Adriana,Cambios,Otros,2,Cambios — Otros | Cambios — Sustitución,False,pã³lvora
534,Llama 3.3 70B · 12 000 TPM,q,2,1,1,1,q,AGI_CONTRATACION_1089_N8_151,agi_contratacion,Paco,Abreviaturas,Expansión completa,2,Abreviaturas — Expansión completa,False,q
535,GPT OSS 120B · 8 000 TPM,q l,2,1,1,1,q l,BnF_032_36,bnf_032,Paco,Abreviaturas,Expansión completa,2,Abreviaturas — Expansión completa,False,q l
536,GPT OSS 120B · 8 000 TPM,qn,2,1,1,1,qn,AGN_RealesCedDup_v050_exp062,agn_realesceddup,Paloma,Abreviaturas,Expansión completa,2,Abreviaturas — Expansión completa,False,qn
537,Llama 3.3 70B · 12 000 TPM,que el,2,1,1,1,que el,BnF_119-148_33,bnf_119-148,Paloma,Cambios,Inserción,2,Cambios — Inserción,False,que el
538,GPT OSS 120B · 8 000 TPM,quien,2,1,1,1,quien,AMP_AC_v021__doc026_1,amp_ac,Rodrigo,Cambios,Inserción,2,Cambios — Inserción | Cambios — Sustitución,False,quien
539,GPT OSS 120B · 8 000 TPM,quytar,2,1,1,1,quytar,BnF_111_20,bnf_111,Flor,Abreviaturas,Expansión completa,1,Abreviaturas — Expansión completa | Filológicas - instrucciones — Regularización de i/y vocálicas,False,quytar
540,GPT OSS 120B · 8 000 TPM,r.,2,1,1,1,R.,AGN_Indios_v019_exp354_2,agn_indios,Alba,Abreviaturas,Expansión completa,2,Abreviaturas — Expansión completa,False,r.
541,Llama 3.3 70B · 12 000 TPM,rego,2,1,1,1,rego,AGI_CONTRATACION_1089_N8_151,agi_contratacion,Paco,Abreviaturas,Expansión completa,2,Abreviaturas — Expansión completa,False,rego
542,GPT OSS 120B · 8 000 TPM,repuca,2,1,1,1,Repuca,AGN_Indios_v019_exp354_2,agn_indios,Alba,Abreviaturas,Expansión completa,2,Abreviaturas — Expansión completa,False,repuca
543,GPT OSS 120B · 8 000 TPM,res,2,1,1,1,res,AGN_GralParte_v006_exp617_01,agn_gralparte,Rodrigo,Abreviaturas,Expansión completa,2,Abreviaturas — Expansión completa,False,res
544,GPT OSS 120B · 8 000 TPM,ro,2,1,1,1,ro,BnF_113_04,bnf_113,Paco,Abreviaturas,Expansión completa,2,Abreviaturas — Expansión completa | Cambios — Deleción,False,ro
545,GPT OSS 120B · 8 000 TPM,rta,2,1,1,1,Rta,AGN_AHHacienda_v268_exp046_01,agn_ahhacienda,Adriana,Abreviaturas,Expansión completa,2,Abreviaturas — Expansión completa,False,rta
546,Llama 3.3 70B · 12 000 TPM,santa ana,2,1,1,1,santa ana,AGI_INDIFERENTE_1529_N36_07,agi_indiferente,Rodrigo,Cambios,Otros,2,Cambios — Otros,False,santa ana
547,Llama 3.3 70B · 12 000 TPM,sardierna,2,1,1,1,Sardierna,AGN_AHHacienda_v268_exp046_02,agn_ahhacienda,Paloma,Cambios,Sustitución,2,Cambios — Sustitución,False,sardierna
548,Llama 3.3 70B · 12 000 TPM,se,2,1,1,1,se,BnF_266_03,bnf_266,Rodrigo,Acentuación,No sub-rule assigned,2,Acentuación — No sub-rule assigned,False,se
549,GPT OSS 120B · 8 000 TPM,septie,2,1,1,1,septie,AGN_GralParte_v006_exp617_01,agn_gralparte,Rodrigo,Abreviaturas,Expansión completa,2,Abreviaturas — Expansión completa,False,septie
550,Llama 3.3 70B · 12 000 TPM,serro,2,1,1,1,serro,UIA_Ms149_Exp3_31,uia_ms149,Alba,Filológicas - mecánicas,Regularización de sibilantes,2,Filológicas - mecánicas — Regularización de sibilantes,False,serro
551,Llama 3.3 70B · 12 000 TPM,seã±or,2,1,1,1,seÃ±or,BnF_266_05,bnf_266,Adriana,Cambios,Otros,2,Cambios — Otros | Cambios — Sustitución,False,seã±or
552,Llama 3.3 70B · 12 000 TPM,"señora,",2,1,1,1,"señora,",BnF_118_08,bnf_118,Arturo,Puntuación,"Coma (,)",2,"Puntuación — Coma (,)",False,"señora,"
553,GPT OSS 120B · 8 000 TPM,siguiente,2,1,1,1,siguiente,AGN_Indios_v002_exp835,agn_indios,Paloma,Cambios,Sustitución,2,Cambios — Sustitución | Abreviaturas — Expansión completa,False,siguiente
554,GPT OSS 120B · 8 000 TPM,suares,2,1,1,1,SuareS,AGN_RealesCedDup_v030_exp874,agn_realesceddup,Alba,Acentuación,No sub-rule assigned,2,Acentuación — No sub-rule assigned | Filológicas - mecánicas — Regularización de sibilantes,False,suares
555,Llama 3.3 70B · 12 000 TPM,sujeto a la dicha cámara,2,1,1,1,sujeto a la dicha cámara,BnF_113_43,bnf_113,Paloma,Cambios,Sustitución,2,Cambios — Sustitución,False,sujeto a la dicha cámara
556,Llama 3.3 70B · 12 000 TPM,temporal,2,1,1,1,Temporal,AGN_RealesCedDup_v003_exp334,agn_realesceddup,Alba,Cambios,Inserción,2,Cambios — Inserción,False,temporal
557,GPT OSS 120B · 8 000 TPM,tepoztlan,2,1,1,1,tepoztlan,AGN_Indios_v009_exp003_fs4v-5_01,agn_indios,Arturo,Cambios,Deleción,2,Cambios — Deleción,False,tepoztlan
558,GPT OSS 120B · 8 000 TPM,tomenes,2,1,1,1,tomenes,BnF_030_20,bnf_030,Paloma,Cambios,Sustitución,2,Cambios — Sustitución,False,tomenes
559,Llama 3.3 70B · 12 000 TPM,trajesen,2,1,1,1,trajesen,BnF_266_06,bnf_266,Adriana,Cambios,Sustitución,2,Cambios — Sustitución,False,trajesen
560,GPT OSS 120B · 8 000 TPM,turcios,2,1,1,1,turcios,AGN_Mercedes_v003_exp520,agn_mercedes,Alba,Cambios,Deleción,2,Cambios — Deleción,False,turcios
561,GPT OSS 120B · 8 000 TPM,tuspa,2,1,1,1,tuspa,AGN_GralParte_v006_exp617_01,agn_gralparte,Rodrigo,Cambios,Otros,2,Cambios — Otros,False,tuspa
562,GPT OSS 120B · 8 000 TPM,un,2,1,1,1,Un,BNE_ms3047_1,bne_ms3047,Rodrigo,Cambios,Otros,2,Cambios — Otros,False,un
563,Llama 3.3 70B · 12 000 TPM,v.m.,2,1,1,1,V.M.,BnF_110_13,bnf_110,Adriana,Abreviaturas,Expansión completa,2,Abreviaturas — Expansión completa,False,v.m.
564,Llama 3.3 70B · 12 000 TPM,vala,2,1,1,1,vaLa,AGN_Inquisicion_v1568A_exp152_fs115-116v_03,agn_inquisicion,Javier,Abreviaturas,Expansión completa,2,Abreviaturas — Expansión completa,False,vala
565,GPT OSS 120B · 8 000 TPM,vara,2,1,1,1,vara,AGI_PATRONATO_182_R3_04,agi_patronato,Paco,Abreviaturas,Expansión completa,2,Abreviaturas — Expansión completa | Cambios — Sustitución,False,vara
566,Llama 3.3 70B · 12 000 TPM,varco,2,1,1,1,Varco,BnF_266_03,bnf_266,Rodrigo,Filológicas - instrucciones,Regularización de labiales (b/v),2,Filológicas - instrucciones — Regularización de labiales (b/v),False,varco
567,Llama 3.3 70B · 12 000 TPM,"verdad, y",2,1,1,1,"verdad, y",BnF_032_23,bnf_032,Arturo,Puntuación,"Coma (,)",2,"Puntuación — Coma (,)",False,"verdad, y"
568,Llama 3.3 70B · 12 000 TPM,vestias,2,1,1,1,vestias,AGI_INDIFERENTE_1529_N8_06,agi_indiferente,Rodrigo,Filológicas - instrucciones,Regularización de labiales (b/v),2,Filológicas - instrucciones — Regularización de labiales (b/v),False,vestias
569,GPT OSS 120B · 8 000 TPM,virrey pedro,2,1,1,1,virrey Pedro,AGN_GralParte_v006_exp617_01,agn_gralparte,Rodrigo,Puntuación,"Coma (,)",2,"Puntuación — Coma (,)",False,virrey pedro
570,GPT OSS 120B · 8 000 TPM,visorei,2,1,1,1,visoRei,AGN_Mercedes_v003_exp520,agn_mercedes,Alba,Filológicas - instrucciones,Regularización de i/y vocálicas,2,Filológicas - instrucciones — Regularización de i/y vocálicas | Filológicas - mecánicas — Regularización de vibrantes,False,visorei
571,Llama 3.3 70B · 12 000 TPM,vm.,2,1,1,1,Vm.,utblac_eog_v_41_orig_03,utblac_eog,Flor,Abreviaturas,Expansión completa,2,Abreviaturas — Expansión completa,False,vm.
572,GPT OSS 120B · 8 000 TPM,y la,2,1,1,1,y la,AGN_Indios_v002_exp835,agn_indios,Paloma,Cambios,Sustitución,2,Cambios — Sustitución,False,y la
573,Llama 3.3 70B · 12 000 TPM,ynsos,2,1,1,1,ynsos,AGN_GralParte_v006_exp617_02,agn_gralparte,Rodrigo,Cambios,Deleción,2,Cambios — Deleción,False,ynsos
574,Llama 3.3 70B · 12 000 TPM,ynterprete,2,1,1,1,ynterprete,BnF_104_3,bnf_104,Alba,Acentuación,No sub-rule assigned,2,Acentuación — No sub-rule assigned | Filológicas - instrucciones — Regularización de i/y vocálicas,False,ynterprete
575,GPT OSS 120B · 8 000 TPM,zamora,2,1,1,1,zamora,AGN_GralParte_v006_exp617_01,agn_gralparte,Rodrigo,Cambios,Otros,2,Cambios — Otros,False,zamora
576,GPT OSS 120B · 8 000 TPM,zapotlan,2,1,1,1,zapotlan,AGN_GralParte_v006_exp617_01,agn_gralparte,Rodrigo,Cambios,Otros,2,Cambios — Otros,False,zapotlan
577,Llama 3.3 70B · 12 000 TPM,"""aquí está la plata""",1,1,1,1,"""Aquí está la plata""",BnF_266_07,bnf_266,Paco,Cambios,Inserción,1,Cambios — Inserción,False,"""aquí está la plata"""
578,Llama 3.3 70B · 12 000 TPM,"""plata""",1,1,1,1,"""plata""",BnF_266_07,bnf_266,Paco,Cambios,Inserción,1,Cambios — Inserción,False,"""plata"""
579,Llama 3.3 70B · 12 000 TPM,"""toca a degollar, luego, al punto""",1,1,1,1,"""Toca a degollar, luego, al punto""",BnF_266_07,bnf_266,Paco,Cambios,Inserción,1,Cambios — Inserción,False,"""toca a degollar, luego, al punto"""
580,GPT OSS 120B · 8 000 TPM,.6.,1,1,1,1,.6.,BNE_ms3047_1,bne_ms3047,Rodrigo,Puntuación,No sub-rule assigned,1,Puntuación — No sub-rule assigned,False,.6.
581,GPT OSS 120B · 8 000 TPM,.v. sa.,1,1,1,1,.v. sa.,BnF_112_25,bnf_112,Paco,Abreviaturas,Expansión completa,1,Abreviaturas — Expansión completa,False,.v. sa.
582,GPT OSS 120B · 8 000 TPM,/ y,1,1,1,1,/ y,BnF_112_23,bnf_112,Edna,Acentuación,No sub-rule assigned,1,Acentuación — No sub-rule assigned,False,/ y
583,Llama 3.3 70B · 12 000 TPM,1585. estos,1,1,1,1,1585. Estos,BnF_116_08,bnf_116,Adriana,Cambios,Deleción,1,Cambios — Deleción,False,1585. estos
584,Llama 3.3 70B · 12 000 TPM,1598. los,1,1,1,1,1598. Los,BnF_243_18,bnf_243,Adriana,Cambios,Deleción,1,Cambios — Deleción,False,1598. los
585,Llama 3.3 70B · 12 000 TPM,1698.,1,1,1,1,1698.,BnF_174_04,bnf_174,Paloma,Cambios,Deleción,1,Cambios — Deleción,False,1698.
586,Llama 3.3 70B · 12 000 TPM,17,1,1,1,1,17,BnF_119-148_24,bnf_119-148,Adriana,Cambios,Sustitución,1,Cambios — Sustitución,False,17
587,Llama 3.3 70B · 12 000 TPM,3,1,1,1,1,3,BnF_116_08,bnf_116,Adriana,Cambios,Sustitución,1,Cambios — Sustitución,False,3
588,GPT OSS 120B · 8 000 TPM,350.,1,1,1,1,350.,BNE_ms3047_1,bne_ms3047,Rodrigo,Puntuación,No sub-rule assigned,1,Puntuación — No sub-rule assigned,False,350.
589,Llama 3.3 70B · 12 000 TPM,40,1,1,1,1,40,BnF_174_03,bnf_174,Arturo,Cambios,Sustitución,1,Cambios — Sustitución,False,40
590,GPT OSS 120B · 8 000 TPM,56@,1,1,1,1,56@,BNE_ms3047_1,bne_ms3047,Rodrigo,Filológicas - mecánicas,Regularización de sibilantes,1,Filológicas - mecánicas — Regularización de sibilantes,False,56@
591,Llama 3.3 70B · 12 000 TPM,60,1,1,1,1,60,Mechoacan_Yurirapundaro_1,mechoacan_yurirapundaro,Adriana,Cambios,Sustitución,1,Cambios — Sustitución,False,60
592,Llama 3.3 70B · 12 000 TPM,694.,1,1,1,1,694.,BnF_174_03,bnf_174,Arturo,Puntuación,Punto (.),1,Puntuación — Punto (.),False,694.
593,Llama 3.3 70B · 12 000 TPM,97.,1,1,1,1,97.,BnF_174_03,bnf_174,Arturo,Puntuación,Punto (.),1,Puntuación — Punto (.),False,97.
594,Llama 3.3 70B · 12 000 TPM,98. desde,1,1,1,1,98. desde,BnF_174_03,bnf_174,Arturo,Puntuación,Punto (.),1,Puntuación — Punto (.),False,98. desde
595,GPT OSS 120B · 8 000 TPM,a / había abrirá,1,1,1,1,a / había abrirá,BnF_075_014,bnf_075,Alba,Cambios,No sub-rule assigned,1,Cambios — No sub-rule assigned | Filológicas - instrucciones — Regularización de H etimológica,False,a / había abrirá
596,Llama 3.3 70B · 12 000 TPM,a cuatro pueblos dichos,1,1,1,1,a cuatro pueblos dichos,Mechoacan_Yurirapundaro_1,mechoacan_yurirapundaro,Adriana,Cambios,Sustitución,1,Cambios — Sustitución,False,a cuatro pueblos dichos
597,Llama 3.3 70B · 12 000 TPM,a de estar,1,1,1,1,a de estar,BnF_111_27,bnf_111,Alba,Filológicas - instrucciones,Regularización de labiales (b/v),1,Filológicas - instrucciones — Regularización de labiales (b/v),False,a de estar
598,Llama 3.3 70B · 12 000 TPM,a de traer,1,1,1,1,a de traer,BnF_111_27,bnf_111,Alba,Filológicas - instrucciones,Regularización de labiales (b/v),1,Filológicas - instrucciones — Regularización de labiales (b/v),False,a de traer
599,GPT OSS 120B · 8 000 TPM,a la,1,1,1,1,A la,BnF_116_02,bnf_116,Paco,Abreviaturas,Expansión completa,1,Abreviaturas — Expansión completa | Cambios — Deleción,False,a la
600,Llama 3.3 70B · 12 000 TPM,a la,1,1,1,1,a la,utblac_gg_mss_g62_duplicated_09,utblac_gg,Flor,Cambios,Inserción,1,Cambios — Inserción,False,a la
601,Llama 3.3 70B · 12 000 TPM,a las,1,1,1,1,a las,BnF_264_12,bnf_264,Edna,Cambios,Deleción,1,Cambios — Deleción,False,a las
602,Llama 3.3 70B · 12 000 TPM,a llevado,1,1,1,1,A llevado,BnF_110_29,bnf_110,Paloma,Filológicas - instrucciones,Regularización de H etimológica,1,Filológicas - instrucciones — Regularización de H etimológica,False,a llevado
603,Llama 3.3 70B · 12 000 TPM,a mis,1,1,1,1,a mis,BnF_243_16,bnf_243,Rodrigo,Cambios,Deleción,1,Cambios — Deleción,False,a mis
604,GPT OSS 120B · 8 000 TPM,a proveydo,1,1,1,1,a Proveydo,AGN_RealesCedDup_v050_exp062,agn_realesceddup,Paloma,Filológicas - instrucciones,Regularización de H etimológica,1,Filológicas - instrucciones — Regularización de H etimológica | Filológicas - instrucciones — Regularización de i/y vocálicas,False,a proveydo
605,GPT OSS 120B · 8 000 TPM,a señor,1,1,1,1,a señor,AMP_AC_v021__doc026_1,amp_ac,Rodrigo,Cambios,Deleción,1,Cambios — Deleción,False,a señor
606,GPT OSS 120B · 8 000 TPM,a siendo,1,1,1,1,a siendo,BnF_116_02,bnf_116,Paco,Cambios,Otros,1,Cambios — Otros,False,a siendo
607,Llama 3.3 70B · 12 000 TPM,a v.,1,1,1,1,A V.,BnF_110_29,bnf_110,Paloma,Abreviaturas,Expansión completa,1,Abreviaturas — Expansión completa,False,a v.
608,Llama 3.3 70B · 12 000 TPM,a v. ala.,1,1,1,1,A V. ala.,BnF_110_33,bnf_110,Alba,Abreviaturas,No sub-rule assigned,1,Abreviaturas — No sub-rule assigned,False,a v. ala.
609,Llama 3.3 70B · 12 000 TPM,a v. e.,1,1,1,1,A V. E.,AGN_IndiferenteVirreinal_caja4156_exp025,agn_indiferentevirreinal,Javier,Abreviaturas,Expansión completa,1,Abreviaturas — Expansión completa,False,a v. e.
610,Llama 3.3 70B · 12 000 TPM,a v.a. que,1,1,1,1,a V.A. que,BnF_117_03,bnf_117,Arturo,Abreviaturas,Expansión completa,1,Abreviaturas — Expansión completa | Cambios — Sustitución,False,a v.a. que
611,Llama 3.3 70B · 12 000 TPM,a ver,1,1,1,1,a ver,utblac_gg_mss_g62_duplicated_09,utblac_gg,Flor,Cambios,Deleción,1,Cambios — Deleción,False,a ver
612,Llama 3.3 70B · 12 000 TPM,abajo,1,1,1,1,abajo,utblac_wbs_0912a_duplicated,utblac_wbs,Arturo,Cambios,Sustitución,1,Cambios — Sustitución,False,abajo
613,Llama 3.3 70B · 12 000 TPM,abaxo,1,1,1,1,abaxo,AGI_CONTRATACION_1089_N8_151,agi_contratacion,Paco,Filológicas - instrucciones,No sub-rule assigned,1,Filológicas - instrucciones — No sub-rule assigned,False,abaxo
614,Llama 3.3 70B · 12 000 TPM,aberias,1,1,1,1,aberias,AGI_CONTRATACION_1089_N8_151,agi_contratacion,Paco,Filológicas - mecánicas,No sub-rule assigned,1,Filológicas - mecánicas — No sub-rule assigned,False,aberias
615,GPT OSS 120B · 8 000 TPM,aberles,1,1,1,1,aberles,BnF_113_22,bnf_113,Paloma,Filológicas - instrucciones,Regularización de H etimológica,1,Filológicas - instrucciones — Regularización de H etimológica,False,aberles
616,GPT OSS 120B · 8 000 TPM,abiendo,1,1,1,1,abiendo,BnF_111_20,bnf_111,Flor,Filológicas - instrucciones,Regularización de H etimológica,1,Filológicas - instrucciones — Regularización de H etimológica,False,abiendo
617,Llama 3.3 70B · 12 000 TPM,abito,1,1,1,1,abito,utblac_JGI_XXV-05_Tequixquiac_25,utblac_jgi,Edna,Filológicas - instrucciones,Regularización de H etimológica,1,Filológicas - instrucciones — Regularización de H etimológica,False,abito
618,Llama 3.3 70B · 12 000 TPM,abra,1,1,1,1,abra,Mechoacan_Yurirapundaro_2,mechoacan_yurirapundaro,Arturo,Acentuación,No sub-rule assigned,1,Acentuación — No sub-rule assigned | Filológicas - instrucciones — Regularización de H etimológica,False,abra
619,Llama 3.3 70B · 12 000 TPM,abril echaron,1,1,1,1,abril echaron,BnF_116_06,bnf_116,Edna,Puntuación,"Coma (,)",1,"Puntuación — Coma (,)",False,abril echaron
620,Llama 3.3 70B · 12 000 TPM,"abril, nezahualcoyotl",1,1,1,1,"abril, Nezahualcoyotl",BnF_243_16,bnf_243,Rodrigo,Puntuación,Punto (.),1,Puntuación — Punto (.),False,"abril, nezahualcoyotl"
621,Llama 3.3 70B · 12 000 TPM,abuelo,1,1,1,1,abuelo,BnF_118_08,bnf_118,Arturo,Cambios,Sustitución,1,Cambios — Sustitución,False,abuelo
622,GPT OSS 120B · 8 000 TPM,abuelos,1,1,1,1,abuelos,BnF_030_21,bnf_030,Edna,Cambios,Sustitución,1,Cambios — Sustitución,False,abuelos
623,GPT OSS 120B · 8 000 TPM,acapco,1,1,1,1,acapco,AGN_RealesCedDup_v030_exp874,agn_realesceddup,Alba,Abreviaturas,No sub-rule assigned,1,Abreviaturas — No sub-rule assigned,False,acapco
624,Llama 3.3 70B · 12 000 TPM,acción,1,1,1,1,acción,BnF_266_07,bnf_266,Paco,Cambios,Inserción,1,Cambios — Inserción,False,acción
625,Llama 3.3 70B · 12 000 TPM,acevedo conde,1,1,1,1,Acevedo Conde,BnF_243_17,bnf_243,Edna,Puntuación,"Coma (,)",1,"Puntuación — Coma (,)",False,acevedo conde
626,GPT OSS 120B · 8 000 TPM,acredores,1,1,1,1,acredores,AGN_GralParte_v006_exp617_01,agn_gralparte,Rodrigo,Cambios,Otros,1,Cambios — Otros,False,acredores
627,Llama 3.3 70B · 12 000 TPM,actualmente,1,1,1,1,actualmente,Mechoacan_Yurirapundaro_1,mechoacan_yurirapundaro,Adriana,Cambios,Sustitución,1,Cambios — Sustitución,False,actualmente
628,GPT OSS 120B · 8 000 TPM,ad,1,1,1,1,ad,AGN_GralParte_v006_exp617_01,agn_gralparte,Rodrigo,Acentuación,No sub-rule assigned,1,Acentuación — No sub-rule assigned | Cambios — Otros,False,ad
629,GPT OSS 120B · 8 000 TPM,administador,1,1,1,1,administador,AGN_GralParte_v006_exp617_01,agn_gralparte,Rodrigo,Puntuación,"Coma (,)",1,"Puntuación — Coma (,)",False,administador
630,GPT OSS 120B · 8 000 TPM,adonde,1,1,1,1,adonde,BnF_111_20,bnf_111,Flor,Cambios,Deleción,1,Cambios — Deleción,False,adonde
631,GPT OSS 120B · 8 000 TPM,adqrida,1,1,1,1,adqrida,AGN_Mercedes_v003_exp520,agn_mercedes,Alba,Filológicas - mecánicas,Adecuación de grafía labiovelar,1,Filológicas - mecánicas — Adecuación de grafía labiovelar,False,adqrida
632,Llama 3.3 70B · 12 000 TPM,"adán,",1,1,1,1,"Adán,",BnF_174_04,bnf_174,Paloma,Cambios,Deleción,1,Cambios — Deleción,False,"adán,"
633,Llama 3.3 70B · 12 000 TPM,"afabilidad, y",1,1,1,1,"afabilidad, y",BnF_174_03,bnf_174,Arturo,Puntuación,"Coma (,)",1,"Puntuación — Coma (,)",False,"afabilidad, y"
634,Llama 3.3 70B · 12 000 TPM,afirmo,1,1,1,1,afirmo,BnF_113_25,bnf_113,Flor,Acentuación,No sub-rule assigned,1,Acentuación — No sub-rule assigned,False,afirmo
635,Llama 3.3 70B · 12 000 TPM,agarrã¡ndose,1,1,1,1,agarrÃ¡ndose,BnF_266_05,bnf_266,Adriana,Cambios,Otros,1,Cambios — Otros | Cambios — Sustitución,False,agarrã¡ndose
636,Llama 3.3 70B · 12 000 TPM,"agazajo, con",1,1,1,1,"agazajo, con",BnF_174_03,bnf_174,Arturo,Filológicas - mecánicas,Regularización de sibilantes,1,"Filológicas - mecánicas — Regularización de sibilantes | Puntuación — Coma (,)",False,"agazajo, con"
637,Llama 3.3 70B · 12 000 TPM,agente,1,1,1,1,Agente,AGN_HospJesus_c205_exp041_04,agn_hospjesus,Flor,Cambios,Otros,1,Cambios — Otros,False,agente
638,GPT OSS 120B · 8 000 TPM,agora,1,1,1,1,agora,BnF_112_23,bnf_112,Edna,Filológicas - instrucciones,Regularización de H etimológica,1,Filológicas - instrucciones — Regularización de H etimológica,False,agora
639,GPT OSS 120B · 8 000 TPM,agua,1,1,1,1,agua,AGI_GUADALAJARA_230_L2_F_45V-46V_1,agi_guadalajara,Edna,Cambios,No sub-rule assigned,1,Cambios — No sub-rule assigned,False,agua
640,Llama 3.3 70B · 12 000 TPM,agua;,1,1,1,1,agua;,BnF_174_06,bnf_174,Javier,Puntuación,"Coma (,)",1,"Puntuación — Coma (,)",False,agua;
641,Llama 3.3 70B · 12 000 TPM,"aguajes, que",1,1,1,1,"aguajes, que",BnF_174_03,bnf_174,Arturo,Puntuación,"Coma (,)",1,"Puntuación — Coma (,)",False,"aguajes, que"
642,Llama 3.3 70B · 12 000 TPM,"aguardados, que",1,1,1,1,"aguardados, que",BnF_174_03,bnf_174,Arturo,Puntuación,"Coma (,)",1,"Puntuación — Coma (,)",False,"aguardados, que"
643,GPT OSS 120B · 8 000 TPM,aguero,1,1,1,1,aguero,BnF_112_02,bnf_112,Arturo,Filológicas - mecánicas,Regularización de la diéresis,1,Filológicas - mecánicas — Regularización de la diéresis,False,aguero
644,Llama 3.3 70B · 12 000 TPM,aguilar,1,1,1,1,Aguilar,BnF_117_13,bnf_117,Paco,Cambios,Sustitución,1,Cambios — Sustitución,False,aguilar
645,Llama 3.3 70B · 12 000 TPM,agustín,1,1,1,1,Agustín,AGN_HospJesus_c474_leg267-2_exp024_7473-7537_10,agn_hospjesus,Arturo,Cambios,Deleción,1,Cambios — Deleción,False,agustín
646,GPT OSS 120B · 8 000 TPM,ahora,1,1,1,1,ahora,BnF_112_02,bnf_112,Arturo,Cambios,Sustitución,1,Cambios — Sustitución,False,ahora
647,Llama 3.3 70B · 12 000 TPM,ahí. en,1,1,1,1,ahí. En,Mechoacan_Yurirapundaro_1,mechoacan_yurirapundaro,Adriana,Puntuación,"Coma (,)",1,"Puntuación — Coma (,)",False,ahí. en
648,Llama 3.3 70B · 12 000 TPM,ai,1,1,1,1,ai,BnF_264_12,bnf_264,Edna,Cambios,Deleción,1,Cambios — Deleción | Filológicas - instrucciones — Regularización de H etimológica | Filológicas - instrucciones — Regularización de i/y vocálicas,False,ai
649,GPT OSS 120B · 8 000 TPM,ais,1,1,1,1,ais,AGN_Mercedes_v003_exp520,agn_mercedes,Alba,Acentuación,No sub-rule assigned,1,Acentuación — No sub-rule assigned,False,ais
650,Llama 3.3 70B · 12 000 TPM,aislar,1,1,1,1,aislar,BnF_119-148_33,bnf_119-148,Paloma,Cambios,Inserción,1,Cambios — Inserción,False,aislar
651,GPT OSS 120B · 8 000 TPM,al ser,1,1,1,1,al ser,BnF_116_02,bnf_116,Paco,Cambios,Inserción,1,Cambios — Inserción | Cambios — Sustitución,False,al ser
652,GPT OSS 120B · 8 000 TPM,albanes,1,1,1,1,albanes,BnF_030_21,bnf_030,Edna,Cambios,Sustitución,1,Cambios — Sustitución,False,albanes
653,GPT OSS 120B · 8 000 TPM,albaniles,1,1,1,1,albaniles,BnF_030_21,bnf_030,Edna,Filológicas - instrucciones,No sub-rule assigned,1,Filológicas - instrucciones — No sub-rule assigned,False,albaniles
654,Llama 3.3 70B · 12 000 TPM,alcalde de,1,1,1,1,alcalde de,utblac_gg_mss_g62_duplicated_09,utblac_gg,Flor,Cambios,Deleción,1,Cambios — Deleción,False,alcalde de
655,GPT OSS 120B · 8 000 TPM,alde,1,1,1,1,alde,AGN_Tierras_v039-2_exp003_72,agn_tierras,Edna,Abreviaturas,Expansión completa,1,Abreviaturas — Expansión completa,False,alde
656,Llama 3.3 70B · 12 000 TPM,alejandro báez,1,1,1,1,Alejandro Báez,BnF_075_026,bnf_075,Arturo,Cambios,Sustitución,1,Cambios — Sustitución,False,alejandro báez
657,Llama 3.3 70B · 12 000 TPM,aleman,1,1,1,1,Aleman,AGN_GralParte_v006_exp617_02,agn_gralparte,Rodrigo,Acentuación,No sub-rule assigned,1,Acentuación — No sub-rule assigned,False,aleman
658,GPT OSS 120B · 8 000 TPM,alga,1,1,1,1,alga,AGN_AHHacienda_v268_exp046_01,agn_ahhacienda,Adriana,Abreviaturas,No sub-rule assigned,1,Abreviaturas — No sub-rule assigned,False,alga
659,Llama 3.3 70B · 12 000 TPM,algo,1,1,1,1,algo,BP_CM_R481_071_2,bp_cm,Adriana,Abreviaturas,Expansión completa,1,Abreviaturas — Expansión completa,False,algo
660,Llama 3.3 70B · 12 000 TPM,alguaciles estaban,1,1,1,1,alguaciles estaban,BnF_111_21,bnf_111,Flor,Cambios,Inserción,1,Cambios — Inserción,False,alguaciles estaban
661,GPT OSS 120B · 8 000 TPM,alguna fecho,1,1,1,1,alguna fecho,AGN_GralParte_v006_exp617_01,agn_gralparte,Rodrigo,Puntuación,Punto (.),1,Puntuación — Punto (.),False,alguna fecho
662,Llama 3.3 70B · 12 000 TPM,alguna. en,1,1,1,1,alguna. En,AGN_GralParte_v006_exp617_02,agn_gralparte,Rodrigo,Abreviaturas,Expansión completa,1,Abreviaturas — Expansión completa | Cambios — Deleción,False,alguna. en
663,GPT OSS 120B · 8 000 TPM,algunos,1,1,1,1,algunos,BNE_ms3047_4,bne_ms3047,Javier,Cambios,Otros,1,Cambios — Otros,False,algunos
664,Llama 3.3 70B · 12 000 TPM,algunos hombres,1,1,1,1,algunos hombres,BnF_167_25,bnf_167,Paco,Cambios,Sustitución,1,Cambios — Sustitución,False,algunos hombres
665,Llama 3.3 70B · 12 000 TPM,allaban,1,1,1,1,allaban,BnF_111_22,bnf_111,Paloma,Filológicas - instrucciones,Regularización de H etimológica,1,Filológicas - instrucciones — Regularización de H etimológica,False,allaban
666,GPT OSS 120B · 8 000 TPM,allan,1,1,1,1,allan,BnF_075_014,bnf_075,Alba,Filológicas - instrucciones,Regularización de H etimológica,1,Filológicas - instrucciones — Regularización de H etimológica,False,allan
667,GPT OSS 120B · 8 000 TPM,allanen,1,1,1,1,allanen,BnF_075_014,bnf_075,Alba,Filológicas - instrucciones,Regularización de H etimológica,1,Filológicas - instrucciones — Regularización de H etimológica,False,allanen
668,GPT OSS 120B · 8 000 TPM,alld,1,1,1,1,alld,BnF_032_36,bnf_032,Paco,Abreviaturas,Expansión completa,1,Abreviaturas — Expansión completa,False,alld
669,GPT OSS 120B · 8 000 TPM,allde,1,1,1,1,allde,BnF_112_23,bnf_112,Edna,Abreviaturas,No sub-rule assigned,1,Abreviaturas — No sub-rule assigned,False,allde
670,GPT OSS 120B · 8 000 TPM,allds,1,1,1,1,Allds,AGI_PATRONATO_182_R3_01,agi_patronato,Alba,Abreviaturas,Expansión completa,1,Abreviaturas — Expansión completa,False,allds
671,Llama 3.3 70B · 12 000 TPM,allí,1,1,1,1,Allí,BnF_118_03,bnf_118,Paloma,Abreviaturas,No sub-rule assigned,1,Abreviaturas — No sub-rule assigned,False,allí
672,Llama 3.3 70B · 12 000 TPM,"alma, se",1,1,1,1,"alma, se",BnF_244_03,bnf_244,Arturo,Puntuación,"Coma (,)",1,"Puntuación — Coma (,)",False,"alma, se"
673,Llama 3.3 70B · 12 000 TPM,"almas, y",1,1,1,1,"Almas, y",BnF_174_03,bnf_174,Arturo,Puntuación,"Coma (,)",1,"Puntuación — Coma (,)",False,"almas, y"
674,Llama 3.3 70B · 12 000 TPM,almoloyan,1,1,1,1,almoloyan,AGI_INDIFERENTE_1529_N36_07,agi_indiferente,Rodrigo,Cambios,Otros,1,Cambios — Otros,False,almoloyan
675,Llama 3.3 70B · 12 000 TPM,almoxo,1,1,1,1,almoxo,AGI_CONTRATACION_1089_N8_151,agi_contratacion,Paco,Abreviaturas,Expansión completa,1,Abreviaturas — Expansión completa,False,almoxo
676,Llama 3.3 70B · 12 000 TPM,alo,1,1,1,1,Alo,BnF_116_07,bnf_116,Adriana,Abreviaturas,Expansión completa,1,Abreviaturas — Expansión completa,False,alo
677,GPT OSS 120B · 8 000 TPM,alonso,1,1,1,1,Alonso,AMP_AC_v021__doc026_1,amp_ac,Rodrigo,Puntuación,"Coma (,)",1,"Puntuación — Coma (,)",False,alonso
678,Llama 3.3 70B · 12 000 TPM,alternan; los,1,1,1,1,alternan; los,BnF_174_03,bnf_174,Arturo,Puntuación,No sub-rule assigned,1,Puntuación — No sub-rule assigned,False,alternan; los
679,Llama 3.3 70B · 12 000 TPM,"altísimo, y",1,1,1,1,"Altísimo, y",BnF_174_03,bnf_174,Arturo,Puntuación,"Coma (,)",1,"Puntuación — Coma (,)",False,"altísimo, y"
680,Llama 3.3 70B · 12 000 TPM,"alzados,",1,1,1,1,"alzados,",BnF_075_026,bnf_075,Arturo,Puntuación,"Coma (,)",1,"Puntuación — Coma (,)",False,"alzados,"
681,Llama 3.3 70B · 12 000 TPM,amatepec,1,1,1,1,amatepec,AGI_INDIFERENTE_1529_N36_07,agi_indiferente,Rodrigo,Cambios,Otros,1,Cambios — Otros,False,amatepec
682,GPT OSS 120B · 8 000 TPM,amparé,1,1,1,1,amparé,AGN_Indios_v019_exp354_2,agn_indios,Alba,Acentuación,No sub-rule assigned,1,Acentuación — No sub-rule assigned,False,amparé
683,GPT OSS 120B · 8 000 TPM,an,1,1,1,1,an,BnF_112_04,bnf_112,Paloma,Cambios,Inserción,1,Cambios — Inserción | Filológicas - instrucciones — Regularización de i/y vocálicas,False,an
684,GPT OSS 120B · 8 000 TPM,an tenido,1,1,1,1,an tenido,AGN_RealesCedDup_v030_exp874,agn_realesceddup,Alba,Filológicas - instrucciones,Regularización de H etimológica,1,Filológicas - instrucciones — Regularización de H etimológica,False,an tenido
685,Llama 3.3 70B · 12 000 TPM,"ana caso,",1,1,1,1,"Ana Caso,",BnF_243_12,bnf_243,Arturo,Acentuación,No sub-rule assigned,1,"Acentuación — No sub-rule assigned | Puntuación — Coma (,)",False,"ana caso,"
686,Llama 3.3 70B · 12 000 TPM,anata,1,1,1,1,anata,AGN_AHHacienda_v268_exp046_02,agn_ahhacienda,Paloma,Abreviaturas,Expansión completa,1,Abreviaturas — Expansión completa | Cambios — Inserción,False,anata
687,Llama 3.3 70B · 12 000 TPM,ancho,1,1,1,1,ancho,BnF_110_09,bnf_110,Alba,Cambios,Sustitución,1,Cambios — Sustitución,False,ancho
688,GPT OSS 120B · 8 000 TPM,andeis,1,1,1,1,andeis,AGN_Mercedes_v003_exp520,agn_mercedes,Alba,Acentuación,No sub-rule assigned,1,Acentuación — No sub-rule assigned,False,andeis
689,GPT OSS 120B · 8 000 TPM,angeles,1,1,1,1,angeles,BnF_113_04,bnf_113,Paco,Acentuación,No sub-rule assigned,1,Acentuación — No sub-rule assigned,False,angeles
690,Llama 3.3 70B · 12 000 TPM,angeles,1,1,1,1,angeles,BnF_267_23,bnf_267,Paco,Acentuación,No sub-rule assigned,1,Acentuación — No sub-rule assigned,False,angeles
691,GPT OSS 120B · 8 000 TPM,anima,1,1,1,1,anima,BnF_112_04,bnf_112,Paloma,Acentuación,No sub-rule assigned,1,Acentuación — No sub-rule assigned,False,anima
692,Llama 3.3 70B · 12 000 TPM,antecedieron,1,1,1,1,antecedieron,UIA_Ms149_Exp3_43,uia_ms149,Paco,Cambios,Sustitución,1,Cambios — Sustitución,False,antecedieron
693,Llama 3.3 70B · 12 000 TPM,anterior,1,1,1,1,anterior,BnF_394_07,bnf_394,Rodrigo,Cambios,Deleción,1,Cambios — Deleción | Cambios — Sustitución,False,anterior
694,Llama 3.3 70B · 12 000 TPM,anterior se,1,1,1,1,anterior se,BnF_283_03,bnf_283,Edna,Puntuación,"Coma (,)",1,"Puntuación — Coma (,)",False,anterior se
695,Llama 3.3 70B · 12 000 TPM,anteriores,1,1,1,1,anteriores,BnF_266_07,bnf_266,Paco,Cambios,Sustitución,1,Cambios — Sustitución,False,anteriores
696,Llama 3.3 70B · 12 000 TPM,antes,1,1,1,1,antes,UIA_Ms149_Exp3_31,uia_ms149,Alba,Cambios,Sustitución,1,Cambios — Sustitución,False,antes
697,Llama 3.3 70B · 12 000 TPM,antes.,1,1,1,1,antes.,Mechoacan_Yurirapundaro_2,mechoacan_yurirapundaro,Arturo,Cambios,Deleción,1,Cambios — Deleción,False,antes.
698,Llama 3.3 70B · 12 000 TPM,antes:,1,1,1,1,antes:,BnF_174_06,bnf_174,Javier,Puntuación,Punto (.),1,Puntuación — Punto (.),False,antes:
699,GPT OSS 120B · 8 000 TPM,antevera,1,1,1,1,antevera,AGN_Indios_v002_exp835,agn_indios,Paloma,Cambios,Deleción,1,Cambios — Deleción | Cambios — Sustitución,False,antevera
700,GPT OSS 120B · 8 000 TPM,anticipaciã³n,1,1,1,1,anticipaciÃ³n,AGN_Marina_v004_exp006_014,agn_marina,Javier,Acentuación,No sub-rule assigned,1,Acentuación — No sub-rule assigned,False,anticipaciã³n
701,Llama 3.3 70B · 12 000 TPM,antiguamente hubo,1,1,1,1,antiguamente hubo,BnF_264_02,bnf_264,Paloma,Cambios,Deleción,1,Cambios — Deleción,False,antiguamente hubo
702,Llama 3.3 70B · 12 000 TPM,antiguos,1,1,1,1,antiguos,BnF_243_12,bnf_243,Arturo,Cambios,Sustitución,1,Cambios — Sustitución,False,antiguos
703,Llama 3.3 70B · 12 000 TPM,anuales uno,1,1,1,1,anuales uno,AGS_CE_RG_L379_04,ags_ce,Rodrigo,Puntuación,"Coma (,)",1,"Puntuación — Coma (,)",False,anuales uno
704,GPT OSS 120B · 8 000 TPM,aorcarian,1,1,1,1,aorcarian,BnF_111_20,bnf_111,Flor,Acentuación,No sub-rule assigned,1,Acentuación — No sub-rule assigned | Filológicas - instrucciones — Regularización de H etimológica,False,aorcarian
705,Llama 3.3 70B · 12 000 TPM,aparentemente,1,1,1,1,aparentemente,BnF_266_07,bnf_266,Paco,Abreviaturas,Expansión completa,1,Abreviaturas — Expansión completa | Cambios — Inserción,False,aparentemente
706,Llama 3.3 70B · 12 000 TPM,apasiguar,1,1,1,1,apasiguar,BnF_174_03,bnf_174,Arturo,Filológicas - mecánicas,Regularización de sibilantes,1,Filológicas - mecánicas — Regularización de sibilantes,False,apasiguar
707,Llama 3.3 70B · 12 000 TPM,apedreadas:,1,1,1,1,apedreadas:,BnF_283_12,bnf_283,Javier,Puntuación,"Coma (,)",1,"Puntuación — Coma (,)",False,apedreadas:
708,GPT OSS 120B · 8 000 TPM,apersevimto,1,1,1,1,apersevimto,AGN_Indios_v019_exp354_2,agn_indios,Alba,Abreviaturas,Expansión completa,1,Abreviaturas — Expansión completa,False,apersevimto
709,Llama 3.3 70B · 12 000 TPM,aporream,1,1,1,1,aporream,BnF_075_026,bnf_075,Arturo,Cambios,Otros,1,Cambios — Otros,False,aporream
710,Llama 3.3 70B · 12 000 TPM,"apostólica, a",1,1,1,1,"apostólica, a",utblac_wbs_0912a_duplicated,utblac_wbs,Arturo,Cambios,Deleción,1,"Cambios — Deleción | Puntuación — Coma (,)",False,"apostólica, a"
711,Llama 3.3 70B · 12 000 TPM,aquellos,1,1,1,1,aquellos,BnF_118_08,bnf_118,Arturo,Cambios,Inserción,1,Cambios — Inserción,False,aquellos
712,Llama 3.3 70B · 12 000 TPM,aquã,1,1,1,1,aquÃ,BnF_266_05,bnf_266,Adriana,Cambios,Otros,1,Cambios — Otros | Cambios — Sustitución,False,aquã
713,Llama 3.3 70B · 12 000 TPM,"aquí, trasunto",1,1,1,1,"aquí, trasunto",BnF_243_12,bnf_243,Arturo,Puntuación,"Coma (,)",1,"Puntuación — Coma (,)",False,"aquí, trasunto"
714,GPT OSS 120B · 8 000 TPM,arcebispado,1,1,1,1,arcebispado,BNE_ms3047_4,bne_ms3047,Javier,Cambios,Sustitución,1,Cambios — Sustitución,False,arcebispado
715,Llama 3.3 70B · 12 000 TPM,arebato,1,1,1,1,arebato,BnF_266_03,bnf_266,Rodrigo,Filológicas - mecánicas,Regularización de vibrantes,1,Filológicas - mecánicas — Regularización de vibrantes,False,arebato
716,Llama 3.3 70B · 12 000 TPM,areglando,1,1,1,1,areglando,UIA_Ms149_Exp3_04,uia_ms149,Alba,Acentuación,No sub-rule assigned,1,Acentuación — No sub-rule assigned | Cambios — Deleción,False,areglando
717,Llama 3.3 70B · 12 000 TPM,arrazar,1,1,1,1,arrazar,utblac_wbs_0912a_duplicated,utblac_wbs,Arturo,Filológicas - mecánicas,Regularización de sibilantes,1,Filológicas - mecánicas — Regularización de sibilantes,False,arrazar
718,GPT OSS 120B · 8 000 TPM,articulo,1,1,1,1,articulo,BnF_112_04,bnf_112,Paloma,Acentuación,No sub-rule assigned,1,Acentuación — No sub-rule assigned,False,articulo
719,GPT OSS 120B · 8 000 TPM,as,1,1,1,1,as,AGN_AHHacienda_v268_exp046_01,agn_ahhacienda,Adriana,Abreviaturas,Expansión completa,1,Abreviaturas — Expansión completa,False,as
720,GPT OSS 120B · 8 000 TPM,asi,1,1,1,1,asi,AGN_Indios_v019_exp354_2,agn_indios,Alba,Acentuación,No sub-rule assigned,1,Acentuación — No sub-rule assigned,False,asi
721,Llama 3.3 70B · 12 000 TPM,asi,1,1,1,1,asi,BnF_244_05,bnf_244,Edna,Acentuación,No sub-rule assigned,1,Acentuación — No sub-rule assigned,False,asi
722,GPT OSS 120B · 8 000 TPM,asi mismo,1,1,1,1,asi mismo,AGN_GralParte_v006_exp617_01,agn_gralparte,Rodrigo,Cambios,No sub-rule assigned,1,Cambios — No sub-rule assigned | Cambios — Otros,False,asi mismo
723,Llama 3.3 70B · 12 000 TPM,asiento,1,1,1,1,asiento,BnF_032_33,bnf_032,Adriana,Cambios,Deleción,1,Cambios — Deleción | Cambios — Sustitución,False,asiento
724,GPT OSS 120B · 8 000 TPM,asules,1,1,1,1,asules,AGI_CONTRATACION_1183_N8_78,agi_contratacion,Adriana,Filológicas - mecánicas,Regularización de sibilantes,1,Filológicas - mecánicas — Regularización de sibilantes,False,asules
725,Llama 3.3 70B · 12 000 TPM,así dicen,1,1,1,1,así dicen,BnF_264_02,bnf_264,Paloma,Cambios,Deleción,1,Cambios — Deleción,False,así dicen
726,Llama 3.3 70B · 12 000 TPM,atreva,1,1,1,1,atreva,BnF_119-148_33,bnf_119-148,Paloma,Cambios,Deleción,1,Cambios — Deleción,False,atreva
727,Llama 3.3 70B · 12 000 TPM,audiencia. y,1,1,1,1,audiencia. Y,AGN_HospJesus_c474_leg267-2_exp024_7473-7537_10,agn_hospjesus,Arturo,Cambios,Sustitución,1,Cambios — Sustitución,False,audiencia. y
728,Llama 3.3 70B · 12 000 TPM,auditorio,1,1,1,1,auditorio,BnF_119-148_24,bnf_119-148,Adriana,Abreviaturas,Expansión completa,1,Abreviaturas — Expansión completa,False,auditorio
729,GPT OSS 120B · 8 000 TPM,aug,1,1,1,1,Aug,BNE_ms3047_4,bne_ms3047,Javier,Abreviaturas,Expansión completa,1,Abreviaturas — Expansión completa,False,aug
730,GPT OSS 120B · 8 000 TPM,aug.,1,1,1,1,Aug.,BNE_ms3047_1,bne_ms3047,Rodrigo,Abreviaturas,Expansión completa,1,Abreviaturas — Expansión completa,False,aug.
731,GPT OSS 120B · 8 000 TPM,augt,1,1,1,1,Augt,BNE_ms3047_1,bne_ms3047,Rodrigo,Abreviaturas,Expansión completa,1,Abreviaturas — Expansión completa,False,augt
732,Llama 3.3 70B · 12 000 TPM,"auto,",1,1,1,1,"auto,",BnF_075_035,bnf_075,Arturo,Puntuación,"Coma (,)",1,"Puntuación — Coma (,)",False,"auto,"
733,Llama 3.3 70B · 12 000 TPM,autor:,1,1,1,1,autor:,BnF_264_03,bnf_264,Adriana,Puntuación,No sub-rule assigned,1,Puntuación — No sub-rule assigned,False,autor:
734,Llama 3.3 70B · 12 000 TPM,"autoridad, en",1,1,1,1,"autoridad, en",BnF_174_03,bnf_174,Arturo,Puntuación,"Coma (,)",1,"Puntuación — Coma (,)",False,"autoridad, en"
735,Llama 3.3 70B · 12 000 TPM,autos,1,1,1,1,Autos,BnF_118_02,bnf_118,Rodrigo,Cambios,Deleción,1,Cambios — Deleción,False,autos
736,GPT OSS 120B · 8 000 TPM,avdien,1,1,1,1,avdien,BnF_032_36,bnf_032,Paco,Cambios,Inserción,1,Cambios — Inserción | Filológicas - instrucciones — No sub-rule assigned,False,avdien
737,GPT OSS 120B · 8 000 TPM,averiguacion,1,1,1,1,averiguacion,BnF_112_02,bnf_112,Arturo,Acentuación,No sub-rule assigned,1,Acentuación — No sub-rule assigned,False,averiguacion
738,Llama 3.3 70B · 12 000 TPM,"averiguar, que",1,1,1,1,"averiguar, que",BnF_032_23,bnf_032,Arturo,Puntuación,"Coma (,)",1,"Puntuación — Coma (,)",False,"averiguar, que"
739,Llama 3.3 70B · 12 000 TPM,averse,1,1,1,1,averse,AMP_AC_v021__doc026_2,amp_ac,Alba,Filológicas - instrucciones,Regularización de H etimológica,1,Filológicas - instrucciones — Regularización de H etimológica,False,averse
740,GPT OSS 120B · 8 000 TPM,aviades,1,1,1,1,aviades,AGI_GUADALAJARA_230_L2_F_45V-46V_1,agi_guadalajara,Edna,Filológicas - instrucciones,Regularización de H etimológica,1,Filológicas - instrucciones — Regularización de H etimológica | Filológicas - instrucciones — Regularización de labiales (b/v),False,aviades
741,GPT OSS 120B · 8 000 TPM,aviendo,1,1,1,1,aviendo,AGN_GralParte_v006_exp617_01,agn_gralparte,Rodrigo,Filológicas - instrucciones,Regularización de H etimológica,1,Filológicas - instrucciones — Regularización de H etimológica | Filológicas - instrucciones — Regularización de labiales (b/v),False,aviendo
742,Llama 3.3 70B · 12 000 TPM,aviendo,1,1,1,1,aviendo,BnF_243_16,bnf_243,Rodrigo,Filológicas - instrucciones,Regularización de H etimológica,1,Filológicas - instrucciones — Regularización de H etimológica | Filológicas - instrucciones — Regularización de labiales (b/v),False,aviendo
743,GPT OSS 120B · 8 000 TPM,avizado,1,1,1,1,avizado,AGI_GUADALAJARA_230_L2_F_45V-46V_1,agi_guadalajara,Edna,Filológicas - mecánicas,Regularización de sibilantes,1,Filológicas - mecánicas — Regularización de sibilantes,False,avizado
744,Llama 3.3 70B · 12 000 TPM,avsuención,1,1,1,1,avsuención,BnF_075_003,bnf_075,Adriana,Filológicas - instrucciones,Regularización de labiales (b/v),1,Filológicas - instrucciones — Regularización de labiales (b/v),False,avsuención
745,GPT OSS 120B · 8 000 TPM,aya,1,1,1,1,aya,AGN_Indios_v019_exp354_2,agn_indios,Alba,Filológicas - instrucciones,Regularización de H etimológica,1,Filológicas - instrucciones — Regularización de H etimológica,False,aya
746,Llama 3.3 70B · 12 000 TPM,aya,1,1,1,1,aya,utblac_eog_v_41_orig_03,utblac_eog,Flor,Filológicas - instrucciones,Regularización de H etimológica,1,Filológicas - instrucciones — Regularización de H etimológica,False,aya
747,Llama 3.3 70B · 12 000 TPM,"ayauztenco, lo",1,1,1,1,"Ayauztenco, lo",BnF_110_09,bnf_110,Alba,Cambios,Deleción,1,Cambios — Deleción,False,"ayauztenco, lo"
748,GPT OSS 120B · 8 000 TPM,azegura,1,1,1,1,azegura,BnF_112_02,bnf_112,Arturo,Filológicas - mecánicas,Regularización de sibilantes,1,Filológicas - mecánicas — Regularización de sibilantes,False,azegura
749,Llama 3.3 70B · 12 000 TPM,"azevedo, saque",1,1,1,1,"Azevedo, saque",utblac_eog_wbs_procesal_sample_01_10,utblac_eog,Javier,Cambios,Deleción,1,Cambios — Deleción,False,"azevedo, saque"
750,Llama 3.3 70B · 12 000 TPM,azían,1,1,1,1,azían,BnF_111_22,bnf_111,Paloma,Filológicas - mecánicas,Regularización de sibilantes,1,Filológicas - mecánicas — Regularización de sibilantes,False,azían
751,Llama 3.3 70B · 12 000 TPM,aã±adir,1,1,1,1,aÃ±adir,BnF_266_05,bnf_266,Adriana,Cambios,Otros,1,Cambios — Otros | Cambios — Sustitución,False,aã±adir
752,Llama 3.3 70B · 12 000 TPM,año se,1,1,1,1,año se,AGI_INDIFERENTE_1529_N8_06,agi_indiferente,Rodrigo,Puntuación,"Coma (,)",1,"Puntuación — Coma (,)",False,año se
753,Llama 3.3 70B · 12 000 TPM,año. 8a.,1,1,1,1,año. 8a.,AGS_CE_RG_L379_04,ags_ce,Rodrigo,Cambios,Deleción,1,Cambios — Deleción,False,año. 8a.
754,GPT OSS 120B · 8 000 TPM,años tomás,1,1,1,1,años Tomás,AGI_INDIFERENTE_2065_N45_09,agi_indiferente,Rodrigo,Puntuación,Punto (.),1,Puntuación — Punto (.),False,años tomás
755,GPT OSS 120B · 8 000 TPM,años yo,1,1,1,1,años yo,AGI_GUADALAJARA_230_L2_F_45V-46V_1,agi_guadalajara,Edna,Puntuación,Punto (.),1,Puntuación — Punto (.),False,años yo
756,Llama 3.3 70B · 12 000 TPM,"años, yo",1,1,1,1,"años, yo",BnF_032_23,bnf_032,Arturo,Puntuación,"Coma (,)",1,"Puntuación — Coma (,)",False,"años, yo"
757,GPT OSS 120B · 8 000 TPM,ba,1,1,1,1,ba,BnF_112_23,bnf_112,Edna,Puntuación,"Coma (,)",1,"Puntuación — Coma (,)",False,ba
758,Llama 3.3 70B · 12 000 TPM,"baeca, que",1,1,1,1,"Baeca, que",BnF_075_003,bnf_075,Adriana,Cambios,Inserción,1,Cambios — Inserción,False,"baeca, que"
759,GPT OSS 120B · 8 000 TPM,bais,1,1,1,1,bais,AGN_Mercedes_v003_exp520,agn_mercedes,Alba,Filológicas - instrucciones,Regularización de labiales (b/v),1,Filológicas - instrucciones — Regularización de labiales (b/v),False,bais
760,Llama 3.3 70B · 12 000 TPM,bajados,1,1,1,1,bajados,BnF_119-148_33,bnf_119-148,Paloma,Cambios,Inserción,1,Cambios — Inserción,False,bajados
761,Llama 3.3 70B · 12 000 TPM,bajar,1,1,1,1,bajar,BnF_266_07,bnf_266,Paco,Cambios,Deleción,1,Cambios — Deleción,False,bajar
762,GPT OSS 120B · 8 000 TPM,baldias,1,1,1,1,baldias,AGN_Mercedes_v003_exp520,agn_mercedes,Alba,Acentuación,No sub-rule assigned,1,Acentuación — No sub-rule assigned,False,baldias
763,Llama 3.3 70B · 12 000 TPM,bara,1,1,1,1,bara,AGI_CONTRATACION_1089_N8_151,agi_contratacion,Paco,Filológicas - instrucciones,No sub-rule assigned,1,Filológicas - instrucciones — No sub-rule assigned,False,bara
764,Llama 3.3 70B · 12 000 TPM,barlobto,1,1,1,1,Barlobto,BnF_266_03,bnf_266,Rodrigo,Abreviaturas,Expansión completa,1,Abreviaturas — Expansión completa,False,barlobto
765,Llama 3.3 70B · 12 000 TPM,barras,1,1,1,1,barras,UIA_Ms149_Exp3_43,uia_ms149,Paco,Cambios,Inserción,1,Cambios — Inserción,False,barras
766,Llama 3.3 70B · 12 000 TPM,barren,1,1,1,1,barren,BP_CM_32386_007_2,bp_cm,Rodrigo,Cambios,Sustitución,1,Cambios — Sustitución,False,barren
767,GPT OSS 120B · 8 000 TPM,basco,1,1,1,1,Basco,BNE_ms3047_1,bne_ms3047,Rodrigo,Filológicas - instrucciones,Regularización de labiales (b/v),1,Filológicas - instrucciones — Regularización de labiales (b/v),False,basco
768,Llama 3.3 70B · 12 000 TPM,basto,1,1,1,1,basto,BnF_112_08,bnf_112,Paloma,Cambios,Sustitución,1,Cambios — Sustitución,False,basto
769,Llama 3.3 70B · 12 000 TPM,"bautizar, y",1,1,1,1,"bautizar, y",BnF_174_03,bnf_174,Arturo,Cambios,Sustitución,1,"Cambios — Sustitución | Puntuación — Coma (,)",False,"bautizar, y"
770,Llama 3.3 70B · 12 000 TPM,bautizó,1,1,1,1,bautizó,BnF_243_18,bnf_243,Adriana,Cambios,Sustitución,1,Cambios — Sustitución,False,bautizó
771,Llama 3.3 70B · 12 000 TPM,bea,1,1,1,1,bea,BnF_118_03,bnf_118,Paloma,Filológicas - instrucciones,Regularización de labiales (b/v),1,Filológicas - instrucciones — Regularización de labiales (b/v),False,bea
772,GPT OSS 120B · 8 000 TPM,beinte,1,1,1,1,beinte,BnF_113_22,bnf_113,Paloma,Filológicas - instrucciones,Regularización de labiales (b/v),1,Filológicas - instrucciones — Regularización de labiales (b/v),False,beinte
773,GPT OSS 120B · 8 000 TPM,bencido,1,1,1,1,bencido,AGN_Mercedes_v003_exp520,agn_mercedes,Alba,Filológicas - instrucciones,Regularización de labiales (b/v),1,Filológicas - instrucciones — Regularización de labiales (b/v),False,bencido
774,Llama 3.3 70B · 12 000 TPM,bendecido,1,1,1,1,bendecido,BnF_118_08,bnf_118,Arturo,Cambios,Sustitución,1,Cambios — Sustitución,False,bendecido
775,Llama 3.3 70B · 12 000 TPM,bendijeseis,1,1,1,1,bendijeseis,BnF_118_08,bnf_118,Arturo,Cambios,Sustitución,1,Cambios — Sustitución,False,bendijeseis
776,GPT OSS 120B · 8 000 TPM,bendio,1,1,1,1,bendio,BnF_112_25,bnf_112,Paco,Filológicas - instrucciones,No sub-rule assigned,1,Filológicas - instrucciones — No sub-rule assigned,False,bendio
777,GPT OSS 120B · 8 000 TPM,bendí,1,1,1,1,bendí,BnF_112_23,bnf_112,Edna,Filológicas - instrucciones,Regularización de labiales (b/v),1,Filológicas - instrucciones — Regularización de labiales (b/v),False,bendí
778,GPT OSS 120B · 8 000 TPM,bengo,1,1,1,1,bengo,BnF_112_23,bnf_112,Edna,Filológicas - instrucciones,Regularización de labiales (b/v),1,Filológicas - instrucciones — Regularización de labiales (b/v),False,bengo
779,Llama 3.3 70B · 12 000 TPM,"benignidad, con",1,1,1,1,"benignidad, con",BnF_174_03,bnf_174,Arturo,Puntuación,"Coma (,)",1,"Puntuación — Coma (,)",False,"benignidad, con"
780,Llama 3.3 70B · 12 000 TPM,benito,1,1,1,1,Benito,AGI_CONTRATACION_1089_N8_176,agi_contratacion,Flor,Cambios,Deleción,1,Cambios — Deleción,False,benito
781,GPT OSS 120B · 8 000 TPM,ber,1,1,1,1,ber,BnF_112_23,bnf_112,Edna,Filológicas - instrucciones,Regularización de labiales (b/v),1,Filológicas - instrucciones — Regularización de labiales (b/v),False,ber
782,GPT OSS 120B · 8 000 TPM,berno,1,1,1,1,berno,AMP_AC_v021__doc026_1,amp_ac,Rodrigo,Abreviaturas,Expansión completa,1,Abreviaturas — Expansión completa,False,berno
783,Llama 3.3 70B · 12 000 TPM,berno.,1,1,1,1,Berno.,BnF_116_07,bnf_116,Adriana,Abreviaturas,Expansión completa,1,Abreviaturas — Expansión completa,False,berno.
784,Llama 3.3 70B · 12 000 TPM,bestias:,1,1,1,1,bestias:,BnF_174_06,bnf_174,Javier,Puntuación,"Coma (,)",1,"Puntuación — Coma (,)",False,bestias:
785,GPT OSS 120B · 8 000 TPM,bestir,1,1,1,1,bestir,BnF_111_20,bnf_111,Flor,Filológicas - instrucciones,Regularización de labiales (b/v),1,Filológicas - instrucciones — Regularización de labiales (b/v),False,bestir
786,GPT OSS 120B · 8 000 TPM,beynte,1,1,1,1,beynte,BnF_113_04,bnf_113,Paco,Cambios,Otros,1,Cambios — Otros,False,beynte
787,GPT OSS 120B · 8 000 TPM,bian,1,1,1,1,bian,BnF_111_20,bnf_111,Flor,Filológicas - instrucciones,Regularización de labiales (b/v),1,Filológicas - instrucciones — Regularización de labiales (b/v),False,bian
788,GPT OSS 120B · 8 000 TPM,bibian,1,1,1,1,bibian,BnF_111_20,bnf_111,Flor,Filológicas - instrucciones,Regularización de labiales (b/v),1,Filológicas - instrucciones — Regularización de labiales (b/v),False,bibian
789,GPT OSS 120B · 8 000 TPM,bibir,1,1,1,1,bibir,BnF_112_04,bnf_112,Paloma,Filológicas - instrucciones,Regularización de labiales (b/v),1,Filológicas - instrucciones — Regularización de labiales (b/v),False,bibir
790,Llama 3.3 70B · 12 000 TPM,bien les,1,1,1,1,bien les,AGN_HospJesus_c474_leg267-2_exp024_7473-7537_05,agn_hospjesus,Rodrigo,Cambios,Deleción,1,Cambios — Deleción | Cambios — Sustitución,False,bien les
791,GPT OSS 120B · 8 000 TPM,bies,1,1,1,1,bies,AGN_GralParte_v006_exp617_01,agn_gralparte,Rodrigo,Abreviaturas,Expansión completa,1,Abreviaturas — Expansión completa,False,bies
792,GPT OSS 120B · 8 000 TPM,billanueba,1,1,1,1,billanueba,AGI_PATRONATO_182_R3_04,agi_patronato,Paco,Filológicas - mecánicas,Regularización de sibilantes,1,Filológicas - mecánicas — Regularización de sibilantes,False,billanueba
793,Llama 3.3 70B · 12 000 TPM,billegas,1,1,1,1,Billegas,AGN_GralParte_v001_exp1020_01,agn_gralparte,Paloma,Filológicas - instrucciones,Regularización de labiales (b/v),1,Filológicas - instrucciones — Regularización de labiales (b/v),False,billegas
794,GPT OSS 120B · 8 000 TPM,binieron,1,1,1,1,binieron,BnF_112_25,bnf_112,Paco,Filológicas - instrucciones,No sub-rule assigned,1,Filológicas - instrucciones — No sub-rule assigned,False,binieron
795,Llama 3.3 70B · 12 000 TPM,bino,1,1,1,1,Bino,AGS_CE_RG_L379_02,ags_ce,Arturo,Filológicas - instrucciones,Regularización de labiales (b/v),1,Filológicas - instrucciones — Regularización de labiales (b/v),False,bino
796,GPT OSS 120B · 8 000 TPM,bision,1,1,1,1,bision,BnF_111_20,bnf_111,Flor,Acentuación,No sub-rule assigned,1,Acentuación — No sub-rule assigned | Filológicas - instrucciones — Regularización de labiales (b/v),False,bision
797,GPT OSS 120B · 8 000 TPM,bistos,1,1,1,1,bistos,AGN_Mercedes_v003_exp520,agn_mercedes,Alba,Filológicas - instrucciones,Regularización de i/y vocálicas,1,Filológicas - instrucciones — Regularización de i/y vocálicas,False,bistos
798,GPT OSS 120B · 8 000 TPM,bizcocho,1,1,1,1,bizcocho,AMP_AC_v021__doc026_1,amp_ac,Rodrigo,Puntuación,"Coma (,)",1,"Puntuación — Coma (,)",False,bizcocho
799,Llama 3.3 70B · 12 000 TPM,blazona,1,1,1,1,blazona,BnF_174_04,bnf_174,Paloma,Filológicas - mecánicas,Regularización de sibilantes,1,Filológicas - mecánicas — Regularización de sibilantes,False,blazona
800,GPT OSS 120B · 8 000 TPM,bolbio,1,1,1,1,bolbio,BnF_111_20,bnf_111,Flor,Filológicas - instrucciones,Regularización de labiales (b/v),1,Filológicas - instrucciones — Regularización de labiales (b/v),False,bolbio
801,Llama 3.3 70B · 12 000 TPM,bolviesen,1,1,1,1,bolviesen,AGN_HospJesus_c474_leg267-2_exp024_7473-7537_10,agn_hospjesus,Arturo,Filológicas - instrucciones,Regularización de labiales (b/v),1,Filológicas - instrucciones — Regularización de labiales (b/v),False,bolviesen
802,GPT OSS 120B · 8 000 TPM,borracheras sacrificios,1,1,1,1,borracheras Sacrificios,AGN_Indios_v009_exp003_fs4v-5_01,agn_indios,Arturo,Puntuación,No sub-rule assigned,1,Puntuación — No sub-rule assigned,False,borracheras sacrificios
803,Llama 3.3 70B · 12 000 TPM,"bravo,",1,1,1,1,"Bravo,",BnF_243_16,bnf_243,Rodrigo,Puntuación,Punto (.),1,Puntuación — Punto (.),False,"bravo,"
804,Llama 3.3 70B · 12 000 TPM,"brazas, cada",1,1,1,1,"brazas, cada",BnF_032_23,bnf_032,Arturo,Puntuación,"Coma (,)",1,"Puntuación — Coma (,)",False,"brazas, cada"
805,Llama 3.3 70B · 12 000 TPM,bre,1,1,1,1,bre,BnF_030_22,bnf_030,Paco,Abreviaturas,Expansión completa,1,Abreviaturas — Expansión completa,False,bre
806,Llama 3.3 70B · 12 000 TPM,bruã±ã³n,1,1,1,1,BruÃ±Ã³n,BnF_266_05,bnf_266,Adriana,Cambios,Otros,1,Cambios — Otros | Cambios — Sustitución,False,bruã±ã³n
807,GPT OSS 120B · 8 000 TPM,bua,1,1,1,1,bua,BNE_ms3047_4,bne_ms3047,Javier,Abreviaturas,Expansión completa,1,Abreviaturas — Expansión completa,False,bua
808,Llama 3.3 70B · 12 000 TPM,buelvan,1,1,1,1,buelvan,BnF_118_03,bnf_118,Paloma,Filológicas - instrucciones,Regularización de labiales (b/v),1,Filológicas - instrucciones — Regularización de labiales (b/v),False,buelvan
809,Llama 3.3 70B · 12 000 TPM,buelve,1,1,1,1,buelve,BnF_264_12,bnf_264,Edna,Filológicas - instrucciones,Regularización de labiales (b/v),1,Filológicas - instrucciones — Regularización de labiales (b/v),False,buelve
810,Llama 3.3 70B · 12 000 TPM,buena mediana,1,1,1,1,Buena Mediana,AGS_CE_RG_L379_04,ags_ce,Rodrigo,Puntuación,"Coma (,)",1,"Puntuación — Coma (,)",False,buena mediana
811,Llama 3.3 70B · 12 000 TPM,bulas,1,1,1,1,bulas,BnF_394_07,bnf_394,Rodrigo,Cambios,Deleción,1,Cambios — Deleción,False,bulas
812,Llama 3.3 70B · 12 000 TPM,ca,1,1,1,1,Ca,BP_CM_R494_156_2,bp_cm,Javier,Abreviaturas,Expansión completa,1,Abreviaturas — Expansión completa,False,ca
813,Llama 3.3 70B · 12 000 TPM,cabecera,1,1,1,1,cabecera,Mechoacan_Yurirapundaro_2,mechoacan_yurirapundaro,Arturo,Puntuación,No sub-rule assigned,1,Puntuación — No sub-rule assigned,False,cabecera
814,GPT OSS 120B · 8 000 TPM,cabeza,1,1,1,1,cabeza,AMP_AC_v021__doc026_1,amp_ac,Rodrigo,Abreviaturas,Expansión completa,1,Abreviaturas — Expansión completa | Cambios — Sustitución,False,cabeza
815,Llama 3.3 70B · 12 000 TPM,"cabeza, a",1,1,1,1,"Cabeza, a",BnF_174_03,bnf_174,Arturo,Puntuación,"Coma (,)",1,"Puntuación — Coma (,)",False,"cabeza, a"
816,GPT OSS 120B · 8 000 TPM,cabezeras,1,1,1,1,cabezeras,AGI_PATRONATO_181_R13_1,agi_patronato,Paloma,Abreviaturas,No sub-rule assigned,1,Abreviaturas — No sub-rule assigned | Filológicas - mecánicas — Regularización de sibilantes,False,cabezeras
817,GPT OSS 120B · 8 000 TPM,cabildo paso,1,1,1,1,cabildo Paso,AMP_AC_v021__doc026_1,amp_ac,Rodrigo,Cambios,Otros,1,"Cambios — Otros | Puntuación — Coma (,)",False,cabildo paso
818,GPT OSS 120B · 8 000 TPM,caca guatlacatl,1,1,1,1,Caca guatlacatl,BnF_104_2,bnf_104,Paco,Cambios,Inserción,1,Cambios — Inserción,False,caca guatlacatl
819,GPT OSS 120B · 8 000 TPM,cacagua tlatle,1,1,1,1,Cacagua tlatle,BnF_104_2,bnf_104,Paco,Cambios,Inserción,1,Cambios — Inserción,False,cacagua tlatle
820,GPT OSS 120B · 8 000 TPM,cacuala,1,1,1,1,cacuala,AGN_Indios_v002_exp835,agn_indios,Paloma,Cambios,Deleción,1,Cambios — Deleción,False,cacuala
821,Llama 3.3 70B · 12 000 TPM,cada señor,1,1,1,1,cada señor,BnF_264_12,bnf_264,Edna,Cambios,Deleción,1,Cambios — Deleción,False,cada señor
822,GPT OSS 120B · 8 000 TPM,cadiz,1,1,1,1,cadiz,AGI_CONTRATACION_1183_N8_78,agi_contratacion,Adriana,Acentuación,No sub-rule assigned,1,Acentuación — No sub-rule assigned,False,cadiz
823,GPT OSS 120B · 8 000 TPM,calejón,1,1,1,1,calejón,BnF_112_02,bnf_112,Arturo,Cambios,Deleción,1,Cambios — Deleción,False,calejón
824,Llama 3.3 70B · 12 000 TPM,callando,1,1,1,1,callando,BnF_266_10,bnf_266,Flor,Cambios,Sustitución,1,Cambios — Sustitución,False,callando
825,GPT OSS 120B · 8 000 TPM,callexa,1,1,1,1,callexa,AGI_CONTRATACION_1183_N8_78,agi_contratacion,Adriana,Filológicas - instrucciones,x sibilante → j,1,Filológicas - instrucciones — x sibilante → j,False,callexa
826,Llama 3.3 70B · 12 000 TPM,callã¡semos,1,1,1,1,callÃ¡semos,BnF_266_05,bnf_266,Adriana,Cambios,Otros,1,Cambios — Otros | Cambios — Sustitución,False,callã¡semos
827,GPT OSS 120B · 8 000 TPM,camilón,1,1,1,1,camilón,BnF_112_25,bnf_112,Paco,Cambios,Sustitución,1,Cambios — Sustitución,False,camilón
828,GPT OSS 120B · 8 000 TPM,camo,1,1,1,1,camo,AGN_GralParte_v006_exp617_01,agn_gralparte,Rodrigo,Cambios,Otros,1,Cambios — Otros,False,camo
829,GPT OSS 120B · 8 000 TPM,camora,1,1,1,1,camora,AGN_GralParte_v006_exp617_01,agn_gralparte,Rodrigo,Cambios,Otros,1,Cambios — Otros,False,camora
830,Llama 3.3 70B · 12 000 TPM,campeche,1,1,1,1,Campeche,AGN_Tierras_v2963_exp059_24,agn_tierras,Paco,Cambios,Inserción,1,Cambios — Inserción | Cambios — Sustitución,False,campeche
831,Llama 3.3 70B · 12 000 TPM,"campos, que",1,1,1,1,"Campos, que",AGN_GralParte_v006_exp617_02,agn_gralparte,Rodrigo,Puntuación,Punto (.),1,Puntuación — Punto (.),False,"campos, que"
832,Llama 3.3 70B · 12 000 TPM,cansados y sedientos,1,1,1,1,cansados y sedientos,BnF_266_05,bnf_266,Adriana,Cambios,Deleción,1,Cambios — Deleción | Cambios — Sustitución,False,cansados y sedientos
833,GPT OSS 120B · 8 000 TPM,cantidad,1,1,1,1,cantidad,BnF_030_27,bnf_030,Rodrigo,Abreviaturas,Expansión completa,1,Abreviaturas — Expansión completa | Cambios — Sustitución,False,cantidad
834,GPT OSS 120B · 8 000 TPM,canto,1,1,1,1,canto,BNE_ms3047_1,bne_ms3047,Rodrigo,Cambios,Sustitución,1,Cambios — Sustitución,False,canto
835,Llama 3.3 70B · 12 000 TPM,capellón,1,1,1,1,Capellón,UIA_Ms149_Exp3_43,uia_ms149,Paco,Cambios,Inserción,1,Cambios — Inserción,False,capellón
836,GPT OSS 120B · 8 000 TPM,capitan,1,1,1,1,capitan,AGI_PATRONATO_182_R3_01,agi_patronato,Alba,Acentuación,No sub-rule assigned,1,Acentuación — No sub-rule assigned,False,capitan
837,Llama 3.3 70B · 12 000 TPM,capitan,1,1,1,1,Capitan,BnF_174_03,bnf_174,Arturo,Acentuación,No sub-rule assigned,1,Acentuación — No sub-rule assigned,False,capitan
838,GPT OSS 120B · 8 000 TPM,capitán.,1,1,1,1,capitán.,AGI_INDIFERENTE_2065_N45_09,agi_indiferente,Rodrigo,Puntuación,Punto (.),1,Puntuación — Punto (.),False,capitán.
839,Llama 3.3 70B · 12 000 TPM,capn.,1,1,1,1,Capn.,BnF_174_03,bnf_174,Arturo,Abreviaturas,Expansión completa,1,Abreviaturas — Expansión completa,False,capn.
840,GPT OSS 120B · 8 000 TPM,capullas,1,1,1,1,capullas,BnF_030_27,bnf_030,Rodrigo,Cambios,Sustitución,1,Cambios — Sustitución,False,capullas
841,GPT OSS 120B · 8 000 TPM,capán,1,1,1,1,capán,AGN_RealesCedDup_v030_exp874,agn_realesceddup,Alba,Abreviaturas,Expansión completa,1,Abreviaturas — Expansión completa,False,capán
842,Llama 3.3 70B · 12 000 TPM,capã­tulo,1,1,1,1,capÃ­tulo,BnF_266_05,bnf_266,Adriana,Cambios,Otros,1,Cambios — Otros | Cambios — Sustitución,False,capã­tulo
843,Llama 3.3 70B · 12 000 TPM,capítulo,1,1,1,1,capítulo,utblac_JGI_XXIII-09_Amula_25,utblac_jgi,Rodrigo,Cambios,Deleción,1,Cambios — Deleción | Cambios — Sustitución,False,capítulo
844,GPT OSS 120B · 8 000 TPM,caravajal,1,1,1,1,caravajal,BnF_112_02,bnf_112,Arturo,Puntuación,No sub-rule assigned,1,Puntuación — No sub-rule assigned,False,caravajal
845,GPT OSS 120B · 8 000 TPM,caravajal y,1,1,1,1,caravajal y,BnF_112_02,bnf_112,Arturo,Puntuación,No sub-rule assigned,1,Puntuación — No sub-rule assigned,False,caravajal y
846,Llama 3.3 70B · 12 000 TPM,cargo,1,1,1,1,cargo,BnF_266_03,bnf_266,Rodrigo,Acentuación,No sub-rule assigned,1,Acentuación — No sub-rule assigned,False,cargo
847,Llama 3.3 70B · 12 000 TPM,"caridad, y",1,1,1,1,"Caridad, y",BnF_174_03,bnf_174,Arturo,Cambios,Deleción,1,"Cambios — Deleción | Puntuación — Coma (,)",False,"caridad, y"
848,GPT OSS 120B · 8 000 TPM,carnicero,1,1,1,1,carnicero,AGI_PATRONATO_181_R13_1,agi_patronato,Paloma,Cambios,Sustitución,1,Cambios — Sustitución,False,carnicero
849,Llama 3.3 70B · 12 000 TPM,"carpio, y",1,1,1,1,"Carpio, y",BnF_243_12,bnf_243,Arturo,Puntuación,"Coma (,)",1,"Puntuación — Coma (,)",False,"carpio, y"
850,GPT OSS 120B · 8 000 TPM,"carryllo, de",1,1,1,1,"Carryllo, de",BnF_113_04,bnf_113,Paco,Cambios,Deleción,1,Cambios — Deleción,False,"carryllo, de"
851,Llama 3.3 70B · 12 000 TPM,carta.,1,1,1,1,carta.,AGN_Tierras_v039-2_exp003_41,agn_tierras,Flor,Puntuación,Punto (.),1,Puntuación — Punto (.),False,carta.
852,GPT OSS 120B · 8 000 TPM,casa sano,1,1,1,1,casa sano,BnF_113_04,bnf_113,Paco,Cambios,Inserción,1,Cambios — Inserción,False,casa sano
853,Llama 3.3 70B · 12 000 TPM,casar,1,1,1,1,casar,BnF_113_25,bnf_113,Flor,Cambios,Sustitución,1,Cambios — Sustitución,False,casar
854,GPT OSS 120B · 8 000 TPM,casas,1,1,1,1,casas,BnF_075_014,bnf_075,Alba,Abreviaturas,No sub-rule assigned,1,Abreviaturas — No sub-rule assigned,False,casas
855,Llama 3.3 70B · 12 000 TPM,"casas,",1,1,1,1,"Casas,",AGI_INDIFERENTE_2065_N45_11,agi_indiferente,Alba,Puntuación,No sub-rule assigned,1,Puntuación — No sub-rule assigned,False,"casas,"
856,Llama 3.3 70B · 12 000 TPM,"casas, estancias",1,1,1,1,"casas, estancias",AGN_HospJesus_c474_leg267-2_exp024_7473-7537_02,agn_hospjesus,Paco,Cambios,Deleción,1,Cambios — Deleción,False,"casas, estancias"
857,Llama 3.3 70B · 12 000 TPM,"casas, y",1,1,1,1,"casas, y",BnF_174_03,bnf_174,Arturo,Puntuación,"Coma (,)",1,"Puntuación — Coma (,)",False,"casas, y"
858,Llama 3.3 70B · 12 000 TPM,casas.,1,1,1,1,casas.,BnF_118_08,bnf_118,Arturo,Puntuación,Punto (.),1,Puntuación — Punto (.),False,casas.
859,Llama 3.3 70B · 12 000 TPM,casi,1,1,1,1,casi,BnF_266_10,bnf_266,Flor,Cambios,Inserción,1,Cambios — Inserción,False,casi
860,Llama 3.3 70B · 12 000 TPM,"castigados,",1,1,1,1,"castigados,",BnF_075_035,bnf_075,Arturo,Puntuación,"Coma (,)",1,"Puntuación — Coma (,)",False,"castigados,"
861,GPT OSS 120B · 8 000 TPM,castigando,1,1,1,1,castigando,AGN_Indios_v009_exp003_fs4v-5_01,agn_indios,Arturo,Puntuación,No sub-rule assigned,1,Puntuación — No sub-rule assigned,False,castigando
862,Llama 3.3 70B · 12 000 TPM,castigar,1,1,1,1,castigar,UIA_Ms149_Exp2_51,uia_ms149,Arturo,Cambios,Sustitución,1,Cambios — Sustitución,False,castigar
863,Llama 3.3 70B · 12 000 TPM,castilblanco.,1,1,1,1,Castilblanco.,BnF_075_035,bnf_075,Arturo,Puntuación,Punto (.),1,Puntuación — Punto (.),False,castilblanco.
864,GPT OSS 120B · 8 000 TPM,castilla,1,1,1,1,castilla,AGN_GralParte_v006_exp617_01,agn_gralparte,Rodrigo,Puntuación,"Coma (,)",1,"Puntuación — Coma (,)",False,castilla
865,Llama 3.3 70B · 12 000 TPM,cata,1,1,1,1,Cata,AGI_CONTRATACION_1089_N8_151,agi_contratacion,Paco,Abreviaturas,Expansión completa,1,Abreviaturas — Expansión completa,False,cata
866,GPT OSS 120B · 8 000 TPM,catolica,1,1,1,1,catolica,BnF_112_04,bnf_112,Paloma,Acentuación,No sub-rule assigned,1,Acentuación — No sub-rule assigned,False,catolica
867,Llama 3.3 70B · 12 000 TPM,causa;,1,1,1,1,causa;,BnF_167_04,bnf_167,Javier,Puntuación,"Coma (,)",1,"Puntuación — Coma (,)",False,causa;
868,Llama 3.3 70B · 12 000 TPM,causas,1,1,1,1,Causas,LoC_HPKraus_146_new_13,loc_hpkraus,Paco,Cambios,Sustitución,1,Cambios — Sustitución,False,causas
869,Llama 3.3 70B · 12 000 TPM,cavallero,1,1,1,1,Cavallero,BnF_243_12,bnf_243,Arturo,Filológicas - instrucciones,Regularización de labiales (b/v),1,Filológicas - instrucciones — Regularización de labiales (b/v),False,cavallero
870,Llama 3.3 70B · 12 000 TPM,cavaña,1,1,1,1,Cavaña,UIA_Ms149_Exp3_31,uia_ms149,Alba,Filológicas - mecánicas,Regularización de sibilantes,1,Filológicas - mecánicas — Regularización de sibilantes,False,cavaña
871,Llama 3.3 70B · 12 000 TPM,cavilmente,1,1,1,1,cavilmente,BnF_110_13,bnf_110,Adriana,Cambios,Sustitución,1,Cambios — Sustitución,False,cavilmente
872,GPT OSS 120B · 8 000 TPM,cavsas,1,1,1,1,Cavsas,BnF_032_36,bnf_032,Paco,Filológicas - instrucciones,No sub-rule assigned,1,Filológicas - instrucciones — No sub-rule assigned,False,cavsas
873,Llama 3.3 70B · 12 000 TPM,cayda,1,1,1,1,cayda,utblac_JGI_XXV-05_Tequixquiac_25,utblac_jgi,Edna,Filológicas - instrucciones,Regularización de i/y vocálicas,1,Filológicas - instrucciones — Regularización de i/y vocálicas,False,cayda
874,GPT OSS 120B · 8 000 TPM,caza,1,1,1,1,caza,BnF_111_20,bnf_111,Flor,Cambios,Sustitución,1,Cambios — Sustitución,False,caza
875,GPT OSS 120B · 8 000 TPM,cedulas,1,1,1,1,cedulas,AGN_Indios_v019_exp354_2,agn_indios,Alba,Acentuación,No sub-rule assigned,1,Acentuación — No sub-rule assigned,False,cedulas
876,Llama 3.3 70B · 12 000 TPM,"ceinos,",1,1,1,1,"Ceinos,",BnF_118_08,bnf_118,Arturo,Puntuación,"Coma (,)",1,"Puntuación — Coma (,)",False,"ceinos,"
877,GPT OSS 120B · 8 000 TPM,celemin,1,1,1,1,celemin,BnF_030_27,bnf_030,Rodrigo,Acentuación,No sub-rule assigned,1,Acentuación — No sub-rule assigned,False,celemin
878,Llama 3.3 70B · 12 000 TPM,"cera, y",1,1,1,1,"cera, y",BnF_244_03,bnf_244,Arturo,Puntuación,"Coma (,)",1,"Puntuación — Coma (,)",False,"cera, y"
879,GPT OSS 120B · 8 000 TPM,cero,1,1,1,1,cero,BnF_030_27,bnf_030,Rodrigo,Acentuación,No sub-rule assigned,1,Acentuación — No sub-rule assigned | Cambios — Otros,False,cero
880,GPT OSS 120B · 8 000 TPM,ceron,1,1,1,1,ceron,BnF_030_27,bnf_030,Rodrigo,Acentuación,No sub-rule assigned,1,Acentuación — No sub-rule assigned | Cambios — Otros,False,ceron
881,Llama 3.3 70B · 12 000 TPM,cerros,1,1,1,1,cerros,AGI_INDIFERENTE_1529_N8_06,agi_indiferente,Rodrigo,Cambios,Sustitución,1,Cambios — Sustitución,False,cerros
882,GPT OSS 120B · 8 000 TPM,chiapa por,1,1,1,1,Chiapa por,AGN_Indios_v009_exp003_fs4v-5_01,agn_indios,Arturo,Puntuación,No sub-rule assigned,1,Puntuación — No sub-rule assigned,False,chiapa por
883,Llama 3.3 70B · 12 000 TPM,chimal,1,1,1,1,Chimal,BnF_111_21,bnf_111,Flor,Cambios,Deleción,1,Cambios — Deleción,False,chimal
884,GPT OSS 120B · 8 000 TPM,choro,1,1,1,1,choro,BNE_ms3047_1,bne_ms3047,Rodrigo,Filológicas - instrucciones,Regularización de H etimológica,1,Filológicas - instrucciones — Regularización de H etimológica,False,choro
885,GPT OSS 120B · 8 000 TPM,chorro,1,1,1,1,chorro,AMP_AC_v021__doc026_1,amp_ac,Rodrigo,Cambios,Deleción,1,Cambios — Deleción,False,chorro
886,Llama 3.3 70B · 12 000 TPM,chusma,1,1,1,1,chusma,BP_CM_R494_156_2,bp_cm,Javier,Cambios,Deleción,1,Cambios — Deleción,False,chusma
887,GPT OSS 120B · 8 000 TPM,cia,1,1,1,1,cia,BnF_032_36,bnf_032,Paco,Cambios,Inserción,1,Cambios — Inserción | Filológicas - instrucciones — No sub-rule assigned,False,cia
888,Llama 3.3 70B · 12 000 TPM,ciento once,1,1,1,1,ciento once,BnF_030_22,bnf_030,Paco,Cambios,Deleción,1,Cambios — Deleción,False,ciento once
889,GPT OSS 120B · 8 000 TPM,"ciertos, indios",1,1,1,1,"ciertos, indios",BnF_116_02,bnf_116,Paco,Puntuación,No sub-rule assigned,1,Puntuación — No sub-rule assigned,False,"ciertos, indios"
890,Llama 3.3 70B · 12 000 TPM,cihuayztitzin,1,1,1,1,Cihuayztitzin,BnF_118_08,bnf_118,Arturo,Filológicas - instrucciones,No modificar otros idiomas,1,Filológicas - instrucciones — No modificar otros idiomas,False,cihuayztitzin
891,GPT OSS 120B · 8 000 TPM,cion,1,1,1,1,cion,BnF_112_04,bnf_112,Paloma,Filológicas - instrucciones,Regularización de i/y vocálicas,1,Filológicas - instrucciones — Regularización de i/y vocálicas | Filológicas - instrucciones — Regularización de labiales (b/v),False,cion
892,Llama 3.3 70B · 12 000 TPM,"citado, de",1,1,1,1,"citado, de",BnF_264_12,bnf_264,Edna,Cambios,Deleción,1,Cambios — Deleción,False,"citado, de"
893,Llama 3.3 70B · 12 000 TPM,citaltepec,1,1,1,1,citaltepec,BnF_267_23,bnf_267,Paco,Abreviaturas,Expansión completa,1,Abreviaturas — Expansión completa | Cambios — Sustitución,False,citaltepec
894,Llama 3.3 70B · 12 000 TPM,"ciudad, de",1,1,1,1,"ciudad, de",utblac_wbs_888_duplicated_1,utblac_wbs,Edna,Puntuación,"Coma (,)",1,"Puntuación — Coma (,)",False,"ciudad, de"
895,Llama 3.3 70B · 12 000 TPM,ciudad. la,1,1,1,1,ciudad. La,utblac_gg_mss_g62_duplicated_03,utblac_gg,Flor,Cambios,Deleción,1,Cambios — Deleción,False,ciudad. la
896,GPT OSS 120B · 8 000 TPM,civil,1,1,1,1,civil,BnF_112_02,bnf_112,Arturo,Cambios,Sustitución,1,Cambios — Sustitución,False,civil
897,Llama 3.3 70B · 12 000 TPM,civiles,1,1,1,1,civiles,BnF_075_003,bnf_075,Adriana,Cambios,No sub-rule assigned,1,Cambios — No sub-rule assigned,False,civiles
898,Llama 3.3 70B · 12 000 TPM,clara,1,1,1,1,clara,BP_CM_R481_071_2,bp_cm,Adriana,Cambios,Sustitución,1,Cambios — Sustitución,False,clara
899,Llama 3.3 70B · 12 000 TPM,"claro, doy",1,1,1,1,"claro, doy",BnF_243_16,bnf_243,Rodrigo,Puntuación,Punto (.),1,Puntuación — Punto (.),False,"claro, doy"
900,Llama 3.3 70B · 12 000 TPM,clase;,1,1,1,1,clase;,BnF_283_12,bnf_283,Javier,Puntuación,"Coma (,)",1,"Puntuación — Coma (,)",False,clase;
901,Llama 3.3 70B · 12 000 TPM,clasificando,1,1,1,1,clasificando,BP_CM_32386_007_2,bp_cm,Rodrigo,Cambios,Sustitución,1,Cambios — Sustitución,False,clasificando
902,Llama 3.3 70B · 12 000 TPM,clérigo,1,1,1,1,clérigo,AGN_Inquisicion_v1570A_exp134_fs159-160v_02,agn_inquisicion,Adriana,Cambios,Sustitución,1,Cambios — Sustitución,False,clérigo
903,GPT OSS 120B · 8 000 TPM,co,1,1,1,1,co,AGN_GralParte_v006_exp617_01,agn_gralparte,Rodrigo,Cambios,Otros,1,Cambios — Otros,False,co
904,GPT OSS 120B · 8 000 TPM,cocer,1,1,1,1,cocer,BnF_075_014,bnf_075,Alba,Filológicas - instrucciones,x sibilante → j,1,Filológicas - instrucciones — x sibilante → j,False,cocer
905,Llama 3.3 70B · 12 000 TPM,"codicie, cuando",1,1,1,1,"codicie, cuando",BnF_032_23,bnf_032,Arturo,Puntuación,"Coma (,)",1,"Puntuación — Coma (,)",False,"codicie, cuando"
906,GPT OSS 120B · 8 000 TPM,colegio -,1,1,1,1,colegio -,BnF_112_02,bnf_112,Arturo,Puntuación,No sub-rule assigned,1,Puntuación — No sub-rule assigned,False,colegio -
907,GPT OSS 120B · 8 000 TPM,colima,1,1,1,1,colima,AGN_GralParte_v006_exp617_01,agn_gralparte,Rodrigo,Cambios,Otros,1,Cambios — Otros,False,colima
908,GPT OSS 120B · 8 000 TPM,colimas,1,1,1,1,colimas,AGN_GralParte_v006_exp617_01,agn_gralparte,Rodrigo,Cambios,Otros,1,Cambios — Otros,False,colimas
909,Llama 3.3 70B · 12 000 TPM,color sino,1,1,1,1,color sino,BnF_167_29,bnf_167,Adriana,Cambios,Deleción,1,Cambios — Deleción,False,color sino
910,GPT OSS 120B · 8 000 TPM,colón,1,1,1,1,colón,AGI_INDIFERENTE_2065_N45_09,agi_indiferente,Rodrigo,Abreviaturas,Expansión completa,1,Abreviaturas — Expansión completa | Cambios — Sustitución,False,colón
911,GPT OSS 120B · 8 000 TPM,com,1,1,1,1,com,AGN_GralParte_v006_exp617_01,agn_gralparte,Rodrigo,Cambios,Otros,1,Cambios — Otros,False,com
912,GPT OSS 120B · 8 000 TPM,combenga,1,1,1,1,combenga,AGN_Indios_v019_exp354_2,agn_indios,Alba,Filológicas - instrucciones,Regularización de labiales (b/v),1,Filológicas - instrucciones — Regularización de labiales (b/v),False,combenga
913,GPT OSS 120B · 8 000 TPM,cometieron,1,1,1,1,cometieron,AGN_Indios_v009_exp003_fs4v-5_01,agn_indios,Arturo,Cambios,Sustitución,1,Cambios — Sustitución,False,cometieron
914,GPT OSS 120B · 8 000 TPM,cometio,1,1,1,1,cometio,BnF_112_02,bnf_112,Arturo,Acentuación,No sub-rule assigned,1,Acentuación — No sub-rule assigned,False,cometio
915,GPT OSS 120B · 8 000 TPM,como,1,1,1,1,como,BnF_112_02,bnf_112,Arturo,Acentuación,No sub-rule assigned,1,Acentuación — No sub-rule assigned,False,como
916,Llama 3.3 70B · 12 000 TPM,como de causa,1,1,1,1,como de causa,AGN_AHHacienda_v268_exp046_02,agn_ahhacienda,Paloma,Cambios,Deleción,1,Cambios — Deleción,False,como de causa
917,GPT OSS 120B · 8 000 TPM,companero,1,1,1,1,companero,AGN_GralParte_v006_exp617_01,agn_gralparte,Rodrigo,Filológicas - instrucciones,Regularización de la nasal palatal,1,Filológicas - instrucciones — Regularización de la nasal palatal,False,companero
918,Llama 3.3 70B · 12 000 TPM,compaã±ã­a,1,1,1,1,CompaÃ±Ã­a,BnF_266_05,bnf_266,Adriana,Cambios,Otros,1,Cambios — Otros | Cambios — Sustitución,False,compaã±ã­a
919,Llama 3.3 70B · 12 000 TPM,compelidos,1,1,1,1,compelidos,AGN_HospJesus_c474_leg267-2_exp024_7473-7537_10,agn_hospjesus,Arturo,Cambios,Sustitución,1,Cambios — Sustitución,False,compelidos
920,Llama 3.3 70B · 12 000 TPM,comprendidas,1,1,1,1,comprendidas,UIA_Ms149_Exp3_43,uia_ms149,Paco,Cambios,Deleción,1,Cambios — Deleción,False,comprendidas
921,GPT OSS 120B · 8 000 TPM,compro,1,1,1,1,compro,BnF_112_23,bnf_112,Edna,Acentuación,No sub-rule assigned,1,Acentuación — No sub-rule assigned,False,compro
922,GPT OSS 120B · 8 000 TPM,compró,1,1,1,1,compró,BnF_030_27,bnf_030,Rodrigo,Cambios,Deleción,1,Cambios — Deleción,False,compró
923,Llama 3.3 70B · 12 000 TPM,"comuniones, y",1,1,1,1,"comuniones, y",BnF_174_03,bnf_174,Arturo,Puntuación,"Coma (,)",1,"Puntuación — Coma (,)",False,"comuniones, y"
924,Llama 3.3 70B · 12 000 TPM,común,1,1,1,1,común,AGN_RealesCedDup_v003_exp334,agn_realesceddup,Alba,Abreviaturas,Expansión completa,1,Abreviaturas — Expansión completa,False,común
925,Llama 3.3 70B · 12 000 TPM,con,1,1,1,1,con,BnF_266_03,bnf_266,Rodrigo,Cambios,Inserción,1,Cambios — Inserción,False,con
926,GPT OSS 120B · 8 000 TPM,con ello,1,1,1,1,con ello,AGN_Indios_v009_exp003_fs4v-5_01,agn_indios,Arturo,Cambios,Sustitución,1,Cambios — Sustitución,False,con ello
927,GPT OSS 120B · 8 000 TPM,con para rezar,1,1,1,1,con para rezar,AGN_Indios_v019_exp354_2,agn_indios,Alba,Cambios,Otros,1,Cambios — Otros,False,con para rezar
928,Llama 3.3 70B · 12 000 TPM,con sí,1,1,1,1,con sí,AGI_PATRONATO_182_R3_03,agi_patronato,Javier,Cambios,Sustitución,1,Cambios — Sustitución,False,con sí
929,GPT OSS 120B · 8 000 TPM,con.,1,1,1,1,con.,BNE_ms3047_1,bne_ms3047,Rodrigo,Puntuación,No sub-rule assigned,1,Puntuación — No sub-rule assigned,False,con.
930,Llama 3.3 70B · 12 000 TPM,"conato, y",1,1,1,1,"Conato, y",BnF_174_03,bnf_174,Arturo,Puntuación,"Coma (,)",1,"Puntuación — Coma (,)",False,"conato, y"
931,Llama 3.3 70B · 12 000 TPM,concedían veinte,1,1,1,1,concedían veinte,BnF_117_13,bnf_117,Paco,Cambios,Deleción,1,Cambios — Deleción,False,concedían veinte
932,Llama 3.3 70B · 12 000 TPM,"concertar, después",1,1,1,1,"concertar, después",UIA_Ms149_Exp2_51,uia_ms149,Arturo,Puntuación,"Coma (,)",1,"Puntuación — Coma (,)",False,"concertar, después"
933,GPT OSS 120B · 8 000 TPM,condenacion,1,1,1,1,Condenacion,BnF_032_36,bnf_032,Paco,Acentuación,No sub-rule assigned,1,Acentuación — No sub-rule assigned,False,condenacion
934,Llama 3.3 70B · 12 000 TPM,confesión. 3,1,1,1,1,confesión. 3,Mechoacan_Yurirapundaro_2,mechoacan_yurirapundaro,Arturo,Puntuación,Punto (.),1,Puntuación — Punto (.),False,confesión. 3
935,Llama 3.3 70B · 12 000 TPM,confesã³,1,1,1,1,confesÃ³,BnF_266_05,bnf_266,Adriana,Cambios,Otros,1,Cambios — Otros | Cambios — Sustitución,False,confesã³
936,Llama 3.3 70B · 12 000 TPM,confirmado después,1,1,1,1,confirmado después,UIA_Ms149_Exp2_51,uia_ms149,Arturo,Puntuación,No sub-rule assigned,1,Puntuación — No sub-rule assigned,False,confirmado después
937,Llama 3.3 70B · 12 000 TPM,conformasteis,1,1,1,1,conformasteis,UIA_Ms149_Exp2_51,uia_ms149,Arturo,Cambios,Inserción,1,Cambios — Inserción,False,conformasteis
938,Llama 3.3 70B · 12 000 TPM,confusiã³n,1,1,1,1,confusiÃ³n,BnF_266_05,bnf_266,Adriana,Cambios,Otros,1,Cambios — Otros | Cambios — Sustitución,False,confusiã³n
939,GPT OSS 120B · 8 000 TPM,confyesa,1,1,1,1,confyesa,BnF_112_04,bnf_112,Paloma,Filológicas - instrucciones,Regularización de i/y vocálicas,1,Filológicas - instrucciones — Regularización de i/y vocálicas,False,confyesa
940,GPT OSS 120B · 8 000 TPM,confyeso,1,1,1,1,confyeso,BnF_112_04,bnf_112,Paloma,Filológicas - instrucciones,Regularización de i/y vocálicas,1,Filológicas - instrucciones — Regularización de i/y vocálicas,False,confyeso
941,GPT OSS 120B · 8 000 TPM,congr,1,1,1,1,Congr,AGN_AHHacienda_v268_exp046_01,agn_ahhacienda,Adriana,Abreviaturas,Expansión completa,1,Abreviaturas — Expansión completa,False,congr
942,GPT OSS 120B · 8 000 TPM,conjuntamente,1,1,1,1,conjuntamente,AGN_Indios_v002_exp835,agn_indios,Paloma,Cambios,Inserción,1,Cambios — Inserción,False,conjuntamente
943,Llama 3.3 70B · 12 000 TPM,conoce,1,1,1,1,conoce,BnF_266_07,bnf_266,Paco,Cambios,Deleción,1,Cambios — Deleción,False,conoce
944,Llama 3.3 70B · 12 000 TPM,conocería,1,1,1,1,conocería,BnF_111_27,bnf_111,Alba,Cambios,Sustitución,1,Cambios — Sustitución,False,conocería
945,Llama 3.3 70B · 12 000 TPM,conocimos de mestizos de indios campechanos de,1,1,1,1,conocimos de mestizos de indios campechanos de,BnF_266_03,bnf_266,Rodrigo,Puntuación,"Coma (,)",1,"Puntuación — Coma (,)",False,conocimos de mestizos de indios campechanos de
946,Llama 3.3 70B · 12 000 TPM,conoció a,1,1,1,1,conoció a,BnF_111_27,bnf_111,Alba,Cambios,Inserción,1,Cambios — Inserción,False,conoció a
947,GPT OSS 120B · 8 000 TPM,conoscimito,1,1,1,1,conoscimito,AGN_GralParte_v006_exp617_01,agn_gralparte,Rodrigo,Abreviaturas,Expansión completa,1,Abreviaturas — Expansión completa,False,conoscimito
948,GPT OSS 120B · 8 000 TPM,conosco,1,1,1,1,Conosco,AGN_RealesCedDup_v050_exp062,agn_realesceddup,Paloma,Filológicas - mecánicas,Regularización de sibilantes,1,Filológicas - mecánicas — Regularización de sibilantes,False,conosco
949,GPT OSS 120B · 8 000 TPM,conozida,1,1,1,1,conozida,AGI_CONTRATACION_1183_N8_78,agi_contratacion,Adriana,Filológicas - mecánicas,Regularización de sibilantes,1,Filológicas - mecánicas — Regularización de sibilantes,False,conozida
950,Llama 3.3 70B · 12 000 TPM,conquérda,1,1,1,1,Conquérda,AGN_Inquisicion_v1570A_exp134_fs159-160v_02,agn_inquisicion,Adriana,Filológicas - mecánicas,Adecuación de grafía labiovelar,1,Filológicas - mecánicas — Adecuación de grafía labiovelar,False,conquérda
951,GPT OSS 120B · 8 000 TPM,consdo,1,1,1,1,consdo,AGI_CONTRATACION_1091_N3_098,agi_contratacion,Javier,Abreviaturas,Expansión completa,1,Abreviaturas — Expansión completa,False,consdo
952,Llama 3.3 70B · 12 000 TPM,consdo,1,1,1,1,consdo,AGI_CONTRATACION_1089_N8_151,agi_contratacion,Paco,Abreviaturas,Expansión completa,1,Abreviaturas — Expansión completa,False,consdo
953,Llama 3.3 70B · 12 000 TPM,conseguir,1,1,1,1,conseguir,BnF_075_026,bnf_075,Arturo,Cambios,Sustitución,1,Cambios — Sustitución,False,conseguir
954,Llama 3.3 70B · 12 000 TPM,consentían que,1,1,1,1,consentían que,BnF_266_10,bnf_266,Flor,Cambios,Deleción,1,Cambios — Deleción,False,consentían que
955,GPT OSS 120B · 8 000 TPM,consexos,1,1,1,1,Consexos,AGS_CE_RG_L379_01,ags_ce,Javier,Filológicas - instrucciones,x sibilante → j,1,Filológicas - instrucciones — x sibilante → j,False,consexos
956,Llama 3.3 70B · 12 000 TPM,consintáis,1,1,1,1,consintáis,BnF_119-148_13,bnf_119-148,Edna,Cambios,Inserción,1,Cambios — Inserción,False,consintáis
957,Llama 3.3 70B · 12 000 TPM,consta en la escritura,1,1,1,1,consta en la escritura,BnF_243_18,bnf_243,Adriana,Cambios,Deleción,1,Cambios — Deleción | Cambios — Sustitución,False,consta en la escritura
958,GPT OSS 120B · 8 000 TPM,conste,1,1,1,1,conste,AGN_Indios_v019_exp354_2,agn_indios,Alba,Cambios,Sustitución,1,Cambios — Sustitución,False,conste
959,Llama 3.3 70B · 12 000 TPM,constituye fiador,1,1,1,1,constituye fiador,AGN_IndiferenteVirreinal_caja4071_exp024_1,agn_indiferentevirreinal,Rodrigo,Abreviaturas,Expansión completa,1,Abreviaturas — Expansión completa | Cambios — Deleción,False,constituye fiador
960,Llama 3.3 70B · 12 000 TPM,"consulta, y",1,1,1,1,"consulta, y",BnF_167_25,bnf_167,Paco,Puntuación,"Coma (,)",1,"Puntuación — Coma (,)",False,"consulta, y"
961,Llama 3.3 70B · 12 000 TPM,contamos,1,1,1,1,contamos,BnF_266_10,bnf_266,Flor,Cambios,Deleción,1,Cambios — Deleción | Cambios — Sustitución,False,contamos
962,Llama 3.3 70B · 12 000 TPM,contenido,1,1,1,1,contenido,AGN_HospJesus_c474_leg267-2_exp024_7473-7537_05,agn_hospjesus,Rodrigo,Cambios,Deleción,1,Cambios — Deleción,False,contenido
963,GPT OSS 120B · 8 000 TPM,contenydo,1,1,1,1,contenydo,BnF_113_22,bnf_113,Paloma,Filológicas - instrucciones,Regularización de i/y vocálicas,1,Filológicas - instrucciones — Regularización de i/y vocálicas,False,contenydo
964,GPT OSS 120B · 8 000 TPM,contenydos,1,1,1,1,contenydos,BnF_113_22,bnf_113,Paloma,Filológicas - instrucciones,Regularización de i/y vocálicas,1,Filológicas - instrucciones — Regularización de i/y vocálicas,False,contenydos
965,GPT OSS 120B · 8 000 TPM,contrd,1,1,1,1,Contrd,AGN_AHHacienda_v268_exp046_01,agn_ahhacienda,Adriana,Abreviaturas,Expansión completa,1,Abreviaturas — Expansión completa,False,contrd
966,Llama 3.3 70B · 12 000 TPM,convendría,1,1,1,1,convendría,BnF_119-148_16,bnf_119-148,Flor,Cambios,Sustitución,1,Cambios — Sustitución,False,convendría
967,Llama 3.3 70B · 12 000 TPM,convenga,1,1,1,1,convenga,BP_CM_R481_071_2,bp_cm,Adriana,Cambios,Sustitución,1,Cambios — Sustitución,False,convenga
968,Llama 3.3 70B · 12 000 TPM,convenida,1,1,1,1,convenida,LoC_HPKraus_146_new_13,loc_hpkraus,Paco,Cambios,Sustitución,1,Cambios — Sustitución,False,convenida
969,Llama 3.3 70B · 12 000 TPM,"conviene, y",1,1,1,1,"conviene, y",AGN_Indios_v009_exp002_fs3v-4_01,agn_indios,Arturo,Puntuación,"Coma (,)",1,"Puntuación — Coma (,)",False,"conviene, y"
970,GPT OSS 120B · 8 000 TPM,convinyese,1,1,1,1,convinyese,AGI_PATRONATO_182_R3_04,agi_patronato,Paco,Filológicas - instrucciones,No sub-rule assigned,1,Filológicas - instrucciones — No sub-rule assigned,False,convinyese
971,GPT OSS 120B · 8 000 TPM,convoto,1,1,1,1,convoto,BNE_ms3047_1,bne_ms3047,Rodrigo,Abreviaturas,Expansión completa,1,Abreviaturas — Expansión completa,False,convoto
972,GPT OSS 120B · 8 000 TPM,cor,1,1,1,1,cor,AGN_AHHacienda_v1292_exp135,agn_ahhacienda,Javier,Abreviaturas,Expansión completa,1,Abreviaturas — Expansión completa,False,cor
973,Llama 3.3 70B · 12 000 TPM,corregidor,1,1,1,1,corregidor,AGN_AHHacienda_v268_exp046_02,agn_ahhacienda,Paloma,Abreviaturas,Expansión completa,1,Abreviaturas — Expansión completa | Cambios — Deleción,False,corregidor
974,GPT OSS 120B · 8 000 TPM,corregor,1,1,1,1,Corregor,AGN_RealesCedDup_v050_exp062,agn_realesceddup,Paloma,Abreviaturas,Expansión completa,1,Abreviaturas — Expansión completa | Filológicas - instrucciones — Regularización de H etimológica | Filológicas - instrucciones — Regularización de i/y vocálicas,False,corregor
975,GPT OSS 120B · 8 000 TPM,corregr,1,1,1,1,Corregr,AGN_AHHacienda_v268_exp046_01,agn_ahhacienda,Adriana,Abreviaturas,Expansión completa,1,Abreviaturas — Expansión completa,False,corregr
976,GPT OSS 120B · 8 000 TPM,correximiento,1,1,1,1,correximiento,AGN_RealesCedDup_v030_exp874,agn_realesceddup,Alba,Filológicas - instrucciones,x sibilante → j,1,Filológicas - instrucciones — x sibilante → j,False,correximiento
977,Llama 3.3 70B · 12 000 TPM,corriã³,1,1,1,1,corriÃ³,BnF_266_05,bnf_266,Adriana,Cambios,Otros,1,Cambios — Otros | Cambios — Sustitución,False,corriã³
978,Llama 3.3 70B · 12 000 TPM,cortaba,1,1,1,1,cortaba,BnF_266_10,bnf_266,Flor,Cambios,Sustitución,1,Cambios — Sustitución,False,cortaba
979,Llama 3.3 70B · 12 000 TPM,cortaron,1,1,1,1,cortaron,BnF_266_10,bnf_266,Flor,Cambios,Sustitución,1,Cambios — Sustitución,False,cortaron
980,Llama 3.3 70B · 12 000 TPM,cosas.,1,1,1,1,cosas.,BnF_167_03,bnf_167,Javier,Cambios,Deleción,1,Cambios — Deleción,False,cosas.
981,Llama 3.3 70B · 12 000 TPM,cosechar,1,1,1,1,cosechar,BnF_174_05,bnf_174,Adriana,Cambios,Sustitución,1,Cambios — Sustitución,False,cosechar
982,Llama 3.3 70B · 12 000 TPM,costumbre:,1,1,1,1,costumbre:,BnF_264_03,bnf_264,Adriana,Puntuación,No sub-rule assigned,1,Puntuación — No sub-rule assigned,False,costumbre:
983,GPT OSS 120B · 8 000 TPM,cotepeq / ante,1,1,1,1,cotepeq / ante,BnF_032_36,bnf_032,Paco,Puntuación,Punto (.),1,Puntuación — Punto (.),False,cotepeq / ante
984,Llama 3.3 70B · 12 000 TPM,coxila,1,1,1,1,coxila,BnF_266_10,bnf_266,Flor,Cambios,Sustitución,1,Cambios — Sustitución,False,coxila
985,Llama 3.3 70B · 12 000 TPM,"coyuacán, a",1,1,1,1,"Coyuacán, a",AGN_HospJesus_c474_leg267-2_exp024_7473-7537_10,agn_hospjesus,Arturo,Puntuación,"Coma (,)",1,"Puntuación — Coma (,)",False,"coyuacán, a"
986,Llama 3.3 70B · 12 000 TPM,cozamalci,1,1,1,1,Cozamalci,BnF_032_23,bnf_032,Arturo,Filológicas - instrucciones,No modificar otros idiomas,1,Filológicas - instrucciones — No modificar otros idiomas,False,cozamalci
987,GPT OSS 120B · 8 000 TPM,crear,1,1,1,1,crear,AGI_PATRONATO_181_R13_1,agi_patronato,Paloma,Cambios,Sustitución,1,Cambios — Sustitución,False,crear
988,Llama 3.3 70B · 12 000 TPM,crecã­a,1,1,1,1,CrecÃ­a,BnF_266_05,bnf_266,Adriana,Cambios,Otros,1,Cambios — Otros | Cambios — Sustitución,False,crecã­a
989,GPT OSS 120B · 8 000 TPM,crencia,1,1,1,1,crencia,BnF_112_04,bnf_112,Paloma,Cambios,Deleción,1,Cambios — Deleción,False,crencia
990,Llama 3.3 70B · 12 000 TPM,"criados,",1,1,1,1,"criados,",BP_CM_R494_156_2,bp_cm,Javier,Puntuación,"Coma (,)",1,"Puntuación — Coma (,)",False,"criados,"
991,Llama 3.3 70B · 12 000 TPM,criminales,1,1,1,1,criminales,BnF_075_003,bnf_075,Adriana,Cambios,No sub-rule assigned,1,Cambios — No sub-rule assigned,False,criminales
992,Llama 3.3 70B · 12 000 TPM,cristiana,1,1,1,1,Cristiana,BnF_174_03,bnf_174,Arturo,Cambios,Deleción,1,Cambios — Deleción,False,cristiana
993,Llama 3.3 70B · 12 000 TPM,cristianos,1,1,1,1,cristianos,Mechoacan_Yurirapundaro_2,mechoacan_yurirapundaro,Arturo,Cambios,No sub-rule assigned,1,Cambios — No sub-rule assigned,False,cristianos
994,Llama 3.3 70B · 12 000 TPM,cristóbal,1,1,1,1,Cristóbal,BnF_243_12,bnf_243,Arturo,Cambios,No sub-rule assigned,1,Cambios — No sub-rule assigned,False,cristóbal
995,Llama 3.3 70B · 12 000 TPM,"crié, y",1,1,1,1,"crié, y",BnF_032_23,bnf_032,Arturo,Puntuación,"Coma (,)",1,"Puntuación — Coma (,)",False,"crié, y"
996,Llama 3.3 70B · 12 000 TPM,"cruces, y",1,1,1,1,"Cruces, y",BnF_174_03,bnf_174,Arturo,Puntuación,"Coma (,)",1,"Puntuación — Coma (,)",False,"cruces, y"
997,Llama 3.3 70B · 12 000 TPM,cual en la segunda parte,1,1,1,1,cual en la segunda parte,BnF_264_03,bnf_264,Adriana,Cambios,Deleción,1,Cambios — Deleción,False,cual en la segunda parte
998,GPT OSS 120B · 8 000 TPM,cual. dijo,1,1,1,1,cual. Dijo,BnF_113_04,bnf_113,Paco,Puntuación,Punto (.),1,Puntuación — Punto (.),False,cual. dijo
999,Llama 3.3 70B · 12 000 TPM,cualesquiera,1,1,1,1,cualesquiera,utblac_wbs_0912a_duplicated,utblac_wbs,Arturo,Cambios,Inserción,1,Cambios — Inserción,False,cualesquiera
1000,GPT OSS 120B · 8 000 TPM,cualqr,1,1,1,1,cualqr,BnF_112_04,bnf_112,Paloma,Abreviaturas,No sub-rule assigned,1,Abreviaturas — No sub-rule assigned,False,cualqr
1001,Llama 3.3 70B · 12 000 TPM,cualquier,1,1,1,1,cualquier,BnF_118_03,bnf_118,Paloma,Cambios,Deleción,1,Cambios — Deleción,False,cualquier
1002,Llama 3.3 70B · 12 000 TPM,cuam,1,1,1,1,cuam,BnF_174_04,bnf_174,Paloma,Cambios,Sustitución,1,Cambios — Sustitución,False,cuam
1003,Llama 3.3 70B · 12 000 TPM,cuamuis,1,1,1,1,Cuamuis,BnF_174_04,bnf_174,Paloma,Cambios,Sustitución,1,Cambios — Sustitución,False,cuamuis
1004,Llama 3.3 70B · 12 000 TPM,cuando la,1,1,1,1,cuando la,BnF_266_05,bnf_266,Adriana,Cambios,Deleción,1,Cambios — Deleción | Cambios — Otros,False,cuando la
1005,Llama 3.3 70B · 12 000 TPM,cuanetzol,1,1,1,1,cuanetzol,BnF_030_22,bnf_030,Paco,Cambios,Sustitución,1,Cambios — Sustitución,False,cuanetzol
1006,Llama 3.3 70B · 12 000 TPM,cuanto,1,1,1,1,cuanto,BnF_174_05,bnf_174,Adriana,Cambios,Sustitución,1,Cambios — Sustitución,False,cuanto
1007,GPT OSS 120B · 8 000 TPM,cuantos. esta,1,1,1,1,cuantos. Esta,BnF_112_04,bnf_112,Paloma,Puntuación,Punto (.),1,Puntuación — Punto (.),False,cuantos. esta
1008,Llama 3.3 70B · 12 000 TPM,cuarenta,1,1,1,1,cuarenta,BnF_117_13,bnf_117,Paco,Cambios,Sustitución,1,Cambios — Sustitución,False,cuarenta
1009,Llama 3.3 70B · 12 000 TPM,cuauhtli,1,1,1,1,Cuauhtli,BnF_118_08,bnf_118,Arturo,Filológicas - instrucciones,No modificar otros idiomas,1,Filológicas - instrucciones — No modificar otros idiomas,False,cuauhtli
1010,Llama 3.3 70B · 12 000 TPM,cuauhyhuitzin,1,1,1,1,Cuauhyhuitzin,BnF_243_18,bnf_243,Adriana,Filológicas - instrucciones,No modificar otros idiomas,1,Filológicas - instrucciones — No modificar otros idiomas,False,cuauhyhuitzin
1011,Llama 3.3 70B · 12 000 TPM,cuautle,1,1,1,1,Cuautle,BnF_111_27,bnf_111,Alba,Cambios,Sustitución,1,Cambios — Sustitución,False,cuautle
1012,GPT OSS 120B · 8 000 TPM,cuellar,1,1,1,1,cuellar,AGN_GralParte_v006_exp617_01,agn_gralparte,Rodrigo,Cambios,Otros,1,Cambios — Otros,False,cuellar
1013,Llama 3.3 70B · 12 000 TPM,cuellos,1,1,1,1,cuellos,utblac_JGI_XXIII-09_Amula_25,utblac_jgi,Rodrigo,Cambios,Sustitución,1,Cambios — Sustitución | Filológicas - instrucciones — Regularización de labiales (b/v),False,cuellos
1014,Llama 3.3 70B · 12 000 TPM,cuenta,1,1,1,1,cuenta,BnF_243_16,bnf_243,Rodrigo,Cambios,Inserción,1,Cambios — Inserción | Cambios — Sustitución,False,cuenta
1015,Llama 3.3 70B · 12 000 TPM,cuenta desde,1,1,1,1,cuenta desde,BnF_119-148_33,bnf_119-148,Paloma,Cambios,Inserción,1,Cambios — Inserción,False,cuenta desde
1016,Llama 3.3 70B · 12 000 TPM,cuidado,1,1,1,1,cuidado,BnF_119-148_33,bnf_119-148,Paloma,Cambios,Sustitución,1,Cambios — Sustitución,False,cuidado
1017,Llama 3.3 70B · 12 000 TPM,cuitla pil,1,1,1,1,cuitla pil,BnF_030_22,bnf_030,Paco,Cambios,Inserción,1,Cambios — Inserción,False,cuitla pil
1018,Llama 3.3 70B · 12 000 TPM,"culpa, y",1,1,1,1,"culpa, y",utblac_wbs_0912a_duplicated,utblac_wbs,Arturo,Puntuación,"Coma (,)",1,"Puntuación — Coma (,)",False,"culpa, y"
1019,Llama 3.3 70B · 12 000 TPM,"culpados, y",1,1,1,1,"culpados, y",UIA_Ms149_Exp2_51,uia_ms149,Arturo,Puntuación,"Coma (,)",1,"Puntuación — Coma (,)",False,"culpados, y"
1020,GPT OSS 120B · 8 000 TPM,cumplido. la,1,1,1,1,cumplido. La,BnF_116_02,bnf_116,Paco,Puntuación,Punto (.),1,Puntuación — Punto (.),False,cumplido. la
1021,Llama 3.3 70B · 12 000 TPM,cumplieron,1,1,1,1,cumplieron,utblac_wbs_1433_duplicated_1,utblac_wbs,Rodrigo,Cambios,Deleción,1,Cambios — Deleción | Cambios — Sustitución,False,cumplieron
1022,Llama 3.3 70B · 12 000 TPM,cumpliré,1,1,1,1,cumpliré,BnF_113_43,bnf_113,Paloma,Cambios,Sustitución,1,Cambios — Sustitución,False,cumpliré
1023,Llama 3.3 70B · 12 000 TPM,cuniga,1,1,1,1,Cuniga,BnF_075_003,bnf_075,Adriana,Filológicas - mecánicas,Regularización de sibilantes,1,Filológicas - mecánicas — Regularización de sibilantes,False,cuniga
1024,Llama 3.3 70B · 12 000 TPM,cuox,1,1,1,1,cuox,BnF_174_04,bnf_174,Paloma,Cambios,Sustitución,1,Cambios — Sustitución,False,cuox
1025,Llama 3.3 70B · 12 000 TPM,cárcel;,1,1,1,1,cárcel;,BnF_283_12,bnf_283,Javier,Puntuación,"Coma (,)",1,"Puntuación — Coma (,)",False,cárcel;
1026,GPT OSS 120B · 8 000 TPM,córdoba,1,1,1,1,Córdoba,AGN_RealesCedDup_v030_exp874,agn_realesceddup,Alba,Cambios,Deleción,1,Cambios — Deleción,False,córdoba
1027,Llama 3.3 70B · 12 000 TPM,córdoba. por,1,1,1,1,Córdoba. Por,AGN_Indios_v009_exp002_fs3v-4_01,agn_indios,Arturo,Cambios,Deleción,1,Cambios — Deleción,False,córdoba. por
1028,Llama 3.3 70B · 12 000 TPM,"d,",1,1,1,1,"D,",BP_CM_R494_156_2,bp_cm,Javier,Abreviaturas,Expansión completa,1,Abreviaturas — Expansión completa,False,"d,"
1029,GPT OSS 120B · 8 000 TPM,d. po,1,1,1,1,D. Po,AGN_RealesCedDup_v050_exp062,agn_realesceddup,Paloma,Cambios,Deleción,1,Cambios — Deleción,False,d. po
1030,GPT OSS 120B · 8 000 TPM,d[ic]ho,1,1,1,1,d[ic]ho,AGN_RealesCedDup_v050_exp062,agn_realesceddup,Paloma,Filológicas - mecánicas,Regularización de sibilantes,1,Filológicas - mecánicas — Regularización de sibilantes,False,d[ic]ho
1031,GPT OSS 120B · 8 000 TPM,dabila,1,1,1,1,dabila,BnF_032_15,bnf_032,Flor,Acentuación,No sub-rule assigned,1,Acentuación — No sub-rule assigned | Filológicas - instrucciones — Regularización de labiales (b/v),False,dabila
1032,Llama 3.3 70B · 12 000 TPM,dadnos,1,1,1,1,dadnos,utblac_wbs_1433_duplicated_1,utblac_wbs,Rodrigo,Cambios,Sustitución,1,Cambios — Sustitución,False,dadnos
1033,Llama 3.3 70B · 12 000 TPM,damto,1,1,1,1,damto,BnF_111_27,bnf_111,Alba,Abreviaturas,No sub-rule assigned,1,Abreviaturas — No sub-rule assigned,False,damto
1034,GPT OSS 120B · 8 000 TPM,darse,1,1,1,1,darse,AGI_INDIFERENTE_2065_N45_09,agi_indiferente,Rodrigo,Cambios,Deleción,1,Cambios — Deleción,False,darse
1035,Llama 3.3 70B · 12 000 TPM,darsele,1,1,1,1,darsele,AGI_INDIFERENTE_2065_N45_11,agi_indiferente,Alba,Acentuación,No sub-rule assigned,1,Acentuación — No sub-rule assigned,False,darsele
1036,Llama 3.3 70B · 12 000 TPM,darã¡,1,1,1,1,darÃ¡,BnF_266_05,bnf_266,Adriana,Cambios,Otros,1,Cambios — Otros | Cambios — Sustitución,False,darã¡
1037,GPT OSS 120B · 8 000 TPM,davila,1,1,1,1,davila,BnF_032_36,bnf_032,Paco,Acentuación,No sub-rule assigned,1,Acentuación — No sub-rule assigned,False,davila
1038,Llama 3.3 70B · 12 000 TPM,"daño, los",1,1,1,1,"daño, los",utblac_wbs_0912a_duplicated,utblac_wbs,Arturo,Puntuación,"Coma (,)",1,"Puntuación — Coma (,)",False,"daño, los"
1039,GPT OSS 120B · 8 000 TPM,de aclarado,1,1,1,1,de aclarado,BnF_030_27,bnf_030,Rodrigo,Cambios,Inserción,1,Cambios — Inserción,False,de aclarado
1040,Llama 3.3 70B · 12 000 TPM,de allí,1,1,1,1,de allí,utblac_wbs_1433_duplicated_1,utblac_wbs,Rodrigo,Cambios,Inserción,1,Cambios — Inserción | Cambios — Sustitución,False,de allí
1041,Llama 3.3 70B · 12 000 TPM,de dos,1,1,1,1,de dos,BnF_266_06,bnf_266,Adriana,Cambios,Deleción,1,Cambios — Deleción,False,de dos
1042,Llama 3.3 70B · 12 000 TPM,de ellos con,1,1,1,1,de ellos con,BnF_266_05,bnf_266,Adriana,Cambios,Deleción,1,Cambios — Deleción | Cambios — Inserción,False,de ellos con
1043,Llama 3.3 70B · 12 000 TPM,"de ellos, los",1,1,1,1,"de ellos, los",AGN_Inquisicion_v1568A_exp152_fs115-116v_01,agn_inquisicion,Rodrigo,Cambios,Deleción,1,Cambios — Deleción | Cambios — Sustitución,False,"de ellos, los"
1044,GPT OSS 120B · 8 000 TPM,de enero de mil y,1,1,1,1,de enero de mil y,AGN_Tierras_v039-2_exp003_72,agn_tierras,Edna,Abreviaturas,Expansión completa,1,"Abreviaturas — Expansión completa | Puntuación — Coma (,)",False,de enero de mil y
1045,Llama 3.3 70B · 12 000 TPM,de esto,1,1,1,1,de esto,BP_CM_R481_071_2,bp_cm,Adriana,Abreviaturas,"Excepciones (desto/a/os, dello/a/os)",1,"Abreviaturas — Excepciones (desto/a/os, dello/a/os) | Cambios — Sustitución",False,de esto
1046,Llama 3.3 70B · 12 000 TPM,de hacer,1,1,1,1,de hacer,BnF_112_08,bnf_112,Paloma,Cambios,Deleción,1,Cambios — Deleción,False,de hacer
1047,Llama 3.3 70B · 12 000 TPM,de hesas,1,1,1,1,de Hesas,AGS_CE_RG_L379_04,ags_ce,Rodrigo,Cambios,Inserción,1,Cambios — Inserción | Cambios — Otros,False,de hesas
1048,Llama 3.3 70B · 12 000 TPM,de la cruz,1,1,1,1,de la cruz,BnF_075_003,bnf_075,Adriana,Cambios,Deleción,1,Cambios — Deleción,False,de la cruz
1049,Llama 3.3 70B · 12 000 TPM,de la cual,1,1,1,1,de la cual,AGN_HospJesus_c474_leg267-2_exp024_7473-7537_10,agn_hospjesus,Arturo,Cambios,Sustitución,1,Cambios — Sustitución,False,de la cual
1050,Llama 3.3 70B · 12 000 TPM,"de la dicha villa,",1,1,1,1,"de la dicha villa,",AGN_HospJesus_c474_leg267-2_exp024_7473-7537_02,agn_hospjesus,Paco,Cambios,Inserción,1,Cambios — Inserción,False,"de la dicha villa,"
1051,Llama 3.3 70B · 12 000 TPM,de la madera,1,1,1,1,de la madera,BP_CM_R494_156_2,bp_cm,Javier,Cambios,Deleción,1,Cambios — Deleción,False,de la madera
1052,Llama 3.3 70B · 12 000 TPM,de las,1,1,1,1,de las,AGI_INDIFERENTE_2065_N45_11,agi_indiferente,Alba,Cambios,Inserción,1,Cambios — Inserción,False,de las
1053,Llama 3.3 70B · 12 000 TPM,de los mismos,1,1,1,1,de los mismos,BnF_119-148_33,bnf_119-148,Paloma,Cambios,Sustitución,1,Cambios — Sustitución,False,de los mismos
1054,Llama 3.3 70B · 12 000 TPM,de mandan,1,1,1,1,de mandan,AGN_HospJesus_c474_leg267-2_exp024_7473-7537_05,agn_hospjesus,Rodrigo,Cambios,Otros,1,Cambios — Otros,False,de mandan
1055,Llama 3.3 70B · 12 000 TPM,de más,1,1,1,1,de más,AGN_AHHacienda_v268_exp046_03,agn_ahhacienda,Arturo,Cambios,Inserción,1,Cambios — Inserción,False,de más
1056,Llama 3.3 70B · 12 000 TPM,de nava,1,1,1,1,de Nava,BnF_075_003,bnf_075,Adriana,Cambios,Deleción,1,Cambios — Deleción,False,de nava
1057,Llama 3.3 70B · 12 000 TPM,de nuestra,1,1,1,1,de nuestra,BnF_119-148_24,bnf_119-148,Adriana,Cambios,Deleción,1,Cambios — Deleción,False,de nuestra
1058,Llama 3.3 70B · 12 000 TPM,de tres,1,1,1,1,de tres,BnF_266_06,bnf_266,Adriana,Cambios,Deleción,1,Cambios — Deleción,False,de tres
1059,Llama 3.3 70B · 12 000 TPM,de veracruz,1,1,1,1,de Veracruz,utblac_gg_mss_g62_duplicated_09,utblac_gg,Flor,Cambios,Deleción,1,Cambios — Deleción,False,de veracruz
1060,Llama 3.3 70B · 12 000 TPM,de verlo,1,1,1,1,de verlo,BnF_032_33,bnf_032,Adriana,Cambios,Sustitución,1,Cambios — Sustitución | Filológicas - instrucciones — Regularización de labiales (b/v),False,de verlo
1061,Llama 3.3 70B · 12 000 TPM,dean,1,1,1,1,dean,AGN_Inquisicion_v1568A_exp152_fs115-116v_01,agn_inquisicion,Rodrigo,Acentuación,No sub-rule assigned,1,Acentuación — No sub-rule assigned,False,dean
1062,Llama 3.3 70B · 12 000 TPM,debajo de la,1,1,1,1,debajo de la,AGI_INDIFERENTE_1529_N8_06,agi_indiferente,Rodrigo,Cambios,Inserción,1,Cambios — Inserción,False,debajo de la
1063,GPT OSS 120B · 8 000 TPM,deberán,1,1,1,1,deberán,AGN_Indios_v009_exp003_fs4v-5_01,agn_indios,Arturo,Cambios,Sustitución,1,Cambios — Sustitución,False,deberán
1064,Llama 3.3 70B · 12 000 TPM,debiera verificar,1,1,1,1,debiera verificar,BnF_119-148_33,bnf_119-148,Paloma,Cambios,Inserción,1,Cambios — Inserción,False,debiera verificar
1065,GPT OSS 120B · 8 000 TPM,decano,1,1,1,1,decano,BNE_ms3047_1,bne_ms3047,Rodrigo,Cambios,Sustitución,1,Cambios — Sustitución,False,decano
1066,Llama 3.3 70B · 12 000 TPM,decir a,1,1,1,1,decir a,BnF_111_22,bnf_111,Paloma,Cambios,Inserción,1,Cambios — Inserción,False,decir a
1067,GPT OSS 120B · 8 000 TPM,declara,1,1,1,1,declara,AGN_GralParte_v006_exp617_01,agn_gralparte,Rodrigo,Cambios,Otros,1,Cambios — Otros,False,declara
1068,Llama 3.3 70B · 12 000 TPM,declarar,1,1,1,1,declarar,BnF_110_13,bnf_110,Adriana,Cambios,Sustitución,1,Cambios — Sustitución,False,declarar
1069,GPT OSS 120B · 8 000 TPM,declaro,1,1,1,1,declaro,BnF_032_36,bnf_032,Paco,Acentuación,No sub-rule assigned,1,Acentuación — No sub-rule assigned,False,declaro
1070,Llama 3.3 70B · 12 000 TPM,"decía, y",1,1,1,1,"decía, y",BnF_117_03,bnf_117,Arturo,Puntuación,"Coma (,)",1,"Puntuación — Coma (,)",False,"decía, y"
1071,Llama 3.3 70B · 12 000 TPM,definitiva,1,1,1,1,definitiva,BnF_113_43,bnf_113,Paloma,Cambios,Sustitución,1,Cambios — Sustitución,False,definitiva
1072,Llama 3.3 70B · 12 000 TPM,defraudados,1,1,1,1,defraudados,BnF_119-148_33,bnf_119-148,Paloma,Cambios,Inserción,1,Cambios — Inserción,False,defraudados
1073,Llama 3.3 70B · 12 000 TPM,deis,1,1,1,1,deis,BnF_119-148_13,bnf_119-148,Edna,Cambios,Inserción,1,Cambios — Inserción,False,deis
1074,Llama 3.3 70B · 12 000 TPM,deja,1,1,1,1,deja,BnF_110_09,bnf_110,Alba,Cambios,Sustitución,1,Cambios — Sustitución,False,deja
1075,Llama 3.3 70B · 12 000 TPM,dejar las,1,1,1,1,dejar las,BnF_032_23,bnf_032,Arturo,Cambios,Inserción,1,Cambios — Inserción | Cambios — Sustitución,False,dejar las
1076,Llama 3.3 70B · 12 000 TPM,dejarã­a,1,1,1,1,dejarÃ­a,BnF_266_05,bnf_266,Adriana,Cambios,Otros,1,Cambios — Otros | Cambios — Sustitución,False,dejarã­a
1077,GPT OSS 120B · 8 000 TPM,dejo,1,1,1,1,dejo,BNE_ms3047_1,bne_ms3047,Rodrigo,Acentuación,No sub-rule assigned,1,Acentuación — No sub-rule assigned,False,dejo
1078,Llama 3.3 70B · 12 000 TPM,dejé,1,1,1,1,Dejé,BnF_266_06,bnf_266,Adriana,Cambios,Sustitución,1,Cambios — Sustitución,False,dejé
1079,Llama 3.3 70B · 12 000 TPM,dejó,1,1,1,1,dejó,BnF_394_10,bnf_394,Flor,Cambios,Sustitución,1,Cambios — Sustitución,False,dejó
1080,GPT OSS 120B · 8 000 TPM,del con,1,1,1,1,del con,BNE_ms3047_1,bne_ms3047,Rodrigo,Puntuación,"Coma (,)",1,"Puntuación — Coma (,)",False,del con
1081,GPT OSS 120B · 8 000 TPM,del me,1,1,1,1,del me,AGN_Indios_v009_exp003_fs4v-5_01,agn_indios,Arturo,Puntuación,No sub-rule assigned,1,Puntuación — No sub-rule assigned,False,del me
1082,Llama 3.3 70B · 12 000 TPM,"del, el",1,1,1,1,"del, el",BnF_243_16,bnf_243,Rodrigo,Cambios,Deleción,1,Cambios — Deleción,False,"del, el"
1083,Llama 3.3 70B · 12 000 TPM,delgada están,1,1,1,1,delgada están,AGI_INDIFERENTE_1529_N8_06,agi_indiferente,Rodrigo,Puntuación,Punto (.),1,Puntuación — Punto (.),False,delgada están
1084,GPT OSS 120B · 8 000 TPM,dello,1,1,1,1,dello,BnF_112_23,bnf_112,Edna,Abreviaturas,"Excepciones (desto/a/os, dello/a/os)",1,"Abreviaturas — Excepciones (desto/a/os, dello/a/os)",False,dello
1085,Llama 3.3 70B · 12 000 TPM,dello,1,1,1,1,dello,AGI_INDIFERENTE_2065_N45_11,agi_indiferente,Alba,Abreviaturas,"Excepciones (desto/a/os, dello/a/os)",1,"Abreviaturas — Excepciones (desto/a/os, dello/a/os)",False,dello
1086,GPT OSS 120B · 8 000 TPM,dellos,1,1,1,1,dellos,AGN_Indios_v019_exp354_2,agn_indios,Alba,Abreviaturas,"Excepciones (desto/a/os, dello/a/os)",1,"Abreviaturas — Excepciones (desto/a/os, dello/a/os)",False,dellos
1087,Llama 3.3 70B · 12 000 TPM,demandas.,1,1,1,1,demandas.,AGN_Tierras_v039-2_exp003_41,agn_tierras,Flor,Puntuación,Punto (.),1,Puntuación — Punto (.),False,demandas.
1088,GPT OSS 120B · 8 000 TPM,demonyo,1,1,1,1,demonyo,BnF_112_04,bnf_112,Paloma,Filológicas - instrucciones,Regularización de i/y vocálicas,1,Filológicas - instrucciones — Regularización de i/y vocálicas,False,demonyo
1089,Llama 3.3 70B · 12 000 TPM,"demás, con",1,1,1,1,"demás, con",BnF_266_06,bnf_266,Adriana,Cambios,Deleción,1,Cambios — Deleción,False,"demás, con"
1090,GPT OSS 120B · 8 000 TPM,demã¡s,1,1,1,1,demÃ¡s,AGN_Mercedes_v003_exp520,agn_mercedes,Alba,Acentuación,No sub-rule assigned,1,Acentuación — No sub-rule assigned,False,demã¡s
1091,Llama 3.3 70B · 12 000 TPM,demã¡s,1,1,1,1,demÃ¡s,BnF_266_05,bnf_266,Adriana,Cambios,Otros,1,Cambios — Otros | Cambios — Sustitución,False,demã¡s
1092,Llama 3.3 70B · 12 000 TPM,denuncia,1,1,1,1,denuncia,utblac_gg_mss_g62_duplicated_03,utblac_gg,Flor,Cambios,Sustitución,1,Cambios — Sustitución,False,denuncia
1093,Llama 3.3 70B · 12 000 TPM,depende,1,1,1,1,depende,BnF_112_08,bnf_112,Paloma,Cambios,Deleción,1,Cambios — Deleción,False,depende
1094,Llama 3.3 70B · 12 000 TPM,derecho,1,1,1,1,derecho,AGN_RealesCedDup_v016_exp515,agn_realesceddup,Alba,Cambios,Inserción,1,Cambios — Inserción,False,derecho
1095,Llama 3.3 70B · 12 000 TPM,derecho y,1,1,1,1,derecho y,AGN_AHHacienda_v268_exp046_03,agn_ahhacienda,Arturo,Puntuación,No sub-rule assigned,1,Puntuación — No sub-rule assigned,False,derecho y
1096,Llama 3.3 70B · 12 000 TPM,"derecho, bien",1,1,1,1,"derecho, bien",BnF_032_39,bnf_032,Paloma,Cambios,Deleción,1,Cambios — Deleción,False,"derecho, bien"
1097,Llama 3.3 70B · 12 000 TPM,"derecho, siendo",1,1,1,1,"derecho, siendo",BnF_032_33,bnf_032,Adriana,Cambios,Deleción,1,Cambios — Deleción,False,"derecho, siendo"
1098,GPT OSS 120B · 8 000 TPM,des,1,1,1,1,des,BnF_111_20,bnf_111,Flor,Abreviaturas,Expansión completa,1,Abreviaturas — Expansión completa,False,des
1099,Llama 3.3 70B · 12 000 TPM,desbaratar,1,1,1,1,desbaratar,BnF_264_03,bnf_264,Adriana,Cambios,Sustitución,1,Cambios — Sustitución,False,desbaratar
1100,Llama 3.3 70B · 12 000 TPM,"descalabran,",1,1,1,1,"descalabran,",BnF_075_026,bnf_075,Arturo,Puntuación,"Coma (,)",1,"Puntuación — Coma (,)",False,"descalabran,"
1101,Llama 3.3 70B · 12 000 TPM,descolgó,1,1,1,1,descolgó,BnF_111_27,bnf_111,Alba,Cambios,Sustitución,1,Cambios — Sustitución,False,descolgó
1102,Llama 3.3 70B · 12 000 TPM,descubrimiento,1,1,1,1,Descubrimiento,BnF_167_03,bnf_167,Javier,Cambios,Otros,1,Cambios — Otros,False,descubrimiento
1103,GPT OSS 120B · 8 000 TPM,desde luego,1,1,1,1,desde luego,AGN_Marina_v004_exp006_005,agn_marina,Edna,Puntuación,"Coma (,)",1,"Puntuación — Coma (,)",False,desde luego
1104,GPT OSS 120B · 8 000 TPM,desdel,1,1,1,1,desdel,AGI_PATRONATO_182_R3_01,agi_patronato,Alba,Cambios,No sub-rule assigned,1,Cambios — No sub-rule assigned,False,desdel
1105,GPT OSS 120B · 8 000 TPM,deses,1,1,1,1,deses,AGI_GUADALAJARA_230_L2_F_45V-46V_1,agi_guadalajara,Edna,Cambios,Sustitución,1,Cambios — Sustitución,False,deses
1106,Llama 3.3 70B · 12 000 TPM,desistiendo,1,1,1,1,desistiendo,UIA_Ms149_Exp3_43,uia_ms149,Paco,Cambios,Deleción,1,Cambios — Deleción,False,desistiendo
1107,Llama 3.3 70B · 12 000 TPM,deslindó,1,1,1,1,deslindó,UIA_Ms149_Exp3_31,uia_ms149,Alba,Cambios,Sustitución,1,Cambios — Sustitución,False,deslindó
1108,GPT OSS 120B · 8 000 TPM,desma,1,1,1,1,desma,AGI_PATRONATO_182_R3_04,agi_patronato,Paco,Cambios,Inserción,1,Cambios — Inserción,False,desma
1109,Llama 3.3 70B · 12 000 TPM,despacho,1,1,1,1,despacho,BP_CM_R481_071_2,bp_cm,Adriana,Cambios,Sustitución,1,Cambios — Sustitución,False,despacho
1110,GPT OSS 120B · 8 000 TPM,despuã©s,1,1,1,1,despuÃ©s,AGN_Marina_v004_exp006_014,agn_marina,Javier,Acentuación,No sub-rule assigned,1,Acentuación — No sub-rule assigned,False,despuã©s
1111,Llama 3.3 70B · 12 000 TPM,"desta, para",1,1,1,1,"desta, para",AGN_AHHacienda_v268_exp046_03,agn_ahhacienda,Arturo,Cambios,Deleción,1,Cambios — Deleción,False,"desta, para"
1112,Llama 3.3 70B · 12 000 TPM,deste,1,1,1,1,deste,AGI_CONTRATACION_1089_N8_151,agi_contratacion,Paco,Abreviaturas,"Excepciones (desto/a/os, dello/a/os)",1,"Abreviaturas — Excepciones (desto/a/os, dello/a/os)",False,deste
1113,GPT OSS 120B · 8 000 TPM,destotra,1,1,1,1,destotra,BnF_113_04,bnf_113,Paco,Abreviaturas,"Excepciones (desto/a/os, dello/a/os)",1,"Abreviaturas — Excepciones (desto/a/os, dello/a/os)",False,destotra
1114,Llama 3.3 70B · 12 000 TPM,desverdad,1,1,1,1,desverdad,BnF_111_21,bnf_111,Flor,Cambios,Otros,1,Cambios — Otros,False,desverdad
1115,Llama 3.3 70B · 12 000 TPM,desvios,1,1,1,1,desvios,AGI_INDIFERENTE_1529_N8_06,agi_indiferente,Rodrigo,Acentuación,No sub-rule assigned,1,Acentuación — No sub-rule assigned,False,desvios
1116,Llama 3.3 70B · 12 000 TPM,"determinar, y",1,1,1,1,"determinar, y",BnF_117_03,bnf_117,Arturo,Puntuación,"Coma (,)",1,"Puntuación — Coma (,)",False,"determinar, y"
1117,Llama 3.3 70B · 12 000 TPM,determinã³,1,1,1,1,determinÃ³,BnF_266_05,bnf_266,Adriana,Cambios,Otros,1,Cambios — Otros | Cambios — Sustitución,False,determinã³
1118,GPT OSS 120B · 8 000 TPM,deuarte,1,1,1,1,deuarte,AGN_GralParte_v006_exp617_01,agn_gralparte,Rodrigo,Cambios,No sub-rule assigned,1,Cambios — No sub-rule assigned | Cambios — Otros,False,deuarte
1119,Llama 3.3 70B · 12 000 TPM,devían,1,1,1,1,devían,AGN_GralParte_v006_exp617_02,agn_gralparte,Rodrigo,Filológicas - instrucciones,Regularización de labiales (b/v),1,Filológicas - instrucciones — Regularización de labiales (b/v),False,devían
1120,GPT OSS 120B · 8 000 TPM,dexado,1,1,1,1,dexado,BnF_112_02,bnf_112,Arturo,Filológicas - instrucciones,x sibilante → j,1,Filológicas - instrucciones — x sibilante → j,False,dexado
1121,GPT OSS 120B · 8 000 TPM,dexe,1,1,1,1,dexe,BnF_032_36,bnf_032,Paco,Filológicas - instrucciones,No sub-rule assigned,1,Filológicas - instrucciones — No sub-rule assigned,False,dexe
1122,GPT OSS 120B · 8 000 TPM,dezia,1,1,1,1,dezia,BnF_112_23,bnf_112,Edna,Filológicas - mecánicas,Regularización de sibilantes,1,Filológicas - mecánicas — Regularización de sibilantes,False,dezia
1123,GPT OSS 120B · 8 000 TPM,dezian,1,1,1,1,dezian,BnF_111_20,bnf_111,Flor,Filológicas - mecánicas,Regularización de sibilantes,1,Filológicas - mecánicas — Regularización de sibilantes,False,dezian
1124,Llama 3.3 70B · 12 000 TPM,dha,1,1,1,1,dha,BnF_267_23,bnf_267,Paco,Abreviaturas,Expansión completa,1,Abreviaturas — Expansión completa,False,dha
1125,GPT OSS 120B · 8 000 TPM,dia,1,1,1,1,dia,AGN_IndiferenteVirreinal_caja4071_exp024_2,agn_indiferentevirreinal,Paloma,Abreviaturas,Expansión completa,1,Abreviaturas — Expansión completa | Acentuación — No sub-rule assigned,False,dia
1126,GPT OSS 120B · 8 000 TPM,diaz,1,1,1,1,diaz,BnF_112_02,bnf_112,Arturo,Acentuación,No sub-rule assigned,1,Acentuación — No sub-rule assigned,False,diaz
1127,Llama 3.3 70B · 12 000 TPM,dibujaron,1,1,1,1,dibujaron,BnF_266_10,bnf_266,Flor,Cambios,Sustitución,1,Cambios — Sustitución,False,dibujaron
1128,Llama 3.3 70B · 12 000 TPM,dibujos,1,1,1,1,dibujos,BnF_266_10,bnf_266,Flor,Cambios,Sustitución,1,Cambios — Sustitución,False,dibujos
1129,GPT OSS 120B · 8 000 TPM,dice,1,1,1,1,dice,AGI_PATRONATO_181_R13_1,agi_patronato,Paloma,Cambios,Deleción,1,Cambios — Deleción,False,dice
1130,Llama 3.3 70B · 12 000 TPM,dice:,1,1,1,1,dice:,BnF_283_12,bnf_283,Javier,Puntuación,Punto (.),1,Puntuación — Punto (.),False,dice:
1131,Llama 3.3 70B · 12 000 TPM,dice; que,1,1,1,1,dice; que,BnF_174_03,bnf_174,Arturo,Puntuación,No sub-rule assigned,1,Puntuación — No sub-rule assigned,False,dice; que
1132,GPT OSS 120B · 8 000 TPM,dicho,1,1,1,1,dicho,AGN_Indios_v002_exp835,agn_indios,Paloma,Cambios,Deleción,1,Cambios — Deleción,False,dicho
1133,Llama 3.3 70B · 12 000 TPM,dicho,1,1,1,1,dicho,AGN_AHHacienda_v268_exp046_02,agn_ahhacienda,Paloma,Abreviaturas,Expansión completa,1,Abreviaturas — Expansión completa | Filológicas - instrucciones — Regularización de labiales (b/v),False,dicho
1134,Llama 3.3 70B · 12 000 TPM,"dichos, no",1,1,1,1,"dichos, no",BnF_075_026,bnf_075,Arturo,Puntuación,"Coma (,)",1,"Puntuación — Coma (,)",False,"dichos, no"
1135,GPT OSS 120B · 8 000 TPM,dicion,1,1,1,1,dicion,AGN_GralParte_v006_exp617_01,agn_gralparte,Rodrigo,Acentuación,No sub-rule assigned,1,Acentuación — No sub-rule assigned | Cambios — Otros,False,dicion
1136,Llama 3.3 70B · 12 000 TPM,diecinueve,1,1,1,1,diecinueve,UIA_Ms149_Exp3_43,uia_ms149,Paco,Cambios,Inserción,1,Cambios — Inserción | Cambios — Sustitución,False,diecinueve
1137,Llama 3.3 70B · 12 000 TPM,dieciocho,1,1,1,1,dieciocho,BnF_030_22,bnf_030,Paco,Cambios,Deleción,1,Cambios — Deleción | Cambios — Sustitución,False,dieciocho
1138,Llama 3.3 70B · 12 000 TPM,dieciséis,1,1,1,1,dieciséis,AGN_Indios_v009_exp002_fs3v-4_01,agn_indios,Arturo,Cambios,Sustitución,1,Cambios — Sustitución,False,dieciséis
1139,GPT OSS 120B · 8 000 TPM,dieta. estantes,1,1,1,1,dieta. estantes,AGN_Tierras_v039-2_exp003_72,agn_tierras,Edna,Puntuación,Punto (.),1,Puntuación — Punto (.),False,dieta. estantes
1140,GPT OSS 120B · 8 000 TPM,diez,1,1,1,1,diez,AMP_AC_v021__doc026_1,amp_ac,Rodrigo,Abreviaturas,Expansión completa,1,Abreviaturas — Expansión completa | Cambios — Sustitución,False,diez
1141,GPT OSS 120B · 8 000 TPM,dife,1,1,1,1,dife,BnF_112_23,bnf_112,Edna,Puntuación,"Coma (,)",1,"Puntuación — Coma (,)",False,dife
1142,Llama 3.3 70B · 12 000 TPM,"diferencia, y",1,1,1,1,"diferencia, y",UIA_Ms149_Exp2_51,uia_ms149,Arturo,Puntuación,No sub-rule assigned,1,Puntuación — No sub-rule assigned,False,"diferencia, y"
1143,Llama 3.3 70B · 12 000 TPM,diferencia. en,1,1,1,1,diferencia. En,AGN_HospJesus_c474_leg267-2_exp024_7473-7537_05,agn_hospjesus,Rodrigo,Puntuación,"Coma (,)",1,"Puntuación — Coma (,)",False,diferencia. en
1144,Llama 3.3 70B · 12 000 TPM,dificultaría,1,1,1,1,dificultaría,BP_CM_32386_007_2,bp_cm,Rodrigo,Cambios,Inserción,1,Cambios — Inserción,False,dificultaría
1145,GPT OSS 120B · 8 000 TPM,difinia,1,1,1,1,difinia,BnF_032_36,bnf_032,Paco,Abreviaturas,Expansión completa,1,Abreviaturas — Expansión completa,False,difinia
1146,Llama 3.3 70B · 12 000 TPM,digo que baltasar,1,1,1,1,digo que Baltasar,BnF_110_09,bnf_110,Alba,Cambios,Deleción,1,Cambios — Deleción,False,digo que baltasar
1147,Llama 3.3 70B · 12 000 TPM,dijeron,1,1,1,1,Dijeron,utblac_JGI_XXIII-09_Amula_25,utblac_jgi,Rodrigo,Cambios,Inserción,1,Cambios — Inserción,False,dijeron
1148,GPT OSS 120B · 8 000 TPM,dilación al,1,1,1,1,dilación al,AGN_Marina_v004_exp006_005,agn_marina,Edna,Puntuación,"Coma (,)",1,"Puntuación — Coma (,)",False,dilación al
1149,Llama 3.3 70B · 12 000 TPM,diligentemente,1,1,1,1,diligentemente,utblac_JGI_XXIII-09_Amula_25,utblac_jgi,Rodrigo,Cambios,Inserción,1,Cambios — Inserción | Cambios — Sustitución,False,diligentemente
1150,GPT OSS 120B · 8 000 TPM,diligja,1,1,1,1,diligja,AGN_RealesCedDup_v050_exp062,agn_realesceddup,Paloma,Abreviaturas,No sub-rule assigned,1,Abreviaturas — No sub-rule assigned,False,diligja
1151,GPT OSS 120B · 8 000 TPM,dios,1,1,1,1,Dios,BnF_113_22,bnf_113,Paloma,Cambios,Deleción,1,Cambios — Deleción,False,dios
1152,GPT OSS 120B · 8 000 TPM,dios señor,1,1,1,1,Dios señor,AGN_Indios_v009_exp003_fs4v-5_01,agn_indios,Arturo,Cambios,Sustitución,1,Cambios — Sustitución,False,dios señor
1153,Llama 3.3 70B · 12 000 TPM,"dios, en",1,1,1,1,"Dios, en",AGN_Indios_v009_exp002_fs3v-4_01,agn_indios,Arturo,Cambios,Inserción,1,Cambios — Inserción | Cambios — Sustitución,False,"dios, en"
1154,Llama 3.3 70B · 12 000 TPM,discípulo en,1,1,1,1,discípulo en,BnF_264_12,bnf_264,Edna,Cambios,Deleción,1,Cambios — Deleción,False,discípulo en
1155,Llama 3.3 70B · 12 000 TPM,disfrutó,1,1,1,1,disfrutó,BnF_032_33,bnf_032,Adriana,Cambios,Sustitución,1,Cambios — Sustitución,False,disfrutó
1156,Llama 3.3 70B · 12 000 TPM,disminuido,1,1,1,1,disminuido,BnF_119-148_33,bnf_119-148,Paloma,Cambios,Inserción,1,Cambios — Inserción,False,disminuido
1157,GPT OSS 120B · 8 000 TPM,dispusision,1,1,1,1,dispusision,BnF_112_02,bnf_112,Arturo,Filológicas - mecánicas,Regularización de sibilantes,1,Filológicas - mecánicas — Regularización de sibilantes,False,dispusision
1158,Llama 3.3 70B · 12 000 TPM,"distrito, y",1,1,1,1,"distrito, y",utblac_wbs_0912a_duplicated,utblac_wbs,Arturo,Puntuación,"Coma (,)",1,"Puntuación — Coma (,)",False,"distrito, y"
1159,GPT OSS 120B · 8 000 TPM,dixere,1,1,1,1,dixere,BnF_112_04,bnf_112,Paloma,Filológicas - instrucciones,x sibilante → j,1,Filológicas - instrucciones — x sibilante → j,False,dixere
1160,GPT OSS 120B · 8 000 TPM,dixeron,1,1,1,1,dixeron,BnF_111_20,bnf_111,Flor,Filológicas - instrucciones,x sibilante → j,1,Filológicas - instrucciones — x sibilante → j,False,dixeron
1161,GPT OSS 120B · 8 000 TPM,diziendo,1,1,1,1,diziendo,BnF_112_02,bnf_112,Arturo,Filológicas - mecánicas,Regularización de sibilantes,1,Filológicas - mecánicas — Regularización de sibilantes | Puntuación — No sub-rule assigned,False,diziendo
1162,Llama 3.3 70B · 12 000 TPM,do es ro,1,1,1,1,do es ro,BnF_104_3,bnf_104,Alba,Abreviaturas,No sub-rule assigned,1,Abreviaturas — No sub-rule assigned,False,do es ro
1163,GPT OSS 120B · 8 000 TPM,doctor,1,1,1,1,doctor,AGN_AHHacienda_v268_exp046_01,agn_ahhacienda,Adriana,Abreviaturas,Expansión completa,1,Abreviaturas — Expansión completa,False,doctor
1164,GPT OSS 120B · 8 000 TPM,doi,1,1,1,1,doi,AGN_Mercedes_v003_exp520,agn_mercedes,Alba,Filológicas - instrucciones,Regularización de i/y vocálicas,1,Filológicas - instrucciones — Regularización de i/y vocálicas,False,doi
1165,Llama 3.3 70B · 12 000 TPM,dolos,1,1,1,1,dolos,BnF_111_21,bnf_111,Flor,Cambios,Inserción,1,Cambios — Inserción,False,dolos
1166,Llama 3.3 70B · 12 000 TPM,domesticados,1,1,1,1,domesticados,BnF_075_026,bnf_075,Arturo,Cambios,Sustitución,1,Cambios — Sustitución,False,domesticados
1167,GPT OSS 120B · 8 000 TPM,don,1,1,1,1,Don,AGS_CE_RG_L379_01,ags_ce,Javier,Abreviaturas,No sub-rule assigned,1,Abreviaturas — No sub-rule assigned | Puntuación — Punto (.),False,don
1168,Llama 3.3 70B · 12 000 TPM,don enriquez,1,1,1,1,don Enriquez,AGN_GralParte_v001_exp1020_02,agn_gralparte,Edna,Abreviaturas,No sub-rule assigned,1,Abreviaturas — No sub-rule assigned | Puntuación — No sub-rule assigned,False,don enriquez
1169,Llama 3.3 70B · 12 000 TPM,donó,1,1,1,1,donó,BnF_394_10,bnf_394,Flor,Cambios,Sustitución,1,Cambios — Sustitución,False,donó
1170,GPT OSS 120B · 8 000 TPM,dor,1,1,1,1,dor,AGN_RealesCedDup_v030_exp874,agn_realesceddup,Alba,Abreviaturas,Expansión completa,1,Abreviaturas — Expansión completa,False,dor
1171,Llama 3.3 70B · 12 000 TPM,dor.,1,1,1,1,dor.,BnF_117_03,bnf_117,Arturo,Abreviaturas,Expansión completa,1,Abreviaturas — Expansión completa,False,dor.
1172,Llama 3.3 70B · 12 000 TPM,doscientos,1,1,1,1,doscientos,BnF_113_43,bnf_113,Paloma,Cambios,Sustitución,1,Cambios — Sustitución,False,doscientos
1173,GPT OSS 120B · 8 000 TPM,dras,1,1,1,1,dras,BnF_111_20,bnf_111,Flor,Abreviaturas,Expansión completa,1,Abreviaturas — Expansión completa,False,dras
1174,Llama 3.3 70B · 12 000 TPM,dro,1,1,1,1,dro,AGN_Inquisicion_v1568A_exp152_fs115-116v_03,agn_inquisicion,Javier,Abreviaturas,Expansión completa,1,Abreviaturas — Expansión completa,False,dro
1175,Llama 3.3 70B · 12 000 TPM,dros,1,1,1,1,dros,AGI_CONTRATACION_1089_N8_151,agi_contratacion,Paco,Abreviaturas,Expansión completa,1,Abreviaturas — Expansión completa,False,dros
1176,Llama 3.3 70B · 12 000 TPM,dueños,1,1,1,1,dueños,BnF_119-148_33,bnf_119-148,Paloma,Cambios,Deleción,1,Cambios — Deleción,False,dueños
1177,Llama 3.3 70B · 12 000 TPM,dulce. más,1,1,1,1,dulce. Más,AGI_INDIFERENTE_1529_N8_06,agi_indiferente,Rodrigo,Puntuación,Punto (.),1,Puntuación — Punto (.),False,dulce. más
1178,Llama 3.3 70B · 12 000 TPM,duodécimo,1,1,1,1,duodécimo,BnF_264_02,bnf_264,Paloma,Cambios,Sustitución,1,Cambios — Sustitución,False,duodécimo
1179,GPT OSS 120B · 8 000 TPM,dy,1,1,1,1,dy,BnF_113_22,bnf_113,Paloma,Filológicas - mecánicas,Regularización de sibilantes,1,Filológicas - mecánicas — Regularización de sibilantes,False,dy
1180,Llama 3.3 70B · 12 000 TPM,dã­as,1,1,1,1,dÃ­as,BnF_266_05,bnf_266,Adriana,Cambios,Otros,1,Cambios — Otros | Cambios — Sustitución,False,dã­as
1181,Llama 3.3 70B · 12 000 TPM,dé,1,1,1,1,dé,AGN_Inquisicion_v1570A_exp134_fs159-160v_02,agn_inquisicion,Adriana,Cambios,Sustitución,1,Cambios — Sustitución,False,dé
1182,Llama 3.3 70B · 12 000 TPM,día anterior,1,1,1,1,día anterior,BnF_266_10,bnf_266,Flor,Cambios,Sustitución,1,Cambios — Sustitución,False,día anterior
1183,Llama 3.3 70B · 12 000 TPM,"día,",1,1,1,1,"día,",BnF_032_23,bnf_032,Arturo,Puntuación,"Coma (,)",1,"Puntuación — Coma (,)",False,"día,"
1184,GPT OSS 120B · 8 000 TPM,días tiempos,1,1,1,1,días tiempos,AGN_Indios_v009_exp003_fs4v-5_01,agn_indios,Arturo,Puntuación,No sub-rule assigned,1,Puntuación — No sub-rule assigned,False,días tiempos
1185,Llama 3.3 70B · 12 000 TPM,días. a,1,1,1,1,días. A,BnF_117_13,bnf_117,Paco,Puntuación,Punto (.),1,Puntuación — Punto (.),False,días. a
1186,Llama 3.3 70B · 12 000 TPM,e,1,1,1,1,E,AGN_Inquisicion_v1568A_exp152_fs115-116v_03,agn_inquisicion,Javier,Abreviaturas,Expansión completa,1,Abreviaturas — Expansión completa,False,e
1187,Llama 3.3 70B · 12 000 TPM,e parto,1,1,1,1,e parto,AGN_GralParte_v006_exp617_02,agn_gralparte,Rodrigo,Abreviaturas,Expansión completa,1,Abreviaturas — Expansión completa | Cambios — Otros,False,e parto
1188,Llama 3.3 70B · 12 000 TPM,echaban.,1,1,1,1,echaban.,BnF_266_10,bnf_266,Flor,Cambios,Sustitución,1,Cambios — Sustitución | Puntuación — Punto (.),False,echaban.
1189,Llama 3.3 70B · 12 000 TPM,echasteis,1,1,1,1,echasteis,UIA_Ms149_Exp2_51,uia_ms149,Arturo,Cambios,Inserción,1,Cambios — Inserción,False,echasteis
1190,GPT OSS 120B · 8 000 TPM,eclesiã¡stica,1,1,1,1,eclesiÃ¡stica,AGN_Mercedes_v003_exp520,agn_mercedes,Alba,Acentuación,No sub-rule assigned,1,Acentuación — No sub-rule assigned,False,eclesiã¡stica
1191,GPT OSS 120B · 8 000 TPM,edificio,1,1,1,1,edificio,BNE_ms3047_4,bne_ms3047,Javier,Abreviaturas,Expansión completa,1,Abreviaturas — Expansión completa,False,edificio
1192,Llama 3.3 70B · 12 000 TPM,"efecto, cambio",1,1,1,1,"efecto, cambio",BnF_174_03,bnf_174,Arturo,Acentuación,No sub-rule assigned,1,"Acentuación — No sub-rule assigned | Puntuación — Coma (,)",False,"efecto, cambio"
1193,Llama 3.3 70B · 12 000 TPM,ejecución,1,1,1,1,ejecución,AGN_IndiferenteVirreinal_caja4071_exp024_1,agn_indiferentevirreinal,Rodrigo,Cambios,Sustitución,1,Cambios — Sustitución,False,ejecución
1194,Llama 3.3 70B · 12 000 TPM,ejecutará,1,1,1,1,ejecutará,AGN_Indios_v009_exp002_fs3v-4_01,agn_indios,Arturo,Cambios,Sustitución,1,Cambios — Sustitución,False,ejecutará
1195,Llama 3.3 70B · 12 000 TPM,ejecutarã¡,1,1,1,1,ejecutarÃ¡,BnF_266_05,bnf_266,Adriana,Cambios,Otros,1,Cambios — Otros | Cambios — Sustitución,False,ejecutarã¡
1196,Llama 3.3 70B · 12 000 TPM,el amor,1,1,1,1,el amor,BnF_264_12,bnf_264,Edna,Cambios,Deleción,1,Cambios — Deleción,False,el amor
1197,Llama 3.3 70B · 12 000 TPM,el hijo,1,1,1,1,el hijo,BnF_110_09,bnf_110,Alba,Cambios,Inserción,1,Cambios — Inserción,False,el hijo
1198,GPT OSS 120B · 8 000 TPM,el mayordomo,1,1,1,1,el mayordomo,BnF_030_27,bnf_030,Rodrigo,Cambios,Deleción,1,Cambios — Deleción,False,el mayordomo
1199,Llama 3.3 70B · 12 000 TPM,el me,1,1,1,1,el me,BnF_117_08,bnf_117,Edna,Puntuación,"Coma (,)",1,"Puntuación — Coma (,)",False,el me
1200,Llama 3.3 70B · 12 000 TPM,el que,1,1,1,1,el que,BnF_266_07,bnf_266,Paco,Cambios,Sustitución,1,Cambios — Sustitución,False,el que
1201,Llama 3.3 70B · 12 000 TPM,el testigo,1,1,1,1,el testigo,UIA_Ms149_Exp3_31,uia_ms149,Alba,Cambios,Deleción,1,Cambios — Deleción,False,el testigo
1202,Llama 3.3 70B · 12 000 TPM,"ellas, y",1,1,1,1,"ellas, y",BnF_174_03,bnf_174,Arturo,Puntuación,"Coma (,)",1,"Puntuación — Coma (,)",False,"ellas, y"
1203,Llama 3.3 70B · 12 000 TPM,ellas.,1,1,1,1,ellas.,AGN_Tierras_v039-2_exp003_41,agn_tierras,Flor,Puntuación,Punto (.),1,Puntuación — Punto (.),False,ellas.
1204,Llama 3.3 70B · 12 000 TPM,ello,1,1,1,1,ello,BnF_118_05,bnf_118,Alba,Cambios,Deleción,1,Cambios — Deleción,False,ello
1205,Llama 3.3 70B · 12 000 TPM,"ello,",1,1,1,1,"ello,",BnF_118_08,bnf_118,Arturo,Puntuación,"Coma (,)",1,"Puntuación — Coma (,)",False,"ello,"
1206,GPT OSS 120B · 8 000 TPM,ello.,1,1,1,1,ello.,BnF_112_02,bnf_112,Arturo,Puntuación,Punto (.),1,Puntuación — Punto (.),False,ello.
1207,GPT OSS 120B · 8 000 TPM,embiar,1,1,1,1,embiar,AGN_IndiferenteVirreinal_caja4071_exp024_2,agn_indiferentevirreinal,Paloma,Filológicas - mecánicas,Regularización de nasales ante labial,1,Filológicas - mecánicas — Regularización de nasales ante labial,False,embiar
1208,Llama 3.3 70B · 12 000 TPM,embriaguez;,1,1,1,1,embriaguez;,BnF_283_12,bnf_283,Javier,Puntuación,"Coma (,)",1,"Puntuación — Coma (,)",False,embriaguez;
1209,Llama 3.3 70B · 12 000 TPM,embrujos,1,1,1,1,embrujos,utblac_gg_mss_g62_duplicated_03,utblac_gg,Flor,Cambios,Sustitución,1,Cambios — Sustitución,False,embrujos
1210,GPT OSS 120B · 8 000 TPM,empedimio,1,1,1,1,Empedimio,AGN_Mercedes_v003_exp520,agn_mercedes,Alba,Abreviaturas,Expansión completa,1,Abreviaturas — Expansión completa,False,empedimio
1211,Llama 3.3 70B · 12 000 TPM,empezó a manifestarse,1,1,1,1,Empezó a manifestarse,BnF_266_06,bnf_266,Adriana,Cambios,Sustitución,1,Cambios — Sustitución,False,empezó a manifestarse
1212,Llama 3.3 70B · 12 000 TPM,empeã±ã³,1,1,1,1,empeÃ±Ã³,BnF_266_05,bnf_266,Adriana,Cambios,Otros,1,Cambios — Otros | Cambios — Sustitución,False,empeã±ã³
1213,Llama 3.3 70B · 12 000 TPM,en,1,1,1,1,En,UIA_Ms149_Exp2_51,uia_ms149,Arturo,Cambios,Deleción,1,Cambios — Deleción,False,en
1214,Llama 3.3 70B · 12 000 TPM,en bio,1,1,1,1,en bio,BnF_264_03,bnf_264,Adriana,Cambios,Sustitución,1,Cambios — Sustitución | Filológicas - instrucciones — Regularización de labiales (b/v),False,en bio
1215,Llama 3.3 70B · 12 000 TPM,en el espacio,1,1,1,1,en el espacio,BnF_264_03,bnf_264,Adriana,Cambios,Inserción,1,Cambios — Inserción,False,en el espacio
1216,GPT OSS 120B · 8 000 TPM,en el viaje,1,1,1,1,en el viaje,AGI_INDIFERENTE_2065_N45_09,agi_indiferente,Rodrigo,Cambios,Inserción,1,Cambios — Inserción | Cambios — Sustitución,False,en el viaje
1217,Llama 3.3 70B · 12 000 TPM,en la,1,1,1,1,En la,BnF_104_3,bnf_104,Alba,Cambios,Deleción,1,Cambios — Deleción,False,en la
1218,GPT OSS 120B · 8 000 TPM,en se,1,1,1,1,en se,AGN_Indios_v002_exp835,agn_indios,Paloma,Cambios,Deleción,1,Cambios — Deleción,False,en se
1219,GPT OSS 120B · 8 000 TPM,enagã©naciã³n,1,1,1,1,enagÃ©naciÃ³n,AGN_Mercedes_v003_exp520,agn_mercedes,Alba,Cambios,Sustitución,1,Cambios — Sustitución,False,enagã©naciã³n
1220,Llama 3.3 70B · 12 000 TPM,"enbar, gos",1,1,1,1,"enbar, gos",BnF_104_3,bnf_104,Alba,Filológicas - mecánicas,Regularización de nasales ante labial,1,Filológicas - mecánicas — Regularización de nasales ante labial,False,"enbar, gos"
1221,Llama 3.3 70B · 12 000 TPM,"encargado, lo",1,1,1,1,"encargado, lo",BnF_244_03,bnf_244,Arturo,Puntuación,"Coma (,)",1,"Puntuación — Coma (,)",False,"encargado, lo"
1222,Llama 3.3 70B · 12 000 TPM,encarnación del hijo de dios,1,1,1,1,encarnación del Hijo de Dios,BnF_264_03,bnf_264,Adriana,Cambios,Deleción,1,Cambios — Deleción | Cambios — Sustitución,False,encarnación del hijo de dios
1223,Llama 3.3 70B · 12 000 TPM,encruzijadas,1,1,1,1,Encruzijadas,BnF_075_035,bnf_075,Arturo,Filológicas - mecánicas,Regularización de sibilantes,1,Filológicas - mecánicas — Regularización de sibilantes,False,encruzijadas
1224,Llama 3.3 70B · 12 000 TPM,endeblez,1,1,1,1,endeblez,BP_CM_32386_007_2,bp_cm,Rodrigo,Cambios,Inserción,1,Cambios — Inserción,False,endeblez
1225,GPT OSS 120B · 8 000 TPM,enl,1,1,1,1,enl,AGN_GralParte_v006_exp617_01,agn_gralparte,Rodrigo,Cambios,Otros,1,Cambios — Otros,False,enl
1226,Llama 3.3 70B · 12 000 TPM,enmdo,1,1,1,1,Enmdo,AGN_Inquisicion_v1568A_exp152_fs115-116v_03,agn_inquisicion,Javier,Abreviaturas,Expansión completa,1,Abreviaturas — Expansión completa,False,enmdo
1227,Llama 3.3 70B · 12 000 TPM,enrriquez,1,1,1,1,Enrriquez,BnF_119-148_18,bnf_119-148,Arturo,Acentuación,No sub-rule assigned,1,Acentuación — No sub-rule assigned | Filológicas - mecánicas — Regularización de vibrantes,False,enrriquez
1228,Llama 3.3 70B · 12 000 TPM,"enríquez, virrey",1,1,1,1,"Enríquez, virrey",BnF_119-148_16,bnf_119-148,Flor,Cambios,Deleción,1,Cambios — Deleción | Cambios — Sustitución,False,"enríquez, virrey"
1229,Llama 3.3 70B · 12 000 TPM,enseã±ã³,1,1,1,1,enseÃ±Ã³,BnF_266_05,bnf_266,Adriana,Cambios,Otros,1,Cambios — Otros | Cambios — Sustitución,False,enseã±ã³
1230,GPT OSS 120B · 8 000 TPM,enseñansa,1,1,1,1,enseñansa,BNE_ms3047_1,bne_ms3047,Rodrigo,Filológicas - mecánicas,Regularización de sibilantes,1,Filológicas - mecánicas — Regularización de sibilantes,False,enseñansa
1231,Llama 3.3 70B · 12 000 TPM,entender,1,1,1,1,entender,BnF_032_23,bnf_032,Arturo,Cambios,Otros,1,Cambios — Otros,False,entender
1232,Llama 3.3 70B · 12 000 TPM,entendi,1,1,1,1,Entendi,BnF_118_08,bnf_118,Arturo,Acentuación,No sub-rule assigned,1,Acentuación — No sub-rule assigned,False,entendi
1233,Llama 3.3 70B · 12 000 TPM,entendibles,1,1,1,1,entendibles,BnF_075_035,bnf_075,Arturo,Cambios,Sustitución,1,Cambios — Sustitución,False,entendibles
1234,GPT OSS 120B · 8 000 TPM,entendiendolo,1,1,1,1,Entendiendolo,AGI_PATRONATO_182_R3_01,agi_patronato,Alba,Acentuación,No sub-rule assigned,1,Acentuación — No sub-rule assigned,False,entendiendolo
1235,Llama 3.3 70B · 12 000 TPM,entendimos,1,1,1,1,entendimos,utblac_wbs_1433_duplicated_1,utblac_wbs,Rodrigo,Cambios,Deleción,1,Cambios — Deleción,False,entendimos
1236,GPT OSS 120B · 8 000 TPM,entendimyento,1,1,1,1,entendimyento,BnF_112_04,bnf_112,Paloma,Filológicas - instrucciones,Regularización de i/y vocálicas,1,Filológicas - instrucciones — Regularización de i/y vocálicas,False,entendimyento
1237,Llama 3.3 70B · 12 000 TPM,entendió,1,1,1,1,entendió,BnF_266_10,bnf_266,Flor,Cambios,Sustitución,1,Cambios — Sustitución,False,entendió
1238,GPT OSS 120B · 8 000 TPM,enteros: más,1,1,1,1,enteros: más,BNE_ms3047_1,bne_ms3047,Rodrigo,Puntuación,Punto (.),1,Puntuación — Punto (.),False,enteros: más
1239,Llama 3.3 70B · 12 000 TPM,entrañas,1,1,1,1,entrañas,BnF_244_02,bnf_244,Alba,Cambios,Inserción,1,Cambios — Inserción,False,entrañas
1240,GPT OSS 120B · 8 000 TPM,entre ellos,1,1,1,1,entre ellos,AGN_Indios_v009_exp003_fs4v-5_01,agn_indios,Arturo,Abreviaturas,"Excepciones (desto/a/os, dello/a/os)",1,"Abreviaturas — Excepciones (desto/a/os, dello/a/os)",False,entre ellos
1241,Llama 3.3 70B · 12 000 TPM,enviará,1,1,1,1,enviará,utblac_gg_mss_g62_duplicated_03,utblac_gg,Flor,Cambios,Sustitución,1,Cambios — Sustitución,False,enviará
1242,Llama 3.3 70B · 12 000 TPM,envíe,1,1,1,1,envíe,LoC_HPKraus_138_new_14,loc_hpkraus,Rodrigo,Cambios,Sustitución,1,Cambios — Sustitución,False,envíe
1243,Llama 3.3 70B · 12 000 TPM,eran,1,1,1,1,eran,BnF_264_03,bnf_264,Adriana,Cambios,Sustitución,1,Cambios — Sustitución,False,eran
1244,GPT OSS 120B · 8 000 TPM,erede,1,1,1,1,Erede,BnF_112_23,bnf_112,Edna,Acentuación,No sub-rule assigned,1,Acentuación — No sub-rule assigned | Filológicas - instrucciones — Regularización de H etimológica,False,erede
1245,GPT OSS 120B · 8 000 TPM,es decir,1,1,1,1,es decir,AGS_CE_RG_L379_01,ags_ce,Javier,Cambios,Sustitución,1,Cambios — Sustitución,False,es decir
1246,Llama 3.3 70B · 12 000 TPM,es que,1,1,1,1,es que,utblac_wbs_1433_duplicated_1,utblac_wbs,Rodrigo,Cambios,Deleción,1,Cambios — Deleción,False,es que
1247,GPT OSS 120B · 8 000 TPM,escno,1,1,1,1,escno,BnF_032_15,bnf_032,Flor,Abreviaturas,Expansión completa,1,Abreviaturas — Expansión completa,False,escno
1248,Llama 3.3 70B · 12 000 TPM,escomuniã³n,1,1,1,1,escomuniÃ³n,BnF_266_05,bnf_266,Adriana,Cambios,Otros,1,Cambios — Otros | Cambios — Sustitución,False,escomuniã³n
1249,GPT OSS 120B · 8 000 TPM,escribano,1,1,1,1,escribano,AMP_AC_v021__doc026_1,amp_ac,Rodrigo,Puntuación,"Coma (,)",1,"Puntuación — Coma (,)",False,escribano
1250,Llama 3.3 70B · 12 000 TPM,escribano,1,1,1,1,escribano,BP_CM_R481_016,bp_cm,Arturo,Abreviaturas,Expansión completa,1,Abreviaturas — Expansión completa | Cambios — Sustitución,False,escribano
1251,GPT OSS 120B · 8 000 TPM,escribió,1,1,1,1,escribió,AGI_INDIFERENTE_2065_N45_09,agi_indiferente,Rodrigo,Abreviaturas,No sub-rule assigned,1,Abreviaturas — No sub-rule assigned | Cambios — Sustitución,False,escribió
1252,Llama 3.3 70B · 12 000 TPM,escribí,1,1,1,1,escribí,BnF_032_23,bnf_032,Arturo,Cambios,Sustitución,1,Cambios — Sustitución,False,escribí
1253,Llama 3.3 70B · 12 000 TPM,escrito,1,1,1,1,Escrito,BnF_118_03,bnf_118,Paloma,Cambios,Deleción,1,Cambios — Deleción,False,escrito
1254,GPT OSS 120B · 8 000 TPM,eses,1,1,1,1,eses,BnF_116_02,bnf_116,Paco,Cambios,Deleción,1,Cambios — Deleción,False,eses
1255,GPT OSS 120B · 8 000 TPM,esmo,1,1,1,1,esmo,AGN_RealesCedDup_v050_exp062,agn_realesceddup,Paloma,Abreviaturas,Expansión completa,1,Abreviaturas — Expansión completa,False,esmo
1256,Llama 3.3 70B · 12 000 TPM,esn.,1,1,1,1,Esn.,BnF_174_03,bnf_174,Arturo,Abreviaturas,Expansión completa,1,Abreviaturas — Expansión completa | Cambios — Inserción,False,esn.
1257,GPT OSS 120B · 8 000 TPM,esniores,1,1,1,1,esniores,AGI_PATRONATO_182_R3_01,agi_patronato,Alba,Abreviaturas,"Excepciones (desto/a/os, dello/a/os)",1,"Abreviaturas — Excepciones (desto/a/os, dello/a/os) | Cambios — Inserción",False,esniores
1258,Llama 3.3 70B · 12 000 TPM,esno,1,1,1,1,esno,BnF_032_23,bnf_032,Arturo,Abreviaturas,Expansión completa,1,Abreviaturas — Expansión completa,False,esno
1259,GPT OSS 120B · 8 000 TPM,espanola,1,1,1,1,espanola,BnF_112_25,bnf_112,Paco,Filológicas - instrucciones,No sub-rule assigned,1,Filológicas - instrucciones — No sub-rule assigned,False,espanola
1260,Llama 3.3 70B · 12 000 TPM,espaã±a,1,1,1,1,EspaÃ±a,BnF_266_05,bnf_266,Adriana,Cambios,Otros,1,Cambios — Otros | Cambios — Sustitución,False,espaã±a
1261,Llama 3.3 70B · 12 000 TPM,"español, llamado",1,1,1,1,"español, llamado",BnF_243_12,bnf_243,Arturo,Cambios,Sustitución,1,"Cambios — Sustitución | Puntuación — Coma (,)",False,"español, llamado"
1262,Llama 3.3 70B · 12 000 TPM,"españoles, ni",1,1,1,1,"españoles, ni",BnF_174_03,bnf_174,Arturo,Puntuación,"Coma (,)",1,"Puntuación — Coma (,)",False,"españoles, ni"
1263,Llama 3.3 70B · 12 000 TPM,especialmte,1,1,1,1,especialmte,BnF_104_3,bnf_104,Alba,Abreviaturas,Expansión completa,1,Abreviaturas — Expansión completa,False,especialmte
1264,Llama 3.3 70B · 12 000 TPM,esptos,1,1,1,1,esptos,BnF_104_3,bnf_104,Alba,Abreviaturas,Expansión completa,1,Abreviaturas — Expansión completa,False,esptos
1265,Llama 3.3 70B · 12 000 TPM,espturas,1,1,1,1,espturas,BnF_104_3,bnf_104,Alba,Abreviaturas,Expansión completa,1,Abreviaturas — Expansión completa,False,espturas
1266,GPT OSS 120B · 8 000 TPM,esr,1,1,1,1,esr,AGN_Indios_v019_exp354_2,agn_indios,Alba,Filológicas - mecánicas,E protética,1,Filológicas - mecánicas — E protética,False,esr
1267,GPT OSS 120B · 8 000 TPM,esr.,1,1,1,1,esr.,BnF_113_04,bnf_113,Paco,Abreviaturas,Expansión completa,1,Abreviaturas — Expansión completa,False,esr.
1268,Llama 3.3 70B · 12 000 TPM,esta mi autoridad,1,1,1,1,esta mi autoridad,BnF_032_23,bnf_032,Arturo,Cambios,Sustitución,1,Cambios — Sustitución,False,esta mi autoridad
1269,GPT OSS 120B · 8 000 TPM,estan,1,1,1,1,estan,BnF_113_22,bnf_113,Paloma,Filológicas - mecánicas,Regularización de sibilantes,1,Filológicas - mecánicas — Regularización de sibilantes,False,estan
1270,Llama 3.3 70B · 12 000 TPM,estandartes,1,1,1,1,estandartes,BnF_266_05,bnf_266,Adriana,Abreviaturas,Expansión completa,1,Abreviaturas — Expansión completa,False,estandartes
1271,Llama 3.3 70B · 12 000 TPM,estar,1,1,1,1,estar,BnF_266_10,bnf_266,Flor,Cambios,Sustitución,1,Cambios — Sustitución,False,estar
1272,Llama 3.3 70B · 12 000 TPM,estartid;,1,1,1,1,estartid;,BP_CM_R494_156_2,bp_cm,Javier,Puntuación,"Coma (,)",1,"Puntuación — Coma (,)",False,estartid;
1273,Llama 3.3 70B · 12 000 TPM,estaría,1,1,1,1,estaría,BP_CM_32386_007_2,bp_cm,Rodrigo,Cambios,Sustitución,1,Cambios — Sustitución,False,estaría
1274,Llama 3.3 70B · 12 000 TPM,estas,1,1,1,1,estas,AGI_INDIFERENTE_1529_N36_07,agi_indiferente,Rodrigo,Abreviaturas,"Excepciones (desto/a/os, dello/a/os)",1,"Abreviaturas — Excepciones (desto/a/os, dello/a/os) | Cambios — Deleción",False,estas
1275,Llama 3.3 70B · 12 000 TPM,estas gentes,1,1,1,1,estas gentes,BnF_264_03,bnf_264,Adriana,Cambios,Deleción,1,Cambios — Deleción,False,estas gentes
1276,Llama 3.3 70B · 12 000 TPM,estas minas,1,1,1,1,estas minas,AGI_INDIFERENTE_1529_N36_07,agi_indiferente,Rodrigo,Cambios,Deleción,1,Cambios — Deleción,False,estas minas
1277,Llama 3.3 70B · 12 000 TPM,este,1,1,1,1,este,BnF_075_035,bnf_075,Arturo,Abreviaturas,Expansión completa,1,Abreviaturas — Expansión completa,False,este
1278,Llama 3.3 70B · 12 000 TPM,este. tiene,1,1,1,1,este. tiene,AGI_INDIFERENTE_1529_N36_07,agi_indiferente,Rodrigo,Cambios,Otros,1,Cambios — Otros,False,este. tiene
1279,GPT OSS 120B · 8 000 TPM,esto,1,1,1,1,esto,AGI_INDIFERENTE_2065_N45_09,agi_indiferente,Rodrigo,Cambios,Deleción,1,Cambios — Deleción,False,esto
1280,Llama 3.3 70B · 12 000 TPM,estoss,1,1,1,1,estoss,BnF_118_03,bnf_118,Paloma,Filológicas - mecánicas,Simplificación de grupos consonánticos,1,Filológicas - mecánicas — Simplificación de grupos consonánticos,False,estoss
1281,Llama 3.3 70B · 12 000 TPM,"estoy, con",1,1,1,1,"estoy, con",BnF_110_09,bnf_110,Alba,Cambios,Deleción,1,Cambios — Deleción,False,"estoy, con"
1282,GPT OSS 120B · 8 000 TPM,estubiere,1,1,1,1,estubiere,AGN_IndiferenteVirreinal_caja4071_exp024_2,agn_indiferentevirreinal,Paloma,Filológicas - instrucciones,Regularización de labiales (b/v),1,Filológicas - instrucciones — Regularización de labiales (b/v),False,estubiere
1283,Llama 3.3 70B · 12 000 TPM,estudian la lengua mexicana,1,1,1,1,estudian la lengua mexicana,Mechoacan_Yurirapundaro_1,mechoacan_yurirapundaro,Adriana,Cambios,Inserción,1,Cambios — Inserción,False,estudian la lengua mexicana
1284,Llama 3.3 70B · 12 000 TPM,está,1,1,1,1,está,utblac_gg_mss_g62_duplicated_15,utblac_gg,Paco,Abreviaturas,Expansión completa,1,Abreviaturas — Expansión completa,False,está
1285,Llama 3.3 70B · 12 000 TPM,está a 3,1,1,1,1,está a 3,Mechoacan_Yurirapundaro_1,mechoacan_yurirapundaro,Adriana,Cambios,Inserción,1,Cambios — Inserción,False,está a 3
1286,Llama 3.3 70B · 12 000 TPM,está a 4,1,1,1,1,está a 4,Mechoacan_Yurirapundaro_1,mechoacan_yurirapundaro,Adriana,Cambios,Inserción,1,Cambios — Inserción,False,está a 4
1287,Llama 3.3 70B · 12 000 TPM,está la,1,1,1,1,está la,BnF_266_07,bnf_266,Paco,Cambios,Deleción,1,Cambios — Deleción,False,está la
1288,Llama 3.3 70B · 12 000 TPM,están sueltas,1,1,1,1,están sueltas,AGI_INDIFERENTE_1529_N36_07,agi_indiferente,Rodrigo,Cambios,Sustitución,1,Cambios — Sustitución,False,están sueltas
1289,Llama 3.3 70B · 12 000 TPM,"están, y",1,1,1,1,"están, y",BnF_032_23,bnf_032,Arturo,Puntuación,"Coma (,)",1,"Puntuación — Coma (,)",False,"están, y"
1290,Llama 3.3 70B · 12 000 TPM,estévanez,1,1,1,1,Estévanez,BnF_167_10,bnf_167,Edna,Cambios,Inserción,1,Cambios — Inserción,False,estévanez
1291,GPT OSS 120B · 8 000 TPM,esy,1,1,1,1,esy,BnF_112_04,bnf_112,Paloma,Cambios,Inserción,1,Cambios — Inserción | Filológicas - instrucciones — Regularización de i/y vocálicas,False,esy
1292,GPT OSS 120B · 8 000 TPM,esyn,1,1,1,1,esyn,BnF_111_20,bnf_111,Flor,Cambios,Inserción,1,Cambios — Inserción | Filológicas - instrucciones — Regularización de i/y vocálicas,False,esyn
1293,GPT OSS 120B · 8 000 TPM,etc.,1,1,1,1,etc.,AGN_Indios_v002_exp835,agn_indios,Paloma,Abreviaturas,Expansión completa,1,Abreviaturas — Expansión completa,False,etc.
1294,Llama 3.3 70B · 12 000 TPM,etc.,1,1,1,1,etc.,BnF_174_03,bnf_174,Arturo,Abreviaturas,Expansión completa,1,Abreviaturas — Expansión completa,False,etc.
1295,Llama 3.3 70B · 12 000 TPM,etra,1,1,1,1,etra,AGN_GralParte_v006_exp617_02,agn_gralparte,Rodrigo,Abreviaturas,Expansión completa,1,Abreviaturas — Expansión completa,False,etra
1296,GPT OSS 120B · 8 000 TPM,etza,1,1,1,1,etza,AGN_Indios_v009_exp003_fs4v-5_01,agn_indios,Arturo,Abreviaturas,Expansión completa,1,Abreviaturas — Expansión completa,False,etza
1297,Llama 3.3 70B · 12 000 TPM,eucaristía,1,1,1,1,eucaristía,Mechoacan_Yurirapundaro_2,mechoacan_yurirapundaro,Arturo,Cambios,No sub-rule assigned,1,Cambios — No sub-rule assigned | Puntuación — No sub-rule assigned,False,eucaristía
1298,Llama 3.3 70B · 12 000 TPM,exa,1,1,1,1,Exa,UIA_Ms149_Exp3_04,uia_ms149,Alba,Abreviaturas,Expansión completa,1,Abreviaturas — Expansión completa,False,exa
1299,GPT OSS 120B · 8 000 TPM,exacción,1,1,1,1,exacción,AGN_Indios_v002_exp835,agn_indios,Paloma,Cambios,Sustitución,1,Cambios — Sustitución,False,exacción
1300,Llama 3.3 70B · 12 000 TPM,excepto,1,1,1,1,Excepto,AGS_CE_RG_L379_04,ags_ce,Rodrigo,Cambios,Otros,1,Cambios — Otros,False,excepto
1301,GPT OSS 120B · 8 000 TPM,excurso,1,1,1,1,excurso,AGN_RealesCedDup_v050_exp062,agn_realesceddup,Paloma,Abreviaturas,No sub-rule assigned,1,Abreviaturas — No sub-rule assigned,False,excurso
1302,GPT OSS 120B · 8 000 TPM,exon,1,1,1,1,exon,AGN_Indios_v019_exp354_2,agn_indios,Alba,Abreviaturas,Expansión completa,1,Abreviaturas — Expansión completa,False,exon
1303,GPT OSS 120B · 8 000 TPM,exor,1,1,1,1,exor,AGN_AHHacienda_v1292_exp135,agn_ahhacienda,Javier,Abreviaturas,Expansión completa,1,Abreviaturas — Expansión completa,False,exor
1304,Llama 3.3 70B · 12 000 TPM,expoual,1,1,1,1,Expoual,UIA_Ms149_Exp2_51,uia_ms149,Arturo,Abreviaturas,Expansión completa,1,Abreviaturas — Expansión completa | Cambios — Deleción,False,expoual
1305,Llama 3.3 70B · 12 000 TPM,expreso,1,1,1,1,expreso,AGN_Tierras_v2963_exp059_24,agn_tierras,Paco,Acentuación,No sub-rule assigned,1,Acentuación — No sub-rule assigned,False,expreso
1306,GPT OSS 120B · 8 000 TPM,exptoval,1,1,1,1,exptoval,AGN_Indios_v019_exp354_2,agn_indios,Alba,Abreviaturas,Expansión completa,1,Abreviaturas — Expansión completa,False,exptoval
1307,Llama 3.3 70B · 12 000 TPM,extinguida. cundieron,1,1,1,1,extinguida. Cundieron,BnF_264_12,bnf_264,Edna,Cambios,Deleción,1,Cambios — Deleción,False,extinguida. cundieron
1308,GPT OSS 120B · 8 000 TPM,fabrica,1,1,1,1,fabrica,BNE_ms3047_1,bne_ms3047,Rodrigo,Acentuación,No sub-rule assigned,1,Acentuación — No sub-rule assigned,False,fabrica
1309,GPT OSS 120B · 8 000 TPM,fallecio,1,1,1,1,fallecio,BnF_112_02,bnf_112,Arturo,Acentuación,No sub-rule assigned,1,Acentuación — No sub-rule assigned,False,fallecio
1310,GPT OSS 120B · 8 000 TPM,fallescido,1,1,1,1,fallescido,BnF_112_02,bnf_112,Arturo,Filológicas - mecánicas,Regularización de sibilantes,1,Filológicas - mecánicas — Regularización de sibilantes,False,fallescido
1311,Llama 3.3 70B · 12 000 TPM,falso,1,1,1,1,falso,BP_CM_R481_071_2,bp_cm,Adriana,Cambios,Sustitución,1,Cambios — Sustitución,False,falso
1312,Llama 3.3 70B · 12 000 TPM,"falta, a",1,1,1,1,"falta, a",AGN_Indios_v009_exp002_fs3v-4_01,agn_indios,Arturo,Puntuación,"Coma (,)",1,"Puntuación — Coma (,)",False,"falta, a"
1313,GPT OSS 120B · 8 000 TPM,fe q,1,1,1,1,fe q,AGN_RealesCedDup_v050_exp062,agn_realesceddup,Paloma,Abreviaturas,Expansión completa,1,Abreviaturas — Expansión completa,False,fe q
1314,Llama 3.3 70B · 12 000 TPM,"fe, vistas",1,1,1,1,"fe, vistas",utblac_wbs_0912a_duplicated,utblac_wbs,Arturo,Puntuación,"Coma (,)",1,"Puntuación — Coma (,)",False,"fe, vistas"
1315,Llama 3.3 70B · 12 000 TPM,fe; con,1,1,1,1,fe; con,BnF_174_03,bnf_174,Arturo,Puntuación,No sub-rule assigned,1,Puntuación — No sub-rule assigned,False,fe; con
1316,Llama 3.3 70B · 12 000 TPM,fechada,1,1,1,1,fechada,BnF_119-148_24,bnf_119-148,Adriana,Abreviaturas,Expansión completa,1,Abreviaturas — Expansión completa,False,fechada
1317,Llama 3.3 70B · 12 000 TPM,fechas.,1,1,1,1,fechas.,AGN_Tierras_v039-2_exp003_41,agn_tierras,Flor,Puntuación,Punto (.),1,Puntuación — Punto (.),False,fechas.
1318,Llama 3.3 70B · 12 000 TPM,"felipe,",1,1,1,1,"felipe,",AGI_INDIFERENTE_1529_N36_07,agi_indiferente,Rodrigo,Cambios,Otros,1,"Cambios — Otros | Puntuación — Coma (,)",False,"felipe,"
1319,Llama 3.3 70B · 12 000 TPM,"fernández, del",1,1,1,1,"Fernández, del",AGN_Indios_v009_exp002_fs3v-4_01,agn_indios,Arturo,Puntuación,"Coma (,)",1,"Puntuación — Coma (,)",False,"fernández, del"
1320,GPT OSS 120B · 8 000 TPM,fhos.,1,1,1,1,fhos.,AGN_Indios_v009_exp003_fs4v-5_01,agn_indios,Arturo,Abreviaturas,Expansión completa,1,Abreviaturas — Expansión completa | Puntuación — Punto (.),False,fhos.
1321,Llama 3.3 70B · 12 000 TPM,"fiel, y",1,1,1,1,"fiel, y",BnF_174_03,bnf_174,Arturo,Puntuación,"Coma (,)",1,"Puntuación — Coma (,)",False,"fiel, y"
1322,Llama 3.3 70B · 12 000 TPM,fieles difuntos,1,1,1,1,Fieles Difuntos,BnF_167_10,bnf_167,Edna,Cambios,Inserción,1,Cambios — Inserción,False,fieles difuntos
1323,Llama 3.3 70B · 12 000 TPM,filicación,1,1,1,1,Filicación,BnF_243_16,bnf_243,Rodrigo,Cambios,Inserción,1,Cambios — Inserción,False,filicación
1324,Llama 3.3 70B · 12 000 TPM,firmo,1,1,1,1,firmo,AGN_AHHacienda_v268_exp046_03,agn_ahhacienda,Arturo,Acentuación,No sub-rule assigned,1,Acentuación — No sub-rule assigned,False,firmo
1325,GPT OSS 120B · 8 000 TPM,firmó,1,1,1,1,firmó,AGI_INDIFERENTE_2065_N45_09,agi_indiferente,Rodrigo,Cambios,Sustitución,1,Cambios — Sustitución,False,firmó
1326,Llama 3.3 70B · 12 000 TPM,firmólo,1,1,1,1,firmólo,AGI_INDIFERENTE_2065_N45_11,agi_indiferente,Alba,Acentuación,No sub-rule assigned,1,Acentuación — No sub-rule assigned,False,firmólo
1327,GPT OSS 120B · 8 000 TPM,fo,1,1,1,1,fo,AGN_Indios_v002_exp835,agn_indios,Paloma,Abreviaturas,Expansión completa,1,Abreviaturas — Expansión completa,False,fo
1328,Llama 3.3 70B · 12 000 TPM,fo,1,1,1,1,fo,AGN_Inquisicion_v1568A_exp152_fs115-116v_04,agn_inquisicion,Paloma,Abreviaturas,Expansión completa,1,Abreviaturas — Expansión completa,False,fo
1329,GPT OSS 120B · 8 000 TPM,formó,1,1,1,1,formó,BnF_113_04,bnf_113,Paco,Cambios,Sustitución,1,Cambios — Sustitución,False,formó
1330,Llama 3.3 70B · 12 000 TPM,forzadamente,1,1,1,1,forzadamente,AGN_HospJesus_c474_leg267-2_exp024_7473-7537_02,agn_hospjesus,Paco,Cambios,Sustitución,1,Cambios — Sustitución,False,forzadamente
1331,Llama 3.3 70B · 12 000 TPM,fos,1,1,1,1,fos,BnF_118_02,bnf_118,Rodrigo,Abreviaturas,Expansión completa,1,Abreviaturas — Expansión completa,False,fos
1332,Llama 3.3 70B · 12 000 TPM,frai,1,1,1,1,frai,Mechoacan_Yurirapundaro_2,mechoacan_yurirapundaro,Arturo,Filológicas - instrucciones,Regularización de i/y vocálicas,1,Filológicas - instrucciones — Regularización de i/y vocálicas,False,frai
1333,Llama 3.3 70B · 12 000 TPM,frailes,1,1,1,1,frailes,BnF_113_43,bnf_113,Paloma,Cambios,Deleción,1,Cambios — Deleción,False,frailes
1334,Llama 3.3 70B · 12 000 TPM,francisco atiquixcan,1,1,1,1,francisco atiquixcan,AGI_INDIFERENTE_1529_N36_07,agi_indiferente,Rodrigo,Cambios,Otros,1,Cambios — Otros,False,francisco atiquixcan
1335,Llama 3.3 70B · 12 000 TPM,"francisco,",1,1,1,1,"Francisco,",BnF_075_035,bnf_075,Arturo,Puntuación,"Coma (,)",1,"Puntuación — Coma (,)",False,"francisco,"
1336,Llama 3.3 70B · 12 000 TPM,frdo,1,1,1,1,Frdo,AGN_HospJesus_c205_exp041_04,agn_hospjesus,Flor,Abreviaturas,No sub-rule assigned,1,Abreviaturas — No sub-rule assigned,False,frdo
1337,Llama 3.3 70B · 12 000 TPM,frijoles,1,1,1,1,frijoles,utblac_JGI_XXIII-09_Amula_25,utblac_jgi,Rodrigo,Cambios,Sustitución,1,Cambios — Sustitución,False,frijoles
1338,Llama 3.3 70B · 12 000 TPM,frio,1,1,1,1,frio,AGI_CONTRATACION_1089_N8_151,agi_contratacion,Paco,Acentuación,No sub-rule assigned,1,Acentuación — No sub-rule assigned,False,frio
1339,Llama 3.3 70B · 12 000 TPM,frutos,1,1,1,1,Frutos,AGN_Inquisicion_v1568A_exp152_fs115-116v_01,agn_inquisicion,Rodrigo,Cambios,Sustitución,1,Cambios — Sustitución,False,frutos
1340,GPT OSS 120B · 8 000 TPM,fue,1,1,1,1,fue,AGN_Marina_v002_exp024_005,agn_marina,Flor,Abreviaturas,No sub-rule assigned,1,Abreviaturas — No sub-rule assigned,False,fue
1341,Llama 3.3 70B · 12 000 TPM,fue justo,1,1,1,1,fue justo,BnF_264_12,bnf_264,Edna,Cambios,Deleción,1,Cambios — Deleción,False,fue justo
1342,Llama 3.3 70B · 12 000 TPM,"fuente, y",1,1,1,1,"Fuente, y",BnF_174_03,bnf_174,Arturo,Puntuación,"Coma (,)",1,"Puntuación — Coma (,)",False,"fuente, y"
1343,Llama 3.3 70B · 12 000 TPM,"fuera,",1,1,1,1,"fuera,",BnF_266_07,bnf_266,Paco,Cambios,Sustitución,1,"Cambios — Sustitución | Puntuación — Coma (,)",False,"fuera,"
1344,Llama 3.3 70B · 12 000 TPM,fuere y,1,1,1,1,fuere y,AGS_CE_RG_L379_02,ags_ce,Arturo,Puntuación,No sub-rule assigned,1,Puntuación — No sub-rule assigned,False,fuere y
1345,Llama 3.3 70B · 12 000 TPM,fuese,1,1,1,1,fuese,utblac_wbs_888_duplicated_1,utblac_wbs,Edna,Cambios,Sustitución,1,Cambios — Sustitución,False,fuese
1346,Llama 3.3 70B · 12 000 TPM,fueseis,1,1,1,1,fueseis,UIA_Ms149_Exp2_51,uia_ms149,Arturo,Cambios,Sustitución,1,Cambios — Sustitución,False,fueseis
1347,Llama 3.3 70B · 12 000 TPM,fuisteis,1,1,1,1,fuisteis,UIA_Ms149_Exp2_51,uia_ms149,Arturo,Cambios,Sustitución,1,Cambios — Sustitución,False,fuisteis
1348,Llama 3.3 70B · 12 000 TPM,fuisteis a,1,1,1,1,fuisteis a,UIA_Ms149_Exp2_51,uia_ms149,Arturo,Cambios,Deleción,1,Cambios — Deleción,False,fuisteis a
1349,GPT OSS 120B · 8 000 TPM,fundamente,1,1,1,1,Fundamente,AGS_CE_RG_L379_01,ags_ce,Javier,Cambios,Sustitución,1,Cambios — Sustitución,False,fundamente
1350,Llama 3.3 70B · 12 000 TPM,fuésemos;,1,1,1,1,fuésemos;,BnF_167_03,bnf_167,Javier,Puntuación,"Coma (,)",1,"Puntuación — Coma (,)",False,fuésemos;
1351,GPT OSS 120B · 8 000 TPM,fysiere,1,1,1,1,fysiere,BnF_112_04,bnf_112,Paloma,Filológicas - instrucciones,Regularización de i/y vocálicas,1,Filológicas - instrucciones — Regularización de i/y vocálicas,False,fysiere
1352,GPT OSS 120B · 8 000 TPM,"fábrica, hay",1,1,1,1,"fábrica, hay",BNE_ms3047_1,bne_ms3047,Rodrigo,Puntuación,"Coma (,)",1,"Puntuación — Coma (,) | Puntuación — Punto (.)",False,"fábrica, hay"
1353,GPT OSS 120B · 8 000 TPM,fábrica. y,1,1,1,1,fábrica. y,BNE_ms3047_1,bne_ms3047,Rodrigo,Puntuación,"Coma (,)",1,"Puntuación — Coma (,)",False,fábrica. y
1354,GPT OSS 120B · 8 000 TPM,galizia,1,1,1,1,galizia,AGI_PATRONATO_182_R3_04,agi_patronato,Paco,Filológicas - mecánicas,Regularización de sibilantes,1,Filológicas - mecánicas — Regularización de sibilantes,False,galizia
1355,Llama 3.3 70B · 12 000 TPM,"ganado, y",1,1,1,1,"ganado, y",BnF_174_03,bnf_174,Arturo,Puntuación,"Coma (,)",1,"Puntuación — Coma (,)",False,"ganado, y"
1356,Llama 3.3 70B · 12 000 TPM,"garcía,",1,1,1,1,"García,",AGI_INDIFERENTE_2065_N45_11,agi_indiferente,Alba,Cambios,Deleción,1,Cambios — Deleción | Puntuación — No sub-rule assigned,False,"garcía,"
1357,Llama 3.3 70B · 12 000 TPM,garrota,1,1,1,1,garrota,BnF_266_05,bnf_266,Adriana,Cambios,Sustitución,1,Cambios — Sustitución,False,garrota
1358,GPT OSS 120B · 8 000 TPM,gastado,1,1,1,1,gastado,BnF_030_27,bnf_030,Rodrigo,Cambios,Inserción,1,Cambios — Inserción,False,gastado
1359,Llama 3.3 70B · 12 000 TPM,"general,",1,1,1,1,"General,",AGS_CE_RG_L379_02,ags_ce,Arturo,Puntuación,Punto (.),1,Puntuación — Punto (.),False,"general,"
1360,GPT OSS 120B · 8 000 TPM,gens.,1,1,1,1,gens.,AGS_CE_RG_L379_01,ags_ce,Javier,Abreviaturas,Expansión completa,1,Abreviaturas — Expansión completa,False,gens.
1361,Llama 3.3 70B · 12 000 TPM,gente:,1,1,1,1,gente:,BnF_174_06,bnf_174,Javier,Puntuación,"Coma (,)",1,"Puntuación — Coma (,)",False,gente:
1362,Llama 3.3 70B · 12 000 TPM,"gentes, de",1,1,1,1,"gentes, de",BnF_264_03,bnf_264,Adriana,Abreviaturas,Expansión completa,1,Abreviaturas — Expansión completa,False,"gentes, de"
1363,Llama 3.3 70B · 12 000 TPM,gentes. de,1,1,1,1,gentes. De,BnF_264_03,bnf_264,Adriana,Puntuación,"Coma (,)",1,"Puntuación — Coma (,)",False,gentes. de
1364,Llama 3.3 70B · 12 000 TPM,germo,1,1,1,1,Germo,UIA_Ms149_Exp2_51,uia_ms149,Arturo,Abreviaturas,Expansión completa,1,Abreviaturas — Expansión completa,False,germo
1365,GPT OSS 120B · 8 000 TPM,geronimo,1,1,1,1,geronimo,AGI_CONTRATACION_1183_N8_78,agi_contratacion,Adriana,Acentuación,No sub-rule assigned,1,Acentuación — No sub-rule assigned,False,geronimo
1366,GPT OSS 120B · 8 000 TPM,ges,1,1,1,1,ges,AGN_AHHacienda_v1292_exp135,agn_ahhacienda,Javier,Abreviaturas,Expansión completa,1,Abreviaturas — Expansión completa,False,ges
1367,GPT OSS 120B · 8 000 TPM,gl,1,1,1,1,GL,AGN_Indios_v019_exp354_2,agn_indios,Alba,Abreviaturas,No sub-rule assigned,1,Abreviaturas — No sub-rule assigned,False,gl
1368,Llama 3.3 70B · 12 000 TPM,go,1,1,1,1,go,BnF_104_3,bnf_104,Alba,Abreviaturas,No sub-rule assigned,1,Abreviaturas — No sub-rule assigned,False,go
1369,GPT OSS 120B · 8 000 TPM,gobern,1,1,1,1,gobern,BnF_116_02,bnf_116,Paco,Abreviaturas,Expansión completa,1,Abreviaturas — Expansión completa | Cambios — Sustitución,False,gobern
1370,GPT OSS 120B · 8 000 TPM,gobernador,1,1,1,1,gobernador,BnF_112_02,bnf_112,Arturo,Puntuación,No sub-rule assigned,1,Puntuación — No sub-rule assigned,False,gobernador
1371,Llama 3.3 70B · 12 000 TPM,gobernador que no,1,1,1,1,Gobernador que no,BnF_167_29,bnf_167,Adriana,Cambios,Inserción,1,Cambios — Inserción,False,gobernador que no
1372,GPT OSS 120B · 8 000 TPM,"gobernador. prendieron,",1,1,1,1,"gobernador. prendieron,",BnF_116_02,bnf_116,Paco,Puntuación,"Coma (,)",1,"Puntuación — Coma (,)",False,"gobernador. prendieron,"
1373,Llama 3.3 70B · 12 000 TPM,"gobierne, y",1,1,1,1,"gobierne, y",AGN_Indios_v009_exp002_fs3v-4_01,agn_indios,Arturo,Puntuación,"Coma (,)",1,"Puntuación — Coma (,)",False,"gobierne, y"
1374,Llama 3.3 70B · 12 000 TPM,gobierno,1,1,1,1,gobierno,AGI_PATRONATO_182_R3_03,agi_patronato,Javier,Cambios,Sustitución,1,Cambios — Sustitución,False,gobierno
1375,Llama 3.3 70B · 12 000 TPM,"golpe, que",1,1,1,1,"golpe, que",BnF_174_03,bnf_174,Arturo,Puntuación,"Coma (,)",1,"Puntuación — Coma (,)",False,"golpe, que"
1376,GPT OSS 120B · 8 000 TPM,gomez,1,1,1,1,Gomez,BnF_032_36,bnf_032,Paco,Acentuación,No sub-rule assigned,1,Acentuación — No sub-rule assigned,False,gomez
1377,GPT OSS 120B · 8 000 TPM,gor,1,1,1,1,gor,BnF_113_04,bnf_113,Paco,Abreviaturas,Expansión completa,1,Abreviaturas — Expansión completa,False,gor
1378,GPT OSS 120B · 8 000 TPM,goveor,1,1,1,1,goveor,AGN_Mercedes_v003_exp520,agn_mercedes,Alba,Abreviaturas,No sub-rule assigned,1,Abreviaturas — No sub-rule assigned,False,goveor
1379,GPT OSS 120B · 8 000 TPM,governado,1,1,1,1,governado,BnF_113_22,bnf_113,Paloma,Filológicas - instrucciones,Regularización de labiales (b/v),1,Filológicas - instrucciones — Regularización de labiales (b/v),False,governado
1380,GPT OSS 120B · 8 000 TPM,governdor,1,1,1,1,Governdor,AGN_Indios_v019_exp354_2,agn_indios,Alba,Abreviaturas,Expansión completa,1,Abreviaturas — Expansión completa,False,governdor
1381,GPT OSS 120B · 8 000 TPM,governor,1,1,1,1,Governor,AGN_Indios_v019_exp354_2,agn_indios,Alba,Abreviaturas,No sub-rule assigned,1,Abreviaturas — No sub-rule assigned,False,governor
1382,GPT OSS 120B · 8 000 TPM,govierna,1,1,1,1,govierna,BnF_113_22,bnf_113,Paloma,Filológicas - instrucciones,Regularización de labiales (b/v),1,Filológicas - instrucciones — Regularización de labiales (b/v),False,govierna
1383,GPT OSS 120B · 8 000 TPM,govor,1,1,1,1,govor,AGN_Mercedes_v003_exp520,agn_mercedes,Alba,Abreviaturas,Expansión completa,1,Abreviaturas — Expansión completa,False,govor
1384,GPT OSS 120B · 8 000 TPM,gozan,1,1,1,1,gozan,AGN_Indios_v019_exp354_2,agn_indios,Alba,Cambios,No sub-rule assigned,1,Cambios — No sub-rule assigned,False,gozan
1385,Llama 3.3 70B · 12 000 TPM,gral,1,1,1,1,Gral,BnF_174_02,bnf_174,Javier,Abreviaturas,Expansión completa,1,Abreviaturas — Expansión completa,False,gral
1386,Llama 3.3 70B · 12 000 TPM,gral.,1,1,1,1,Gral.,BnF_174_03,bnf_174,Arturo,Abreviaturas,Expansión completa,1,Abreviaturas — Expansión completa,False,gral.
1387,GPT OSS 120B · 8 000 TPM,granxerias,1,1,1,1,granxerias,AGN_Mercedes_v003_exp520,agn_mercedes,Alba,Acentuación,No sub-rule assigned,1,Acentuación — No sub-rule assigned | Filológicas - instrucciones — x sibilante → j,False,granxerias
1388,GPT OSS 120B · 8 000 TPM,greco,1,1,1,1,greco,AGN_RealesCedDup_v050_exp062,agn_realesceddup,Paloma,Abreviaturas,Expansión completa,1,Abreviaturas — Expansión completa,False,greco
1389,Llama 3.3 70B · 12 000 TPM,gremio; como,1,1,1,1,Gremio; como,BnF_174_03,bnf_174,Arturo,Puntuación,No sub-rule assigned,1,Puntuación — No sub-rule assigned,False,gremio; como
1390,GPT OSS 120B · 8 000 TPM,grmo,1,1,1,1,grmo,AGI_PATRONATO_182_R3_04,agi_patronato,Paco,Abreviaturas,Expansión completa,1,Abreviaturas — Expansión completa,False,grmo
1391,GPT OSS 120B · 8 000 TPM,gu,1,1,1,1,gu,AGN_GralParte_v006_exp617_01,agn_gralparte,Rodrigo,Cambios,Otros,1,Cambios — Otros,False,gu
1392,Llama 3.3 70B · 12 000 TPM,guamustitlan,1,1,1,1,Guamustitlan,AGN_RealesCedDup_v003_exp334,agn_realesceddup,Alba,Cambios,Deleción,1,Cambios — Deleción,False,guamustitlan
1393,Llama 3.3 70B · 12 000 TPM,guardarán,1,1,1,1,guardarán,LoC_HPKraus_146_new_13,loc_hpkraus,Paco,Cambios,Inserción,1,Cambios — Inserción,False,guardarán
1394,Llama 3.3 70B · 12 000 TPM,guardaré,1,1,1,1,guardaré,BnF_113_43,bnf_113,Paloma,Cambios,Sustitución,1,Cambios — Sustitución,False,guardaré
1395,Llama 3.3 70B · 12 000 TPM,guardarían,1,1,1,1,guardarían,BnF_266_07,bnf_266,Paco,Cambios,Inserción,1,Cambios — Inserción,False,guardarían
1396,Llama 3.3 70B · 12 000 TPM,guardiã¡n,1,1,1,1,guardiÃ¡n,BnF_266_05,bnf_266,Adriana,Cambios,Otros,1,Cambios — Otros | Cambios — Sustitución,False,guardiã¡n
1397,GPT OSS 120B · 8 000 TPM,guatemala,1,1,1,1,Guatemala,BnF_116_02,bnf_116,Paco,Cambios,Sustitución,1,Cambios — Sustitución,False,guatemala
1398,GPT OSS 120B · 8 000 TPM,guazil,1,1,1,1,guazil,BnF_111_20,bnf_111,Flor,Filológicas - mecánicas,Regularización de sibilantes,1,Filológicas - mecánicas — Regularización de sibilantes,False,guazil
1399,GPT OSS 120B · 8 000 TPM,guaziles,1,1,1,1,Guaziles,BnF_030_21,bnf_030,Edna,Cambios,Sustitución,1,Cambios — Sustitución,False,guaziles
1400,Llama 3.3 70B · 12 000 TPM,"guerras, y",1,1,1,1,"guerras, y",BnF_174_03,bnf_174,Arturo,Puntuación,"Coma (,)",1,"Puntuación — Coma (,)",False,"guerras, y"
1401,GPT OSS 120B · 8 000 TPM,gueyes,1,1,1,1,gueyes,BnF_032_36,bnf_032,Paco,Cambios,Inserción,1,Cambios — Inserción,False,gueyes
1402,GPT OSS 120B · 8 000 TPM,gutierres,1,1,1,1,gutierres,AGN_GralParte_v006_exp617_01,agn_gralparte,Rodrigo,Cambios,Otros,1,Cambios — Otros,False,gutierres
1403,GPT OSS 120B · 8 000 TPM,guía,1,1,1,1,Guía,AGS_CE_RG_L379_01,ags_ce,Javier,Cambios,Sustitución,1,Cambios — Sustitución,False,guía
1404,Llama 3.3 70B · 12 000 TPM,ha de,1,1,1,1,ha de,BnF_117_14,bnf_117,Alba,Cambios,Inserción,1,Cambios — Inserción,False,ha de
1405,Llama 3.3 70B · 12 000 TPM,ha sido proveído,1,1,1,1,ha sido proveído,AGN_RealesCedDup_v016_exp515,agn_realesceddup,Alba,Cambios,Inserción,1,Cambios — Inserción,False,ha sido proveído
1406,GPT OSS 120B · 8 000 TPM,haber,1,1,1,1,haber,BnF_104_2,bnf_104,Paco,Cambios,Sustitución,1,Cambios — Sustitución,False,haber
1407,Llama 3.3 70B · 12 000 TPM,haber dio,1,1,1,1,haber dio,AGN_AHHacienda_v268_exp046_03,agn_ahhacienda,Arturo,Puntuación,No sub-rule assigned,1,Puntuación — No sub-rule assigned,False,haber dio
1408,GPT OSS 120B · 8 000 TPM,haberlo,1,1,1,1,haberlo,AGI_INDIFERENTE_2065_N45_09,agi_indiferente,Rodrigo,Cambios,Sustitución,1,Cambios — Sustitución,False,haberlo
1409,Llama 3.3 70B · 12 000 TPM,"habido, con",1,1,1,1,"habido, con",utblac_wbs_0912a_duplicated,utblac_wbs,Arturo,Puntuación,"Coma (,)",1,"Puntuación — Coma (,)",False,"habido, con"
1410,Llama 3.3 70B · 12 000 TPM,habiéndolo como deuda,1,1,1,1,habiéndolo como deuda,AGN_IndiferenteVirreinal_caja4071_exp024_1,agn_indiferentevirreinal,Rodrigo,Cambios,Deleción,1,Cambios — Deleción | Cambios — Sustitución,False,habiéndolo como deuda
1411,GPT OSS 120B · 8 000 TPM,habrã¡,1,1,1,1,habrÃ¡,BNE_ms3047_1,bne_ms3047,Rodrigo,Cambios,Otros,1,Cambios — Otros,False,habrã¡
1412,Llama 3.3 70B · 12 000 TPM,habã­amos,1,1,1,1,habÃ­amos,BnF_266_05,bnf_266,Adriana,Cambios,Otros,1,Cambios — Otros | Cambios — Sustitución,False,habã­amos
1413,Llama 3.3 70B · 12 000 TPM,había minas,1,1,1,1,había minas,BnF_264_12,bnf_264,Edna,Cambios,Deleción,1,Cambios — Deleción,False,había minas
1414,Llama 3.3 70B · 12 000 TPM,había sido,1,1,1,1,había sido,UIA_Ms149_Exp3_43,uia_ms149,Paco,Cambios,Inserción,1,Cambios — Inserción | Cambios — Sustitución,False,había sido
1415,Llama 3.3 70B · 12 000 TPM,había sido dada,1,1,1,1,había sido dada,UIA_Ms149_Exp3_43,uia_ms149,Paco,Cambios,Inserción,1,Cambios — Inserción | Cambios — Otros,False,había sido dada
1416,Llama 3.3 70B · 12 000 TPM,había:,1,1,1,1,había:,BnF_167_03,bnf_167,Javier,Puntuación,"Coma (,)",1,"Puntuación — Coma (,)",False,había:
1417,Llama 3.3 70B · 12 000 TPM,habíais,1,1,1,1,habíais,UIA_Ms149_Exp2_51,uia_ms149,Arturo,Cambios,Inserción,1,Cambios — Inserción | Cambios — Sustitución,False,habíais
1418,Llama 3.3 70B · 12 000 TPM,habían,1,1,1,1,habían,BnF_266_10,bnf_266,Flor,Cambios,Inserción,1,Cambios — Inserción,False,habían
1419,GPT OSS 120B · 8 000 TPM,haca,1,1,1,1,haca,AGN_Mercedes_v003_exp520,agn_mercedes,Alba,Abreviaturas,No sub-rule assigned,1,Abreviaturas — No sub-rule assigned,False,haca
1420,Llama 3.3 70B · 12 000 TPM,hacer agua,1,1,1,1,hacer agua,BP_CM_R494_156_2,bp_cm,Javier,Cambios,Deleción,1,Cambios — Deleción,False,hacer agua
1421,GPT OSS 120B · 8 000 TPM,hacerles. malos,1,1,1,1,hacerles. malos,BnF_116_02,bnf_116,Paco,Puntuación,Punto (.),1,Puntuación — Punto (.),False,hacerles. malos
1422,Llama 3.3 70B · 12 000 TPM,hacerlo por,1,1,1,1,hacerlo por,AGN_GralParte_v006_exp617_02,agn_gralparte,Rodrigo,Puntuación,"Coma (,)",1,"Puntuación — Coma (,)",False,hacerlo por
1423,Llama 3.3 70B · 12 000 TPM,"hacienda, fecha",1,1,1,1,"hacienda, fecha",BnF_119-148_18,bnf_119-148,Arturo,Puntuación,"Coma (,)",1,"Puntuación — Coma (,)",False,"hacienda, fecha"
1424,Llama 3.3 70B · 12 000 TPM,hacienda.,1,1,1,1,hacienda.,BnF_118_08,bnf_118,Arturo,Puntuación,Punto (.),1,Puntuación — Punto (.),False,hacienda.
1425,Llama 3.3 70B · 12 000 TPM,haciã©ndoles,1,1,1,1,haciÃ©ndoles,BnF_266_05,bnf_266,Adriana,Cambios,Otros,1,Cambios — Otros | Cambios — Sustitución,False,haciã©ndoles
1426,GPT OSS 120B · 8 000 TPM,haga,1,1,1,1,haga,AGN_RealesCedDup_v050_exp062,agn_realesceddup,Paloma,Cambios,Sustitución,1,Cambios — Sustitución,False,haga
1427,GPT OSS 120B · 8 000 TPM,han,1,1,1,1,han,BnF_030_27,bnf_030,Rodrigo,Cambios,Sustitución,1,Cambios — Sustitución,False,han
1428,GPT OSS 120B · 8 000 TPM,hara,1,1,1,1,hara,AGN_Indios_v019_exp354_2,agn_indios,Alba,Acentuación,No sub-rule assigned,1,Acentuación — No sub-rule assigned,False,hara
1429,Llama 3.3 70B · 12 000 TPM,harriero,1,1,1,1,Harriero,AGN_HospJesus_c205_exp041_04,agn_hospjesus,Flor,Filológicas - instrucciones,Regularización de H etimológica,1,Filológicas - instrucciones — Regularización de H etimológica,False,harriero
1430,GPT OSS 120B · 8 000 TPM,harã¡n,1,1,1,1,harÃ¡n,AGN_Marina_v004_exp006_014,agn_marina,Javier,Acentuación,No sub-rule assigned,1,Acentuación — No sub-rule assigned,False,harã¡n
1431,Llama 3.3 70B · 12 000 TPM,hasta,1,1,1,1,hasta,AGN_HospJesus_c474_leg267-2_exp024_7473-7537_02,agn_hospjesus,Paco,Cambios,Deleción,1,Cambios — Deleción | Cambios — Sustitución,False,hasta
1432,GPT OSS 120B · 8 000 TPM,haver,1,1,1,1,haver,AGN_IndiferenteVirreinal_caja4071_exp024_2,agn_indiferentevirreinal,Paloma,Filológicas - instrucciones,Regularización de labiales (b/v),1,Filológicas - instrucciones — Regularización de labiales (b/v),False,haver
1433,Llama 3.3 70B · 12 000 TPM,haviéndome,1,1,1,1,haviéndome,BnF_118_03,bnf_118,Paloma,Filológicas - instrucciones,Regularización de labiales (b/v),1,Filológicas - instrucciones — Regularización de labiales (b/v),False,haviéndome
1434,GPT OSS 120B · 8 000 TPM,hay,1,1,1,1,hay,BNE_ms3047_1,bne_ms3047,Rodrigo,Cambios,Otros,1,Cambios — Otros,False,hay
1435,Llama 3.3 70B · 12 000 TPM,hay,1,1,1,1,hay,AGI_INDIFERENTE_1529_N36_07,agi_indiferente,Rodrigo,Cambios,Otros,1,Cambios — Otros,False,hay
1436,Llama 3.3 70B · 12 000 TPM,hay;,1,1,1,1,hay;,BnF_174_06,bnf_174,Javier,Puntuación,"Coma (,)",1,"Puntuación — Coma (,)",False,hay;
1437,Llama 3.3 70B · 12 000 TPM,"haya, tal",1,1,1,1,"haya, tal",AGN_Indios_v009_exp002_fs3v-4_01,agn_indios,Arturo,Puntuación,"Coma (,)",1,"Puntuación — Coma (,)",False,"haya, tal"
1438,GPT OSS 120B · 8 000 TPM,hazda,1,1,1,1,hazda,BNE_ms3047_4,bne_ms3047,Javier,Abreviaturas,Expansión completa,1,Abreviaturas — Expansión completa,False,hazda
1439,GPT OSS 120B · 8 000 TPM,hazido,1,1,1,1,hazido,AGN_GralParte_v006_exp617_01,agn_gralparte,Rodrigo,Cambios,Otros,1,Cambios — Otros | Filológicas - mecánicas — Regularización de sibilantes,False,hazido
1440,Llama 3.3 70B · 12 000 TPM,hechizos,1,1,1,1,hechizos,utblac_gg_mss_g62_duplicated_03,utblac_gg,Flor,Cambios,Sustitución,1,Cambios — Sustitución,False,hechizos
1441,GPT OSS 120B · 8 000 TPM,hecho,1,1,1,1,hecho,BnF_104_2,bnf_104,Paco,Cambios,No sub-rule assigned,1,Cambios — No sub-rule assigned,False,hecho
1442,Llama 3.3 70B · 12 000 TPM,hecholo,1,1,1,1,hecholo,BnF_266_03,bnf_266,Rodrigo,Filológicas - instrucciones,Regularización de H etimológica,1,Filológicas - instrucciones — Regularización de H etimológica,False,hecholo
1443,GPT OSS 120B · 8 000 TPM,hedad,1,1,1,1,hedad,AGN_GralParte_v006_exp617_01,agn_gralparte,Rodrigo,Filológicas - instrucciones,Regularización de H etimológica,1,Filológicas - instrucciones — Regularización de H etimológica,False,hedad
1444,GPT OSS 120B · 8 000 TPM,hera,1,1,1,1,hera,BnF_112_02,bnf_112,Arturo,Filológicas - instrucciones,Regularización de H etimológica,1,Filológicas - instrucciones — Regularización de H etimológica,False,hera
1445,Llama 3.3 70B · 12 000 TPM,hera,1,1,1,1,hera,BnF_032_33,bnf_032,Adriana,Filológicas - instrucciones,Regularización de H etimológica,1,Filológicas - instrucciones — Regularización de H etimológica,False,hera
1446,Llama 3.3 70B · 12 000 TPM,herdo,1,1,1,1,Herdo,BnF_075_003,bnf_075,Adriana,Abreviaturas,Expansión completa,1,Abreviaturas — Expansión completa,False,herdo
1447,GPT OSS 120B · 8 000 TPM,herede,1,1,1,1,herede,BnF_112_23,bnf_112,Edna,Acentuación,No sub-rule assigned,1,Acentuación — No sub-rule assigned,False,herede
1448,Llama 3.3 70B · 12 000 TPM,herede,1,1,1,1,herede,BnF_244_04,bnf_244,Edna,Acentuación,No sub-rule assigned,1,Acentuación — No sub-rule assigned,False,herede
1449,Llama 3.3 70B · 12 000 TPM,herederos hasta,1,1,1,1,herederos hasta,BnF_243_12,bnf_243,Arturo,Puntuación,No sub-rule assigned,1,Puntuación — No sub-rule assigned,False,herederos hasta
1450,GPT OSS 120B · 8 000 TPM,heredo,1,1,1,1,heredo,BnF_112_02,bnf_112,Arturo,Abreviaturas,Expansión completa,1,Abreviaturas — Expansión completa | Cambios — Inserción,False,heredo
1451,Llama 3.3 70B · 12 000 TPM,heredó,1,1,1,1,heredó,BnF_110_13,bnf_110,Adriana,Cambios,Sustitución,1,Cambios — Sustitución,False,heredó
1452,Llama 3.3 70B · 12 000 TPM,herejía,1,1,1,1,herejía,utblac_gg_mss_g62_duplicated_09,utblac_gg,Flor,Cambios,Deleción,1,Cambios — Deleción | Cambios — Sustitución,False,herejía
1453,GPT OSS 120B · 8 000 TPM,herendo,1,1,1,1,herendo,BnF_030_21,bnf_030,Edna,Cambios,Sustitución,1,Cambios — Sustitución,False,herendo
1454,GPT OSS 120B · 8 000 TPM,hernandes,1,1,1,1,hernandes,BnF_113_22,bnf_113,Paloma,Filológicas - mecánicas,Regularización de sibilantes,1,Filológicas - mecánicas — Regularización de sibilantes,False,hernandes
1455,GPT OSS 120B · 8 000 TPM,hice,1,1,1,1,hice,BnF_104_2,bnf_104,Paco,Cambios,Sustitución,1,Cambios — Sustitución,False,hice
1456,Llama 3.3 70B · 12 000 TPM,hicieseis,1,1,1,1,hicieseis,UIA_Ms149_Exp2_51,uia_ms149,Arturo,Cambios,Sustitución,1,Cambios — Sustitución,False,hicieseis
1457,Llama 3.3 70B · 12 000 TPM,hicisteis,1,1,1,1,hicisteis,UIA_Ms149_Exp2_51,uia_ms149,Arturo,Cambios,Sustitución,1,Cambios — Sustitución,False,hicisteis
1458,GPT OSS 120B · 8 000 TPM,hijos y,1,1,1,1,hijos y,BnF_032_36,bnf_032,Paco,Puntuación,Punto (.),1,Puntuación — Punto (.),False,hijos y
1459,GPT OSS 120B · 8 000 TPM,hincaron . en,1,1,1,1,hincaron . En,BnF_112_25,bnf_112,Paco,Puntuación,Punto (.),1,Puntuación — Punto (.),False,hincaron . en
1460,Llama 3.3 70B · 12 000 TPM,hista,1,1,1,1,hista,BnF_264_03,bnf_264,Adriana,Abreviaturas,Expansión completa,1,Abreviaturas — Expansión completa,False,hista
1461,GPT OSS 120B · 8 000 TPM,hiziese,1,1,1,1,hiziese,AGI_GUADALAJARA_230_L2_F_45V-46V_1,agi_guadalajara,Edna,Filológicas - mecánicas,Regularización de sibilantes,1,Filológicas - mecánicas — Regularización de sibilantes,False,hiziese
1462,Llama 3.3 70B · 12 000 TPM,hizo,1,1,1,1,hizo,utblac_gg_mss_g62_duplicated_11,utblac_gg,Alba,Cambios,Sustitución,1,Cambios — Sustitución,False,hizo
1463,Llama 3.3 70B · 12 000 TPM,hizose,1,1,1,1,Hizose,BnF_110_09,bnf_110,Alba,Acentuación,No sub-rule assigned,1,Acentuación — No sub-rule assigned,False,hizose
1464,Llama 3.3 70B · 12 000 TPM,holandesa,1,1,1,1,holandesa,BnF_266_03,bnf_266,Rodrigo,Cambios,Inserción,1,Cambios — Inserción,False,holandesa
1465,Llama 3.3 70B · 12 000 TPM,holgaría,1,1,1,1,holgaría,BP_CM_R481_071_2,bp_cm,Adriana,Cambios,Sustitución,1,Cambios — Sustitución,False,holgaría
1466,Llama 3.3 70B · 12 000 TPM,home,1,1,1,1,home,BnF_264_03,bnf_264,Adriana,Abreviaturas,Expansión completa,1,Abreviaturas — Expansión completa,False,home
1467,GPT OSS 120B · 8 000 TPM,honze,1,1,1,1,honze,AGN_AHHacienda_v1292_exp135,agn_ahhacienda,Javier,Filológicas - instrucciones,Regularización de H etimológica,1,Filológicas - instrucciones — Regularización de H etimológica,False,honze
1468,Llama 3.3 70B · 12 000 TPM,"hoy,",1,1,1,1,"hoy,",BnF_075_026,bnf_075,Arturo,Puntuación,"Coma (,)",1,"Puntuación — Coma (,)",False,"hoy,"
1469,GPT OSS 120B · 8 000 TPM,hoy. 6. racioneros,1,1,1,1,hoy. 6. racioneros,BNE_ms3047_1,bne_ms3047,Rodrigo,Puntuación,No sub-rule assigned,1,Puntuación — No sub-rule assigned,False,hoy. 6. racioneros
1470,GPT OSS 120B · 8 000 TPM,hres,1,1,1,1,hres,AGN_GralParte_v006_exp617_01,agn_gralparte,Rodrigo,Abreviaturas,Expansión completa,1,Abreviaturas — Expansión completa,False,hres
1471,Llama 3.3 70B · 12 000 TPM,hres,1,1,1,1,Hres,AGN_GralParte_v006_exp617_02,agn_gralparte,Rodrigo,Abreviaturas,Expansión completa,1,Abreviaturas — Expansión completa,False,hres
1472,GPT OSS 120B · 8 000 TPM,hrez,1,1,1,1,Hrez,AGN_GralParte_v006_exp617_01,agn_gralparte,Rodrigo,Abreviaturas,Expansión completa,1,Abreviaturas — Expansión completa,False,hrez
1473,GPT OSS 120B · 8 000 TPM,hrrs,1,1,1,1,hrrs,BnF_032_36,bnf_032,Paco,Abreviaturas,Expansión completa,1,Abreviaturas — Expansión completa,False,hrrs
1474,GPT OSS 120B · 8 000 TPM,hrz,1,1,1,1,hrz,AGN_GralParte_v006_exp617_01,agn_gralparte,Rodrigo,Abreviaturas,Expansión completa,1,Abreviaturas — Expansión completa,False,hrz
1475,Llama 3.3 70B · 12 000 TPM,huaxtepec,1,1,1,1,huaxtepec,AGI_INDIFERENTE_1529_N36_07,agi_indiferente,Rodrigo,Cambios,Otros,1,Cambios — Otros,False,huaxtepec
1476,Llama 3.3 70B · 12 000 TPM,hubiere,1,1,1,1,hubiere,utblac_eog_j_04_duplicated_02,utblac_eog,Arturo,Cambios,Sustitución,1,Cambios — Sustitución,False,hubiere
1477,Llama 3.3 70B · 12 000 TPM,hubiere y,1,1,1,1,hubiere y,AGI_CONTRATACION_1089_N8_151,agi_contratacion,Paco,Puntuación,Punto (.),1,Puntuación — Punto (.),False,hubiere y
1478,Llama 3.3 70B · 12 000 TPM,hubieseis,1,1,1,1,hubieseis,utblac_wbs_1433_duplicated_1,utblac_wbs,Rodrigo,Cambios,Sustitución,1,Cambios — Sustitución,False,hubieseis
1479,Llama 3.3 70B · 12 000 TPM,hubo,1,1,1,1,hubo,BnF_394_10,bnf_394,Flor,Cambios,Sustitución,1,Cambios — Sustitución,False,hubo
1480,Llama 3.3 70B · 12 000 TPM,huehuetoca tlan,1,1,1,1,Huehuetoca tlan,BnF_267_03,bnf_267,Paco,Cambios,Inserción,1,Cambios — Inserción,False,huehuetoca tlan
1481,Llama 3.3 70B · 12 000 TPM,"idolatraban, y la piedra",1,1,1,1,"idolatraban, y la piedra",BnF_264_12,bnf_264,Edna,Cambios,Deleción,1,Cambios — Deleción,False,"idolatraban, y la piedra"
1482,GPT OSS 120B · 8 000 TPM,idolatrias,1,1,1,1,idolatrias,AGN_Indios_v009_exp003_fs4v-5_01,agn_indios,Arturo,Acentuación,No sub-rule assigned,1,Acentuación — No sub-rule assigned,False,idolatrias
1483,Llama 3.3 70B · 12 000 TPM,"iglesia, que",1,1,1,1,"Iglesia, que",BnF_174_03,bnf_174,Arturo,Puntuación,"Coma (,)",1,"Puntuación — Coma (,)",False,"iglesia, que"
1484,Llama 3.3 70B · 12 000 TPM,"ignorancia, a",1,1,1,1,"ignorancia, a",utblac_wbs_0912a_duplicated,utblac_wbs,Arturo,Puntuación,"Coma (,)",1,"Puntuación — Coma (,)",False,"ignorancia, a"
1485,Llama 3.3 70B · 12 000 TPM,"ignorancia, y",1,1,1,1,"ignorancia, y",utblac_wbs_0912a_duplicated,utblac_wbs,Arturo,Puntuación,"Coma (,)",1,"Puntuación — Coma (,)",False,"ignorancia, y"
1486,GPT OSS 120B · 8 000 TPM,igual,1,1,1,1,Igual,BNE_ms3047_4,bne_ms3047,Javier,Cambios,Deleción,1,Cambios — Deleción,False,igual
1487,GPT OSS 120B · 8 000 TPM,ilmo.,1,1,1,1,Ilmo.,AGI_PATRONATO_182_R3_04,agi_patronato,Paco,Abreviaturas,Expansión completa,1,Abreviaturas — Expansión completa,False,ilmo.
1488,Llama 3.3 70B · 12 000 TPM,ilmo.,1,1,1,1,Ilmo.,AGN_HospJesus_c205_exp041_04,agn_hospjesus,Flor,Abreviaturas,No sub-rule assigned,1,Abreviaturas — No sub-rule assigned,False,ilmo.
1489,GPT OSS 120B · 8 000 TPM,importancia. a,1,1,1,1,importancia. a,AGN_Indios_v009_exp003_fs4v-5_01,agn_indios,Arturo,Puntuación,Punto (.),1,Puntuación — Punto (.),False,importancia. a
1490,Llama 3.3 70B · 12 000 TPM,impotencia,1,1,1,1,impotencia,BP_CM_32386_007_2,bp_cm,Rodrigo,Cambios,Sustitución,1,Cambios — Sustitución,False,impotencia
1491,GPT OSS 120B · 8 000 TPM,inconvenían,1,1,1,1,inconvenían,AGI_INDIFERENTE_2065_N45_09,agi_indiferente,Rodrigo,Cambios,Sustitución,1,Cambios — Sustitución,False,inconvenían
1492,Llama 3.3 70B · 12 000 TPM,indios,1,1,1,1,indios,BnF_118_03,bnf_118,Paloma,Cambios,Inserción,1,Cambios — Inserción,False,indios
1493,Llama 3.3 70B · 12 000 TPM,indios. de,1,1,1,1,indios. De,AGN_HospJesus_c474_leg267-2_exp024_7473-7537_05,agn_hospjesus,Rodrigo,Puntuación,No sub-rule assigned,1,Puntuación — No sub-rule assigned,False,indios. de
1494,Llama 3.3 70B · 12 000 TPM,indios. poco,1,1,1,1,indios. Poco,AGI_INDIFERENTE_1529_N8_06,agi_indiferente,Rodrigo,Puntuación,"Coma (,)",1,"Puntuación — Coma (,)",False,indios. poco
1495,Llama 3.3 70B · 12 000 TPM,informado,1,1,1,1,informado,AGN_Indios_v009_exp002_fs3v-4_01,agn_indios,Arturo,Cambios,Inserción,1,Cambios — Inserción,False,informado
1496,Llama 3.3 70B · 12 000 TPM,informados de,1,1,1,1,informados de,utblac_wbs_1433_duplicated_1,utblac_wbs,Rodrigo,Cambios,Inserción,1,Cambios — Inserción,False,informados de
1497,Llama 3.3 70B · 12 000 TPM,inquirir,1,1,1,1,inquirir,BnF_112_08,bnf_112,Paloma,Cambios,Deleción,1,Cambios — Deleción | Cambios — Sustitución,False,inquirir
1498,GPT OSS 120B · 8 000 TPM,inquisición. y,1,1,1,1,inquisición. y,BNE_ms3047_1,bne_ms3047,Rodrigo,Puntuación,"Coma (,)",1,"Puntuación — Coma (,)",False,inquisición. y
1499,Llama 3.3 70B · 12 000 TPM,"insta, e",1,1,1,1,"insta, e",BnF_174_03,bnf_174,Arturo,Puntuación,"Coma (,)",1,"Puntuación — Coma (,)",False,"insta, e"
1500,Llama 3.3 70B · 12 000 TPM,instrucción,1,1,1,1,instrucción,AGN_RealesCedDup_v016_exp515,agn_realesceddup,Alba,Cambios,Deleción,1,Cambios — Deleción,False,instrucción
1501,Llama 3.3 70B · 12 000 TPM,intención,1,1,1,1,intención,BnF_075_026,bnf_075,Arturo,Cambios,Sustitución,1,Cambios — Sustitución,False,intención
1502,GPT OSS 120B · 8 000 TPM,interpelante,1,1,1,1,interpelante,BnF_104_2,bnf_104,Paco,Cambios,Sustitución,1,Cambios — Sustitución,False,interpelante
1503,Llama 3.3 70B · 12 000 TPM,intervino,1,1,1,1,intervino,BnF_283_03,bnf_283,Edna,Cambios,Inserción,1,Cambios — Inserción,False,intervino
1504,Llama 3.3 70B · 12 000 TPM,"intérprete, que",1,1,1,1,"intérprete, que",BnF_113_43,bnf_113,Paloma,Cambios,Deleción,1,Cambios — Deleción,False,"intérprete, que"
1505,Llama 3.3 70B · 12 000 TPM,iztacuimastitlan,1,1,1,1,Iztacuimastitlan,BnF_075_035,bnf_075,Arturo,Filológicas - instrucciones,No modificar otros idiomas,1,Filológicas - instrucciones — No modificar otros idiomas,False,iztacuimastitlan
1506,Llama 3.3 70B · 12 000 TPM,"iztaquihuitlan, mastitlan",1,1,1,1,"Iztaquihuitlan, Mastitlan",BnF_075_003,bnf_075,Adriana,Cambios,Sustitución,1,Cambios — Sustitución,False,"iztaquihuitlan, mastitlan"
1507,GPT OSS 120B · 8 000 TPM,jasso,1,1,1,1,Jasso,AGN_RealesCedDup_v030_exp874,agn_realesceddup,Alba,Filológicas - mecánicas,Regularización de sibilantes,1,Filológicas - mecánicas — Regularización de sibilantes,False,jasso
1508,Llama 3.3 70B · 12 000 TPM,jerónimo,1,1,1,1,Jerónimo,BnF_243_18,bnf_243,Adriana,Cambios,Sustitución,1,Cambios — Sustitución,False,jerónimo
1509,GPT OSS 120B · 8 000 TPM,jrme,1,1,1,1,jrme,AGN_GralParte_v006_exp617_01,agn_gralparte,Rodrigo,Abreviaturas,Expansión completa,1,Abreviaturas — Expansión completa,False,jrme
1510,Llama 3.3 70B · 12 000 TPM,"juan, y",1,1,1,1,"Juan, y",BnF_174_03,bnf_174,Arturo,Puntuación,"Coma (,)",1,"Puntuación — Coma (,)",False,"juan, y"
1511,GPT OSS 120B · 8 000 TPM,juez,1,1,1,1,Juez,BnF_112_02,bnf_112,Arturo,Puntuación,No sub-rule assigned,1,Puntuación — No sub-rule assigned,False,juez
1512,Llama 3.3 70B · 12 000 TPM,juez,1,1,1,1,juez,utblac_gg_mss_g62_duplicated_11,utblac_gg,Alba,Abreviaturas,Expansión completa,1,Abreviaturas — Expansión completa,False,juez
1513,GPT OSS 120B · 8 000 TPM,juio,1,1,1,1,juio,BnF_112_04,bnf_112,Paloma,Abreviaturas,No sub-rule assigned,1,Abreviaturas — No sub-rule assigned,False,juio
1514,GPT OSS 120B · 8 000 TPM,jullio,1,1,1,1,Jullio,AGN_AHHacienda_v268_exp046_01,agn_ahhacienda,Adriana,Filológicas - mecánicas,Simplificación de grupos consonánticos,1,Filológicas - mecánicas — Simplificación de grupos consonánticos,False,jullio
1515,GPT OSS 120B · 8 000 TPM,jun,1,1,1,1,Jun,AGN_Inquisicion_v1570A_exp134_fs159-160v_04,agn_inquisicion,Flor,Abreviaturas,No sub-rule assigned,1,Abreviaturas — No sub-rule assigned,False,jun
1516,Llama 3.3 70B · 12 000 TPM,juntaron,1,1,1,1,Juntaron,BnF_266_06,bnf_266,Adriana,Cambios,Sustitución,1,Cambios — Sustitución,False,juntaron
1517,GPT OSS 120B · 8 000 TPM,juo.,1,1,1,1,Juo.,AGN_IndiferenteVirreinal_caja4071_exp024_2,agn_indiferentevirreinal,Paloma,Abreviaturas,Expansión completa,1,Abreviaturas — Expansión completa,False,juo.
1518,GPT OSS 120B · 8 000 TPM,juramento,1,1,1,1,Juramento,AGI_INDIFERENTE_2065_N45_09,agi_indiferente,Rodrigo,Cambios,Otros,1,Cambios — Otros,False,juramento
1519,Llama 3.3 70B · 12 000 TPM,"juramento, y",1,1,1,1,"juramento, y",BnF_032_23,bnf_032,Arturo,Puntuación,"Coma (,)",1,"Puntuación — Coma (,)",False,"juramento, y"
1520,Llama 3.3 70B · 12 000 TPM,jurisdicción se,1,1,1,1,jurisdicción se,LoC_HPKraus_146_new_13,loc_hpkraus,Paco,Cambios,Deleción,1,Cambios — Deleción,False,jurisdicción se
1521,Llama 3.3 70B · 12 000 TPM,"jurisdicción, don",1,1,1,1,"Jurisdicción, Don",AGS_CE_RG_L379_02,ags_ce,Arturo,Cambios,Inserción,1,Cambios — Inserción | Puntuación — Punto (.),False,"jurisdicción, don"
1522,GPT OSS 120B · 8 000 TPM,juró,1,1,1,1,juró,AGN_RealesCedDup_v050_exp062,agn_realesceddup,Paloma,Abreviaturas,Expansión completa,1,Abreviaturas — Expansión completa,False,juró
1523,GPT OSS 120B · 8 000 TPM,jusgado,1,1,1,1,jusgado,AGN_RealesCedDup_v050_exp062,agn_realesceddup,Paloma,Filológicas - mecánicas,Regularización de sibilantes,1,Filológicas - mecánicas — Regularización de sibilantes,False,jusgado
1524,GPT OSS 120B · 8 000 TPM,jusgdo,1,1,1,1,Jusgdo,AGN_GralParte_v006_exp617_01,agn_gralparte,Rodrigo,Abreviaturas,Expansión completa,1,Abreviaturas — Expansión completa,False,jusgdo
1525,Llama 3.3 70B · 12 000 TPM,justas,1,1,1,1,justas,LoC_HPKraus_146_new_13,loc_hpkraus,Paco,Abreviaturas,Expansión completa,1,Abreviaturas — Expansión completa,False,justas
1526,Llama 3.3 70B · 12 000 TPM,juzgados,1,1,1,1,juzgados,BnF_174_05,bnf_174,Adriana,Cambios,Sustitución,1,Cambios — Sustitución,False,juzgados
1527,Llama 3.3 70B · 12 000 TPM,"juzgados,",1,1,1,1,"juzgados,",BnF_174_05,bnf_174,Adriana,Cambios,Sustitución,1,"Cambios — Sustitución | Puntuación — Coma (,)",False,"juzgados,"
1528,Llama 3.3 70B · 12 000 TPM,juzgo,1,1,1,1,juzgo,BP_CM_R481_071_2,bp_cm,Adriana,Abreviaturas,Expansión completa,1,Abreviaturas — Expansión completa,False,juzgo
1529,Llama 3.3 70B · 12 000 TPM,ketzalcoatl,1,1,1,1,Ketzalcoatl,BnF_264_12,bnf_264,Edna,Filológicas - instrucciones,Regularización de labiales (b/v),1,Filológicas - instrucciones — Regularización de labiales (b/v),False,ketzalcoatl
1530,Llama 3.3 70B · 12 000 TPM,la corte,1,1,1,1,la Corte,BnF_032_39,bnf_032,Paloma,Cambios,Deleción,1,Cambios — Deleción,False,la corte
1531,Llama 3.3 70B · 12 000 TPM,la dicha almoneda,1,1,1,1,la dicha Almoneda,BnF_118_05,bnf_118,Alba,Cambios,Inserción,1,Cambios — Inserción,False,la dicha almoneda
1532,Llama 3.3 70B · 12 000 TPM,la dicha real almoneda,1,1,1,1,la dicha Real Almoneda,BnF_118_05,bnf_118,Alba,Cambios,Inserción,1,Cambios — Inserción,False,la dicha real almoneda
1533,Llama 3.3 70B · 12 000 TPM,la echaron,1,1,1,1,la echaron,UIA_Ms149_Exp3_04,uia_ms149,Alba,Cambios,Inserción,1,Cambios — Inserción,False,la echaron
1534,Llama 3.3 70B · 12 000 TPM,"la nariz,",1,1,1,1,"la nariz,",BnF_264_12,bnf_264,Edna,Cambios,Deleción,1,Cambios — Deleción,False,"la nariz,"
1535,Llama 3.3 70B · 12 000 TPM,la tarde.,1,1,1,1,la tarde.,BP_CM_R494_156_2,bp_cm,Javier,Cambios,Inserción,1,Cambios — Inserción,False,la tarde.
1536,Llama 3.3 70B · 12 000 TPM,la tierra es muy fértil,1,1,1,1,la tierra es muy fértil,AGI_INDIFERENTE_1529_N8_06,agi_indiferente,Rodrigo,Cambios,Inserción,1,Cambios — Inserción | Cambios — Otros,False,la tierra es muy fértil
1537,Llama 3.3 70B · 12 000 TPM,"laborios,",1,1,1,1,"laborios,",AGN_IndiferenteVirreinal_caja4156_exp025,agn_indiferentevirreinal,Javier,Puntuación,"Coma (,)",1,"Puntuación — Coma (,)",False,"laborios,"
1538,Llama 3.3 70B · 12 000 TPM,las de,1,1,1,1,las de,BnF_264_02,bnf_264,Paloma,Cambios,Inserción,1,Cambios — Inserción,False,las de
1539,GPT OSS 120B · 8 000 TPM,le,1,1,1,1,Le,BNE_ms3047_1,bne_ms3047,Rodrigo,Cambios,Otros,1,Cambios — Otros,False,le
1540,GPT OSS 120B · 8 000 TPM,le das,1,1,1,1,le das,BnF_030_21,bnf_030,Edna,Cambios,Inserción,1,Cambios — Inserción | Cambios — Sustitución,False,le das
1541,Llama 3.3 70B · 12 000 TPM,le hechizó,1,1,1,1,le hechizó,utblac_gg_mss_g62_duplicated_15,utblac_gg,Paco,Cambios,Deleción,1,Cambios — Deleción,False,le hechizó
1542,Llama 3.3 70B · 12 000 TPM,lease,1,1,1,1,lease,BnF_117_14,bnf_117,Alba,Acentuación,No sub-rule assigned,1,Acentuación — No sub-rule assigned,False,lease
1543,GPT OSS 120B · 8 000 TPM,lebanto,1,1,1,1,lebanto,BnF_111_20,bnf_111,Flor,Filológicas - instrucciones,Regularización de labiales (b/v),1,Filológicas - instrucciones — Regularización de labiales (b/v),False,lebanto
1544,GPT OSS 120B · 8 000 TPM,legito,1,1,1,1,legito,BnF_112_02,bnf_112,Arturo,Abreviaturas,Expansión completa,1,Abreviaturas — Expansión completa,False,legito
1545,Llama 3.3 70B · 12 000 TPM,legítima,1,1,1,1,legítima,AGN_HospJesus_c474_leg267-2_exp024_7473-7537_10,agn_hospjesus,Arturo,Cambios,Sustitución,1,Cambios — Sustitución,False,legítima
1546,Llama 3.3 70B · 12 000 TPM,les dijeron,1,1,1,1,les dijeron,BnF_266_10,bnf_266,Flor,Cambios,Sustitución,1,Cambios — Sustitución,False,les dijeron
1547,Llama 3.3 70B · 12 000 TPM,"levantados, y",1,1,1,1,"levantados, y",BnF_075_026,bnf_075,Arturo,Puntuación,"Coma (,)",1,"Puntuación — Coma (,)",False,"levantados, y"
1548,GPT OSS 120B · 8 000 TPM,ley leída,1,1,1,1,ley leída,BnF_113_04,bnf_113,Paco,Cambios,Sustitución,1,Cambios — Sustitución,False,ley leída
1549,Llama 3.3 70B · 12 000 TPM,leyes no vale,1,1,1,1,leyes no vale,LoC_HPKraus_146_new_13,loc_hpkraus,Paco,Cambios,Deleción,1,Cambios — Deleción,False,leyes no vale
1550,GPT OSS 120B · 8 000 TPM,libre,1,1,1,1,libre,BnF_032_36,bnf_032,Paco,Cambios,Inserción,1,Cambios — Inserción,False,libre
1551,GPT OSS 120B · 8 000 TPM,libremte,1,1,1,1,libremte,AGN_GralParte_v006_exp617_01,agn_gralparte,Rodrigo,Abreviaturas,Expansión completa,1,Abreviaturas — Expansión completa,False,libremte
1552,GPT OSS 120B · 8 000 TPM,licencia fecho,1,1,1,1,licencia fecho,AGN_GralParte_v006_exp617_01,agn_gralparte,Rodrigo,Puntuación,Punto (.),1,Puntuación — Punto (.),False,licencia fecho
1553,Llama 3.3 70B · 12 000 TPM,licencia prosigan,1,1,1,1,licencia prosigan,LoC_HPKraus_138_new_07,loc_hpkraus,Edna,Puntuación,"Coma (,)",1,"Puntuación — Coma (,)",False,licencia prosigan
1554,GPT OSS 120B · 8 000 TPM,lima,1,1,1,1,lima,AGN_GralParte_v006_exp617_01,agn_gralparte,Rodrigo,Cambios,Otros,1,Cambios — Otros,False,lima
1555,Llama 3.3 70B · 12 000 TPM,"limosnas, que",1,1,1,1,"Limosnas, que",BnF_174_03,bnf_174,Arturo,Puntuación,"Coma (,)",1,"Puntuación — Coma (,)",False,"limosnas, que"
1556,Llama 3.3 70B · 12 000 TPM,lineal,1,1,1,1,lineal,AGS_CE_RG_L379_05,ags_ce,Flor,Cambios,Sustitución,1,Cambios — Sustitución,False,lineal
1557,GPT OSS 120B · 8 000 TPM,lizardo,1,1,1,1,Lizardo,AGS_CE_RG_L379_01,ags_ce,Javier,Abreviaturas,No sub-rule assigned,1,Abreviaturas — No sub-rule assigned | Cambios — Sustitución,False,lizardo
1558,GPT OSS 120B · 8 000 TPM,"llama,",1,1,1,1,"llama,",BnF_112_02,bnf_112,Arturo,Puntuación,"Coma (,)",1,"Puntuación — Coma (,)",False,"llama,"
1559,Llama 3.3 70B · 12 000 TPM,llamado hernán,1,1,1,1,llamado Hernán,utblac_gg_mss_g62_duplicated_09,utblac_gg,Flor,Cambios,Deleción,1,Cambios — Deleción,False,llamado hernán
1560,Llama 3.3 70B · 12 000 TPM,llamaron a,1,1,1,1,Llamaron a,BnF_266_05,bnf_266,Adriana,Cambios,Sustitución,1,Cambios — Sustitución,False,llamaron a
1561,Llama 3.3 70B · 12 000 TPM,llamã³,1,1,1,1,llamÃ³,BnF_266_05,bnf_266,Adriana,Cambios,Otros,1,Cambios — Otros | Cambios — Sustitución,False,llamã³
1562,Llama 3.3 70B · 12 000 TPM,llanos,1,1,1,1,llanos,BnF_174_06,bnf_174,Javier,Cambios,Sustitución,1,Cambios — Sustitución,False,llanos
1563,GPT OSS 120B · 8 000 TPM,llebaron,1,1,1,1,llebaron,BnF_111_20,bnf_111,Flor,Filológicas - instrucciones,Regularización de labiales (b/v),1,Filológicas - instrucciones — Regularización de labiales (b/v),False,llebaron
1564,Llama 3.3 70B · 12 000 TPM,llebe,1,1,1,1,Llebe,BnF_032_39,bnf_032,Paloma,Cambios,Sustitución,1,Cambios — Sustitución | Filológicas - instrucciones — Regularización de labiales (b/v),False,llebe
1565,GPT OSS 120B · 8 000 TPM,llega. hasta,1,1,1,1,llega. hasta,BnF_112_25,bnf_112,Paco,Puntuación,Punto (.),1,Puntuación — Punto (.),False,llega. hasta
1566,Llama 3.3 70B · 12 000 TPM,llevando,1,1,1,1,llevando,BnF_266_10,bnf_266,Flor,Cambios,Sustitución,1,Cambios — Sustitución,False,llevando
1567,GPT OSS 120B · 8 000 TPM,llevar las,1,1,1,1,llevar las,AGN_GralParte_v006_exp617_01,agn_gralparte,Rodrigo,Cambios,Otros,1,Cambios — Otros,False,llevar las
1568,Llama 3.3 70B · 12 000 TPM,llevaran,1,1,1,1,llevaran,BnF_167_25,bnf_167,Paco,Cambios,Inserción,1,Cambios — Inserción,False,llevaran
1569,Llama 3.3 70B · 12 000 TPM,llevaron,1,1,1,1,llevaron,BnF_266_10,bnf_266,Flor,Cambios,Sustitución,1,Cambios — Sustitución,False,llevaron
1570,Llama 3.3 70B · 12 000 TPM,llevã¡ndolo,1,1,1,1,llevÃ¡ndolo,BnF_266_05,bnf_266,Adriana,Cambios,Otros,1,Cambios — Otros | Cambios — Sustitución,False,llevã¡ndolo
1571,GPT OSS 120B · 8 000 TPM,lo dicho,1,1,1,1,lo dicho,AGI_INDIFERENTE_2065_N45_09,agi_indiferente,Rodrigo,Cambios,Deleción,1,Cambios — Deleción,False,lo dicho
1572,Llama 3.3 70B · 12 000 TPM,lo que,1,1,1,1,lo que,BnF_118_08,bnf_118,Arturo,Cambios,Sustitución,1,Cambios — Sustitución,False,lo que
1573,GPT OSS 120B · 8 000 TPM,lograrã¡,1,1,1,1,lograrÃ¡,AGN_Marina_v004_exp006_014,agn_marina,Javier,Acentuación,No sub-rule assigned,1,Acentuación — No sub-rule assigned,False,lograrã¡
1574,GPT OSS 120B · 8 000 TPM,lopez,1,1,1,1,lopez,BnF_112_23,bnf_112,Edna,Acentuación,No sub-rule assigned,1,Acentuación — No sub-rule assigned,False,lopez
1575,GPT OSS 120B · 8 000 TPM,lopz,1,1,1,1,lopz,BnF_112_02,bnf_112,Arturo,Abreviaturas,Expansión completa,1,Abreviaturas — Expansión completa,False,lopz
1576,Llama 3.3 70B · 12 000 TPM,los dichos,1,1,1,1,los dichos,AMP_AC_v021__doc026_2,amp_ac,Alba,Cambios,Inserción,1,Cambios — Inserción,False,los dichos
1577,GPT OSS 120B · 8 000 TPM,los dos,1,1,1,1,los dos,BnF_075_014,bnf_075,Alba,Abreviaturas,No sub-rule assigned,1,Abreviaturas — No sub-rule assigned | Cambios — Deleción,False,los dos
1578,Llama 3.3 70B · 12 000 TPM,los totoxius,1,1,1,1,los Totoxius,BnF_264_12,bnf_264,Edna,Cambios,Deleción,1,Cambios — Deleción,False,los totoxius
1579,Llama 3.3 70B · 12 000 TPM,luego de,1,1,1,1,Luego de,BnF_116_06,bnf_116,Edna,Puntuación,"Coma (,)",1,"Puntuación — Coma (,)",False,luego de
1580,GPT OSS 120B · 8 000 TPM,lugar por,1,1,1,1,lugar por,AGN_Indios_v009_exp003_fs4v-5_01,agn_indios,Arturo,Puntuación,No sub-rule assigned,1,Puntuación — No sub-rule assigned,False,lugar por
1581,Llama 3.3 70B · 12 000 TPM,luiz,1,1,1,1,Luiz,BnF_174_03,bnf_174,Arturo,Filológicas - mecánicas,Regularización de sibilantes,1,Filológicas - mecánicas — Regularización de sibilantes,False,luiz
1582,GPT OSS 120B · 8 000 TPM,lunes primer,1,1,1,1,Lunes primer,BnF_030_21,bnf_030,Edna,Puntuación,"Coma (,)",1,"Puntuación — Coma (,)",False,lunes primer
1583,Llama 3.3 70B · 12 000 TPM,m.,1,1,1,1,M.,BnF_264_03,bnf_264,Adriana,Abreviaturas,Expansión completa,1,Abreviaturas — Expansión completa,False,m.
1584,Llama 3.3 70B · 12 000 TPM,m. r. p.,1,1,1,1,M. R. P.,BnF_167_29,bnf_167,Adriana,Abreviaturas,Expansión completa,1,Abreviaturas — Expansión completa,False,m. r. p.
1585,GPT OSS 120B · 8 000 TPM,ma.,1,1,1,1,ma.,BnF_112_25,bnf_112,Paco,Abreviaturas,Expansión completa,1,Abreviaturas — Expansión completa,False,ma.
1586,Llama 3.3 70B · 12 000 TPM,macehuales,1,1,1,1,macehuales,BnF_118_08,bnf_118,Arturo,Filológicas - instrucciones,No modificar otros idiomas,1,Filológicas - instrucciones — No modificar otros idiomas,False,macehuales
1587,Llama 3.3 70B · 12 000 TPM,machos y cuatro,1,1,1,1,machos y cuatro,AGI_CONTRATACION_1089_N8_176,agi_contratacion,Flor,Cambios,Sustitución,1,Cambios — Sustitución,False,machos y cuatro
1588,Llama 3.3 70B · 12 000 TPM,maese que,1,1,1,1,maese que,BP_CM_R481_071_2,bp_cm,Adriana,Cambios,Deleción,1,Cambios — Deleción,False,maese que
1589,Llama 3.3 70B · 12 000 TPM,magd.,1,1,1,1,Magd.,BnF_174_03,bnf_174,Arturo,Abreviaturas,Expansión completa,1,Abreviaturas — Expansión completa,False,magd.
1590,GPT OSS 120B · 8 000 TPM,magdalena,1,1,1,1,magdalena,AGN_Indios_v002_exp835,agn_indios,Paloma,Abreviaturas,Expansión completa,1,Abreviaturas — Expansión completa | Cambios — Sustitución,False,magdalena
1591,Llama 3.3 70B · 12 000 TPM,magistratura,1,1,1,1,magistratura,Mechoacan_Yurirapundaro_1,mechoacan_yurirapundaro,Adriana,Abreviaturas,Expansión completa,1,Abreviaturas — Expansión completa,False,magistratura
1592,Llama 3.3 70B · 12 000 TPM,"maguey, y",1,1,1,1,"maguey, y",BnF_032_23,bnf_032,Arturo,Puntuación,"Coma (,)",1,"Puntuación — Coma (,)",False,"maguey, y"
1593,GPT OSS 120B · 8 000 TPM,magueyes,1,1,1,1,magueyes,BnF_032_36,bnf_032,Paco,Cambios,Inserción,1,Cambios — Inserción,False,magueyes
1594,Llama 3.3 70B · 12 000 TPM,"magueyes, que",1,1,1,1,"magueyes, que",BnF_032_23,bnf_032,Arturo,Puntuación,"Coma (,)",1,"Puntuación — Coma (,)",False,"magueyes, que"
1595,Llama 3.3 70B · 12 000 TPM,"magueyes, treinta",1,1,1,1,"magueyes, treinta",BnF_032_23,bnf_032,Arturo,Puntuación,"Coma (,)",1,"Puntuación — Coma (,)",False,"magueyes, treinta"
1596,GPT OSS 120B · 8 000 TPM,maior,1,1,1,1,maior,AGN_Indios_v019_exp354_2,agn_indios,Alba,Filológicas - instrucciones,Regularización de i/y vocálicas,1,Filológicas - instrucciones — Regularización de i/y vocálicas,False,maior
1597,Llama 3.3 70B · 12 000 TPM,maizales,1,1,1,1,maizales,BnF_111_21,bnf_111,Flor,Cambios,Sustitución,1,Cambios — Sustitución,False,maizales
1598,Llama 3.3 70B · 12 000 TPM,majestad y,1,1,1,1,majestad y,AGN_AHHacienda_v268_exp046_03,agn_ahhacienda,Arturo,Puntuación,No sub-rule assigned,1,Puntuación — No sub-rule assigned,False,majestad y
1599,Llama 3.3 70B · 12 000 TPM,"majestad, y",1,1,1,1,"majestad, y",BnF_032_23,bnf_032,Arturo,Puntuación,"Coma (,)",1,"Puntuación — Coma (,)",False,"majestad, y"
1600,Llama 3.3 70B · 12 000 TPM,malaicia,1,1,1,1,malaicia,BnF_118_03,bnf_118,Paloma,Cambios,Sustitución,1,Cambios — Sustitución,False,malaicia
1601,GPT OSS 120B · 8 000 TPM,man,1,1,1,1,man,BnF_032_36,bnf_032,Paco,Acentuación,No sub-rule assigned,1,Acentuación — No sub-rule assigned | Cambios — Inserción,False,man
1602,GPT OSS 120B · 8 000 TPM,mandado,1,1,1,1,mandado,AGN_Indios_v019_exp354_2,agn_indios,Alba,Abreviaturas,Expansión completa,1,Abreviaturas — Expansión completa | Cambios — Deleción,False,mandado
1603,Llama 3.3 70B · 12 000 TPM,mandamos,1,1,1,1,mandamos,BnF_119-148_18,bnf_119-148,Arturo,Cambios,Sustitución,1,Cambios — Sustitución,False,mandamos
1604,GPT OSS 120B · 8 000 TPM,mandamyto,1,1,1,1,mandamyto,BnF_111_20,bnf_111,Flor,Abreviaturas,Expansión completa,1,Abreviaturas — Expansión completa | Filológicas - instrucciones — Regularización de i/y vocálicas,False,mandamyto
1605,Llama 3.3 70B · 12 000 TPM,mandando,1,1,1,1,mandando,BnF_110_13,bnf_110,Adriana,Abreviaturas,Expansión completa,1,Abreviaturas — Expansión completa,False,mandando
1606,Llama 3.3 70B · 12 000 TPM,mandando nos,1,1,1,1,mandando nos,BnF_110_13,bnf_110,Adriana,Cambios,Sustitución,1,Cambios — Sustitución,False,mandando nos
1607,Llama 3.3 70B · 12 000 TPM,"mandase,",1,1,1,1,"mandase,",BnF_075_026,bnf_075,Arturo,Puntuación,"Coma (,)",1,"Puntuación — Coma (,)",False,"mandase,"
1608,Llama 3.3 70B · 12 000 TPM,mandasteis,1,1,1,1,mandasteis,UIA_Ms149_Exp2_51,uia_ms149,Arturo,Cambios,Inserción,1,Cambios — Inserción,False,mandasteis
1609,Llama 3.3 70B · 12 000 TPM,mandeis,1,1,1,1,mandeis,BnF_119-148_33,bnf_119-148,Paloma,Cambios,Sustitución,1,Cambios — Sustitución,False,mandeis
1610,Llama 3.3 70B · 12 000 TPM,mandeis enviar,1,1,1,1,mandeis enviar,BnF_119-148_33,bnf_119-148,Paloma,Cambios,Sustitución,1,Cambios — Sustitución,False,mandeis enviar
1611,Llama 3.3 70B · 12 000 TPM,mandeis proseguir,1,1,1,1,mandeis proseguir,BnF_119-148_33,bnf_119-148,Paloma,Cambios,Sustitución,1,Cambios — Sustitución,False,mandeis proseguir
1612,Llama 3.3 70B · 12 000 TPM,mando,1,1,1,1,mando,AGN_GralParte_v006_exp617_02,agn_gralparte,Rodrigo,Acentuación,No sub-rule assigned,1,Acentuación — No sub-rule assigned,False,mando
1613,GPT OSS 120B · 8 000 TPM,mandó,1,1,1,1,mandó,AGN_Indios_v002_exp835,agn_indios,Paloma,Cambios,Deleción,1,Cambios — Deleción,False,mandó
1614,Llama 3.3 70B · 12 000 TPM,mandó,1,1,1,1,mandó,AGN_GralParte_v006_exp617_02,agn_gralparte,Rodrigo,Acentuación,No sub-rule assigned,1,Acentuación — No sub-rule assigned,False,mandó
1615,Llama 3.3 70B · 12 000 TPM,manera y,1,1,1,1,manera y,LoC_HPKraus_138_new_07,loc_hpkraus,Edna,Puntuación,"Coma (,)",1,"Puntuación — Coma (,)",False,manera y
1616,GPT OSS 120B · 8 000 TPM,manl,1,1,1,1,ManL,AGN_RealesCedDup_v030_exp874,agn_realesceddup,Alba,Abreviaturas,Expansión completa,1,Abreviaturas — Expansión completa,False,manl
1617,GPT OSS 120B · 8 000 TPM,manteca y,1,1,1,1,manteca y,BnF_030_27,bnf_030,Rodrigo,Cambios,Deleción,1,Cambios — Deleción,False,manteca y
1618,Llama 3.3 70B · 12 000 TPM,mantequilla,1,1,1,1,mantequilla,BnF_118_03,bnf_118,Paloma,Cambios,Inserción,1,Cambios — Inserción,False,mantequilla
1619,Llama 3.3 70B · 12 000 TPM,"mar, y",1,1,1,1,"mar, y",BnF_174_03,bnf_174,Arturo,Puntuación,"Coma (,)",1,"Puntuación — Coma (,)",False,"mar, y"
1620,Llama 3.3 70B · 12 000 TPM,"marca,",1,1,1,1,"marca,",BnF_032_39,bnf_032,Paloma,Cambios,Deleción,1,Cambios — Deleción | Cambios — Sustitución,False,"marca,"
1621,Llama 3.3 70B · 12 000 TPM,marcaba:,1,1,1,1,marcaba:,BnF_283_12,bnf_283,Javier,Puntuación,Punto (.),1,Puntuación — Punto (.),False,marcaba:
1622,Llama 3.3 70B · 12 000 TPM,marcos,1,1,1,1,marcos,AGN_HospJesus_c205_exp041_04,agn_hospjesus,Flor,Abreviaturas,No sub-rule assigned,1,Abreviaturas — No sub-rule assigned,False,marcos
1623,GPT OSS 120B · 8 000 TPM,maria,1,1,1,1,maria,BnF_112_04,bnf_112,Paloma,Puntuación,No sub-rule assigned,1,Puntuación — No sub-rule assigned,False,maria
1624,Llama 3.3 70B · 12 000 TPM,marqués,1,1,1,1,marqués,AGN_Inquisicion_v1568A_exp152_fs115-116v_03,agn_inquisicion,Javier,Cambios,Sustitución,1,Cambios — Sustitución,False,marqués
1625,Llama 3.3 70B · 12 000 TPM,"marros, y",1,1,1,1,"Marros, y",BnF_174_03,bnf_174,Arturo,Puntuación,"Coma (,)",1,"Puntuación — Coma (,)",False,"marros, y"
1626,GPT OSS 120B · 8 000 TPM,martin,1,1,1,1,Martin,BnF_030_27,bnf_030,Rodrigo,Acentuación,No sub-rule assigned,1,Acentuación — No sub-rule assigned,False,martin
1627,Llama 3.3 70B · 12 000 TPM,maría quién,1,1,1,1,María quién,utblac_gg_mss_g62_duplicated_09,utblac_gg,Flor,Cambios,Deleción,1,Cambios — Deleción,False,maría quién
1628,Llama 3.3 70B · 12 000 TPM,"maría,",1,1,1,1,"María,",BnF_118_08,bnf_118,Arturo,Puntuación,"Coma (,)",1,"Puntuación — Coma (,)",False,"maría,"
1629,Llama 3.3 70B · 12 000 TPM,marín,1,1,1,1,Marín,AGN_Marina_v031A_exp02_fs85-92_11,agn_marina,Adriana,Abreviaturas,Expansión completa,1,Abreviaturas — Expansión completa,False,marín
1630,Llama 3.3 70B · 12 000 TPM,"marín, de",1,1,1,1,"Marín, de",utblac_gg_mss_g62_duplicated_09,utblac_gg,Flor,Cambios,Deleción,1,Cambios — Deleción,False,"marín, de"
1631,GPT OSS 120B · 8 000 TPM,masesca,1,1,1,1,Masesca,BNE_ms3047_1,bne_ms3047,Rodrigo,Abreviaturas,Expansión completa,1,Abreviaturas — Expansión completa,False,masesca
1632,GPT OSS 120B · 8 000 TPM,mathias,1,1,1,1,Mathias,AGN_IndiferenteVirreinal_caja4071_exp024_2,agn_indiferentevirreinal,Paloma,Filológicas - mecánicas,Simplificación de grupos consonánticos,1,Filológicas - mecánicas — Simplificación de grupos consonánticos,False,mathias
1633,Llama 3.3 70B · 12 000 TPM,"mayo, de",1,1,1,1,"mayo, de",BnF_119-148_18,bnf_119-148,Arturo,Puntuación,"Coma (,)",1,"Puntuación — Coma (,)",False,"mayo, de"
1634,GPT OSS 120B · 8 000 TPM,mayor,1,1,1,1,mayor,BNE_ms3047_1,bne_ms3047,Rodrigo,Cambios,Sustitución,1,Cambios — Sustitución,False,mayor
1635,Llama 3.3 70B · 12 000 TPM,mayoría,1,1,1,1,mayoría,BnF_266_07,bnf_266,Paco,Cambios,Sustitución,1,Cambios — Sustitución,False,mayoría
1636,GPT OSS 120B · 8 000 TPM,maã­z,1,1,1,1,maÃ­z,BNE_ms3047_1,bne_ms3047,Rodrigo,Cambios,Otros,1,Cambios — Otros,False,maã­z
1637,Llama 3.3 70B · 12 000 TPM,maã±ana,1,1,1,1,maÃ±ana,BnF_266_05,bnf_266,Adriana,Cambios,Otros,1,Cambios — Otros | Cambios — Sustitución,False,maã±ana
1638,GPT OSS 120B · 8 000 TPM,"maíz, formase",1,1,1,1,"maíz, formase",BNE_ms3047_1,bne_ms3047,Rodrigo,Acentuación,No sub-rule assigned,1,"Acentuación — No sub-rule assigned | Puntuación — Coma (,) | Puntuación — Punto (.)",False,"maíz, formase"
1639,GPT OSS 120B · 8 000 TPM,md.,1,1,1,1,md.,BNE_ms3047_1,bne_ms3047,Rodrigo,Abreviaturas,Expansión completa,1,Abreviaturas — Expansión completa,False,md.
1640,Llama 3.3 70B · 12 000 TPM,mde,1,1,1,1,mde,LoC_HPKraus_138_new_07,loc_hpkraus,Edna,Abreviaturas,No sub-rule assigned,1,Abreviaturas — No sub-rule assigned,False,mde
1641,GPT OSS 120B · 8 000 TPM,me,1,1,1,1,me,AGI_GUADALAJARA_230_L2_F_45V-46V_2,agi_guadalajara,Adriana,Cambios,Inserción,1,Cambios — Inserción,False,me
1642,Llama 3.3 70B · 12 000 TPM,me,1,1,1,1,me,AGI_CONTRATACION_1089_N8_151,agi_contratacion,Paco,Abreviaturas,Expansión completa,1,Abreviaturas — Expansión completa,False,me
1643,GPT OSS 120B · 8 000 TPM,mechoacã¡n,1,1,1,1,MechoacÃ¡n,BNE_ms3047_1,bne_ms3047,Rodrigo,Cambios,Otros,1,Cambios — Otros,False,mechoacã¡n
1644,Llama 3.3 70B · 12 000 TPM,medió,1,1,1,1,medió,BnF_112_08,bnf_112,Paloma,Cambios,Sustitución,1,Cambios — Sustitución,False,medió
1645,Llama 3.3 70B · 12 000 TPM,medió un,1,1,1,1,medió un,BnF_112_08,bnf_112,Paloma,Cambios,Sustitución,1,Cambios — Sustitución,False,medió un
1646,Llama 3.3 70B · 12 000 TPM,medrano,1,1,1,1,Medrano,BP_CM_R481_016,bp_cm,Arturo,Puntuación,No sub-rule assigned,1,Puntuación — No sub-rule assigned,False,medrano
1647,Llama 3.3 70B · 12 000 TPM,mención,1,1,1,1,mención,BnF_032_39,bnf_032,Paloma,Cambios,Sustitución,1,Cambios — Sustitución,False,mención
1648,GPT OSS 120B · 8 000 TPM,mendoca,1,1,1,1,Mendoca,AGN_Indios_v002_exp835,agn_indios,Paloma,Filológicas - mecánicas,Regularización de sibilantes,1,Filológicas - mecánicas — Regularización de sibilantes,False,mendoca
1649,GPT OSS 120B · 8 000 TPM,mendosa,1,1,1,1,mendosa,AMP_AC_v021__doc026_1,amp_ac,Rodrigo,Puntuación,"Coma (,)",1,"Puntuación — Coma (,)",False,mendosa
1650,GPT OSS 120B · 8 000 TPM,mendoza alcalde,1,1,1,1,mendoza alcalde,BnF_112_23,bnf_112,Edna,Puntuación,"Coma (,)",1,"Puntuación — Coma (,)",False,mendoza alcalde
1651,Llama 3.3 70B · 12 000 TPM,mendoza:,1,1,1,1,Mendoza:,BnF_283_12,bnf_283,Javier,Puntuación,Punto (.),1,Puntuación — Punto (.),False,mendoza:
1652,Llama 3.3 70B · 12 000 TPM,menos,1,1,1,1,menos,AGI_INDIFERENTE_2065_N45_11,agi_indiferente,Alba,Puntuación,No sub-rule assigned,1,Puntuación — No sub-rule assigned,False,menos
1653,Llama 3.3 70B · 12 000 TPM,"menos, dicen",1,1,1,1,"menos, dicen",AGI_INDIFERENTE_1529_N8_06,agi_indiferente,Rodrigo,Puntuación,Punto (.),1,Puntuación — Punto (.),False,"menos, dicen"
1654,GPT OSS 120B · 8 000 TPM,mente,1,1,1,1,mente,BnF_032_36,bnf_032,Paco,Cambios,Inserción,1,Cambios — Inserción,False,mente
1655,Llama 3.3 70B · 12 000 TPM,merced,1,1,1,1,merced,utblac_JGI_XXIII-13_Atlatlauhca_03,utblac_jgi,Flor,Cambios,Sustitución,1,Cambios — Sustitución,False,merced
1656,Llama 3.3 70B · 12 000 TPM,"merced, digo",1,1,1,1,"merced, digo",BnF_032_23,bnf_032,Arturo,Puntuación,"Coma (,)",1,"Puntuación — Coma (,)",False,"merced, digo"
1657,Llama 3.3 70B · 12 000 TPM,mercedes,1,1,1,1,Mercedes,BP_CM_R481_071_3,bp_cm,Javier,Abreviaturas,Expansión completa,1,Abreviaturas — Expansión completa | Cambios — Sustitución,False,mercedes
1658,Llama 3.3 70B · 12 000 TPM,merito,1,1,1,1,merito,UIA_Ms149_Exp3_43,uia_ms149,Paco,Abreviaturas,Expansión completa,1,Abreviaturas — Expansión completa | Cambios — No sub-rule assigned,False,merito
1659,GPT OSS 120B · 8 000 TPM,mes,1,1,1,1,mes,BnF_030_27,bnf_030,Rodrigo,Cambios,Sustitución,1,Cambios — Sustitución,False,mes
1660,Llama 3.3 70B · 12 000 TPM,metí,1,1,1,1,metí,BnF_032_23,bnf_032,Arturo,Cambios,Sustitución,1,Cambios — Sustitución,False,metí
1661,GPT OSS 120B · 8 000 TPM,mex,1,1,1,1,mex,BnF_112_02,bnf_112,Arturo,Abreviaturas,Expansión completa,1,Abreviaturas — Expansión completa | Puntuación — No sub-rule assigned,False,mex
1662,Llama 3.3 70B · 12 000 TPM,mexicana:,1,1,1,1,Mexicana:,BnF_283_12,bnf_283,Javier,Puntuación,Punto (.),1,Puntuación — Punto (.),False,mexicana:
1663,Llama 3.3 70B · 12 000 TPM,mexico,1,1,1,1,mexico,AGI_CONTRATACION_1089_N8_151,agi_contratacion,Paco,Acentuación,No sub-rule assigned,1,Acentuación — No sub-rule assigned,False,mexico
1664,GPT OSS 120B · 8 000 TPM,mexio,1,1,1,1,mexio,AGN_GralParte_v006_exp617_01,agn_gralparte,Rodrigo,Abreviaturas,Expansión completa,1,Abreviaturas — Expansión completa,False,mexio
1665,GPT OSS 120B · 8 000 TPM,mgd,1,1,1,1,mgd,AGN_AHHacienda_v1292_exp135,agn_ahhacienda,Javier,Abreviaturas,Expansión completa,1,Abreviaturas — Expansión completa,False,mgd
1666,Llama 3.3 70B · 12 000 TPM,mi alonso,1,1,1,1,mi Alonso,AGN_AHHacienda_v268_exp046_03,agn_ahhacienda,Arturo,Acentuación,No sub-rule assigned,1,Acentuación — No sub-rule assigned | Puntuación — No sub-rule assigned,False,mi alonso
1667,GPT OSS 120B · 8 000 TPM,mi guel,1,1,1,1,mi guel,BnF_075_014,bnf_075,Alba,Cambios,No sub-rule assigned,1,Cambios — No sub-rule assigned,False,mi guel
1668,GPT OSS 120B · 8 000 TPM,mia,1,1,1,1,mia,AGN_Mercedes_v003_exp520,agn_mercedes,Alba,Acentuación,No sub-rule assigned,1,Acentuación — No sub-rule assigned,False,mia
1669,Llama 3.3 70B · 12 000 TPM,"michioco, y",1,1,1,1,"Michioco, y",BnF_032_23,bnf_032,Arturo,Puntuación,"Coma (,)",1,"Puntuación — Coma (,)",False,"michioco, y"
1670,Llama 3.3 70B · 12 000 TPM,michoacán,1,1,1,1,michoacán,AGI_INDIFERENTE_1529_N36_07,agi_indiferente,Rodrigo,Cambios,Otros,1,Cambios — Otros,False,michoacán
1671,Llama 3.3 70B · 12 000 TPM,migl,1,1,1,1,Migl,BnF_104_3,bnf_104,Alba,Abreviaturas,No sub-rule assigned,1,Abreviaturas — No sub-rule assigned,False,migl
1672,Llama 3.3 70B · 12 000 TPM,miguel:,1,1,1,1,Miguel:,BNE_ms3047_3,bne_ms3047,Javier,Puntuación,"Coma (,)",1,"Puntuación — Coma (,)",False,miguel:
1673,GPT OSS 120B · 8 000 TPM,mil,1,1,1,1,mil,AGI_CONTRATACION_1091_N3_098,agi_contratacion,Javier,Cambios,Deleción,1,Cambios — Deleción,False,mil
1674,Llama 3.3 70B · 12 000 TPM,mil quinientos cuarenta,1,1,1,1,mil quinientos cuarenta,AGN_HospJesus_c474_leg267-2_exp024_7473-7537_05,agn_hospjesus,Rodrigo,Cambios,Deleción,1,Cambios — Deleción,False,mil quinientos cuarenta
1675,Llama 3.3 70B · 12 000 TPM,mil quinientos noventa,1,1,1,1,mil quinientos noventa,AGI_CONTRATACION_1089_N8_151,agi_contratacion,Paco,Cambios,Deleción,1,Cambios — Deleción,False,mil quinientos noventa
1676,Llama 3.3 70B · 12 000 TPM,mil quinientos noventa años,1,1,1,1,mil quinientos noventa años,BnF_110_13,bnf_110,Adriana,Cambios,Deleción,1,Cambios — Deleción,False,mil quinientos noventa años
1677,Llama 3.3 70B · 12 000 TPM,mil quinientos ochenta y cinco,1,1,1,1,mil quinientos ochenta y cinco,BnF_116_07,bnf_116,Adriana,Cambios,Sustitución,1,Cambios — Sustitución,False,mil quinientos ochenta y cinco
1678,Llama 3.3 70B · 12 000 TPM,mil seiscientos,1,1,1,1,mil seiscientos,AGN_Inquisicion_v1568A_exp152_fs115-116v_01,agn_inquisicion,Rodrigo,Cambios,Deleción,1,Cambios — Deleción,False,mil seiscientos
1679,Llama 3.3 70B · 12 000 TPM,mil seiscientos setenta,1,1,1,1,mil seiscientos setenta,AGN_IndiferenteVirreinal_caja4071_exp024_1,agn_indiferentevirreinal,Rodrigo,Cambios,Deleción,1,Cambios — Deleción,False,mil seiscientos setenta
1680,Llama 3.3 70B · 12 000 TPM,mil seiscientos tres,1,1,1,1,mil seiscientos tres,AGN_GralParte_v006_exp617_02,agn_gralparte,Rodrigo,Cambios,Deleción,1,Cambios — Deleción,False,mil seiscientos tres
1681,Llama 3.3 70B · 12 000 TPM,mil y noventa,1,1,1,1,mil y noventa,BnF_110_29,bnf_110,Paloma,Cambios,Deleción,1,Cambios — Deleción,False,mil y noventa
1682,Llama 3.3 70B · 12 000 TPM,mina,1,1,1,1,mina,BnF_266_05,bnf_266,Adriana,Cambios,Sustitución,1,Cambios — Sustitución,False,mina
1683,Llama 3.3 70B · 12 000 TPM,"minas, divididas",1,1,1,1,"minas, divididas",AGI_INDIFERENTE_1529_N8_06,agi_indiferente,Rodrigo,Puntuación,"Coma (,)",1,"Puntuación — Coma (,)",False,"minas, divididas"
1684,GPT OSS 120B · 8 000 TPM,ministracion,1,1,1,1,ministracion,AGN_GralParte_v006_exp617_01,agn_gralparte,Rodrigo,Acentuación,No sub-rule assigned,1,Acentuación — No sub-rule assigned | Cambios — Otros,False,ministracion
1685,Llama 3.3 70B · 12 000 TPM,"ministros, y",1,1,1,1,"Ministros, y",BnF_167_25,bnf_167,Paco,Puntuación,"Coma (,)",1,"Puntuación — Coma (,)",False,"ministros, y"
1686,GPT OSS 120B · 8 000 TPM,minos,1,1,1,1,minos,AGN_GralParte_v006_exp617_01,agn_gralparte,Rodrigo,Acentuación,No sub-rule assigned,1,Acentuación — No sub-rule assigned,False,minos
1687,GPT OSS 120B · 8 000 TPM,mio y,1,1,1,1,mio y,BnF_112_23,bnf_112,Edna,Puntuación,"Coma (,)",1,"Puntuación — Coma (,)",False,mio y
1688,Llama 3.3 70B · 12 000 TPM,mirara,1,1,1,1,mirara,BnF_266_03,bnf_266,Rodrigo,Cambios,Inserción,1,Cambios — Inserción,False,mirara
1689,Llama 3.3 70B · 12 000 TPM,"misas, por",1,1,1,1,"misas, por",BnF_244_03,bnf_244,Arturo,Puntuación,No sub-rule assigned,1,Puntuación — No sub-rule assigned,False,"misas, por"
1690,Llama 3.3 70B · 12 000 TPM,"miscoatle, viejo",1,1,1,1,"Miscoatle, viejo",BnF_032_23,bnf_032,Arturo,Puntuación,"Coma (,)",1,"Puntuación — Coma (,)",False,"miscoatle, viejo"
1691,Llama 3.3 70B · 12 000 TPM,mismo,1,1,1,1,mismo,BnF_266_10,bnf_266,Flor,Cambios,Sustitución,1,Cambios — Sustitución,False,mismo
1692,Llama 3.3 70B · 12 000 TPM,"miyauatepec, presentado",1,1,1,1,"Miyauatepec, presentado",BnF_111_21,bnf_111,Flor,Cambios,Deleción,1,Cambios — Deleción,False,"miyauatepec, presentado"
1693,Llama 3.3 70B · 12 000 TPM,mo,1,1,1,1,mo,BnF_111_22,bnf_111,Paloma,Abreviaturas,Expansión completa,1,Abreviaturas — Expansión completa,False,mo
1694,GPT OSS 120B · 8 000 TPM,mocemati,1,1,1,1,mocemati,BnF_112_25,bnf_112,Paco,Cambios,Sustitución,1,Cambios — Sustitución,False,mocemati
1695,Llama 3.3 70B · 12 000 TPM,moctezuma,1,1,1,1,Moctezuma,BnF_394_07,bnf_394,Rodrigo,Cambios,Deleción,1,Cambios — Deleción | Cambios — Inserción,False,moctezuma
1696,Llama 3.3 70B · 12 000 TPM,"modo, y",1,1,1,1,"modo, y",BnF_174_03,bnf_174,Arturo,Puntuación,"Coma (,)",1,"Puntuación — Coma (,)",False,"modo, y"
1697,GPT OSS 120B · 8 000 TPM,mojon,1,1,1,1,mojon,AGI_PATRONATO_182_R3_01,agi_patronato,Alba,Acentuación,No sub-rule assigned,1,Acentuación — No sub-rule assigned,False,mojon
1698,Llama 3.3 70B · 12 000 TPM,"mojonera, y",1,1,1,1,"mojonera, y",UIA_Ms149_Exp2_51,uia_ms149,Arturo,Puntuación,"Coma (,)",1,"Puntuación — Coma (,)",False,"mojonera, y"
1699,GPT OSS 120B · 8 000 TPM,molo,1,1,1,1,molo,AGI_INDIFERENTE_2065_N45_09,agi_indiferente,Rodrigo,Cambios,Sustitución,1,Cambios — Sustitución,False,molo
1700,Llama 3.3 70B · 12 000 TPM,monasterio,1,1,1,1,monasterio,UIA_Ms149_Exp2_51,uia_ms149,Arturo,Cambios,Sustitución,1,Cambios — Sustitución,False,monasterio
1701,GPT OSS 120B · 8 000 TPM,mongas,1,1,1,1,mongas,BNE_ms3047_1,bne_ms3047,Rodrigo,Cambios,Otros,1,Cambios — Otros,False,mongas
1702,GPT OSS 120B · 8 000 TPM,monje,1,1,1,1,monje,BNE_ms3047_1,bne_ms3047,Rodrigo,Abreviaturas,Expansión completa,1,Abreviaturas — Expansión completa | Cambios — Sustitución,False,monje
1703,GPT OSS 120B · 8 000 TPM,monjes,1,1,1,1,monjes,AGN_Mercedes_v003_exp520,agn_mercedes,Alba,Cambios,Sustitución,1,Cambios — Sustitución,False,monjes
1704,GPT OSS 120B · 8 000 TPM,monseñor,1,1,1,1,Monseñor,AGS_CE_RG_L379_01,ags_ce,Javier,Cambios,Sustitución,1,Cambios — Sustitución,False,monseñor
1705,GPT OSS 120B · 8 000 TPM,monta,1,1,1,1,Monta,BnF_030_27,bnf_030,Rodrigo,Puntuación,Punto (.),1,Puntuación — Punto (.),False,monta
1706,GPT OSS 120B · 8 000 TPM,moro,1,1,1,1,moro,BNE_ms3047_1,bne_ms3047,Rodrigo,Abreviaturas,Expansión completa,1,Abreviaturas — Expansión completa | Cambios — Sustitución,False,moro
1707,Llama 3.3 70B · 12 000 TPM,"mortal, y",1,1,1,1,"mortal, y",utblac_wbs_0912a_duplicated,utblac_wbs,Arturo,Puntuación,"Coma (,)",1,"Puntuación — Coma (,)",False,"mortal, y"
1708,Llama 3.3 70B · 12 000 TPM,mortalidad,1,1,1,1,mortalidad,BnF_283_05,bnf_283,Alba,Cambios,Inserción,1,Cambios — Inserción | Cambios — Sustitución,False,mortalidad
1709,Llama 3.3 70B · 12 000 TPM,mostró un libro,1,1,1,1,mostró un libro,BnF_264_12,bnf_264,Edna,Cambios,Deleción,1,Cambios — Deleción,False,mostró un libro
1710,Llama 3.3 70B · 12 000 TPM,"mota, por",1,1,1,1,"Mota, por",AGN_Indios_v009_exp002_fs3v-4_01,agn_indios,Arturo,Puntuación,"Coma (,)",1,"Puntuación — Coma (,)",False,"mota, por"
1711,GPT OSS 120B · 8 000 TPM,ms,1,1,1,1,ms,AGI_CONTRATACION_1091_N3_098,agi_contratacion,Javier,Abreviaturas,Expansión completa,1,Abreviaturas — Expansión completa,False,ms
1712,GPT OSS 120B · 8 000 TPM,muchas,1,1,1,1,muchas,AGI_INDIFERENTE_2065_N45_09,agi_indiferente,Rodrigo,Cambios,Sustitución,1,Cambios — Sustitución,False,muchas
1713,Llama 3.3 70B · 12 000 TPM,muchas,1,1,1,1,muchas,BnF_167_29,bnf_167,Adriana,Cambios,Sustitución,1,Cambios — Sustitución,False,muchas
1714,Llama 3.3 70B · 12 000 TPM,muero,1,1,1,1,muero,BnF_110_09,bnf_110,Alba,Cambios,Sustitución,1,Cambios — Sustitución,False,muero
1715,Llama 3.3 70B · 12 000 TPM,"muertes, y",1,1,1,1,"muertes, y",BnF_174_03,bnf_174,Arturo,Puntuación,"Coma (,)",1,"Puntuación — Coma (,)",False,"muertes, y"
1716,GPT OSS 120B · 8 000 TPM,muger maria,1,1,1,1,muger maria,BnF_112_23,bnf_112,Edna,Puntuación,"Coma (,)",1,"Puntuación — Coma (,)",False,muger maria
1717,Llama 3.3 70B · 12 000 TPM,mui,1,1,1,1,mui,BnF_174_04,bnf_174,Paloma,Filológicas - instrucciones,Regularización de i/y vocálicas,1,Filológicas - instrucciones — Regularización de i/y vocálicas,False,mui
1718,Llama 3.3 70B · 12 000 TPM,"mujer, ni",1,1,1,1,"mujer, ni",BnF_032_23,bnf_032,Arturo,Cambios,Deleción,1,Cambios — Deleción,False,"mujer, ni"
1719,Llama 3.3 70B · 12 000 TPM,"mujer, y",1,1,1,1,"mujer, y",BnF_032_23,bnf_032,Arturo,Puntuación,"Coma (,)",1,"Puntuación — Coma (,)",False,"mujer, y"
1720,Llama 3.3 70B · 12 000 TPM,"mujeres, de",1,1,1,1,"mujeres, de",utblac_wbs_0912a_duplicated,utblac_wbs,Arturo,Puntuación,"Coma (,)",1,"Puntuación — Coma (,)",False,"mujeres, de"
1721,Llama 3.3 70B · 12 000 TPM,mulas,1,1,1,1,mulas,BnF_174_05,bnf_174,Adriana,Cambios,Sustitución,1,Cambios — Sustitución,False,mulas
1722,GPT OSS 120B · 8 000 TPM,musica,1,1,1,1,musica,BNE_ms3047_1,bne_ms3047,Rodrigo,Acentuación,No sub-rule assigned,1,Acentuación — No sub-rule assigned,False,musica
1723,GPT OSS 120B · 8 000 TPM,musicos,1,1,1,1,musicos,BNE_ms3047_1,bne_ms3047,Rodrigo,Acentuación,No sub-rule assigned,1,Acentuación — No sub-rule assigned,False,musicos
1724,Llama 3.3 70B · 12 000 TPM,muy,1,1,1,1,Muy,BnF_110_29,bnf_110,Paloma,Cambios,Inserción,1,Cambios — Inserción,False,muy
1725,GPT OSS 120B · 8 000 TPM,muy señor asistente,1,1,1,1,muy señor Asistente,AGN_Marina_v002_exp024_005,agn_marina,Flor,Abreviaturas,No sub-rule assigned,1,Abreviaturas — No sub-rule assigned,False,muy señor asistente
1726,GPT OSS 120B · 8 000 TPM,myaualtepeq,1,1,1,1,myaualtepeq,BnF_111_20,bnf_111,Flor,Filológicas - instrucciones,Regularización de i/y vocálicas,1,Filológicas - instrucciones — Regularización de i/y vocálicas,False,myaualtepeq
1727,GPT OSS 120B · 8 000 TPM,myel,1,1,1,1,myel,BnF_113_22,bnf_113,Paloma,Filológicas - instrucciones,Regularización de i/y vocálicas,1,Filológicas - instrucciones — Regularización de i/y vocálicas,False,myel
1728,GPT OSS 120B · 8 000 TPM,mygel,1,1,1,1,mygel,BnF_113_04,bnf_113,Paco,Filológicas - instrucciones,No sub-rule assigned,1,Filológicas - instrucciones — No sub-rule assigned,False,mygel
1729,GPT OSS 120B · 8 000 TPM,myn,1,1,1,1,myn,BnF_113_22,bnf_113,Paloma,Filológicas - instrucciones,Regularización de i/y vocálicas,1,Filológicas - instrucciones — Regularización de i/y vocálicas,False,myn
1730,GPT OSS 120B · 8 000 TPM,myo,1,1,1,1,myo,BnF_112_23,bnf_112,Edna,Filológicas - instrucciones,Regularización de i/y vocálicas,1,Filológicas - instrucciones — Regularización de i/y vocálicas,False,myo
1731,GPT OSS 120B · 8 000 TPM,myrasen,1,1,1,1,myrasen,BnF_111_20,bnf_111,Flor,Filológicas - instrucciones,Regularización de i/y vocálicas,1,Filológicas - instrucciones — Regularización de i/y vocálicas,False,myrasen
1732,Llama 3.3 70B · 12 000 TPM,más,1,1,1,1,más,BP_CM_R481_016,bp_cm,Arturo,Abreviaturas,Expansión completa,1,Abreviaturas — Expansión completa | Cambios — Sustitución,False,más
1733,Llama 3.3 70B · 12 000 TPM,más de media,1,1,1,1,más de media,BnF_264_02,bnf_264,Paloma,Cambios,Sustitución,1,Cambios — Sustitución,False,más de media
1734,Llama 3.3 70B · 12 000 TPM,más se declara,1,1,1,1,más se declara,AGN_IndiferenteVirreinal_caja4071_exp024_1,agn_indiferentevirreinal,Rodrigo,Abreviaturas,Expansión completa,1,Abreviaturas — Expansión completa | Cambios — Sustitución,False,más se declara
1735,GPT OSS 120B · 8 000 TPM,méxico,1,1,1,1,México,BnF_112_02,bnf_112,Arturo,Puntuación,No sub-rule assigned,1,Puntuación — No sub-rule assigned,False,méxico
1736,Llama 3.3 70B · 12 000 TPM,méxico,1,1,1,1,méxico,AGI_INDIFERENTE_1529_N36_07,agi_indiferente,Rodrigo,Cambios,Otros,1,Cambios — Otros,False,méxico
1737,Llama 3.3 70B · 12 000 TPM,méxico la,1,1,1,1,México La,utblac_JGI_XXIII-13_Atlatlauhca_03,utblac_jgi,Flor,Cambios,Deleción,1,Cambios — Deleción,False,méxico la
1738,Llama 3.3 70B · 12 000 TPM,méxico para,1,1,1,1,México para,BnF_244_03,bnf_244,Arturo,Puntuación,No sub-rule assigned,1,Puntuación — No sub-rule assigned,False,méxico para
1739,Llama 3.3 70B · 12 000 TPM,"méxico,",1,1,1,1,"México,",BP_CM_R481_071_3,bp_cm,Javier,Puntuación,"Coma (,)",1,"Puntuación — Coma (,)",False,"méxico,"
1740,Llama 3.3 70B · 12 000 TPM,"méxico, a",1,1,1,1,"México, a",BnF_117_13,bnf_117,Paco,Puntuación,"Coma (,)",1,"Puntuación — Coma (,)",False,"méxico, a"
1741,Llama 3.3 70B · 12 000 TPM,mí y,1,1,1,1,mí y,AGN_AHHacienda_v268_exp046_02,agn_ahhacienda,Paloma,Cambios,Deleción,1,Cambios — Deleción,False,mí y
1742,Llama 3.3 70B · 12 000 TPM,"mí, y",1,1,1,1,"mí, y",BnF_032_23,bnf_032,Arturo,Puntuación,"Coma (,)",1,"Puntuación — Coma (,)",False,"mí, y"
1743,Llama 3.3 70B · 12 000 TPM,múzquiz,1,1,1,1,Múzquiz,BnF_394_07,bnf_394,Rodrigo,Cambios,Sustitución,1,Cambios — Sustitución,False,múzquiz
1744,GPT OSS 120B · 8 000 TPM,n,1,1,1,1,n,AGN_AHHacienda_v268_exp046_01,agn_ahhacienda,Adriana,Abreviaturas,Expansión completa,1,Abreviaturas — Expansión completa,False,n
1745,Llama 3.3 70B · 12 000 TPM,nabarro,1,1,1,1,Nabarro,AGN_HospJesus_c205_exp041_04,agn_hospjesus,Flor,Filológicas - instrucciones,Regularización de labiales (b/v),1,Filológicas - instrucciones — Regularización de labiales (b/v),False,nabarro
1746,GPT OSS 120B · 8 000 TPM,naci,1,1,1,1,naci,BnF_112_23,bnf_112,Edna,Acentuación,No sub-rule assigned,1,Acentuación — No sub-rule assigned,False,naci
1747,Llama 3.3 70B · 12 000 TPM,"naciones, que",1,1,1,1,"Naciones, que",BnF_174_03,bnf_174,Arturo,Puntuación,"Coma (,)",1,"Puntuación — Coma (,)",False,"naciones, que"
1748,Llama 3.3 70B · 12 000 TPM,nada. el lunes,1,1,1,1,nada. El lunes,BP_CM_R494_156_2,bp_cm,Javier,Cambios,Deleción,1,Cambios — Deleción,False,nada. el lunes
1749,Llama 3.3 70B · 12 000 TPM,nadie,1,1,1,1,nadie,BnF_119-148_33,bnf_119-148,Paloma,Cambios,Inserción,1,Cambios — Inserción,False,nadie
1750,Llama 3.3 70B · 12 000 TPM,"naos, por",1,1,1,1,"naos, por",AGI_INDIFERENTE_2065_N45_11,agi_indiferente,Alba,Cambios,Deleción,1,Cambios — Deleción,False,"naos, por"
1751,GPT OSS 120B · 8 000 TPM,natos,1,1,1,1,natOS,AGN_Indios_v019_exp354_2,agn_indios,Alba,Cambios,No sub-rule assigned,1,Cambios — No sub-rule assigned,False,natos
1752,Llama 3.3 70B · 12 000 TPM,nats,1,1,1,1,nats,BnF_118_02,bnf_118,Rodrigo,Abreviaturas,Expansión completa,1,Abreviaturas — Expansión completa,False,nats
1753,GPT OSS 120B · 8 000 TPM,natural,1,1,1,1,natural,BnF_112_23,bnf_112,Edna,Puntuación,"Coma (,)",1,"Puntuación — Coma (,)",False,natural
1754,Llama 3.3 70B · 12 000 TPM,"naturales,",1,1,1,1,"naturales,",BnF_075_035,bnf_075,Arturo,Puntuación,"Coma (,)",1,"Puntuación — Coma (,)",False,"naturales,"
1755,Llama 3.3 70B · 12 000 TPM,nave,1,1,1,1,nave,BnF_266_03,bnf_266,Rodrigo,Cambios,Deleción,1,Cambios — Deleción,False,nave
1756,GPT OSS 120B · 8 000 TPM,naves,1,1,1,1,naves,AGI_INDIFERENTE_2065_N45_09,agi_indiferente,Rodrigo,Cambios,Sustitución,1,Cambios — Sustitución,False,naves
1757,Llama 3.3 70B · 12 000 TPM,nda,1,1,1,1,nda,AGI_CONTRATACION_1089_N8_151,agi_contratacion,Paco,Abreviaturas,Expansión completa,1,Abreviaturas — Expansión completa,False,nda
1758,Llama 3.3 70B · 12 000 TPM,"necesario, ser",1,1,1,1,"necesario, ser",BnF_117_03,bnf_117,Arturo,Cambios,Deleción,1,"Cambios — Deleción | Puntuación — Coma (,)",False,"necesario, ser"
1759,GPT OSS 120B · 8 000 TPM,neceso,1,1,1,1,neceso,AGI_GUADALAJARA_230_L2_F_45V-46V_1,agi_guadalajara,Edna,Abreviaturas,Expansión completa,1,Abreviaturas — Expansión completa,False,neceso
1760,GPT OSS 120B · 8 000 TPM,nez,1,1,1,1,nez,AGI_CONTRATACION_1183_N8_78,agi_contratacion,Adriana,Puntuación,"Coma (,)",1,"Puntuación — Coma (,)",False,nez
1761,GPT OSS 120B · 8 000 TPM,ni,1,1,1,1,ni,AGN_Indios_v002_exp835,agn_indios,Paloma,Cambios,Deleción,1,Cambios — Deleción,False,ni
1762,Llama 3.3 70B · 12 000 TPM,ni siquiera para,1,1,1,1,ni siquiera para,BnF_266_05,bnf_266,Adriana,Cambios,Deleción,1,Cambios — Deleción | Cambios — Sustitución,False,ni siquiera para
1763,Llama 3.3 70B · 12 000 TPM,nicolás,1,1,1,1,Nicolás,AGI_CONTRATACION_1089_N8_176,agi_contratacion,Flor,Cambios,Inserción,1,Cambios — Inserción,False,nicolás
1764,Llama 3.3 70B · 12 000 TPM,nicolã¡s,1,1,1,1,NicolÃ¡s,BnF_266_05,bnf_266,Adriana,Cambios,Otros,1,Cambios — Otros | Cambios — Sustitución,False,nicolã¡s
1765,Llama 3.3 70B · 12 000 TPM,"nietos, se",1,1,1,1,"nietos, se",BnF_032_23,bnf_032,Arturo,Puntuación,"Coma (,)",1,"Puntuación — Coma (,)",False,"nietos, se"
1766,Llama 3.3 70B · 12 000 TPM,"ninguna, y",1,1,1,1,"ninguna, y",BnF_032_23,bnf_032,Arturo,Puntuación,"Coma (,)",1,"Puntuación — Coma (,)",False,"ninguna, y"
1767,Llama 3.3 70B · 12 000 TPM,no. en,1,1,1,1,no. En,AGN_GralParte_v001_exp1020_02,agn_gralparte,Edna,Puntuación,Punto (.),1,Puntuación — Punto (.),False,no. en
1768,Llama 3.3 70B · 12 000 TPM,noble,1,1,1,1,noble,BnF_030_22,bnf_030,Paco,Cambios,Inserción,1,Cambios — Inserción,False,noble
1769,Llama 3.3 70B · 12 000 TPM,noble; antonio,1,1,1,1,Noble; Antonio,AGS_CE_RG_L379_02,ags_ce,Arturo,Puntuación,Punto (.),1,Puntuación — Punto (.),False,noble; antonio
1770,GPT OSS 120B · 8 000 TPM,nombre,1,1,1,1,nombre,AGN_Inquisicion_v1570A_exp134_fs159-160v_04,agn_inquisicion,Flor,Cambios,Sustitución,1,Cambios — Sustitución,False,nombre
1771,Llama 3.3 70B · 12 000 TPM,nombre. el,1,1,1,1,nombre. El,BnF_394_10,bnf_394,Flor,Cambios,Deleción,1,Cambios — Deleción,False,nombre. el
1772,Llama 3.3 70B · 12 000 TPM,norte;,1,1,1,1,Norte;,BnF_167_04,bnf_167,Javier,Puntuación,"Coma (,)",1,"Puntuación — Coma (,)",False,norte;
1773,Llama 3.3 70B · 12 000 TPM,norte; y,1,1,1,1,Norte; y,BnF_174_03,bnf_174,Arturo,Puntuación,No sub-rule assigned,1,Puntuación — No sub-rule assigned,False,norte; y
1774,Llama 3.3 70B · 12 000 TPM,notificado,1,1,1,1,notificado,BnF_113_43,bnf_113,Paloma,Cambios,Sustitución,1,Cambios — Sustitución,False,notificado
1775,GPT OSS 120B · 8 000 TPM,notificarmela,1,1,1,1,notificarmela,BnF_113_04,bnf_113,Paco,Acentuación,No sub-rule assigned,1,Acentuación — No sub-rule assigned,False,notificarmela
1776,GPT OSS 120B · 8 000 TPM,notifiq,1,1,1,1,notifiq,BnF_032_36,bnf_032,Paco,Abreviaturas,Expansión completa,1,Abreviaturas — Expansión completa,False,notifiq
1777,Llama 3.3 70B · 12 000 TPM,notoria,1,1,1,1,notoria,UIA_Ms149_Exp3_04,uia_ms149,Alba,Cambios,Inserción,1,Cambios — Inserción,False,notoria
1778,Llama 3.3 70B · 12 000 TPM,novecientos,1,1,1,1,novecientos,BnF_112_08,bnf_112,Paloma,Cambios,Sustitución,1,Cambios — Sustitución,False,novecientos
1779,GPT OSS 120B · 8 000 TPM,novie,1,1,1,1,novie,AGN_AHHacienda_v1292_exp135,agn_ahhacienda,Javier,Abreviaturas,Expansión completa,1,Abreviaturas — Expansión completa,False,novie
1780,GPT OSS 120B · 8 000 TPM,noviembre,1,1,1,1,noviembre,AGN_AHHacienda_v1292_exp135,agn_ahhacienda,Javier,Cambios,Sustitución,1,Cambios — Sustitución,False,noviembre
1781,GPT OSS 120B · 8 000 TPM,nua espa,1,1,1,1,nua eSpa,AGN_RealesCedDup_v050_exp062,agn_realesceddup,Paloma,Abreviaturas,Expansión completa,1,Abreviaturas — Expansión completa,False,nua espa
1782,GPT OSS 120B · 8 000 TPM,nuebe,1,1,1,1,nuebe,BnF_111_20,bnf_111,Flor,Filológicas - instrucciones,Regularización de labiales (b/v),1,Filológicas - instrucciones — Regularización de labiales (b/v),False,nuebe
1783,GPT OSS 120B · 8 000 TPM,nuebo,1,1,1,1,nuebo,AGI_PATRONATO_182_R3_04,agi_patronato,Paco,Filológicas - instrucciones,Regularización de labiales (b/v),1,Filológicas - instrucciones — Regularización de labiales (b/v),False,nuebo
1784,Llama 3.3 70B · 12 000 TPM,nuestros.,1,1,1,1,nuestros.,BnF_266_07,bnf_266,Paco,Cambios,Deleción,1,Cambios — Deleción,False,nuestros.
1785,Llama 3.3 70B · 12 000 TPM,nueva españa,1,1,1,1,Nueva España,BnF_264_12,bnf_264,Edna,Cambios,Deleción,1,Cambios — Deleción,False,nueva españa
1786,GPT OSS 120B · 8 000 TPM,ny,1,1,1,1,ny,BnF_111_20,bnf_111,Flor,Filológicas - instrucciones,Regularización de i/y vocálicas,1,Filológicas - instrucciones — Regularización de i/y vocálicas,False,ny
1787,GPT OSS 120B · 8 000 TPM,números,1,1,1,1,números,AGI_GUADALAJARA_230_L2_F_45V-46V_2,agi_guadalajara,Adriana,Abreviaturas,Expansión completa,1,Abreviaturas — Expansión completa,False,números
1788,Llama 3.3 70B · 12 000 TPM,o,1,1,1,1,o,BnF_111_27,bnf_111,Alba,Cambios,Sustitución,1,Cambios — Sustitución,False,o
1789,Llama 3.3 70B · 12 000 TPM,obedecerían,1,1,1,1,obedecerían,BnF_075_026,bnf_075,Arturo,Cambios,Sustitución,1,Cambios — Sustitución,False,obedecerían
1790,Llama 3.3 70B · 12 000 TPM,obediencia,1,1,1,1,obediencia,AMP_AC_v021__doc026_2,amp_ac,Alba,Cambios,Inserción,1,Cambios — Inserción,False,obediencia
1791,Llama 3.3 70B · 12 000 TPM,obligaciã³n,1,1,1,1,obligaciÃ³n,BnF_266_05,bnf_266,Adriana,Cambios,Otros,1,Cambios — Otros | Cambios — Sustitución,False,obligaciã³n
1792,GPT OSS 120B · 8 000 TPM,obligados que,1,1,1,1,obligados que,AGN_Indios_v009_exp003_fs4v-5_01,agn_indios,Arturo,Puntuación,No sub-rule assigned,1,Puntuación — No sub-rule assigned,False,obligados que
1793,Llama 3.3 70B · 12 000 TPM,obligarán,1,1,1,1,obligarán,LoC_HPKraus_146_new_13,loc_hpkraus,Paco,Cambios,Inserción,1,Cambios — Inserción,False,obligarán
1794,Llama 3.3 70B · 12 000 TPM,obligã³,1,1,1,1,obligÃ³,BnF_266_05,bnf_266,Adriana,Cambios,Otros,1,Cambios — Otros | Cambios — Sustitución,False,obligã³
1795,GPT OSS 120B · 8 000 TPM,obligó,1,1,1,1,obligó,AGN_RealesCedDup_v050_exp062,agn_realesceddup,Paloma,Abreviaturas,Expansión completa,1,Abreviaturas — Expansión completa,False,obligó
1796,Llama 3.3 70B · 12 000 TPM,obra,1,1,1,1,obra,BnF_174_04,bnf_174,Paloma,Cambios,Inserción,1,Cambios — Inserción,False,obra
1797,Llama 3.3 70B · 12 000 TPM,obstante,1,1,1,1,obstante,BnF_117_03,bnf_117,Arturo,Cambios,Sustitución,1,Cambios — Sustitución,False,obstante
1798,Llama 3.3 70B · 12 000 TPM,octava,1,1,1,1,octava,BnF_394_07,bnf_394,Rodrigo,Cambios,Inserción,1,Cambios — Inserción,False,octava
1799,GPT OSS 120B · 8 000 TPM,ocupazion,1,1,1,1,ocupazion,AGN_RealesCedDup_v030_exp874,agn_realesceddup,Alba,Acentuación,No sub-rule assigned,1,Acentuación — No sub-rule assigned | Filológicas - mecánicas — Regularización de sibilantes,False,ocupazion
1800,GPT OSS 120B · 8 000 TPM,ofes,1,1,1,1,ofes,AGN_Indios_v019_exp354_2,agn_indios,Alba,Abreviaturas,Expansión completa,1,Abreviaturas — Expansión completa,False,ofes
1801,GPT OSS 120B · 8 000 TPM,oficio,1,1,1,1,oficio,AGN_RealesCedDup_v030_exp874,agn_realesceddup,Alba,Abreviaturas,No sub-rule assigned,1,Abreviaturas — No sub-rule assigned,False,oficio
1802,Llama 3.3 70B · 12 000 TPM,oficio imploro,1,1,1,1,oficio imploro,BnF_117_08,bnf_117,Edna,Puntuación,Punto (.),1,Puntuación — Punto (.),False,oficio imploro
1803,GPT OSS 120B · 8 000 TPM,oficios,1,1,1,1,oficios,AGN_RealesCedDup_v030_exp874,agn_realesceddup,Alba,Cambios,No sub-rule assigned,1,Cambios — No sub-rule assigned,False,oficios
1804,GPT OSS 120B · 8 000 TPM,ofo,1,1,1,1,ofo,AGN_RealesCedDup_v030_exp874,agn_realesceddup,Alba,Abreviaturas,No sub-rule assigned,1,Abreviaturas — No sub-rule assigned,False,ofo
1805,GPT OSS 120B · 8 000 TPM,ofrecieron,1,1,1,1,ofrecieron,AGN_Indios_v009_exp003_fs4v-5_01,agn_indios,Arturo,Cambios,Sustitución,1,Cambios — Sustitución,False,ofrecieron
1806,Llama 3.3 70B · 12 000 TPM,"ofrendada, y",1,1,1,1,"ofrendada, y",BnF_244_03,bnf_244,Arturo,Puntuación,"Coma (,)",1,"Puntuación — Coma (,)",False,"ofrendada, y"
1807,GPT OSS 120B · 8 000 TPM,ofrs,1,1,1,1,ofrs,AGN_RealesCedDup_v030_exp874,agn_realesceddup,Alba,Abreviaturas,Expansión completa,1,Abreviaturas — Expansión completa | Cambios — Deleción,False,ofrs
1808,Llama 3.3 70B · 12 000 TPM,"oidores, vista",1,1,1,1,"oidores, vista",AGN_HospJesus_c474_leg267-2_exp024_7473-7537_05,agn_hospjesus,Rodrigo,Puntuación,No sub-rule assigned,1,Puntuación — No sub-rule assigned,False,"oidores, vista"
1809,Llama 3.3 70B · 12 000 TPM,oja,1,1,1,1,oja,BnF_264_03,bnf_264,Adriana,Filológicas - instrucciones,Regularización de H etimológica,1,Filológicas - instrucciones — Regularización de H etimológica,False,oja
1810,Llama 3.3 70B · 12 000 TPM,ojos,1,1,1,1,ojos,AGN_Marina_v031A_exp02_fs85-92_11,agn_marina,Adriana,Cambios,No sub-rule assigned,1,Cambios — No sub-rule assigned,False,ojos
1811,Llama 3.3 70B · 12 000 TPM,omiso,1,1,1,1,omiso,BP_CM_R481_071_2,bp_cm,Adriana,Abreviaturas,Expansión completa,1,Abreviaturas — Expansión completa,False,omiso
1812,Llama 3.3 70B · 12 000 TPM,omitiré,1,1,1,1,omitiré,BP_CM_R481_071_2,bp_cm,Adriana,Cambios,Deleción,1,Cambios — Deleción | Cambios — Sustitución,False,omitiré
1813,GPT OSS 120B · 8 000 TPM,onze,1,1,1,1,onze,BnF_113_22,bnf_113,Paloma,Filológicas - mecánicas,Regularización de sibilantes,1,Filológicas - mecánicas — Regularización de sibilantes,False,onze
1814,Llama 3.3 70B · 12 000 TPM,opechincgos,1,1,1,1,opechincgos,BnF_394_07,bnf_394,Rodrigo,Cambios,Inserción,1,Cambios — Inserción,False,opechincgos
1815,Llama 3.3 70B · 12 000 TPM,oración.,1,1,1,1,oración.,BnF_266_10,bnf_266,Flor,Puntuación,Punto (.),1,Puntuación — Punto (.),False,oración.
1816,GPT OSS 120B · 8 000 TPM,ordena,1,1,1,1,ordena,AGN_GralParte_v006_exp617_01,agn_gralparte,Rodrigo,Abreviaturas,Expansión completa,1,Abreviaturas — Expansión completa,False,ordena
1817,Llama 3.3 70B · 12 000 TPM,ordené,1,1,1,1,ordené,utblac_gg_mss_g62_duplicated_03,utblac_gg,Flor,Cambios,Sustitución,1,Cambios — Sustitución,False,ordené
1818,GPT OSS 120B · 8 000 TPM,ordin,1,1,1,1,ordin,BNE_ms3047_1,bne_ms3047,Rodrigo,Abreviaturas,Expansión completa,1,Abreviaturas — Expansión completa,False,ordin
1819,Llama 3.3 70B · 12 000 TPM,ordinaria. desde,1,1,1,1,ordinaria. Desde,BnF_167_25,bnf_167,Paco,Cambios,Deleción,1,Cambios — Deleción,False,ordinaria. desde
1820,Llama 3.3 70B · 12 000 TPM,"ordinarias, y",1,1,1,1,"ordinarias, y",BnF_119-148_18,bnf_119-148,Arturo,Puntuación,"Coma (,)",1,"Puntuación — Coma (,)",False,"ordinarias, y"
1821,Llama 3.3 70B · 12 000 TPM,ordóñez y,1,1,1,1,Ordóñez y,BP_CM_R481_016,bp_cm,Arturo,Puntuación,No sub-rule assigned,1,Puntuación — No sub-rule assigned,False,ordóñez y
1822,Llama 3.3 70B · 12 000 TPM,orizava,1,1,1,1,Orizava,utblac_eog_v_41_orig_03,utblac_eog,Flor,Filológicas - instrucciones,Regularización de labiales (b/v),1,Filológicas - instrucciones — Regularización de labiales (b/v),False,orizava
1823,GPT OSS 120B · 8 000 TPM,ospital,1,1,1,1,ospital,AGN_Indios_v019_exp354_2,agn_indios,Alba,Filológicas - instrucciones,Regularización de H etimológica,1,Filológicas - instrucciones — Regularización de H etimológica,False,ospital
1824,Llama 3.3 70B · 12 000 TPM,otorgadas.,1,1,1,1,otorgadas.,AGN_Tierras_v039-2_exp003_41,agn_tierras,Flor,Puntuación,No sub-rule assigned,1,Puntuación — No sub-rule assigned,False,otorgadas.
1825,GPT OSS 120B · 8 000 TPM,otorgo,1,1,1,1,otorgo,BnF_112_02,bnf_112,Arturo,Acentuación,No sub-rule assigned,1,Acentuación — No sub-rule assigned,False,otorgo
1826,Llama 3.3 70B · 12 000 TPM,otorgue,1,1,1,1,otorgue,AGN_Tierras_v039-2_exp003_41,agn_tierras,Flor,Acentuación,No sub-rule assigned,1,Acentuación — No sub-rule assigned,False,otorgue
1827,Llama 3.3 70B · 12 000 TPM,otro,1,1,1,1,otro,BnF_111_22,bnf_111,Paloma,Cambios,Deleción,1,Cambios — Deleción,False,otro
1828,Llama 3.3 70B · 12 000 TPM,otros,1,1,1,1,otros,AGN_GralParte_v006_exp617_02,agn_gralparte,Rodrigo,Cambios,Sustitución,1,Cambios — Sustitución,False,otros
1829,GPT OSS 120B · 8 000 TPM,otros siendo,1,1,1,1,otros siendo,AGN_Indios_v009_exp003_fs4v-5_01,agn_indios,Arturo,Puntuación,No sub-rule assigned,1,Puntuación — No sub-rule assigned,False,otros siendo
1830,GPT OSS 120B · 8 000 TPM,otros. delitos,1,1,1,1,otros. delitos,BnF_116_02,bnf_116,Paco,Puntuación,No sub-rule assigned,1,Puntuación — No sub-rule assigned,False,otros. delitos
1831,Llama 3.3 70B · 12 000 TPM,otumba,1,1,1,1,Otumba,BnF_119-148_33,bnf_119-148,Paloma,Cambios,Sustitución,1,Cambios — Sustitución,False,otumba
1832,GPT OSS 120B · 8 000 TPM,oxo,1,1,1,1,oxo,AGI_CONTRATACION_1183_N8_78,agi_contratacion,Adriana,Filológicas - instrucciones,x sibilante → j,1,Filológicas - instrucciones — x sibilante → j,False,oxo
1833,GPT OSS 120B · 8 000 TPM,oyan,1,1,1,1,oyan,BnF_032_36,bnf_032,Paco,Filológicas - instrucciones,No sub-rule assigned,1,Filológicas - instrucciones — No sub-rule assigned,False,oyan
1834,GPT OSS 120B · 8 000 TPM,oydo,1,1,1,1,oydo,AGN_Mercedes_v003_exp520,agn_mercedes,Alba,Acentuación,No sub-rule assigned,1,Acentuación — No sub-rule assigned | Filológicas - instrucciones — Regularización de i/y vocálicas,False,oydo
1835,Llama 3.3 70B · 12 000 TPM,oyelo,1,1,1,1,Oyelo,BnF_110_09,bnf_110,Alba,Acentuación,No sub-rule assigned,1,Acentuación — No sub-rule assigned,False,oyelo
1836,GPT OSS 120B · 8 000 TPM,oyes,1,1,1,1,oyes,AGI_GUADALAJARA_230_L2_F_45V-46V_2,agi_guadalajara,Adriana,Abreviaturas,Expansión completa,1,Abreviaturas — Expansión completa,False,oyes
1837,GPT OSS 120B · 8 000 TPM,oyra,1,1,1,1,oyra,BnF_104_2,bnf_104,Paco,Filológicas - instrucciones,No sub-rule assigned,1,Filológicas - instrucciones — No sub-rule assigned,False,oyra
1838,Llama 3.3 70B · 12 000 TPM,oyã©ndoles,1,1,1,1,oyÃ©ndoles,BnF_266_05,bnf_266,Adriana,Cambios,Otros,1,Cambios — Otros | Cambios — Sustitución,False,oyã©ndoles
1839,Llama 3.3 70B · 12 000 TPM,oyã³,1,1,1,1,oyÃ³,BnF_266_05,bnf_266,Adriana,Cambios,Otros,1,Cambios — Otros | Cambios — Sustitución,False,oyã³
1840,Llama 3.3 70B · 12 000 TPM,p,1,1,1,1,P,BnF_174_02,bnf_174,Javier,Abreviaturas,Expansión completa,1,Abreviaturas — Expansión completa,False,p
1841,Llama 3.3 70B · 12 000 TPM,pactado,1,1,1,1,pactado,AGN_Tierras_v2963_exp059_24,agn_tierras,Paco,Cambios,Sustitución,1,Cambios — Sustitución,False,pactado
1842,Llama 3.3 70B · 12 000 TPM,padecían,1,1,1,1,padecían,UIA_Ms149_Exp3_43,uia_ms149,Paco,Cambios,Sustitución,1,Cambios — Sustitución,False,padecían
1843,GPT OSS 120B · 8 000 TPM,padre gaspar,1,1,1,1,padre gaspar,BnF_112_23,bnf_112,Edna,Puntuación,"Coma (,)",1,"Puntuación — Coma (,)",False,padre gaspar
1844,GPT OSS 120B · 8 000 TPM,paga,1,1,1,1,paga,AGN_RealesCedDup_v050_exp062,agn_realesceddup,Paloma,Cambios,Deleción,1,Cambios — Deleción,False,paga
1845,GPT OSS 120B · 8 000 TPM,pagalos,1,1,1,1,pagalos,BNE_ms3047_1,bne_ms3047,Rodrigo,Acentuación,No sub-rule assigned,1,Acentuación — No sub-rule assigned,False,pagalos
1846,Llama 3.3 70B · 12 000 TPM,pagar,1,1,1,1,pagar,AGN_GralParte_v006_exp617_02,agn_gralparte,Rodrigo,Cambios,Inserción,1,Cambios — Inserción,False,pagar
1847,Llama 3.3 70B · 12 000 TPM,pagará. con,1,1,1,1,pagará. Con,AGN_AHHacienda_v268_exp046_03,agn_ahhacienda,Arturo,Puntuación,Punto (.),1,Puntuación — Punto (.),False,pagará. con
1848,GPT OSS 120B · 8 000 TPM,pagos,1,1,1,1,pagos,AGN_RealesCedDup_v030_exp874,agn_realesceddup,Alba,Cambios,Deleción,1,Cambios — Deleción,False,pagos
1849,GPT OSS 120B · 8 000 TPM,pagra,1,1,1,1,pagra,AGN_RealesCedDup_v050_exp062,agn_realesceddup,Paloma,Abreviaturas,Expansión completa,1,Abreviaturas — Expansión completa,False,pagra
1850,Llama 3.3 70B · 12 000 TPM,"para jesús, el testigo",1,1,1,1,"Para Jesús, el testigo",UIA_Ms149_Exp3_31,uia_ms149,Alba,Cambios,Deleción,1,Cambios — Deleción | Cambios — Sustitución,False,"para jesús, el testigo"
1851,GPT OSS 120B · 8 000 TPM,para q,1,1,1,1,para q,AGN_IndiferenteVirreinal_caja4071_exp024_2,agn_indiferentevirreinal,Paloma,Abreviaturas,Expansión completa,1,Abreviaturas — Expansión completa,False,para q
1852,Llama 3.3 70B · 12 000 TPM,parecer y,1,1,1,1,parecer y,UIA_Ms149_Exp2_51,uia_ms149,Arturo,Puntuación,No sub-rule assigned,1,Puntuación — No sub-rule assigned,False,parecer y
1853,GPT OSS 120B · 8 000 TPM,parecio,1,1,1,1,parecio,BnF_113_04,bnf_113,Paco,Acentuación,No sub-rule assigned,1,Acentuación — No sub-rule assigned,False,parecio
1854,Llama 3.3 70B · 12 000 TPM,pareció,1,1,1,1,pareció,BnF_032_23,bnf_032,Arturo,Puntuación,No sub-rule assigned,1,Puntuación — No sub-rule assigned,False,pareció
1855,Llama 3.3 70B · 12 000 TPM,pareció. juan,1,1,1,1,pareció. Juan,AGN_HospJesus_c474_leg267-2_exp024_7473-7537_02,agn_hospjesus,Paco,Puntuación,Punto (.),1,Puntuación — Punto (.),False,pareció. juan
1856,GPT OSS 120B · 8 000 TPM,paresce,1,1,1,1,paresce,BnF_112_25,bnf_112,Paco,Cambios,No sub-rule assigned,1,Cambios — No sub-rule assigned,False,paresce
1857,GPT OSS 120B · 8 000 TPM,parescio,1,1,1,1,parescio,BnF_112_23,bnf_112,Edna,Filológicas - mecánicas,No sub-rule assigned,1,Filológicas - mecánicas — No sub-rule assigned,False,parescio
1858,Llama 3.3 70B · 12 000 TPM,parezca,1,1,1,1,parezca,BnF_119-148_33,bnf_119-148,Paloma,Cambios,Sustitución,1,Cambios — Sustitución,False,parezca
1859,Llama 3.3 70B · 12 000 TPM,pariendo,1,1,1,1,pariendo,utblac_wbs_1433_duplicated_1,utblac_wbs,Rodrigo,Cambios,Deleción,1,Cambios — Deleción,False,pariendo
1860,Llama 3.3 70B · 12 000 TPM,parlo,1,1,1,1,parlo,BnF_266_03,bnf_266,Rodrigo,Acentuación,No sub-rule assigned,1,Acentuación — No sub-rule assigned,False,parlo
1861,Llama 3.3 70B · 12 000 TPM,parte,1,1,1,1,parte,BP_CM_32386_007_2,bp_cm,Rodrigo,Cambios,Inserción,1,Cambios — Inserción,False,parte
1862,Llama 3.3 70B · 12 000 TPM,"parte, y",1,1,1,1,"parte, y",BnF_117_03,bnf_117,Arturo,Puntuación,"Coma (,)",1,"Puntuación — Coma (,)",False,"parte, y"
1863,Llama 3.3 70B · 12 000 TPM,partes de guatemala,1,1,1,1,partes de Guatemala,BnF_264_03,bnf_264,Adriana,Cambios,Deleción,1,Cambios — Deleción,False,partes de guatemala
1864,GPT OSS 120B · 8 000 TPM,partes.,1,1,1,1,partes.,BnF_112_25,bnf_112,Paco,Puntuación,Punto (.),1,Puntuación — Punto (.),False,partes.
1865,Llama 3.3 70B · 12 000 TPM,parvulos,1,1,1,1,parvulos,BnF_174_03,bnf_174,Arturo,Acentuación,No sub-rule assigned,1,Acentuación — No sub-rule assigned,False,parvulos
1866,Llama 3.3 70B · 12 000 TPM,pas,1,1,1,1,Pas,BnF_243_16,bnf_243,Rodrigo,Filológicas - mecánicas,Regularización de sibilantes,1,Filológicas - mecánicas — Regularización de sibilantes,False,pas
1867,Llama 3.3 70B · 12 000 TPM,pasaban,1,1,1,1,Pasaban,BnF_266_07,bnf_266,Paco,Abreviaturas,Expansión completa,1,Abreviaturas — Expansión completa | Cambios — Sustitución,False,pasaban
1868,Llama 3.3 70B · 12 000 TPM,"pasados, y",1,1,1,1,"pasados, y",BnF_117_03,bnf_117,Arturo,Puntuación,"Coma (,)",1,"Puntuación — Coma (,)",False,"pasados, y"
1869,Llama 3.3 70B · 12 000 TPM,pasarã­a,1,1,1,1,pasarÃ­a,BnF_266_05,bnf_266,Adriana,Cambios,Otros,1,Cambios — Otros | Cambios — Sustitución,False,pasarã­a
1870,GPT OSS 120B · 8 000 TPM,pascuaro,1,1,1,1,pascuaro,BNE_ms3047_1,bne_ms3047,Rodrigo,Acentuación,No sub-rule assigned,1,Acentuación — No sub-rule assigned | Cambios — Otros,False,pascuaro
1871,Llama 3.3 70B · 12 000 TPM,paso,1,1,1,1,paso,BnF_032_39,bnf_032,Paloma,Acentuación,No sub-rule assigned,1,Acentuación — No sub-rule assigned,False,paso
1872,Llama 3.3 70B · 12 000 TPM,pasq,1,1,1,1,Pasq,BP_CM_R494_156_2,bp_cm,Javier,Abreviaturas,Expansión completa,1,Abreviaturas — Expansión completa,False,pasq
1873,Llama 3.3 70B · 12 000 TPM,pasó es,1,1,1,1,pasó es,BnF_111_21,bnf_111,Flor,Puntuación,"Coma (,)",1,"Puntuación — Coma (,)",False,pasó es
1874,GPT OSS 120B · 8 000 TPM,patino,1,1,1,1,Patino,AMP_AC_v021__doc026_1,amp_ac,Rodrigo,Puntuación,"Coma (,)",1,"Puntuación — Coma (,)",False,patino
1875,Llama 3.3 70B · 12 000 TPM,"patrimoniales, y",1,1,1,1,"patrimoniales, y",AGN_HospJesus_c474_leg267-2_exp024_7473-7537_10,agn_hospjesus,Arturo,Puntuación,"Coma (,)",1,"Puntuación — Coma (,)",False,"patrimoniales, y"
1876,GPT OSS 120B · 8 000 TPM,patrimonyo,1,1,1,1,patrimonyo,BnF_112_23,bnf_112,Edna,Filológicas - instrucciones,Regularización de i/y vocálicas,1,Filológicas - instrucciones — Regularización de i/y vocálicas,False,patrimonyo
1877,Llama 3.3 70B · 12 000 TPM,pavana,1,1,1,1,pavana,BnF_118_08,bnf_118,Arturo,Abreviaturas,Expansión completa,1,Abreviaturas — Expansión completa | Cambios — Sustitución,False,pavana
1878,GPT OSS 120B · 8 000 TPM,paña,1,1,1,1,paña,AGI_PATRONATO_182_R3_04,agi_patronato,Paco,Cambios,Inserción,1,Cambios — Inserción | Filológicas - mecánicas — Regularización de sibilantes,False,paña
1879,Llama 3.3 70B · 12 000 TPM,pda,1,1,1,1,pda,AGI_CONTRATACION_1089_N8_151,agi_contratacion,Paco,Abreviaturas,Expansión completa,1,Abreviaturas — Expansión completa,False,pda
1880,Llama 3.3 70B · 12 000 TPM,"pecado, y",1,1,1,1,"pecado, y",utblac_wbs_0912a_duplicated,utblac_wbs,Arturo,Puntuación,"Coma (,)",1,"Puntuación — Coma (,)",False,"pecado, y"
1881,GPT OSS 120B · 8 000 TPM,pedido,1,1,1,1,pedido,BnF_075_014,bnf_075,Alba,Abreviaturas,Expansión completa,1,Abreviaturas — Expansión completa,False,pedido
1882,GPT OSS 120B · 8 000 TPM,pedimto.,1,1,1,1,pedimto.,BnF_112_02,bnf_112,Arturo,Abreviaturas,Expansión completa,1,Abreviaturas — Expansión completa | Puntuación — Punto (.),False,pedimto.
1883,GPT OSS 120B · 8 000 TPM,pedro,1,1,1,1,pedro,AGI_CONTRATACION_1183_N8_78,agi_contratacion,Adriana,Puntuación,"Coma (,)",1,"Puntuación — Coma (,)",False,pedro
1884,GPT OSS 120B · 8 000 TPM,pedro nariz,1,1,1,1,pedro nariz,AGI_CONTRATACION_1183_N8_78,agi_contratacion,Adriana,Puntuación,"Coma (,)",1,"Puntuación — Coma (,)",False,pedro nariz
1885,Llama 3.3 70B · 12 000 TPM,pedís,1,1,1,1,pedís,BnF_118_06,bnf_118,Edna,Cambios,Inserción,1,Cambios — Inserción,False,pedís
1886,GPT OSS 120B · 8 000 TPM,perez,1,1,1,1,Perez,AGN_Indios_v019_exp354_2,agn_indios,Alba,Acentuación,No sub-rule assigned,1,Acentuación — No sub-rule assigned,False,perez
1887,GPT OSS 120B · 8 000 TPM,permyta,1,1,1,1,permyta,BnF_112_04,bnf_112,Paloma,Filológicas - instrucciones,Regularización de i/y vocálicas,1,Filológicas - instrucciones — Regularización de i/y vocálicas,False,permyta
1888,Llama 3.3 70B · 12 000 TPM,"perpetuamente,",1,1,1,1,"perpetuamente,",BnF_075_026,bnf_075,Arturo,Puntuación,"Coma (,)",1,"Puntuación — Coma (,)",False,"perpetuamente,"
1889,GPT OSS 120B · 8 000 TPM,persona testigos,1,1,1,1,persona testigos,AGN_Tierras_v039-2_exp003_72,agn_tierras,Edna,Puntuación,Punto (.),1,Puntuación — Punto (.),False,persona testigos
1890,Llama 3.3 70B · 12 000 TPM,persona.,1,1,1,1,persona.,AGN_Tierras_v039-2_exp003_41,agn_tierras,Flor,Puntuación,No sub-rule assigned,1,Puntuación — No sub-rule assigned,False,persona.
1891,Llama 3.3 70B · 12 000 TPM,pertenecieran,1,1,1,1,pertenecieran,BnF_117_14,bnf_117,Alba,Cambios,Sustitución,1,Cambios — Sustitución,False,pertenecieran
1892,GPT OSS 120B · 8 000 TPM,pertenescen,1,1,1,1,pertenescen,AGN_GralParte_v006_exp617_01,agn_gralparte,Rodrigo,Filológicas - mecánicas,Regularización de sibilantes,1,Filológicas - mecánicas — Regularización de sibilantes,False,pertenescen
1893,Llama 3.3 70B · 12 000 TPM,pertenese,1,1,1,1,pertenese,UIA_Ms149_Exp3_31,uia_ms149,Alba,Filológicas - mecánicas,Regularización de sibilantes,1,Filológicas - mecánicas — Regularización de sibilantes,False,pertenese
1894,Llama 3.3 70B · 12 000 TPM,perturbe,1,1,1,1,perturbe,BnF_032_23,bnf_032,Arturo,Cambios,Sustitución,1,Cambios — Sustitución,False,perturbe
1895,Llama 3.3 70B · 12 000 TPM,perú,1,1,1,1,Perú,BnF_264_02,bnf_264,Paloma,Cambios,Sustitución,1,Cambios — Sustitución,False,perú
1896,Llama 3.3 70B · 12 000 TPM,peste,1,1,1,1,peste,AGI_INDIFERENTE_1529_N8_06,agi_indiferente,Rodrigo,Cambios,Sustitución,1,Cambios — Sustitución,False,peste
1897,GPT OSS 120B · 8 000 TPM,peticion,1,1,1,1,peticion,AGI_PATRONATO_182_R3_01,agi_patronato,Alba,Acentuación,No sub-rule assigned,1,Acentuación — No sub-rule assigned,False,peticion
1898,Llama 3.3 70B · 12 000 TPM,petición y,1,1,1,1,petición y,AGN_HospJesus_c474_leg267-2_exp024_7473-7537_10,agn_hospjesus,Arturo,Cambios,Sustitución,1,Cambios — Sustitución,False,petición y
1899,Llama 3.3 70B · 12 000 TPM,petición y vista,1,1,1,1,petición y vista,BnF_110_13,bnf_110,Adriana,Cambios,Sustitución,1,Cambios — Sustitución,False,petición y vista
1900,Llama 3.3 70B · 12 000 TPM,"petición,",1,1,1,1,"petición,",BnF_032_23,bnf_032,Arturo,Puntuación,"Coma (,)",1,"Puntuación — Coma (,)",False,"petición,"
1901,GPT OSS 120B · 8 000 TPM,phelipe,1,1,1,1,phelipe,BNE_ms3047_4,bne_ms3047,Javier,Filológicas - mecánicas,Simplificación de grupos consonánticos,1,Filológicas - mecánicas — Simplificación de grupos consonánticos,False,phelipe
1902,Llama 3.3 70B · 12 000 TPM,pidió,1,1,1,1,pidió,BnF_032_33,bnf_032,Adriana,Cambios,Sustitución,1,Cambios — Sustitución,False,pidió
1903,GPT OSS 120B · 8 000 TPM,pido,1,1,1,1,pido,BnF_113_04,bnf_113,Paco,Acentuación,No sub-rule assigned,1,Acentuación — No sub-rule assigned | Cambios — Otros,False,pido
1904,Llama 3.3 70B · 12 000 TPM,pierdamos,1,1,1,1,pierdamos,BnF_266_05,bnf_266,Adriana,Cambios,Sustitución,1,Cambios — Sustitución,False,pierdamos
1905,Llama 3.3 70B · 12 000 TPM,"pimas, y",1,1,1,1,"Pimas, y",BnF_174_03,bnf_174,Arturo,Puntuación,"Coma (,)",1,"Puntuación — Coma (,)",False,"pimas, y"
1906,Llama 3.3 70B · 12 000 TPM,pimeria,1,1,1,1,pimeria,BnF_174_03,bnf_174,Arturo,Acentuación,No sub-rule assigned,1,Acentuación — No sub-rule assigned,False,pimeria
1907,GPT OSS 120B · 8 000 TPM,pin,1,1,1,1, pin,BnF_112_25,bnf_112,Paco,Cambios,Inserción,1,Cambios — Inserción,False,pin
1908,Llama 3.3 70B · 12 000 TPM,pinta,1,1,1,1,pinta,BnF_264_03,bnf_264,Adriana,Abreviaturas,Expansión completa,1,Abreviaturas — Expansión completa,False,pinta
1909,Llama 3.3 70B · 12 000 TPM,pintaban y ponían,1,1,1,1,pintaban y ponían,BnF_264_12,bnf_264,Edna,Cambios,Deleción,1,Cambios — Deleción,False,pintaban y ponían
1910,Llama 3.3 70B · 12 000 TPM,pinto. en el,1,1,1,1,Pinto. En el,BnF_117_13,bnf_117,Paco,Puntuación,Punto (.),1,Puntuación — Punto (.),False,pinto. en el
1911,GPT OSS 120B · 8 000 TPM,pl.,1,1,1,1,pl.,AGN_Marina_v002_exp024_005,agn_marina,Flor,Abreviaturas,No sub-rule assigned,1,Abreviaturas — No sub-rule assigned,False,pl.
1912,Llama 3.3 70B · 12 000 TPM,plantaran,1,1,1,1,plantaran,BnF_032_33,bnf_032,Adriana,Cambios,Sustitución,1,Cambios — Sustitución,False,plantaran
1913,Llama 3.3 70B · 12 000 TPM,plata escondida,1,1,1,1,plata escondida,BnF_266_05,bnf_266,Adriana,Cambios,Otros,1,Cambios — Otros,False,plata escondida
1914,Llama 3.3 70B · 12 000 TPM,pleito que,1,1,1,1,pleito que,BnF_117_13,bnf_117,Paco,Cambios,Deleción,1,Cambios — Deleción,False,pleito que
1915,Llama 3.3 70B · 12 000 TPM,"pleitos, donde",1,1,1,1,"pleitos, donde",UIA_Ms149_Exp2_51,uia_ms149,Arturo,Puntuación,"Coma (,)",1,"Puntuación — Coma (,)",False,"pleitos, donde"
1916,GPT OSS 120B · 8 000 TPM,pliego,1,1,1,1,pliego,AGN_Indios_v019_exp354_2,agn_indios,Alba,Cambios,Sustitución,1,Cambios — Sustitución,False,pliego
1917,Llama 3.3 70B · 12 000 TPM,plã¡tica,1,1,1,1,plÃ¡tica,BnF_266_05,bnf_266,Adriana,Cambios,Otros,1,Cambios — Otros | Cambios — Sustitución,False,plã¡tica
1918,Llama 3.3 70B · 12 000 TPM,po seno. pide pón,1,1,1,1,po seno. Pide pón,BnF_110_33,bnf_110,Alba,Abreviaturas,No sub-rule assigned,1,Abreviaturas — No sub-rule assigned,False,po seno. pide pón
1919,Llama 3.3 70B · 12 000 TPM,"po,",1,1,1,1,"po,",AGI_INDIFERENTE_1529_N36_07,agi_indiferente,Rodrigo,Abreviaturas,Expansión completa,1,"Abreviaturas — Expansión completa | Puntuación — Coma (,)",False,"po,"
1920,Llama 3.3 70B · 12 000 TPM,po.,1,1,1,1,po.,BnF_030_22,bnf_030,Paco,Abreviaturas,Expansión completa,1,Abreviaturas — Expansión completa,False,po.
1921,Llama 3.3 70B · 12 000 TPM,poco y,1,1,1,1,poco y,BnF_111_22,bnf_111,Paloma,Cambios,Sustitución,1,Cambios — Sustitución,False,poco y
1922,Llama 3.3 70B · 12 000 TPM,"poco, están",1,1,1,1,"poco, están",AGI_INDIFERENTE_1529_N8_06,agi_indiferente,Rodrigo,Puntuación,"Coma (,)",1,"Puntuación — Coma (,)",False,"poco, están"
1923,GPT OSS 120B · 8 000 TPM,pocos.,1,1,1,1,pocos.,AGN_Indios_v009_exp003_fs4v-5_01,agn_indios,Arturo,Abreviaturas,Expansión completa,1,Abreviaturas — Expansión completa | Cambios — Sustitución,False,pocos.
1924,GPT OSS 120B · 8 000 TPM,pod,1,1,1,1,pod,AGN_Indios_v019_exp354_2,agn_indios,Alba,Abreviaturas,Expansión completa,1,Abreviaturas — Expansión completa,False,pod
1925,GPT OSS 120B · 8 000 TPM,podeis,1,1,1,1,podeis,AGN_Mercedes_v003_exp520,agn_mercedes,Alba,Acentuación,No sub-rule assigned,1,Acentuación — No sub-rule assigned,False,podeis
1926,Llama 3.3 70B · 12 000 TPM,podã­an,1,1,1,1,podÃ­an,BnF_266_05,bnf_266,Adriana,Cambios,Otros,1,Cambios — Otros | Cambios — Sustitución,False,podã­an
1927,Llama 3.3 70B · 12 000 TPM,podían. aber,1,1,1,1,podían. Aber,AGN_HospJesus_c474_leg267-2_exp024_7473-7537_02,agn_hospjesus,Paco,Puntuación,Punto (.),1,Puntuación — Punto (.),False,podían. aber
1928,Llama 3.3 70B · 12 000 TPM,pon,1,1,1,1,pon,BnF_117_03,bnf_117,Arturo,Abreviaturas,Expansión completa,1,Abreviaturas — Expansión completa,False,pon
1929,Llama 3.3 70B · 12 000 TPM,pongan,1,1,1,1,pongan,LoC_HPKraus_138_new_14,loc_hpkraus,Rodrigo,Cambios,Sustitución,1,Cambios — Sustitución,False,pongan
1930,Llama 3.3 70B · 12 000 TPM,por,1,1,1,1,por,BnF_118_06,bnf_118,Edna,Abreviaturas,No sub-rule assigned,1,Abreviaturas — No sub-rule assigned | Cambios — Sustitución,False,por
1931,Llama 3.3 70B · 12 000 TPM,por cuanto,1,1,1,1,por cuanto,AGN_Indios_v009_exp002_fs3v-4_01,agn_indios,Arturo,Cambios,Inserción,1,Cambios — Inserción,False,por cuanto
1932,GPT OSS 120B · 8 000 TPM,por de,1,1,1,1,por de,AGN_RealesCedDup_v050_exp062,agn_realesceddup,Paloma,Cambios,Sustitución,1,Cambios — Sustitución,False,por de
1933,Llama 3.3 70B · 12 000 TPM,por eso,1,1,1,1,por eso,BnF_032_23,bnf_032,Arturo,Cambios,Deleción,1,Cambios — Deleción | Cambios — Sustitución,False,por eso
1934,Llama 3.3 70B · 12 000 TPM,por expedir,1,1,1,1,por expedir,UIA_Ms149_Exp3_43,uia_ms149,Paco,Cambios,Deleción,1,Cambios — Deleción,False,por expedir
1935,GPT OSS 120B · 8 000 TPM,por juicio /,1,1,1,1,por juicio /,AGN_Mercedes_v003_exp520,agn_mercedes,Alba,Cambios,Inserción,1,Cambios — Inserción,False,por juicio /
1936,Llama 3.3 70B · 12 000 TPM,"por miguel, indio de la vista",1,1,1,1,"por Miguel, indio de la vista",BnF_032_39,bnf_032,Paloma,Cambios,Inserción,1,Cambios — Inserción | Filológicas - instrucciones — Regularización de labiales (b/v),False,"por miguel, indio de la vista"
1937,GPT OSS 120B · 8 000 TPM,por todos,1,1,1,1,por todos,BnF_030_21,bnf_030,Edna,Cambios,Inserción,1,Cambios — Inserción,False,por todos
1938,Llama 3.3 70B · 12 000 TPM,por él,1,1,1,1,por él,BnF_111_22,bnf_111,Paloma,Abreviaturas,Expansión completa,1,Abreviaturas — Expansión completa | Cambios — Deleción,False,por él
1939,Llama 3.3 70B · 12 000 TPM,porque,1,1,1,1,porque,AGN_HospJesus_c474_leg267-2_exp024_7473-7537_10,agn_hospjesus,Arturo,Cambios,Deleción,1,Cambios — Deleción,False,porque
1940,Llama 3.3 70B · 12 000 TPM,porque es,1,1,1,1,porque es,BnF_118_08,bnf_118,Arturo,Abreviaturas,"Excepciones (desto/a/os, dello/a/os)",1,"Abreviaturas — Excepciones (desto/a/os, dello/a/os)",False,porque es
1941,Llama 3.3 70B · 12 000 TPM,"porque, amenazando",1,1,1,1,"porque, amenazando",BnF_266_07,bnf_266,Paco,Cambios,Deleción,1,Cambios — Deleción,False,"porque, amenazando"
1942,Llama 3.3 70B · 12 000 TPM,pos es r.,1,1,1,1,pos es r.,BnF_110_29,bnf_110,Paloma,Abreviaturas,Expansión completa,1,Abreviaturas — Expansión completa,False,pos es r.
1943,GPT OSS 120B · 8 000 TPM,pose,1,1,1,1,pose,BnF_112_25,bnf_112,Paco,Cambios,Inserción,1,Cambios — Inserción | Puntuación — Punto (.),False,pose
1944,Llama 3.3 70B · 12 000 TPM,poseedor,1,1,1,1,poseedor,BnF_117_13,bnf_117,Paco,Abreviaturas,Expansión completa,1,Abreviaturas — Expansión completa | Cambios — Inserción | Cambios — Sustitución,False,poseedor
1945,Llama 3.3 70B · 12 000 TPM,poseído,1,1,1,1,poseído,BnF_117_08,bnf_117,Edna,Cambios,Sustitución,1,Cambios — Sustitución,False,poseído
1946,Llama 3.3 70B · 12 000 TPM,"poseído, y",1,1,1,1,"poseído, y",AGN_HospJesus_c474_leg267-2_exp024_7473-7537_10,agn_hospjesus,Arturo,Puntuación,"Coma (,)",1,"Puntuación — Coma (,)",False,"poseído, y"
1947,GPT OSS 120B · 8 000 TPM,postela,1,1,1,1,postela,AGI_GUADALAJARA_230_L2_F_45V-46V_2,agi_guadalajara,Adriana,Filológicas - mecánicas,Regularización de nasales ante labial,1,Filológicas - mecánicas — Regularización de nasales ante labial,False,postela
1948,GPT OSS 120B · 8 000 TPM,posã¡is,1,1,1,1,posÃ¡is,AGN_Mercedes_v003_exp520,agn_mercedes,Alba,Acentuación,No sub-rule assigned,1,Acentuación — No sub-rule assigned | Cambios — No sub-rule assigned,False,posã¡is
1949,Llama 3.3 70B · 12 000 TPM,pozo,1,1,1,1,Pozo,BnF_032_33,bnf_032,Adriana,Abreviaturas,Expansión completa,1,Abreviaturas — Expansión completa,False,pozo
1950,GPT OSS 120B · 8 000 TPM,pra,1,1,1,1,pra,BnF_111_20,bnf_111,Flor,Abreviaturas,Expansión completa,1,Abreviaturas — Expansión completa,False,pra
1951,GPT OSS 120B · 8 000 TPM,pradas,1,1,1,1,Pradas,AGN_GralParte_v006_exp617_01,agn_gralparte,Rodrigo,Cambios,Otros,1,Cambios — Otros,False,pradas
1952,GPT OSS 120B · 8 000 TPM,prco,1,1,1,1,prco,AGI_PATRONATO_182_R3_04,agi_patronato,Paco,Abreviaturas,Expansión completa,1,Abreviaturas — Expansión completa,False,prco
1953,Llama 3.3 70B · 12 000 TPM,predecesores,1,1,1,1,predecesores,AGN_HospJesus_c474_leg267-2_exp024_7473-7537_10,agn_hospjesus,Arturo,Cambios,Deleción,1,Cambios — Deleción,False,predecesores
1954,Llama 3.3 70B · 12 000 TPM,predicador,1,1,1,1,predicador,Mechoacan_Yurirapundaro_1,mechoacan_yurirapundaro,Adriana,Cambios,Inserción,1,Cambios — Inserción,False,predicador
1955,GPT OSS 120B · 8 000 TPM,presentacion,1,1,1,1,presentacion,BnF_113_22,bnf_113,Paloma,Acentuación,No sub-rule assigned,1,Acentuación — No sub-rule assigned,False,presentacion
1956,GPT OSS 120B · 8 000 TPM,presentado .,1,1,1,1,presentado .,BnF_112_02,bnf_112,Arturo,Puntuación,Punto (.),1,Puntuación — Punto (.),False,presentado .
1957,Llama 3.3 70B · 12 000 TPM,"presente, y",1,1,1,1,"presente, y",BnF_244_03,bnf_244,Arturo,Puntuación,"Coma (,)",1,"Puntuación — Coma (,)",False,"presente, y"
1958,Llama 3.3 70B · 12 000 TPM,presidente y oidores,1,1,1,1,Presidente y oidores,BnF_119-148_33,bnf_119-148,Paloma,Cambios,Sustitución,1,Cambios — Sustitución,False,presidente y oidores
1959,Llama 3.3 70B · 12 000 TPM,"presidio, y",1,1,1,1,"Presidio, y",BnF_174_03,bnf_174,Arturo,Cambios,No sub-rule assigned,1,"Cambios — No sub-rule assigned | Puntuación — Coma (,)",False,"presidio, y"
1960,Llama 3.3 70B · 12 000 TPM,preso,1,1,1,1,preso,BnF_110_33,bnf_110,Alba,Abreviaturas,No sub-rule assigned,1,Abreviaturas — No sub-rule assigned,False,preso
1961,GPT OSS 120B · 8 000 TPM,prestado,1,1,1,1,prestado,AGN_Indios_v019_exp354_2,agn_indios,Alba,Abreviaturas,Expansión completa,1,Abreviaturas — Expansión completa,False,prestado
1962,GPT OSS 120B · 8 000 TPM,prestes,1,1,1,1,prestes,AGN_IndiferenteVirreinal_caja4071_exp024_2,agn_indiferentevirreinal,Paloma,Abreviaturas,Expansión completa,1,Abreviaturas — Expansión completa | Filológicas - mecánicas — Simplificación de grupos consonánticos,False,prestes
1963,Llama 3.3 70B · 12 000 TPM,presto,1,1,1,1,presto,AGN_GralParte_v006_exp617_02,agn_gralparte,Rodrigo,Abreviaturas,Expansión completa,1,Abreviaturas — Expansión completa | Cambios — Sustitución,False,presto
1964,Llama 3.3 70B · 12 000 TPM,"presto, os",1,1,1,1,"presto, os",AGN_Indios_v009_exp002_fs3v-4_01,agn_indios,Arturo,Cambios,Sustitución,1,"Cambios — Sustitución | Puntuación — Coma (,)",False,"presto, os"
1965,GPT OSS 120B · 8 000 TPM,prezen,1,1,1,1,prezen,BnF_113_22,bnf_113,Paloma,Filológicas - mecánicas,Regularización de sibilantes,1,Filológicas - mecánicas — Regularización de sibilantes,False,prezen
1966,GPT OSS 120B · 8 000 TPM,primcipal,1,1,1,1,primcipal,AGI_CONTRATACION_1183_N8_78,agi_contratacion,Adriana,Filológicas - mecánicas,No sub-rule assigned,1,Filológicas - mecánicas — No sub-rule assigned,False,primcipal
1967,Llama 3.3 70B · 12 000 TPM,primero,1,1,1,1,primero,BnF_244_04,bnf_244,Edna,Cambios,Deleción,1,Cambios — Deleción,False,primero
1968,Llama 3.3 70B · 12 000 TPM,primero de junio,1,1,1,1,primero de junio,AGN_AHHacienda_v268_exp046_02,agn_ahhacienda,Paloma,Cambios,Deleción,1,Cambios — Deleción,False,primero de junio
1969,Llama 3.3 70B · 12 000 TPM,primo ni,1,1,1,1,primo ni,BnF_117_08,bnf_117,Edna,Puntuación,"Coma (,)",1,"Puntuación — Coma (,)",False,primo ni
1970,Llama 3.3 70B · 12 000 TPM,probar,1,1,1,1,probar,BnF_119-148_33,bnf_119-148,Paloma,Cambios,Sustitución,1,Cambios — Sustitución,False,probar
1971,GPT OSS 120B · 8 000 TPM,probicion,1,1,1,1,probicion,BnF_113_04,bnf_113,Paco,Acentuación,No sub-rule assigned,1,Acentuación — No sub-rule assigned,False,probicion
1972,GPT OSS 120B · 8 000 TPM,probision,1,1,1,1,probision,BnF_111_20,bnf_111,Flor,Filológicas - instrucciones,Regularización de labiales (b/v),1,Filológicas - instrucciones — Regularización de labiales (b/v),False,probision
1973,Llama 3.3 70B · 12 000 TPM,probisión,1,1,1,1,probisión,BnF_111_22,bnf_111,Paloma,Filológicas - instrucciones,Regularización de labiales (b/v),1,Filológicas - instrucciones — Regularización de labiales (b/v),False,probisión
1974,Llama 3.3 70B · 12 000 TPM,"proceso. hasta aquí, cinco reales. salazar",1,1,1,1,"proceso. Hasta aquí, cinco reales. Salazar",BnF_032_39,bnf_032,Paloma,Cambios,Inserción,1,Cambios — Inserción | Filológicas - instrucciones — Regularización de labiales (b/v),False,"proceso. hasta aquí, cinco reales. salazar"
1975,Llama 3.3 70B · 12 000 TPM,procuradores. en,1,1,1,1,procuradores. En,AGN_HospJesus_c474_leg267-2_exp024_7473-7537_02,agn_hospjesus,Paco,Puntuación,Punto (.),1,Puntuación — Punto (.),False,procuradores. en
1976,Llama 3.3 70B · 12 000 TPM,procuraseis,1,1,1,1,procuraseis,UIA_Ms149_Exp2_51,uia_ms149,Arturo,Cambios,Sustitución,1,Cambios — Sustitución,False,procuraseis
1977,Llama 3.3 70B · 12 000 TPM,procurasteis,1,1,1,1,procurasteis,UIA_Ms149_Exp2_51,uia_ms149,Arturo,Cambios,Sustitución,1,Cambios — Sustitución,False,procurasteis
1978,GPT OSS 120B · 8 000 TPM,prohibido,1,1,1,1,prohibido,AGS_CE_RG_L379_01,ags_ce,Javier,Cambios,Sustitución,1,Cambios — Sustitución,False,prohibido
1979,Llama 3.3 70B · 12 000 TPM,pronto,1,1,1,1,pronto,BnF_110_09,bnf_110,Alba,Cambios,Sustitución,1,Cambios — Sustitución,False,pronto
1980,Llama 3.3 70B · 12 000 TPM,propia,1,1,1,1,propia,utblac_wbs_0912a_duplicated,utblac_wbs,Arturo,Cambios,Deleción,1,Cambios — Deleción,False,propia
1981,Llama 3.3 70B · 12 000 TPM,propia. la,1,1,1,1,propia. La,LoC_HPKraus_146_new_13,loc_hpkraus,Paco,Cambios,Deleción,1,Cambios — Deleción,False,propia. la
1982,Llama 3.3 70B · 12 000 TPM,propongo,1,1,1,1,propongo,AGN_Indios_v009_exp002_fs3v-4_01,agn_indios,Arturo,Cambios,Sustitución,1,Cambios — Sustitución,False,propongo
1983,Llama 3.3 70B · 12 000 TPM,prorrogaba la,1,1,1,1,prorrogaba la,BnF_118_06,bnf_118,Edna,Cambios,Deleción,1,Cambios — Deleción,False,prorrogaba la
1984,GPT OSS 120B · 8 000 TPM,prorrogdo,1,1,1,1,prorrogdo,AGN_AHHacienda_v268_exp046_01,agn_ahhacienda,Adriana,Abreviaturas,No sub-rule assigned,1,Abreviaturas — No sub-rule assigned,False,prorrogdo
1985,GPT OSS 120B · 8 000 TPM,provehera,1,1,1,1,provehera,AGN_Indios_v019_exp354_2,agn_indios,Alba,Acentuación,No sub-rule assigned,1,Acentuación — No sub-rule assigned | Filológicas - instrucciones — Regularización de H etimológica,False,provehera
1986,Llama 3.3 70B · 12 000 TPM,proveo,1,1,1,1,proveo,AGN_Inquisicion_v1570A_exp134_fs159-160v_02,agn_inquisicion,Adriana,Cambios,Sustitución,1,Cambios — Sustitución,False,proveo
1987,GPT OSS 120B · 8 000 TPM,proveyese. y,1,1,1,1,proveyese. y,BnF_116_02,bnf_116,Paco,Puntuación,No sub-rule assigned,1,Puntuación — No sub-rule assigned,False,proveyese. y
1988,Llama 3.3 70B · 12 000 TPM,proveído cumplidamente,1,1,1,1,proveído cumplidamente,utblac_wbs_1433_duplicated_1,utblac_wbs,Rodrigo,Cambios,Deleción,1,Cambios — Deleción,False,proveído cumplidamente
1989,GPT OSS 120B · 8 000 TPM,provia,1,1,1,1,provia,AGN_GralParte_v006_exp617_01,agn_gralparte,Rodrigo,Abreviaturas,Expansión completa,1,Abreviaturas — Expansión completa,False,provia
1990,GPT OSS 120B · 8 000 TPM,provieron,1,1,1,1,provieron,BnF_116_02,bnf_116,Paco,Abreviaturas,Expansión completa,1,Abreviaturas — Expansión completa | Cambios — Inserción,False,provieron
1991,Llama 3.3 70B · 12 000 TPM,"provincias,",1,1,1,1,"Provincias,",BnF_174_02,bnf_174,Javier,Puntuación,"Coma (,)",1,"Puntuación — Coma (,)",False,"provincias,"
1992,GPT OSS 120B · 8 000 TPM,provo,1,1,1,1,provo,BnF_032_36,bnf_032,Paco,Abreviaturas,Expansión completa,1,Abreviaturas — Expansión completa,False,provo
1993,GPT OSS 120B · 8 000 TPM,ps.,1,1,1,1,ps.,BNE_ms3047_1,bne_ms3047,Rodrigo,Abreviaturas,Expansión completa,1,Abreviaturas — Expansión completa,False,ps.
1994,Llama 3.3 70B · 12 000 TPM,psión,1,1,1,1,psión,BnF_032_39,bnf_032,Paloma,Abreviaturas,Expansión completa,1,Abreviaturas — Expansión completa | Filológicas - instrucciones — Regularización de labiales (b/v),False,psión
1995,GPT OSS 120B · 8 000 TPM,psonas,1,1,1,1,psonas,BnF_032_36,bnf_032,Paco,Abreviaturas,Expansión completa,1,Abreviaturas — Expansión completa,False,psonas
1996,GPT OSS 120B · 8 000 TPM,pta,1,1,1,1,pta,AGN_AHHacienda_v1292_exp135,agn_ahhacienda,Javier,Abreviaturas,Expansión completa,1,Abreviaturas — Expansión completa,False,pta
1997,GPT OSS 120B · 8 000 TPM,pts,1,1,1,1,pts,BnF_032_36,bnf_032,Paco,Abreviaturas,Expansión completa,1,Abreviaturas — Expansión completa,False,pts
1998,GPT OSS 120B · 8 000 TPM,pturbe,1,1,1,1,pturbe,BnF_032_36,bnf_032,Paco,Abreviaturas,Expansión completa,1,Abreviaturas — Expansión completa,False,pturbe
1999,Llama 3.3 70B · 12 000 TPM,pueblecitos,1,1,1,1,pueblecitos,AGI_INDIFERENTE_1529_N36_07,agi_indiferente,Rodrigo,Cambios,Sustitución,1,Cambios — Sustitución,False,pueblecitos
2000,Llama 3.3 70B · 12 000 TPM,pueda,1,1,1,1,pueda,BnF_119-148_33,bnf_119-148,Paloma,Cambios,Sustitución,1,Cambios — Sustitución,False,pueda
2001,Llama 3.3 70B · 12 000 TPM,"puertos, y",1,1,1,1,"puertos, y",BnF_174_03,bnf_174,Arturo,Puntuación,"Coma (,)",1,"Puntuación — Coma (,)",False,"puertos, y"
2002,GPT OSS 120B · 8 000 TPM,pues,1,1,1,1,pues,AGN_Indios_v019_exp354_2,agn_indios,Alba,Abreviaturas,Expansión completa,1,Abreviaturas — Expansión completa,False,pues
2003,Llama 3.3 70B · 12 000 TPM,punción,1,1,1,1,punción,BnF_110_33,bnf_110,Alba,Cambios,Sustitución,1,Cambios — Sustitución,False,punción
2004,Llama 3.3 70B · 12 000 TPM,"puntualidad, y",1,1,1,1,"puntualidad, y",BnF_244_03,bnf_244,Arturo,Puntuación,"Coma (,)",1,"Puntuación — Coma (,)",False,"puntualidad, y"
2005,Llama 3.3 70B · 12 000 TPM,"puse, y",1,1,1,1,"puse, y",BnF_032_23,bnf_032,Arturo,Puntuación,"Coma (,)",1,"Puntuación — Coma (,)",False,"puse, y"
2006,GPT OSS 120B · 8 000 TPM,puó,1,1,1,1,puó,BnF_030_21,bnf_030,Edna,Abreviaturas,No sub-rule assigned,1,Abreviaturas — No sub-rule assigned | Cambios — No sub-rule assigned,False,puó
2007,Llama 3.3 70B · 12 000 TPM,pã³ngala,1,1,1,1,pÃ³ngala,BnF_266_05,bnf_266,Adriana,Cambios,Otros,1,Cambios — Otros | Cambios — Sustitución,False,pã³ngala
2008,Llama 3.3 70B · 12 000 TPM,pãºlpito,1,1,1,1,pÃºlpito,BnF_266_05,bnf_266,Adriana,Cambios,Otros,1,Cambios — Otros | Cambios — Sustitución,False,pãºlpito
2009,GPT OSS 120B · 8 000 TPM,pérez,1,1,1,1,Pérez,AGN_Indios_v019_exp354_2,agn_indios,Alba,Acentuación,No sub-rule assigned,1,Acentuación — No sub-rule assigned,False,pérez
2010,GPT OSS 120B · 8 000 TPM,q a,1,1,1,1,q a,BnF_113_22,bnf_113,Paloma,Abreviaturas,Expansión completa,1,Abreviaturas — Expansión completa | Filológicas - instrucciones — Regularización de H etimológica,False,q a
2011,GPT OSS 120B · 8 000 TPM,q dixo,1,1,1,1,q dixo,BnF_113_22,bnf_113,Paloma,Abreviaturas,No sub-rule assigned,1,Abreviaturas — No sub-rule assigned | Filológicas - instrucciones — x sibilante → j,False,q dixo
2012,GPT OSS 120B · 8 000 TPM,q hara,1,1,1,1,q hara,AGN_RealesCedDup_v050_exp062,agn_realesceddup,Paloma,Abreviaturas,Expansión completa,1,Abreviaturas — Expansión completa,False,q hara
2013,GPT OSS 120B · 8 000 TPM,q se,1,1,1,1,q se,AGN_RealesCedDup_v050_exp062,agn_realesceddup,Paloma,Abreviaturas,Expansión completa,1,Abreviaturas — Expansión completa,False,q se
2014,GPT OSS 120B · 8 000 TPM,q todo,1,1,1,1,q todo,BnF_113_22,bnf_113,Paloma,Abreviaturas,Expansión completa,1,Abreviaturas — Expansión completa,False,q todo
2015,GPT OSS 120B · 8 000 TPM,q yra,1,1,1,1,q yra,BnF_112_04,bnf_112,Paloma,Abreviaturas,No sub-rule assigned,1,Abreviaturas — No sub-rule assigned | Filológicas - instrucciones — Regularización de i/y vocálicas,False,q yra
2016,GPT OSS 120B · 8 000 TPM,qdaron,1,1,1,1,qdaron,BnF_032_36,bnf_032,Paco,Abreviaturas,Expansión completa,1,Abreviaturas — Expansión completa,False,qdaron
2017,GPT OSS 120B · 8 000 TPM,qel,1,1,1,1,qel,AGN_GralParte_v006_exp617_01,agn_gralparte,Rodrigo,Abreviaturas,No sub-rule assigned,1,Abreviaturas — No sub-rule assigned | Cambios — Otros,False,qel
2018,GPT OSS 120B · 8 000 TPM,qles,1,1,1,1,qles,BnF_111_20,bnf_111,Flor,Abreviaturas,Expansión completa,1,Abreviaturas — Expansión completa,False,qles
2019,GPT OSS 120B · 8 000 TPM,qo,1,1,1,1,qo,AGI_CONTRATACION_1091_N3_098,agi_contratacion,Javier,Abreviaturas,Expansión completa,1,Abreviaturas — Expansión completa,False,qo
2020,GPT OSS 120B · 8 000 TPM,qt,1,1,1,1,qt,AGN_AHHacienda_v268_exp046_01,agn_ahhacienda,Adriana,Abreviaturas,Expansión completa,1,Abreviaturas — Expansión completa,False,qt
2021,Llama 3.3 70B · 12 000 TPM,qta,1,1,1,1,qta,AGI_CONTRATACION_1089_N8_151,agi_contratacion,Paco,Abreviaturas,Expansión completa,1,Abreviaturas — Expansión completa,False,qta
2022,Llama 3.3 70B · 12 000 TPM,que aclarasen,1,1,1,1,que aclarasen,BnF_032_23,bnf_032,Arturo,Cambios,Deleción,1,Cambios — Deleción,False,que aclarasen
2023,Llama 3.3 70B · 12 000 TPM,que aquellas,1,1,1,1,que aquellas,BnF_264_12,bnf_264,Edna,Cambios,Deleción,1,Cambios — Deleción,False,que aquellas
2024,Llama 3.3 70B · 12 000 TPM,que conozco,1,1,1,1,que conozco,BnF_032_23,bnf_032,Arturo,Cambios,Sustitución,1,Cambios — Sustitución,False,que conozco
2025,Llama 3.3 70B · 12 000 TPM,que cuanto,1,1,1,1,que cuanto,AGN_IndiferenteVirreinal_caja4071_exp024_1,agn_indiferentevirreinal,Rodrigo,Abreviaturas,Expansión completa,1,Abreviaturas — Expansión completa | Cambios — Deleción,False,que cuanto
2026,Llama 3.3 70B · 12 000 TPM,que cupieron,1,1,1,1,que cupieron,BnF_266_10,bnf_266,Flor,Cambios,Deleción,1,Cambios — Deleción,False,que cupieron
2027,GPT OSS 120B · 8 000 TPM,que de,1,1,1,1,que de,BnF_030_20,bnf_030,Paloma,Cambios,Sustitución,1,Cambios — Sustitución,False,que de
2028,Llama 3.3 70B · 12 000 TPM,que el que,1,1,1,1,que el que,BP_CM_R481_071_2,bp_cm,Adriana,Cambios,Deleción,1,Cambios — Deleción | Cambios — Sustitución,False,que el que
2029,GPT OSS 120B · 8 000 TPM,que el siguiente,1,1,1,1,que el siguiente,AGN_Indios_v002_exp835,agn_indios,Paloma,Cambios,Sustitución,1,Cambios — Sustitución,False,que el siguiente
2030,Llama 3.3 70B · 12 000 TPM,que en,1,1,1,1,que en,UIA_Ms149_Exp2_51,uia_ms149,Arturo,Cambios,Deleción,1,Cambios — Deleción,False,que en
2031,GPT OSS 120B · 8 000 TPM,que es,1,1,1,1,que es,AGI_INDIFERENTE_2065_N45_09,agi_indiferente,Rodrigo,Cambios,Inserción,1,Cambios — Inserción,False,que es
2032,Llama 3.3 70B · 12 000 TPM,que esta,1,1,1,1,que esta,BnF_032_33,bnf_032,Adriana,Cambios,Sustitución,1,Cambios — Sustitución,False,que esta
2033,Llama 3.3 70B · 12 000 TPM,que fueron,1,1,1,1,que fueron,BnF_104_3,bnf_104,Alba,Cambios,Deleción,1,Cambios — Deleción,False,que fueron
2034,Llama 3.3 70B · 12 000 TPM,que han,1,1,1,1,que han,BnF_118_05,bnf_118,Alba,Cambios,Sustitución,1,Cambios — Sustitución | Filológicas - instrucciones — Regularización de H etimológica,False,que han
2035,Llama 3.3 70B · 12 000 TPM,que he residido,1,1,1,1,que he residido,AGI_INDIFERENTE_1529_N8_06,agi_indiferente,Rodrigo,Cambios,Deleción,1,Cambios — Deleción | Cambios — Sustitución,False,que he residido
2036,Llama 3.3 70B · 12 000 TPM,que lo entienden,1,1,1,1,que lo entienden,AGI_INDIFERENTE_1529_N8_06,agi_indiferente,Rodrigo,Cambios,Inserción,1,Cambios — Inserción | Cambios — Sustitución,False,que lo entienden
2037,Llama 3.3 70B · 12 000 TPM,que marcarles,1,1,1,1,que marcarles,BnF_111_27,bnf_111,Alba,Cambios,Sustitución,1,Cambios — Sustitución,False,que marcarles
2038,Llama 3.3 70B · 12 000 TPM,que morirnos de hambre,1,1,1,1,que morirnos de hambre,BnF_266_06,bnf_266,Adriana,Cambios,Inserción,1,Cambios — Inserción | Cambios — Sustitución,False,que morirnos de hambre
2039,Llama 3.3 70B · 12 000 TPM,que os,1,1,1,1,que os,BnF_118_08,bnf_118,Arturo,Cambios,Deleción,1,Cambios — Deleción,False,que os
2040,Llama 3.3 70B · 12 000 TPM,que pueda,1,1,1,1,que pueda,BP_CM_R481_016,bp_cm,Arturo,Abreviaturas,No sub-rule assigned,1,Abreviaturas — No sub-rule assigned | Cambios — Sustitución,False,que pueda
2041,Llama 3.3 70B · 12 000 TPM,que puse,1,1,1,1,que puse,BnF_075_003,bnf_075,Adriana,Cambios,Sustitución,1,Cambios — Sustitución,False,que puse
2042,Llama 3.3 70B · 12 000 TPM,que quiera,1,1,1,1,que quiera,BnF_032_23,bnf_032,Arturo,Cambios,Inserción,1,Cambios — Inserción | Cambios — Sustitución,False,que quiera
2043,Llama 3.3 70B · 12 000 TPM,que se había,1,1,1,1,que se había,BnF_117_03,bnf_117,Arturo,Cambios,Sustitución,1,Cambios — Sustitución,False,que se había
2044,Llama 3.3 70B · 12 000 TPM,que se las dejó,1,1,1,1,que se las dejó,BnF_112_08,bnf_112,Paloma,Cambios,Deleción,1,Cambios — Deleción | Cambios — Inserción,False,que se las dejó
2045,Llama 3.3 70B · 12 000 TPM,que también,1,1,1,1,que también,BnF_032_23,bnf_032,Arturo,Cambios,Deleción,1,Cambios — Deleción,False,que también
2046,Llama 3.3 70B · 12 000 TPM,que vaya,1,1,1,1,que vaya,LoC_HPKraus_138_new_07,loc_hpkraus,Edna,Abreviaturas,No sub-rule assigned,1,Abreviaturas — No sub-rule assigned,False,que vaya
2047,Llama 3.3 70B · 12 000 TPM,que él dijo,1,1,1,1,que él dijo,BnF_266_06,bnf_266,Adriana,Cambios,Sustitución,1,Cambios — Sustitución,False,que él dijo
2048,Llama 3.3 70B · 12 000 TPM,"que,",1,1,1,1,"que,",BnF_111_27,bnf_111,Alba,Cambios,Sustitución,1,Cambios — Sustitución,False,"que,"
2049,Llama 3.3 70B · 12 000 TPM,"que, si",1,1,1,1,"que, si",AGN_GralParte_v001_exp1020_01,agn_gralparte,Paloma,Cambios,Deleción,1,Cambios — Deleción,False,"que, si"
2050,Llama 3.3 70B · 12 000 TPM,quebedo,1,1,1,1,Quebedo,AGI_CONTRATACION_1089_N8_176,agi_contratacion,Flor,Filológicas - instrucciones,Regularización de labiales (b/v),1,Filológicas - instrucciones — Regularización de labiales (b/v),False,quebedo
2051,GPT OSS 120B · 8 000 TPM,quedan,1,1,1,1,quedan,BnF_112_02,bnf_112,Arturo,Cambios,Sustitución,1,Cambios — Sustitución | Puntuación — Punto (.),False,quedan
2052,GPT OSS 120B · 8 000 TPM,quedó,1,1,1,1,quedó,BnF_075_014,bnf_075,Alba,Cambios,No sub-rule assigned,1,Cambios — No sub-rule assigned,False,quedó
2053,Llama 3.3 70B · 12 000 TPM,quemarã­a,1,1,1,1,quemarÃ­a,BnF_266_05,bnf_266,Adriana,Cambios,Otros,1,Cambios — Otros | Cambios — Sustitución,False,quemarã­a
2054,GPT OSS 120B · 8 000 TPM,quenta,1,1,1,1,quenta,AGN_GralParte_v006_exp617_01,agn_gralparte,Rodrigo,Filológicas - mecánicas,Adecuación de grafía labiovelar,1,Filológicas - mecánicas — Adecuación de grafía labiovelar,False,quenta
2055,Llama 3.3 70B · 12 000 TPM,queros,1,1,1,1,queros,BnF_111_27,bnf_111,Alba,Filológicas - mecánicas,Adecuación de grafía labiovelar,1,Filológicas - mecánicas — Adecuación de grafía labiovelar,False,queros
2056,Llama 3.3 70B · 12 000 TPM,querã­an,1,1,1,1,querÃ­an,BnF_266_05,bnf_266,Adriana,Cambios,Otros,1,Cambios — Otros | Cambios — Sustitución,False,querã­an
2057,GPT OSS 120B · 8 000 TPM,queso,1,1,1,1,queso,AMP_AC_v021__doc026_1,amp_ac,Rodrigo,Puntuación,"Coma (,)",1,"Puntuación — Coma (,)",False,queso
2058,GPT OSS 120B · 8 000 TPM,queste,1,1,1,1,queste,AGI_PATRONATO_182_R3_01,agi_patronato,Alba,Abreviaturas,"Excepciones (desto/a/os, dello/a/os)",1,"Abreviaturas — Excepciones (desto/a/os, dello/a/os)",False,queste
2059,Llama 3.3 70B · 12 000 TPM,quetzatl mamalictzin,1,1,1,1,Quetzatl Mamalictzin,BnF_243_16,bnf_243,Rodrigo,Cambios,Inserción,1,Cambios — Inserción,False,quetzatl mamalictzin
2060,GPT OSS 120B · 8 000 TPM,quez. y,1,1,1,1,quez. y,AGN_AHHacienda_v268_exp046_01,agn_ahhacienda,Adriana,Puntuación,Punto (.),1,Puntuación — Punto (.),False,quez. y
2061,Llama 3.3 70B · 12 000 TPM,quiera,1,1,1,1,quiera,BnF_174_03,bnf_174,Arturo,Abreviaturas,Expansión completa,1,Abreviaturas — Expansión completa | Cambios — Sustitución,False,quiera
2062,Llama 3.3 70B · 12 000 TPM,"quietos,",1,1,1,1,"quietos,",BnF_075_026,bnf_075,Arturo,Puntuación,"Coma (,)",1,"Puntuación — Coma (,)",False,"quietos,"
2063,Llama 3.3 70B · 12 000 TPM,quimotiliz,1,1,1,1,quimotiliz,BnF_118_08,bnf_118,Arturo,Filológicas - instrucciones,No modificar otros idiomas,1,Filológicas - instrucciones — No modificar otros idiomas,False,quimotiliz
2064,Llama 3.3 70B · 12 000 TPM,quinta,1,1,1,1,quinta,AGN_GralParte_v006_exp617_02,agn_gralparte,Rodrigo,Abreviaturas,Expansión completa,1,Abreviaturas — Expansión completa | Cambios — Sustitución,False,quinta
2065,GPT OSS 120B · 8 000 TPM,quiroga primer,1,1,1,1,Quiroga primer,BNE_ms3047_1,bne_ms3047,Rodrigo,Puntuación,"Coma (,)",1,"Puntuación — Coma (,)",False,quiroga primer
2066,Llama 3.3 70B · 12 000 TPM,quitar lo,1,1,1,1,quitar lo,BP_CM_R481_071_2,bp_cm,Adriana,Cambios,Sustitución,1,Cambios — Sustitución,False,quitar lo
2067,Llama 3.3 70B · 12 000 TPM,quitaran,1,1,1,1,quitaran,AGN_HospJesus_c474_leg267-2_exp024_7473-7537_05,agn_hospjesus,Rodrigo,Cambios,Sustitución,1,Cambios — Sustitución,False,quitaran
2068,Llama 3.3 70B · 12 000 TPM,quitaron,1,1,1,1,quitaron,BnF_111_22,bnf_111,Paloma,Cambios,Sustitución,1,Cambios — Sustitución,False,quitaron
2069,Llama 3.3 70B · 12 000 TPM,quién,1,1,1,1,quién,BnF_032_23,bnf_032,Arturo,Cambios,Sustitución,1,Cambios — Sustitución,False,quién
2070,GPT OSS 120B · 8 000 TPM,qxar,1,1,1,1,qxar,BnF_111_20,bnf_111,Flor,Abreviaturas,Expansión completa,1,Abreviaturas — Expansión completa | Filológicas - instrucciones — x sibilante → j,False,qxar
2071,Llama 3.3 70B · 12 000 TPM,r.,1,1,1,1,R.,BnF_264_03,bnf_264,Adriana,Abreviaturas,Expansión completa,1,Abreviaturas — Expansión completa,False,r.
2072,GPT OSS 120B · 8 000 TPM,ra,1,1,1,1,ra,AGN_GralParte_v006_exp617_01,agn_gralparte,Rodrigo,Cambios,Otros,1,Cambios — Otros,False,ra
2073,GPT OSS 120B · 8 000 TPM,ración:,1,1,1,1,ración:,BNE_ms3047_1,bne_ms3047,Rodrigo,Puntuación,Punto (.),1,Puntuación — Punto (.),False,ración:
2074,GPT OSS 120B · 8 000 TPM,raconable,1,1,1,1,raconable,BNE_ms3047_4,bne_ms3047,Javier,Filológicas - mecánicas,Regularización de sibilantes,1,Filológicas - mecánicas — Regularización de sibilantes,False,raconable
2075,Llama 3.3 70B · 12 000 TPM,"ramírez, y",1,1,1,1,"Ramírez, y",BnF_032_23,bnf_032,Arturo,Puntuación,"Coma (,)",1,"Puntuación — Coma (,)",False,"ramírez, y"
2076,Llama 3.3 70B · 12 000 TPM,ratifico,1,1,1,1,ratifico,BnF_113_25,bnf_113,Flor,Acentuación,No sub-rule assigned,1,Acentuación — No sub-rule assigned,False,ratifico
2077,Llama 3.3 70B · 12 000 TPM,"ratificó,",1,1,1,1,"ratificó,",BnF_075_026,bnf_075,Arturo,Cambios,Deleción,1,"Cambios — Deleción | Cambios — Sustitución | Puntuación — Coma (,)",False,"ratificó,"
2078,GPT OSS 120B · 8 000 TPM,razon,1,1,1,1,razon,BnF_112_23,bnf_112,Edna,Acentuación,No sub-rule assigned,1,Acentuación — No sub-rule assigned,False,razon
2079,Llama 3.3 70B · 12 000 TPM,razón de,1,1,1,1,razón de,BP_CM_32386_007_2,bp_cm,Rodrigo,Cambios,Sustitución,1,Cambios — Sustitución,False,razón de
2080,GPT OSS 120B · 8 000 TPM,rd,1,1,1,1,Rd,AGN_RealesCedDup_v030_exp874,agn_realesceddup,Alba,Abreviaturas,No sub-rule assigned,1,Abreviaturas — No sub-rule assigned,False,rd
2081,GPT OSS 120B · 8 000 TPM,re,1,1,1,1,re,AGN_Mercedes_v003_exp520,agn_mercedes,Alba,Abreviaturas,Expansión completa,1,Abreviaturas — Expansión completa,False,re
2082,GPT OSS 120B · 8 000 TPM,reales. en,1,1,1,1,reales. en,BNE_ms3047_1,bne_ms3047,Rodrigo,Puntuación,"Coma (,)",1,"Puntuación — Coma (,)",False,reales. en
2083,Llama 3.3 70B · 12 000 TPM,rebeldes,1,1,1,1,rebeldes,BP_CM_32386_007_2,bp_cm,Rodrigo,Cambios,Sustitución,1,Cambios — Sustitución,False,rebeldes
2084,Llama 3.3 70B · 12 000 TPM,rebienta,1,1,1,1,rebienta,utblac_JGI_XXIV-11_Justlahuaca_57,utblac_jgi,Flor,Filológicas - instrucciones,Regularización de labiales (b/v),1,Filológicas - instrucciones — Regularización de labiales (b/v),False,rebienta
2085,Llama 3.3 70B · 12 000 TPM,rebocando,1,1,1,1,rebocando,BnF_117_03,bnf_117,Arturo,Filológicas - instrucciones,Regularización de labiales (b/v),1,Filológicas - instrucciones — Regularización de labiales (b/v),False,rebocando
2086,Llama 3.3 70B · 12 000 TPM,rebocar,1,1,1,1,rebocar,BnF_117_03,bnf_117,Arturo,Filológicas - instrucciones,Regularización de labiales (b/v),1,Filológicas - instrucciones — Regularización de labiales (b/v),False,rebocar
2087,GPT OSS 120B · 8 000 TPM,reboco,1,1,1,1,reboco,BnF_112_04,bnf_112,Paloma,Filológicas - instrucciones,Regularización de labiales (b/v),1,Filológicas - instrucciones — Regularización de labiales (b/v),False,reboco
2088,Llama 3.3 70B · 12 000 TPM,recda.,1,1,1,1,Recda.,utblac_gg_mss_g62_duplicated_03,utblac_gg,Flor,Abreviaturas,Expansión completa,1,Abreviaturas — Expansión completa,False,recda.
2089,Llama 3.3 70B · 12 000 TPM,"reciban,",1,1,1,1,"reciban,",AGN_IndiferenteVirreinal_caja4156_exp025,agn_indiferentevirreinal,Javier,Puntuación,"Coma (,)",1,"Puntuación — Coma (,)",False,"reciban,"
2090,GPT OSS 120B · 8 000 TPM,recibido,1,1,1,1,Recibido,AGI_INDIFERENTE_2065_N45_09,agi_indiferente,Rodrigo,Cambios,Otros,1,Cambios — Otros,False,recibido
2091,Llama 3.3 70B · 12 000 TPM,recibirá,1,1,1,1,recibirá,utblac_gg_mss_g62_duplicated_03,utblac_gg,Flor,Cambios,Sustitución,1,Cambios — Sustitución,False,recibirá
2092,Llama 3.3 70B · 12 000 TPM,recibo,1,1,1,1,recibo,BnF_118_05,bnf_118,Alba,Cambios,Sustitución,1,Cambios — Sustitución,False,recibo
2093,Llama 3.3 70B · 12 000 TPM,reclamados,1,1,1,1,Reclamados,BnF_118_03,bnf_118,Paloma,Cambios,Sustitución,1,Cambios — Sustitución,False,reclamados
2094,Llama 3.3 70B · 12 000 TPM,reconozca,1,1,1,1,reconozca,BnF_118_03,bnf_118,Paloma,Cambios,Inserción,1,Cambios — Inserción,False,reconozca
2095,Llama 3.3 70B · 12 000 TPM,"recopilación, que",1,1,1,1,"recopilación, que",BnF_174_03,bnf_174,Arturo,Puntuación,"Coma (,)",1,"Puntuación — Coma (,)",False,"recopilación, que"
2096,Llama 3.3 70B · 12 000 TPM,refiriendo que,1,1,1,1,refiriendo que,BnF_264_12,bnf_264,Edna,Cambios,Deleción,1,Cambios — Deleción,False,refiriendo que
2097,Llama 3.3 70B · 12 000 TPM,"regidor, y",1,1,1,1,"regidor, y",BnF_032_23,bnf_032,Arturo,Puntuación,"Coma (,)",1,"Puntuación — Coma (,)",False,"regidor, y"
2098,GPT OSS 120B · 8 000 TPM,regimyento,1,1,1,1,regimyento,AGI_PATRONATO_182_R3_01,agi_patronato,Alba,Filológicas - instrucciones,Regularización de i/y vocálicas,1,Filológicas - instrucciones — Regularización de i/y vocálicas,False,regimyento
2099,GPT OSS 120B · 8 000 TPM,rego,1,1,1,1,rego,AGN_GralParte_v006_exp617_01,agn_gralparte,Rodrigo,Abreviaturas,Expansión completa,1,Abreviaturas — Expansión completa,False,rego
2100,GPT OSS 120B · 8 000 TPM,relación,1,1,1,1,relación,AGN_Indios_v019_exp354_2,agn_indios,Alba,Acentuación,No sub-rule assigned,1,Acentuación — No sub-rule assigned,False,relación
2101,GPT OSS 120B · 8 000 TPM,relã³n,1,1,1,1,RelÃ³n,AGN_Mercedes_v003_exp520,agn_mercedes,Alba,Acentuación,No sub-rule assigned,1,Acentuación — No sub-rule assigned | Cambios — Otros,False,relã³n
2102,GPT OSS 120B · 8 000 TPM,relón.,1,1,1,1,relón.,AGN_Indios_v002_exp835,agn_indios,Paloma,Abreviaturas,Expansión completa,1,Abreviaturas — Expansión completa,False,relón.
2103,Llama 3.3 70B · 12 000 TPM,remató.,1,1,1,1,remató.,BnF_118_05,bnf_118,Alba,Cambios,Sustitución,1,Cambios — Sustitución,False,remató.
2104,Llama 3.3 70B · 12 000 TPM,remediarlo,1,1,1,1,remediarlo,utblac_wbs_1433_duplicated_1,utblac_wbs,Rodrigo,Cambios,Sustitución,1,Cambios — Sustitución,False,remediarlo
2105,Llama 3.3 70B · 12 000 TPM,renta ren,1,1,1,1,renta ren,BnF_112_08,bnf_112,Paloma,Puntuación,No sub-rule assigned,1,Puntuación — No sub-rule assigned,False,renta ren
2106,GPT OSS 120B · 8 000 TPM,rente y,1,1,1,1,rente y,BnF_112_23,bnf_112,Edna,Puntuación,"Coma (,)",1,"Puntuación — Coma (,)",False,rente y
2107,Llama 3.3 70B · 12 000 TPM,renuncio,1,1,1,1,Renuncio,AGN_AHHacienda_v268_exp046_03,agn_ahhacienda,Arturo,Acentuación,No sub-rule assigned,1,Acentuación — No sub-rule assigned,False,renuncio
2108,GPT OSS 120B · 8 000 TPM,repartimto,1,1,1,1,Repartimto,AGN_Indios_v019_exp354_2,agn_indios,Alba,Abreviaturas,Expansión completa,1,Abreviaturas — Expansión completa,False,repartimto
2109,Llama 3.3 70B · 12 000 TPM,"reputación, por",1,1,1,1,"reputación, por",AGN_Indios_v009_exp002_fs3v-4_01,agn_indios,Arturo,Cambios,Sustitución,1,"Cambios — Sustitución | Puntuación — Coma (,)",False,"reputación, por"
2110,Llama 3.3 70B · 12 000 TPM,"requieren, y",1,1,1,1,"requieren, y",AGN_Indios_v009_exp002_fs3v-4_01,agn_indios,Arturo,Puntuación,"Coma (,)",1,"Puntuación — Coma (,)",False,"requieren, y"
2111,GPT OSS 120B · 8 000 TPM,rescebi,1,1,1,1,rescebi,BnF_112_23,bnf_112,Edna,Filológicas - mecánicas,Regularización de sibilantes,1,Filológicas - mecánicas — Regularización de sibilantes,False,rescebi
2112,GPT OSS 120B · 8 000 TPM,rescybiese,1,1,1,1,rescybiese,BnF_112_02,bnf_112,Arturo,Filológicas - instrucciones,Regularización de i/y vocálicas,1,Filológicas - instrucciones — Regularización de i/y vocálicas | Filológicas - mecánicas — Regularización de sibilantes,False,rescybiese
2113,Llama 3.3 70B · 12 000 TPM,"reside, a",1,1,1,1,"reside, a",UIA_Ms149_Exp2_51,uia_ms149,Arturo,Cambios,Deleción,1,"Cambios — Deleción | Puntuación — Coma (,)",False,"reside, a"
2114,GPT OSS 120B · 8 000 TPM,residen,1,1,1,1,residen,BnF_116_02,bnf_116,Paco,Abreviaturas,Expansión completa,1,Abreviaturas — Expansión completa,False,residen
2115,Llama 3.3 70B · 12 000 TPM,resistió que,1,1,1,1,resistió que,BnF_266_07,bnf_266,Paco,Cambios,Deleción,1,Cambios — Deleción,False,resistió que
2116,Llama 3.3 70B · 12 000 TPM,respde,1,1,1,1,Respde,BnF_117_14,bnf_117,Alba,Abreviaturas,No sub-rule assigned,1,Abreviaturas — No sub-rule assigned,False,respde
2117,Llama 3.3 70B · 12 000 TPM,respeto,1,1,1,1,Respeto,BnF_119-148_24,bnf_119-148,Adriana,Abreviaturas,Expansión completa,1,Abreviaturas — Expansión completa,False,respeto
2118,GPT OSS 120B · 8 000 TPM,responda,1,1,1,1,Responda,AGI_GUADALAJARA_230_L2_F_45V-46V_1,agi_guadalajara,Edna,Cambios,Inserción,1,Cambios — Inserción,False,responda
2119,Llama 3.3 70B · 12 000 TPM,restituyeran,1,1,1,1,restituyeran,AGN_HospJesus_c474_leg267-2_exp024_7473-7537_10,agn_hospjesus,Arturo,Cambios,Sustitución,1,Cambios — Sustitución,False,restituyeran
2120,GPT OSS 120B · 8 000 TPM,retiró,1,1,1,1,retiró,BnF_075_014,bnf_075,Alba,Cambios,Inserción,1,Cambios — Inserción | Filológicas - instrucciones — x sibilante → j,False,retiró
2121,Llama 3.3 70B · 12 000 TPM,reverendo,1,1,1,1,Reverendo,BP_CM_R481_071_3,bp_cm,Javier,Cambios,Sustitución,1,Cambios — Sustitución,False,reverendo
2122,GPT OSS 120B · 8 000 TPM,rexor,1,1,1,1,Rexor,AGS_CE_RG_L379_01,ags_ce,Javier,Filológicas - instrucciones,x sibilante → j,1,Filológicas - instrucciones — x sibilante → j,False,rexor
2123,Llama 3.3 70B · 12 000 TPM,rey,1,1,1,1,rey,LoC_HPKraus_138_new_07,loc_hpkraus,Edna,Cambios,Sustitución,1,Cambios — Sustitución,False,rey
2124,GPT OSS 120B · 8 000 TPM,rey refrenda,1,1,1,1,rey refrenda,AGI_GUADALAJARA_230_L2_F_45V-46V_1,agi_guadalajara,Edna,Puntuación,Punto (.),1,Puntuación — Punto (.),False,rey refrenda
2125,GPT OSS 120B · 8 000 TPM,reyes,1,1,1,1,reyes,AGI_GUADALAJARA_230_L2_F_45V-46V_1,agi_guadalajara,Edna,Cambios,Otros,1,Cambios — Otros | Cambios — Sustitución,False,reyes
2126,Llama 3.3 70B · 12 000 TPM,rezo,1,1,1,1,rezo,BnF_112_08,bnf_112,Paloma,Abreviaturas,Expansión completa,1,Abreviaturas — Expansión completa,False,rezo
2127,GPT OSS 120B · 8 000 TPM,ribas,1,1,1,1,ribas,AGN_Tierras_v039-2_exp003_72,agn_tierras,Edna,Filológicas - instrucciones,Regularización de i/y vocálicas,1,Filológicas - instrucciones — Regularización de i/y vocálicas,False,ribas
2128,GPT OSS 120B · 8 000 TPM,riendo,1,1,1,1,riendo,AGI_PATRONATO_182_R3_01,agi_patronato,Alba,Filológicas - mecánicas,Regularización de vibrantes,1,Filológicas - mecánicas — Regularización de vibrantes,False,riendo
2129,Llama 3.3 70B · 12 000 TPM,rio,1,1,1,1,rio,AGI_CONTRATACION_1089_N8_151,agi_contratacion,Paco,Acentuación,No sub-rule assigned,1,Acentuación — No sub-rule assigned,False,rio
2130,Llama 3.3 70B · 12 000 TPM,rios,1,1,1,1,rios,AGI_CONTRATACION_1089_N8_151,agi_contratacion,Paco,Acentuación,No sub-rule assigned,1,Acentuación — No sub-rule assigned,False,rios
2131,Llama 3.3 70B · 12 000 TPM,rl.,1,1,1,1,Rl.,BnF_174_03,bnf_174,Arturo,Abreviaturas,Expansión completa,1,Abreviaturas — Expansión completa,False,rl.
2132,Llama 3.3 70B · 12 000 TPM,ro,1,1,1,1,Ro,AGN_Inquisicion_v1568A_exp152_fs115-116v_03,agn_inquisicion,Javier,Abreviaturas,Expansión completa,1,Abreviaturas — Expansión completa,False,ro
2133,GPT OSS 120B · 8 000 TPM,rodriguez,1,1,1,1,rodriguez,AGI_CONTRATACION_1183_N8_78,agi_contratacion,Adriana,Acentuación,No sub-rule assigned,1,Acentuación — No sub-rule assigned,False,rodriguez
2134,Llama 3.3 70B · 12 000 TPM,"roma, y",1,1,1,1,"Roma, y",utblac_wbs_0912a_duplicated,utblac_wbs,Arturo,Puntuación,"Coma (,)",1,"Puntuación — Coma (,)",False,"roma, y"
2135,Llama 3.3 70B · 12 000 TPM,ror,1,1,1,1,Ror,BnF_118_02,bnf_118,Rodrigo,Abreviaturas,Expansión completa,1,Abreviaturas — Expansión completa,False,ror
2136,Llama 3.3 70B · 12 000 TPM,ror e tos y uso esptos,1,1,1,1,Ror E tos y uso esptos,BnF_104_3,bnf_104,Alba,Abreviaturas,No sub-rule assigned,1,Abreviaturas — No sub-rule assigned,False,ror e tos y uso esptos
2137,GPT OSS 120B · 8 000 TPM,rosa,1,1,1,1,Rosa,BnF_116_02,bnf_116,Paco,Abreviaturas,Expansión completa,1,Abreviaturas — Expansión completa | Cambios — Inserción | Cambios — Sustitución,False,rosa
2138,Llama 3.3 70B · 12 000 TPM,"rosón, y",1,1,1,1,"Rosón, y",AGS_CE_RG_L379_02,ags_ce,Arturo,Puntuación,"Coma (,)",1,"Puntuación — Coma (,)",False,"rosón, y"
2139,GPT OSS 120B · 8 000 TPM,roxo,1,1,1,1,roxo,AGI_PATRONATO_182_R3_04,agi_patronato,Paco,Filológicas - instrucciones,No sub-rule assigned,1,Filológicas - instrucciones — No sub-rule assigned,False,roxo
2140,Llama 3.3 70B · 12 000 TPM,rs.,1,1,1,1,Rs.,BnF_174_03,bnf_174,Arturo,Abreviaturas,Expansión completa,1,Abreviaturas — Expansión completa,False,rs.
2141,GPT OSS 120B · 8 000 TPM,rtor,1,1,1,1,Rtor,AGN_Indios_v019_exp354_2,agn_indios,Alba,Abreviaturas,Expansión completa,1,Abreviaturas — Expansión completa,False,rtor
2142,GPT OSS 120B · 8 000 TPM,ruydo,1,1,1,1,ruydo,BnF_111_20,bnf_111,Flor,Filológicas - instrucciones,Regularización de i/y vocálicas,1,Filológicas - instrucciones — Regularización de i/y vocálicas,False,ruydo
2143,GPT OSS 120B · 8 000 TPM,rón,1,1,1,1,Rón,AGN_Indios_v009_exp003_fs4v-5_01,agn_indios,Arturo,Abreviaturas,Expansión completa,1,Abreviaturas — Expansión completa | Acentuación — No sub-rule assigned,False,rón
2144,GPT OSS 120B · 8 000 TPM,s,1,1,1,1,S,BNE_ms3047_4,bne_ms3047,Javier,Abreviaturas,Expansión completa,1,Abreviaturas — Expansión completa,False,s
2145,Llama 3.3 70B · 12 000 TPM,s.,1,1,1,1,S.,BnF_174_03,bnf_174,Arturo,Abreviaturas,Expansión completa,1,Abreviaturas — Expansión completa,False,s.
2146,GPT OSS 120B · 8 000 TPM,sa,1,1,1,1,sa,BNE_ms3047_1,bne_ms3047,Rodrigo,Abreviaturas,Expansión completa,1,Abreviaturas — Expansión completa,False,sa
2147,Llama 3.3 70B · 12 000 TPM,sa.,1,1,1,1,Sa.,BnF_174_03,bnf_174,Arturo,Abreviaturas,Expansión completa,1,Abreviaturas — Expansión completa,False,sa.
2148,Llama 3.3 70B · 12 000 TPM,saberse: a,1,1,1,1,saberse: a,BnF_266_03,bnf_266,Rodrigo,Puntuación,Punto (.),1,Puntuación — Punto (.),False,saberse: a
2149,GPT OSS 120B · 8 000 TPM,sabiendolo,1,1,1,1,sabiendolo,AGI_PATRONATO_182_R3_01,agi_patronato,Alba,Acentuación,No sub-rule assigned,1,Acentuación — No sub-rule assigned,False,sabiendolo
2150,Llama 3.3 70B · 12 000 TPM,sabrã¡,1,1,1,1,sabrÃ¡,BnF_266_05,bnf_266,Adriana,Cambios,Otros,1,Cambios — Otros | Cambios — Sustitución,False,sabrã¡
2151,Llama 3.3 70B · 12 000 TPM,sacado,1,1,1,1,sacado,AGN_IndiferenteVirreinal_caja4156_exp025,agn_indiferentevirreinal,Javier,Cambios,Sustitución,1,Cambios — Sustitución,False,sacado
2152,GPT OSS 120B · 8 000 TPM,sacan,1,1,1,1,sacan,AGN_GralParte_v006_exp617_01,agn_gralparte,Rodrigo,Cambios,Otros,1,Cambios — Otros,False,sacan
2153,Llama 3.3 70B · 12 000 TPM,sacramento,1,1,1,1,Sacramento,BnF_266_07,bnf_266,Paco,Cambios,Sustitución,1,Cambios — Sustitución,False,sacramento
2154,Llama 3.3 70B · 12 000 TPM,"sagrado, y",1,1,1,1,"Sagrado, y",BnF_244_03,bnf_244,Arturo,Puntuación,"Coma (,)",1,"Puntuación — Coma (,)",False,"sagrado, y"
2155,Llama 3.3 70B · 12 000 TPM,"sagrarios, sacó",1,1,1,1,"sagrarios, sacó",BnF_266_07,bnf_266,Paco,Cambios,Sustitución,1,Cambios — Sustitución,False,"sagrarios, sacó"
2156,GPT OSS 120B · 8 000 TPM,salario,1,1,1,1,Salario,BNE_ms3047_1,bne_ms3047,Rodrigo,Cambios,Otros,1,Cambios — Otros,False,salario
2157,GPT OSS 120B · 8 000 TPM,salbador,1,1,1,1,salbador,AGI_CONTRATACION_1183_N8_78,agi_contratacion,Adriana,Filológicas - instrucciones,Regularización de labiales (b/v),1,Filológicas - instrucciones — Regularización de labiales (b/v),False,salbador
2158,Llama 3.3 70B · 12 000 TPM,saliã³,1,1,1,1,saliÃ³,BnF_266_05,bnf_266,Adriana,Cambios,Otros,1,Cambios — Otros | Cambios — Sustitución,False,saliã³
2159,Llama 3.3 70B · 12 000 TPM,san,1,1,1,1,San,UIA_Ms149_Exp2_51,uia_ms149,Arturo,Cambios,Deleción,1,Cambios — Deleción,False,san
2160,Llama 3.3 70B · 12 000 TPM,san andrés tepexititlán,1,1,1,1,san andrés tepexititlán,AGI_INDIFERENTE_1529_N36_07,agi_indiferente,Rodrigo,Cambios,Otros,1,Cambios — Otros,False,san andrés tepexititlán
2161,Llama 3.3 70B · 12 000 TPM,san francisco atihuisca,1,1,1,1,san francisco atihuisca,AGI_INDIFERENTE_1529_N36_07,agi_indiferente,Rodrigo,Cambios,Otros,1,Cambios — Otros,False,san francisco atihuisca
2162,Llama 3.3 70B · 12 000 TPM,san gaspar tletlepec,1,1,1,1,san gaspar tletlepec,AGI_INDIFERENTE_1529_N36_07,agi_indiferente,Rodrigo,Cambios,Otros,1,Cambios — Otros,False,san gaspar tletlepec
2163,Llama 3.3 70B · 12 000 TPM,san lorenzo,1,1,1,1,san lorenzo,AGI_INDIFERENTE_1529_N36_07,agi_indiferente,Rodrigo,Cambios,Otros,1,Cambios — Otros,False,san lorenzo
2164,Llama 3.3 70B · 12 000 TPM,san lucas,1,1,1,1,san lucas,AGI_INDIFERENTE_1529_N36_07,agi_indiferente,Rodrigo,Cambios,Otros,1,Cambios — Otros,False,san lucas
2165,Llama 3.3 70B · 12 000 TPM,san marcos ayuquila,1,1,1,1,san marcos ayuquila,AGI_INDIFERENTE_1529_N36_07,agi_indiferente,Rodrigo,Cambios,Otros,1,Cambios — Otros,False,san marcos ayuquila
2166,Llama 3.3 70B · 12 000 TPM,san mateo,1,1,1,1,san mateo,AGI_INDIFERENTE_1529_N36_07,agi_indiferente,Rodrigo,Cambios,Otros,1,Cambios — Otros,False,san mateo
2167,Llama 3.3 70B · 12 000 TPM,san miguel,1,1,1,1,san miguel,AGI_INDIFERENTE_1529_N36_07,agi_indiferente,Rodrigo,Cambios,Otros,1,Cambios — Otros,False,san miguel
2168,Llama 3.3 70B · 12 000 TPM,san miguel tepecalzingo,1,1,1,1,san miguel tepecalzingo,AGI_INDIFERENTE_1529_N36_07,agi_indiferente,Rodrigo,Cambios,Otros,1,Cambios — Otros,False,san miguel tepecalzingo
2169,Llama 3.3 70B · 12 000 TPM,san simón,1,1,1,1,san simón,AGI_INDIFERENTE_1529_N36_07,agi_indiferente,Rodrigo,Cambios,Otros,1,Cambios — Otros,False,san simón
2170,GPT OSS 120B · 8 000 TPM,san tiago,1,1,1,1,San Tiago,BnF_112_02,bnf_112,Arturo,Cambios,Inserción,1,Cambios — Inserción,False,san tiago
2171,GPT OSS 120B · 8 000 TPM,sanicolas,1,1,1,1,saniColas,BnF_032_36,bnf_032,Paco,Cambios,Otros,1,Cambios — Otros,False,sanicolas
2172,Llama 3.3 70B · 12 000 TPM,sant francisco coa,1,1,1,1,sant francisco coa,AGI_INDIFERENTE_1529_N36_07,agi_indiferente,Rodrigo,Cambios,Otros,1,Cambios — Otros | Filológicas - mecánicas — Simplificación de grupos consonánticos,False,sant francisco coa
2173,Llama 3.3 70B · 12 000 TPM,santa cruz huetititlán,1,1,1,1,santa cruz huetititlán,AGI_INDIFERENTE_1529_N36_07,agi_indiferente,Rodrigo,Cambios,Otros,1,Cambios — Otros,False,santa cruz huetititlán
2174,Llama 3.3 70B · 12 000 TPM,santa maría asunción,1,1,1,1,santa maría asunción,AGI_INDIFERENTE_1529_N36_07,agi_indiferente,Rodrigo,Cambios,Otros,1,Cambios — Otros,False,santa maría asunción
2175,GPT OSS 120B · 8 000 TPM,santana,1,1,1,1,Santana,AGI_INDIFERENTE_2065_N45_09,agi_indiferente,Rodrigo,Cambios,Otros,1,Cambios — Otros,False,santana
2176,GPT OSS 120B · 8 000 TPM,santiago,1,1,1,1,santiago,BnF_112_23,bnf_112,Edna,Puntuación,"Coma (,)",1,"Puntuación — Coma (,)",False,santiago
2177,Llama 3.3 70B · 12 000 TPM,santiago agua catitlán,1,1,1,1,santiago agua catitlán,AGI_INDIFERENTE_1529_N36_07,agi_indiferente,Rodrigo,Cambios,Otros,1,Cambios — Otros,False,santiago agua catitlán
2178,Llama 3.3 70B · 12 000 TPM,santo tomás,1,1,1,1,santo tomás,AGI_INDIFERENTE_1529_N36_07,agi_indiferente,Rodrigo,Cambios,Otros,1,Cambios — Otros,False,santo tomás
2179,GPT OSS 120B · 8 000 TPM,saven,1,1,1,1,saven,BnF_112_23,bnf_112,Edna,Filológicas - instrucciones,Regularización de labiales (b/v),1,Filológicas - instrucciones — Regularización de labiales (b/v),False,saven
2180,Llama 3.3 70B · 12 000 TPM,se a,1,1,1,1,se a,BnF_264_03,bnf_264,Adriana,Cambios,Sustitución,1,Cambios — Sustitución,False,se a
2181,Llama 3.3 70B · 12 000 TPM,se cobre,1,1,1,1,se cobre,AGN_GralParte_v006_exp617_02,agn_gralparte,Rodrigo,Cambios,Sustitución,1,Cambios — Sustitución,False,se cobre
2182,Llama 3.3 70B · 12 000 TPM,se cortó,1,1,1,1,se cortó,BnF_283_05,bnf_283,Alba,Cambios,Inserción,1,Cambios — Inserción | Cambios — Sustitución,False,se cortó
2183,Llama 3.3 70B · 12 000 TPM,se deja,1,1,1,1,Se deja,BnF_266_07,bnf_266,Paco,Cambios,Otros,1,Cambios — Otros,False,se deja
2184,Llama 3.3 70B · 12 000 TPM,se ha,1,1,1,1,se ha,BnF_118_05,bnf_118,Alba,Cambios,Sustitución,1,Cambios — Sustitución,False,se ha
2185,Llama 3.3 70B · 12 000 TPM,se habían,1,1,1,1,se habían,AGN_Tierras_v2963_exp059_24,agn_tierras,Paco,Cambios,Inserción,1,Cambios — Inserción,False,se habían
2186,Llama 3.3 70B · 12 000 TPM,se le hizo,1,1,1,1,se le hizo,BnF_075_026,bnf_075,Arturo,Cambios,Deleción,1,Cambios — Deleción | Cambios — Sustitución,False,se le hizo
2187,Llama 3.3 70B · 12 000 TPM,se levantã³,1,1,1,1,Se levantÃ³,BnF_266_05,bnf_266,Adriana,Cambios,Otros,1,Cambios — Otros | Cambios — Sustitución,False,se levantã³
2188,Llama 3.3 70B · 12 000 TPM,se me ha,1,1,1,1,se me ha,BnF_113_43,bnf_113,Paloma,Cambios,Sustitución,1,Cambios — Sustitución,False,se me ha
2189,Llama 3.3 70B · 12 000 TPM,se ocupe de,1,1,1,1,se ocupe de,BnF_119-148_18,bnf_119-148,Arturo,Cambios,Deleción,1,Cambios — Deleción | Cambios — Inserción,False,se ocupe de
2190,GPT OSS 120B · 8 000 TPM,se sentó,1,1,1,1,se sentó,AGN_RealesCedDup_v030_exp874,agn_realesceddup,Alba,Cambios,Sustitución,1,Cambios — Sustitución,False,se sentó
2191,GPT OSS 120B · 8 000 TPM,seais,1,1,1,1,seais,AGN_Mercedes_v003_exp520,agn_mercedes,Alba,Acentuación,No sub-rule assigned,1,Acentuación — No sub-rule assigned,False,seais
2192,Llama 3.3 70B · 12 000 TPM,sebastián,1,1,1,1,Sebastián,BnF_117_13,bnf_117,Paco,Cambios,Sustitución,1,Cambios — Sustitución,False,sebastián
2193,GPT OSS 120B · 8 000 TPM,segdo,1,1,1,1,segdo,AGN_AHHacienda_v268_exp046_01,agn_ahhacienda,Adriana,Abreviaturas,No sub-rule assigned,1,Abreviaturas — No sub-rule assigned,False,segdo
2194,GPT OSS 120B · 8 000 TPM,seguiran,1,1,1,1,seguiran,AGN_GralParte_v006_exp617_01,agn_gralparte,Rodrigo,Acentuación,No sub-rule assigned,1,Acentuación — No sub-rule assigned,False,seguiran
2195,GPT OSS 120B · 8 000 TPM,segun,1,1,1,1,segun,BnF_111_20,bnf_111,Flor,Acentuación,No sub-rule assigned,1,Acentuación — No sub-rule assigned,False,segun
2196,GPT OSS 120B · 8 000 TPM,segunda,1,1,1,1,segunda,AGN_Indios_v019_exp354_2,agn_indios,Alba,Cambios,Sustitución,1,Cambios — Sustitución,False,segunda
2197,GPT OSS 120B · 8 000 TPM,segundo,1,1,1,1,segundo,BnF_113_04,bnf_113,Paco,Abreviaturas,Expansión completa,1,Abreviaturas — Expansión completa | Cambios — Sustitución,False,segundo
2198,Llama 3.3 70B · 12 000 TPM,según en,1,1,1,1,según en,BnF_032_39,bnf_032,Paloma,Cambios,Deleción,1,Cambios — Deleción,False,según en
2199,GPT OSS 120B · 8 000 TPM,seicientos,1,1,1,1,seicientos,AGN_GralParte_v006_exp617_01,agn_gralparte,Rodrigo,Cambios,Otros,1,Cambios — Otros,False,seicientos
2200,Llama 3.3 70B · 12 000 TPM,"seis, y",1,1,1,1,"seis, y",BnF_032_23,bnf_032,Arturo,Puntuación,"Coma (,)",1,"Puntuación — Coma (,)",False,"seis, y"
2201,GPT OSS 120B · 8 000 TPM,seiscientos diez,1,1,1,1,Seiscientos diez,AGN_Indios_v009_exp003_fs4v-5_01,agn_indios,Arturo,Cambios,Deleción,1,Cambios — Deleción,False,seiscientos diez
2202,GPT OSS 120B · 8 000 TPM,seiscios,1,1,1,1,seiscios,AGN_GralParte_v006_exp617_01,agn_gralparte,Rodrigo,Abreviaturas,Expansión completa,1,Abreviaturas — Expansión completa,False,seiscios
2203,GPT OSS 120B · 8 000 TPM,selo,1,1,1,1,selo,BnF_113_22,bnf_113,Paloma,Filológicas - instrucciones,Regularización de H etimológica,1,Filológicas - instrucciones — Regularización de H etimológica,False,selo
2204,GPT OSS 120B · 8 000 TPM,"semejantes, estaciones",1,1,1,1,"semejantes, estaciones",BnF_116_02,bnf_116,Paco,Puntuación,"Coma (,)",1,"Puntuación — Coma (,)",False,"semejantes, estaciones"
2205,GPT OSS 120B · 8 000 TPM,sempra,1,1,1,1,Sempra,AGN_RealesCedDup_v030_exp874,agn_realesceddup,Alba,Cambios,No sub-rule assigned,1,Cambios — No sub-rule assigned,False,sempra
2206,GPT OSS 120B · 8 000 TPM,senia,1,1,1,1,senia,BnF_032_36,bnf_032,Paco,Abreviaturas,Expansión completa,1,Abreviaturas — Expansión completa,False,senia
2207,GPT OSS 120B · 8 000 TPM,senor,1,1,1,1,senor,BnF_032_36,bnf_032,Paco,Filológicas - instrucciones,No sub-rule assigned,1,Filológicas - instrucciones — No sub-rule assigned,False,senor
2208,Llama 3.3 70B · 12 000 TPM,ser vir,1,1,1,1,ser vir,utblac_JGI_XXIV-11_Justlahuaca_57,utblac_jgi,Flor,Cambios,Inserción,1,Cambios — Inserción,False,ser vir
2209,Llama 3.3 70B · 12 000 TPM,"ser, para",1,1,1,1,"ser, para",AGN_HospJesus_c474_leg267-2_exp024_7473-7537_10,agn_hospjesus,Arturo,Puntuación,"Coma (,)",1,"Puntuación — Coma (,)",False,"ser, para"
2210,Llama 3.3 70B · 12 000 TPM,serritos,1,1,1,1,serritos,BnF_174_06,bnf_174,Javier,Filológicas - mecánicas,Regularización de sibilantes,1,Filológicas - mecánicas — Regularización de sibilantes,False,serritos
2211,Llama 3.3 70B · 12 000 TPM,servicio que,1,1,1,1,servicio que,BP_CM_R481_016,bp_cm,Arturo,Puntuación,No sub-rule assigned,1,Puntuación — No sub-rule assigned,False,servicio que
2212,Llama 3.3 70B · 12 000 TPM,servicio.,1,1,1,1,servicio.,utblac_gg_mss_g62_duplicated_03,utblac_gg,Flor,Puntuación,Punto (.),1,Puntuación — Punto (.),False,servicio.
2213,GPT OSS 120B · 8 000 TPM,servo rl,1,1,1,1,Servo RL,AGN_Indios_v009_exp003_fs4v-5_01,agn_indios,Arturo,Abreviaturas,Expansión completa,1,Abreviaturas — Expansión completa,False,servo rl
2214,Llama 3.3 70B · 12 000 TPM,sería,1,1,1,1,sería,BnF_113_25,bnf_113,Flor,Cambios,Sustitución,1,Cambios — Sustitución,False,sería
2215,GPT OSS 120B · 8 000 TPM,sethe,1,1,1,1,sethe,AGN_AHHacienda_v1292_exp135,agn_ahhacienda,Javier,Filológicas - mecánicas,Simplificación de grupos consonánticos,1,Filológicas - mecánicas — Simplificación de grupos consonánticos,False,sethe
2216,GPT OSS 120B · 8 000 TPM,setyembre,1,1,1,1,setyembre,BnF_113_04,bnf_113,Paco,Cambios,Otros,1,Cambios — Otros,False,setyembre
2217,Llama 3.3 70B · 12 000 TPM,sevastian,1,1,1,1,Sevastian,AGI_CONTRATACION_1089_N8_176,agi_contratacion,Flor,Acentuación,No sub-rule assigned,1,Acentuación — No sub-rule assigned | Filológicas - instrucciones — Regularización de labiales (b/v),False,sevastian
2218,Llama 3.3 70B · 12 000 TPM,seys,1,1,1,1,seys,AGI_CONTRATACION_1089_N8_151,agi_contratacion,Paco,Filológicas - mecánicas,No sub-rule assigned,1,Filológicas - mecánicas — No sub-rule assigned,False,seys
2219,Llama 3.3 70B · 12 000 TPM,seáis,1,1,1,1,seáis,AGN_GralParte_v001_exp1020_01,agn_gralparte,Paloma,Cambios,Sustitución,1,Cambios — Sustitución,False,seáis
2220,GPT OSS 120B · 8 000 TPM,seã¡is,1,1,1,1,seÃ¡is,AGN_Mercedes_v003_exp520,agn_mercedes,Alba,Acentuación,No sub-rule assigned,1,Acentuación — No sub-rule assigned | Cambios — No sub-rule assigned,False,seã¡is
2221,Llama 3.3 70B · 12 000 TPM,seã±as,1,1,1,1,seÃ±as,BnF_266_05,bnf_266,Adriana,Cambios,Otros,1,Cambios — Otros | Cambios — Sustitución,False,seã±as
2222,GPT OSS 120B · 8 000 TPM,seã±or,1,1,1,1,seÃ±or,BNE_ms3047_1,bne_ms3047,Rodrigo,Cambios,Otros,1,Cambios — Otros,False,seã±or
2223,Llama 3.3 70B · 12 000 TPM,seã±ores,1,1,1,1,seÃ±ores,BnF_266_05,bnf_266,Adriana,Cambios,Otros,1,Cambios — Otros | Cambios — Sustitución,False,seã±ores
2224,GPT OSS 120B · 8 000 TPM,seã±orã­a,1,1,1,1,seÃ±orÃ­a,AGN_Mercedes_v003_exp520,agn_mercedes,Alba,Acentuación,No sub-rule assigned,1,Acentuación — No sub-rule assigned | Cambios — No sub-rule assigned,False,seã±orã­a
2225,Llama 3.3 70B · 12 000 TPM,señales. el,1,1,1,1,señales. El,AGN_HospJesus_c474_leg267-2_exp024_7473-7537_05,agn_hospjesus,Rodrigo,Puntuación,No sub-rule assigned,1,Puntuación — No sub-rule assigned,False,señales. el
2226,Llama 3.3 70B · 12 000 TPM,señalesas,1,1,1,1,señalesas,BnF_264_02,bnf_264,Paloma,Cambios,Inserción,1,Cambios — Inserción,False,señalesas
2227,GPT OSS 120B · 8 000 TPM,señalo,1,1,1,1,señalo,AGI_PATRONATO_182_R3_01,agi_patronato,Alba,Acentuación,No sub-rule assigned,1,Acentuación — No sub-rule assigned,False,señalo
2228,GPT OSS 120B · 8 000 TPM,señor don,1,1,1,1,señor don,AMP_AC_v021__doc026_1,amp_ac,Rodrigo,Cambios,Deleción,1,Cambios — Deleción,False,señor don
2229,Llama 3.3 70B · 12 000 TPM,"señor,",1,1,1,1,"Señor,",BP_CM_R481_071_3,bp_cm,Javier,Cambios,Deleción,1,Cambios — Deleción,False,"señor,"
2230,Llama 3.3 70B · 12 000 TPM,señores se dijo,1,1,1,1,señores se dijo,BnF_118_06,bnf_118,Edna,Cambios,Deleción,1,Cambios — Deleción | Cambios — Sustitución,False,señores se dijo
2231,Llama 3.3 70B · 12 000 TPM,"señores, vista",1,1,1,1,"señores, vista",BnF_117_13,bnf_117,Paco,Puntuación,"Coma (,)",1,"Puntuación — Coma (,)",False,"señores, vista"
2232,GPT OSS 120B · 8 000 TPM,señoria,1,1,1,1,señoria,AGN_Mercedes_v003_exp520,agn_mercedes,Alba,Acentuación,No sub-rule assigned,1,Acentuación — No sub-rule assigned,False,señoria
2233,Llama 3.3 70B · 12 000 TPM,señorio,1,1,1,1,Señorio,BnF_244_05,bnf_244,Edna,Acentuación,No sub-rule assigned,1,Acentuación — No sub-rule assigned,False,señorio
2234,Llama 3.3 70B · 12 000 TPM,si conviniere de jurisdicción de todos los jueces,1,1,1,1,si conviniere de jurisdicción de todos los jueces,AGN_AHHacienda_v268_exp046_03,agn_ahhacienda,Arturo,Filológicas - instrucciones,No modificar otros idiomas,1,Filológicas - instrucciones — No modificar otros idiomas,False,si conviniere de jurisdicción de todos los jueces
2235,GPT OSS 120B · 8 000 TPM,sias,1,1,1,1,sias,BnF_113_22,bnf_113,Paloma,Filológicas - mecánicas,Regularización de sibilantes,1,Filológicas - mecánicas — Regularización de sibilantes,False,sias
2236,Llama 3.3 70B · 12 000 TPM,siendo,1,1,1,1,siendo,AGN_HospJesus_c474_leg267-2_exp024_7473-7537_10,agn_hospjesus,Arturo,Cambios,Deleción,1,Cambios — Deleción,False,siendo
2237,GPT OSS 120B · 8 000 TPM,siete,1,1,1,1,siete,BnF_030_27,bnf_030,Rodrigo,Cambios,Sustitución,1,Cambios — Sustitución,False,siete
2238,GPT OSS 120B · 8 000 TPM,siete y,1,1,1,1,siete y,AGN_Indios_v009_exp003_fs4v-5_01,agn_indios,Arturo,Puntuación,No sub-rule assigned,1,Puntuación — No sub-rule assigned,False,siete y
2239,Llama 3.3 70B · 12 000 TPM,sig,1,1,1,1,sig,AGN_Inquisicion_v1568A_exp152_fs115-116v_03,agn_inquisicion,Javier,Abreviaturas,Expansión completa,1,Abreviaturas — Expansión completa,False,sig
2240,Llama 3.3 70B · 12 000 TPM,sigte,1,1,1,1,sigte,AGI_CONTRATACION_1089_N8_151,agi_contratacion,Paco,Abreviaturas,Expansión completa,1,Abreviaturas — Expansión completa,False,sigte
2241,GPT OSS 120B · 8 000 TPM,sigue,1,1,1,1,sigue,AGI_CONTRATACION_1091_N3_098,agi_contratacion,Javier,Abreviaturas,Expansión completa,1,Abreviaturas — Expansión completa,False,sigue
2242,GPT OSS 120B · 8 000 TPM,siguenga,1,1,1,1,Siguenga,AGN_RealesCedDup_v050_exp062,agn_realesceddup,Paloma,Filológicas - mecánicas,Regularización de la diéresis,1,Filológicas - mecánicas — Regularización de la diéresis | Filológicas - mecánicas — Regularización de sibilantes,False,siguenga
2243,Llama 3.3 70B · 12 000 TPM,siguiente:,1,1,1,1,siguiente:,UIA_Ms149_Exp3_08,uia_ms149,Javier,Puntuación,"Coma (,)",1,"Puntuación — Coma (,)",False,siguiente:
2244,Llama 3.3 70B · 12 000 TPM,siguientes un,1,1,1,1,siguientes Un,AGI_CONTRATACION_1089_N8_151,agi_contratacion,Paco,Puntuación,Punto (.),1,Puntuación — Punto (.),False,siguientes un
2245,GPT OSS 120B · 8 000 TPM,simon,1,1,1,1,simon,AGI_PATRONATO_182_R3_04,agi_patronato,Paco,Acentuación,No sub-rule assigned,1,Acentuación — No sub-rule assigned,False,simon
2246,Llama 3.3 70B · 12 000 TPM,"sin cofre,",1,1,1,1,"sin cofre,",BnF_266_03,bnf_266,Rodrigo,Cambios,Inserción,1,Cambios — Inserción | Cambios — Sustitución,False,"sin cofre,"
2247,GPT OSS 120B · 8 000 TPM,sion. presentes,1,1,1,1,sion. presentes,BnF_112_25,bnf_112,Paco,Cambios,Inserción,1,Cambios — Inserción | Puntuación — Punto (.),False,sion. presentes
2248,Llama 3.3 70B · 12 000 TPM,siriales,1,1,1,1,siriales,AGN_Inquisicion_v1568A_exp152_fs115-116v_01,agn_inquisicion,Rodrigo,Cambios,Otros,1,Cambios — Otros,False,siriales
2249,Llama 3.3 70B · 12 000 TPM,sirvientes,1,1,1,1,sirvientes,UIA_Ms149_Exp3_31,uia_ms149,Alba,Cambios,Sustitución,1,Cambios — Sustitución,False,sirvientes
2250,Llama 3.3 70B · 12 000 TPM,situado,1,1,1,1,situado,UIA_Ms149_Exp3_31,uia_ms149,Alba,Cambios,Sustitución,1,Cambios — Sustitución,False,situado
2251,Llama 3.3 70B · 12 000 TPM,sobre el,1,1,1,1,sobre el,BnF_075_003,bnf_075,Adriana,Cambios,Sustitución,1,Cambios — Sustitución,False,sobre el
2252,Llama 3.3 70B · 12 000 TPM,solo.,1,1,1,1,solo.,BP_CM_R494_156_2,bp_cm,Javier,Cambios,Deleción,1,Cambios — Deleción,False,solo.
2253,GPT OSS 120B · 8 000 TPM,sombreros,1,1,1,1,sombreros,BnF_112_02,bnf_112,Arturo,Cambios,Deleción,1,Cambios — Deleción | Puntuación — Punto (.),False,sombreros
2254,GPT OSS 120B · 8 000 TPM,sometio,1,1,1,1,sometio,AGN_IndiferenteVirreinal_caja4071_exp024_2,agn_indiferentevirreinal,Paloma,Abreviaturas,Expansión completa,1,Abreviaturas — Expansión completa | Acentuación — No sub-rule assigned,False,sometio
2255,GPT OSS 120B · 8 000 TPM,son,1,1,1,1,son,BnF_113_22,bnf_113,Paloma,Cambios,Inserción,1,Cambios — Inserción,False,son
2256,Llama 3.3 70B · 12 000 TPM,son,1,1,1,1,son,AGI_INDIFERENTE_1529_N36_07,agi_indiferente,Rodrigo,Cambios,Otros,1,Cambios — Otros,False,son
2257,Llama 3.3 70B · 12 000 TPM,sor.,1,1,1,1,sor.,BnF_118_08,bnf_118,Arturo,Abreviaturas,Expansión completa,1,Abreviaturas — Expansión completa,False,sor.
2258,Llama 3.3 70B · 12 000 TPM,sospechas,1,1,1,1,sospechas,utblac_gg_mss_g62_duplicated_03,utblac_gg,Flor,Cambios,Sustitución,1,Cambios — Sustitución,False,sospechas
2259,Llama 3.3 70B · 12 000 TPM,su,1,1,1,1,su,BnF_118_05,bnf_118,Alba,Cambios,Sustitución,1,Cambios — Sustitución,False,su
2260,GPT OSS 120B · 8 000 TPM,suacion,1,1,1,1,suacion,BnF_112_04,bnf_112,Paloma,Filológicas - mecánicas,Regularización de sibilantes,1,Filológicas - mecánicas — Regularización de sibilantes,False,suacion
2261,Llama 3.3 70B · 12 000 TPM,subió,1,1,1,1,Subió,BnF_266_07,bnf_266,Paco,Cambios,Deleción,1,Cambios — Deleción,False,subió
2262,GPT OSS 120B · 8 000 TPM,sucedido,1,1,1,1,sucedido,AGI_GUADALAJARA_230_L2_F_45V-46V_1,agi_guadalajara,Edna,Cambios,Sustitución,1,Cambios — Sustitución,False,sucedido
2263,Llama 3.3 70B · 12 000 TPM,sucedido,1,1,1,1,sucedido,AGN_HospJesus_c474_leg267-2_exp024_7473-7537_10,agn_hospjesus,Arturo,Cambios,Deleción,1,Cambios — Deleción,False,sucedido
2264,Llama 3.3 70B · 12 000 TPM,sucesión,1,1,1,1,sucesión,AGN_HospJesus_c474_leg267-2_exp024_7473-7537_10,agn_hospjesus,Arturo,Cambios,Deleción,1,Cambios — Deleción,False,sucesión
2265,Llama 3.3 70B · 12 000 TPM,suchitlán,1,1,1,1,suchitlán,AGI_INDIFERENTE_1529_N36_07,agi_indiferente,Rodrigo,Cambios,Otros,1,Cambios — Otros,False,suchitlán
2266,GPT OSS 120B · 8 000 TPM,suchyl,1,1,1,1,Suchyl,BnF_111_20,bnf_111,Flor,Filológicas - instrucciones,Regularización de i/y vocálicas,1,Filológicas - instrucciones — Regularización de i/y vocálicas,False,suchyl
2267,GPT OSS 120B · 8 000 TPM,suios,1,1,1,1,suios,AGN_IndiferenteVirreinal_caja4071_exp024_2,agn_indiferentevirreinal,Paloma,Filológicas - instrucciones,Regularización de i/y vocálicas,1,Filológicas - instrucciones — Regularización de i/y vocálicas,False,suios
2268,Llama 3.3 70B · 12 000 TPM,sujetos,1,1,1,1,sujetos,AGN_HospJesus_c474_leg267-2_exp024_7473-7537_10,agn_hospjesus,Arturo,Cambios,Sustitución,1,Cambios — Sustitución,False,sujetos
2269,Llama 3.3 70B · 12 000 TPM,"sujetos, de",1,1,1,1,"sujetos, de",AGN_Indios_v009_exp002_fs3v-4_01,agn_indios,Arturo,Puntuación,"Coma (,)",1,"Puntuación — Coma (,)",False,"sujetos, de"
2270,GPT OSS 120B · 8 000 TPM,sujetos. decimos,1,1,1,1,sujetos. decimos,BnF_116_02,bnf_116,Paco,Puntuación,No sub-rule assigned,1,Puntuación — No sub-rule assigned,False,sujetos. decimos
2271,GPT OSS 120B · 8 000 TPM,superã¡vit.,1,1,1,1,superÃ¡vit.,BNE_ms3047_1,bne_ms3047,Rodrigo,Cambios,Otros,1,Cambios — Otros,False,superã¡vit.
2272,Llama 3.3 70B · 12 000 TPM,suplica,1,1,1,1,suplica,BnF_110_29,bnf_110,Paloma,Abreviaturas,Expansión completa,1,Abreviaturas — Expansión completa,False,suplica
2273,GPT OSS 120B · 8 000 TPM,suplico,1,1,1,1,suplico,BnF_113_04,bnf_113,Paco,Acentuación,No sub-rule assigned,1,Acentuación — No sub-rule assigned,False,suplico
2274,GPT OSS 120B · 8 000 TPM,suplico. sea,1,1,1,1,suplico. sea,BnF_112_25,bnf_112,Paco,Filológicas - instrucciones,No sub-rule assigned,1,Filológicas - instrucciones — No sub-rule assigned | Puntuación — Punto (.),False,suplico. sea
2275,Llama 3.3 70B · 12 000 TPM,suposiciã³n,1,1,1,1,suposiciÃ³n,BnF_266_05,bnf_266,Adriana,Cambios,Otros,1,Cambios — Otros | Cambios — Sustitución,False,suposiciã³n
2276,Llama 3.3 70B · 12 000 TPM,surtir,1,1,1,1,surtir,BP_CM_R481_016,bp_cm,Arturo,Cambios,Sustitución,1,Cambios — Sustitución,False,surtir
2277,GPT OSS 120B · 8 000 TPM,sus,1,1,1,1,sus,AGI_PATRONATO_182_R3_04,agi_patronato,Paco,Cambios,Deleción,1,Cambios — Deleción,False,sus
2278,Llama 3.3 70B · 12 000 TPM,sus,1,1,1,1,sus,AGI_INDIFERENTE_1529_N8_06,agi_indiferente,Rodrigo,Cambios,Otros,1,Cambios — Otros,False,sus
2279,Llama 3.3 70B · 12 000 TPM,suscripción,1,1,1,1,suscripción,BnF_032_39,bnf_032,Paloma,Cambios,Sustitución,1,Cambios — Sustitución,False,suscripción
2280,GPT OSS 120B · 8 000 TPM,suso de,1,1,1,1,suso de,BnF_030_20,bnf_030,Paloma,Cambios,Sustitución,1,Cambios — Sustitución,False,suso de
2281,GPT OSS 120B · 8 000 TPM,suso dho,1,1,1,1,suso dho,AGN_RealesCedDup_v050_exp062,agn_realesceddup,Paloma,Abreviaturas,Expansión completa,1,Abreviaturas — Expansión completa,False,suso dho
2282,Llama 3.3 70B · 12 000 TPM,suso dicho,1,1,1,1,suso dicho,BnF_394_05,bnf_394,Flor,Cambios,Inserción,1,Cambios — Inserción,False,suso dicho
2283,Llama 3.3 70B · 12 000 TPM,susodicho,1,1,1,1,susodicho,AGN_HospJesus_c474_leg267-2_exp024_7473-7537_10,agn_hospjesus,Arturo,Cambios,Deleción,1,Cambios — Deleción,False,susodicho
2284,GPT OSS 120B · 8 000 TPM,suyo,1,1,1,1,suyo,BnF_113_04,bnf_113,Paco,Cambios,Sustitución,1,Cambios — Sustitución,False,suyo
2285,GPT OSS 120B · 8 000 TPM,suyo. las,1,1,1,1,suyo. las,BnF_112_25,bnf_112,Paco,Puntuación,Punto (.),1,Puntuación — Punto (.),False,suyo. las
2286,GPT OSS 120B · 8 000 TPM,sã­,1,1,1,1,sÃ­,AGN_Mercedes_v003_exp520,agn_mercedes,Alba,Cambios,Sustitución,1,Cambios — Sustitución,False,sã­
2287,GPT OSS 120B · 8 000 TPM,sí,1,1,1,1,sí,AGI_PATRONATO_181_R13_1,agi_patronato,Paloma,Acentuación,No sub-rule assigned,1,Acentuación — No sub-rule assigned,False,sí
2288,GPT OSS 120B · 8 000 TPM,ta,1,1,1,1,ta,BNE_ms3047_4,bne_ms3047,Javier,Cambios,Otros,1,Cambios — Otros,False,ta
2289,GPT OSS 120B · 8 000 TPM,tal alma,1,1,1,1,tal alma,BnF_030_27,bnf_030,Rodrigo,Cambios,Inserción,1,Cambios — Inserción | Cambios — Sustitución,False,tal alma
2290,Llama 3.3 70B · 12 000 TPM,"tal, yo",1,1,1,1,"tal, yo",BnF_118_08,bnf_118,Arturo,Puntuación,"Coma (,)",1,"Puntuación — Coma (,)",False,"tal, yo"
2291,Llama 3.3 70B · 12 000 TPM,tambiã©n,1,1,1,1,tambiÃ©n,BnF_266_05,bnf_266,Adriana,Cambios,Otros,1,Cambios — Otros | Cambios — Sustitución,False,tambiã©n
2292,Llama 3.3 70B · 12 000 TPM,"también hesperides,",1,1,1,1,"también Hesperides,",BnF_264_02,bnf_264,Paloma,Cambios,Deleción,1,Cambios — Deleción,False,"también hesperides,"
2293,GPT OSS 120B · 8 000 TPM,tanto,1,1,1,1,tanto,AGN_Indios_v019_exp354_2,agn_indios,Alba,Abreviaturas,Expansión completa,1,Abreviaturas — Expansión completa | Cambios — Sustitución,False,tanto
2294,Llama 3.3 70B · 12 000 TPM,tarde. salió,1,1,1,1,tarde. Salió,BnF_266_03,bnf_266,Rodrigo,Puntuación,"Coma (,)",1,"Puntuación — Coma (,)",False,tarde. salió
2295,GPT OSS 120B · 8 000 TPM,taron,1,1,1,1,taron,BnF_113_22,bnf_113,Paloma,Filológicas - mecánicas,Regularización de sibilantes,1,Filológicas - mecánicas — Regularización de sibilantes,False,taron
2296,Llama 3.3 70B · 12 000 TPM,tavazco,1,1,1,1,Tavazco,BnF_264_03,bnf_264,Adriana,Filológicas - instrucciones,Regularización de labiales (b/v),1,Filológicas - instrucciones — Regularización de labiales (b/v),False,tavazco
2297,GPT OSS 120B · 8 000 TPM,tazadamte. los,1,1,1,1,tazadamte. los,AGN_AHHacienda_v268_exp046_01,agn_ahhacienda,Adriana,Puntuación,Punto (.),1,Puntuación — Punto (.),False,tazadamte. los
2298,Llama 3.3 70B · 12 000 TPM,te,1,1,1,1,te,BnF_113_25,bnf_113,Flor,Abreviaturas,No sub-rule assigned,1,Abreviaturas — No sub-rule assigned,False,te
2299,Llama 3.3 70B · 12 000 TPM,tecaxiqui,1,1,1,1,tecaxiqui,AGI_INDIFERENTE_1529_N36_07,agi_indiferente,Rodrigo,Cambios,Otros,1,Cambios — Otros,False,tecaxiqui
2300,GPT OSS 120B · 8 000 TPM,templo,1,1,1,1,templo,AGI_PATRONATO_181_R13_1,agi_patronato,Paloma,Cambios,Sustitución,1,Cambios — Sustitución,False,templo
2301,GPT OSS 120B · 8 000 TPM,ten,1,1,1,1,Ten,BnF_030_20,bnf_030,Paloma,Cambios,Deleción,1,Cambios — Deleción,False,ten
2302,GPT OSS 120B · 8 000 TPM,tendrã¡,1,1,1,1,tendrÃ¡,BNE_ms3047_1,bne_ms3047,Rodrigo,Cambios,Otros,1,Cambios — Otros,False,tendrã¡
2303,Llama 3.3 70B · 12 000 TPM,tener,1,1,1,1,tener,BnF_117_03,bnf_117,Arturo,Cambios,Deleción,1,Cambios — Deleción,False,tener
2304,GPT OSS 120B · 8 000 TPM,tengais,1,1,1,1,tengais,AGN_Mercedes_v003_exp520,agn_mercedes,Alba,Acentuación,No sub-rule assigned,1,Acentuación — No sub-rule assigned,False,tengais
2305,Llama 3.3 70B · 12 000 TPM,tengo.,1,1,1,1,tengo.,AGN_Tierras_v039-2_exp003_41,agn_tierras,Flor,Puntuación,Punto (.),1,Puntuación — Punto (.),False,tengo.
2306,Llama 3.3 70B · 12 000 TPM,tenia,1,1,1,1,tenia,BnF_244_05,bnf_244,Edna,Acentuación,No sub-rule assigned,1,Acentuación — No sub-rule assigned,False,tenia
2307,GPT OSS 120B · 8 000 TPM,tenido,1,1,1,1,tenido,AGN_Indios_v009_exp003_fs4v-5_01,agn_indios,Arturo,Abreviaturas,Expansión completa,1,Abreviaturas — Expansión completa,False,tenido
2308,Llama 3.3 70B · 12 000 TPM,"tenido, y",1,1,1,1,"tenido, y",BnF_117_03,bnf_117,Arturo,Cambios,Sustitución,1,"Cambios — Sustitución | Puntuación — Coma (,)",False,"tenido, y"
2309,GPT OSS 120B · 8 000 TPM,tenie,1,1,1,1,tenie,BnF_032_36,bnf_032,Paco,Abreviaturas,Expansión completa,1,Abreviaturas — Expansión completa,False,tenie
2310,GPT OSS 120B · 8 000 TPM,teniendo,1,1,1,1,teniendo,AGI_GUADALAJARA_230_L2_F_45V-46V_2,agi_guadalajara,Adriana,Cambios,Sustitución,1,Cambios — Sustitución,False,teniendo
2311,Llama 3.3 70B · 12 000 TPM,teniendo,1,1,1,1,teniendo,utblac_wbs_1433_duplicated_1,utblac_wbs,Rodrigo,Cambios,Sustitución,1,Cambios — Sustitución,False,teniendo
2312,Llama 3.3 70B · 12 000 TPM,"teniente, lorenzo",1,1,1,1,"teniente, Lorenzo",BnF_032_33,bnf_032,Adriana,Cambios,Deleción,1,Cambios — Deleción,False,"teniente, lorenzo"
2313,Llama 3.3 70B · 12 000 TPM,teniente:,1,1,1,1,Teniente:,BnF_174_06,bnf_174,Javier,Puntuación,"Coma (,)",1,"Puntuación — Coma (,)",False,teniente:
2314,Llama 3.3 70B · 12 000 TPM,"tenor, del",1,1,1,1,"tenor, del",UIA_Ms149_Exp2_51,uia_ms149,Arturo,Puntuación,"Coma (,)",1,"Puntuación — Coma (,)",False,"tenor, del"
2315,Llama 3.3 70B · 12 000 TPM,"tentales, su",1,1,1,1,"tentales, su",AGI_INDIFERENTE_1529_N8_06,agi_indiferente,Rodrigo,Puntuación,"Coma (,)",1,"Puntuación — Coma (,)",False,"tentales, su"
2316,GPT OSS 120B · 8 000 TPM,tenya,1,1,1,1,tenya,BnF_111_20,bnf_111,Flor,Filológicas - instrucciones,Regularización de i/y vocálicas,1,Filológicas - instrucciones — Regularización de i/y vocálicas,False,tenya
2317,Llama 3.3 70B · 12 000 TPM,tenía,1,1,1,1,tenía,AGN_GralParte_v006_exp617_02,agn_gralparte,Rodrigo,Cambios,Sustitución,1,Cambios — Sustitución,False,tenía
2318,Llama 3.3 70B · 12 000 TPM,teotlalco,1,1,1,1,Teotlalco,AGN_RealesCedDup_v003_exp334,agn_realesceddup,Alba,Cambios,Deleción,1,Cambios — Deleción,False,teotlalco
2319,Llama 3.3 70B · 12 000 TPM,tepozotlán,1,1,1,1,Tepozotlán,utblac_eog_j_04_duplicated_02,utblac_eog,Arturo,Filológicas - instrucciones,No modificar otros idiomas,1,Filológicas - instrucciones — No modificar otros idiomas,False,tepozotlán
2320,Llama 3.3 70B · 12 000 TPM,"tepozotlán, hay",1,1,1,1,"Tepozotlán, hay",AGN_Indios_v009_exp002_fs3v-4_01,agn_indios,Arturo,Puntuación,"Coma (,)",1,"Puntuación — Coma (,)",False,"tepozotlán, hay"
2321,Llama 3.3 70B · 12 000 TPM,tequioau,1,1,1,1,tequioau,BnF_032_23,bnf_032,Arturo,Filológicas - instrucciones,No modificar otros idiomas,1,Filológicas - instrucciones — No modificar otros idiomas,False,tequioau
2322,Llama 3.3 70B · 12 000 TPM,tercera,1,1,1,1,tercera,utblac_wbs_1433_duplicated_1,utblac_wbs,Rodrigo,Cambios,Sustitución,1,Cambios — Sustitución,False,tercera
2323,GPT OSS 120B · 8 000 TPM,tercio,1,1,1,1,tercio,AGN_Mercedes_v003_exp520,agn_mercedes,Alba,Cambios,Sustitución,1,Cambios — Sustitución,False,tercio
2324,GPT OSS 120B · 8 000 TPM,teremendo: guaniqueo: puruandiro: comanja: tirindaro: huirama,1,1,1,1,teremendo: guaniqueo: puruandiro: comanJa: tirindaro: huirama,BNE_ms3047_1,bne_ms3047,Rodrigo,Cambios,Otros,1,"Cambios — Otros | Puntuación — Coma (,)",False,teremendo: guaniqueo: puruandiro: comanja: tirindaro: huirama
2325,Llama 3.3 70B · 12 000 TPM,tero,1,1,1,1,tero,BP_CM_R494_156_2,bp_cm,Javier,Abreviaturas,Expansión completa,1,Abreviaturas — Expansión completa,False,tero
2326,GPT OSS 120B · 8 000 TPM,terra,1,1,1,1,terra,AGI_PATRONATO_181_R13_1,agi_patronato,Paloma,Abreviaturas,No sub-rule assigned,1,Abreviaturas — No sub-rule assigned,False,terra
2327,Llama 3.3 70B · 12 000 TPM,terremotos,1,1,1,1,terremotos,BP_CM_32386_007_2,bp_cm,Rodrigo,Cambios,Sustitución,1,Cambios — Sustitución,False,terremotos
2328,GPT OSS 120B · 8 000 TPM,tes,1,1,1,1,Tes,AGN_AHHacienda_v1292_exp135,agn_ahhacienda,Javier,Abreviaturas,Expansión completa,1,Abreviaturas — Expansión completa,False,tes
2329,GPT OSS 120B · 8 000 TPM,teso,1,1,1,1,Teso,AGN_AHHacienda_v1292_exp135,agn_ahhacienda,Javier,Abreviaturas,Expansión completa,1,Abreviaturas — Expansión completa,False,teso
2330,Llama 3.3 70B · 12 000 TPM,"testamento, y",1,1,1,1,"testamento, y",BnF_244_03,bnf_244,Arturo,Puntuación,"Coma (,)",1,"Puntuación — Coma (,)",False,"testamento, y"
2331,GPT OSS 120B · 8 000 TPM,testamo,1,1,1,1,testamo,BnF_112_04,bnf_112,Paloma,Abreviaturas,No sub-rule assigned,1,Abreviaturas — No sub-rule assigned,False,testamo
2332,Llama 3.3 70B · 12 000 TPM,testdo,1,1,1,1,testdo,AGN_Inquisicion_v1568A_exp152_fs115-116v_03,agn_inquisicion,Javier,Abreviaturas,Expansión completa,1,Abreviaturas — Expansión completa,False,testdo
2333,GPT OSS 120B · 8 000 TPM,testigo,1,1,1,1,testigo,AGN_Inquisicion_v1570A_exp134_fs159-160v_04,agn_inquisicion,Flor,Abreviaturas,No sub-rule assigned,1,Abreviaturas — No sub-rule assigned,False,testigo
2334,Llama 3.3 70B · 12 000 TPM,testigo sirvieron,1,1,1,1,testigo sirvieron,BnF_394_07,bnf_394,Rodrigo,Cambios,Deleción,1,Cambios — Deleción,False,testigo sirvieron
2335,Llama 3.3 70B · 12 000 TPM,testigos,1,1,1,1,testigos,AGN_AHHacienda_v268_exp046_03,agn_ahhacienda,Arturo,Puntuación,No sub-rule assigned,1,Puntuación — No sub-rule assigned,False,testigos
2336,Llama 3.3 70B · 12 000 TPM,testigos. ante,1,1,1,1,testigos. Ante,AGN_HospJesus_c474_leg267-2_exp024_7473-7537_05,agn_hospjesus,Rodrigo,Puntuación,No sub-rule assigned,1,Puntuación — No sub-rule assigned,False,testigos. ante
2337,GPT OSS 120B · 8 000 TPM,testimo,1,1,1,1,testimo,AGN_AHHacienda_v268_exp046_01,agn_ahhacienda,Adriana,Abreviaturas,No sub-rule assigned,1,Abreviaturas — No sub-rule assigned,False,testimo
2338,Llama 3.3 70B · 12 000 TPM,testimonios,1,1,1,1,testimonios,BnF_264_02,bnf_264,Paloma,Cambios,Inserción,1,Cambios — Inserción,False,testimonios
2339,GPT OSS 120B · 8 000 TPM,tetlan,1,1,1,1,tetlan,AGI_PATRONATO_181_R13_1,agi_patronato,Paloma,Acentuación,No sub-rule assigned,1,Acentuación — No sub-rule assigned | Cambios — Deleción,False,tetlan
2340,GPT OSS 120B · 8 000 TPM,tetlán,1,1,1,1,tetlán,AGI_PATRONATO_181_R13_1,agi_patronato,Paloma,Acentuación,No sub-rule assigned,1,Acentuación — No sub-rule assigned | Cambios — Deleción,False,tetlán
2341,Llama 3.3 70B · 12 000 TPM,teutalco,1,1,1,1,teutalco,BnF_267_23,bnf_267,Paco,Abreviaturas,Expansión completa,1,Abreviaturas — Expansión completa,False,teutalco
2342,GPT OSS 120B · 8 000 TPM,thenie,1,1,1,1,Thenie,AGN_AHHacienda_v1292_exp135,agn_ahhacienda,Javier,Abreviaturas,Expansión completa,1,Abreviaturas — Expansión completa,False,thenie
2343,GPT OSS 120B · 8 000 TPM,theso,1,1,1,1,Theso,AGN_AHHacienda_v1292_exp135,agn_ahhacienda,Javier,Abreviaturas,Expansión completa,1,Abreviaturas — Expansión completa,False,theso
2344,GPT OSS 120B · 8 000 TPM,tiene,1,1,1,1,tiene,BNE_ms3047_1,bne_ms3047,Rodrigo,Cambios,Otros,1,Cambios — Otros,False,tiene
2345,Llama 3.3 70B · 12 000 TPM,tiene,1,1,1,1,tiene,BP_CM_R481_071_2,bp_cm,Adriana,Cambios,Sustitución,1,Cambios — Sustitución,False,tiene
2346,Llama 3.3 70B · 12 000 TPM,"tierras, e",1,1,1,1,"tierras, e",UIA_Ms149_Exp2_51,uia_ms149,Arturo,Puntuación,"Coma (,)",1,"Puntuación — Coma (,)",False,"tierras, e"
2347,GPT OSS 120B · 8 000 TPM,tierres,1,1,1,1,tierres,AGN_GralParte_v006_exp617_01,agn_gralparte,Rodrigo,Cambios,Otros,1,Cambios — Otros,False,tierres
2348,Llama 3.3 70B · 12 000 TPM,tizamos;,1,1,1,1,tizamos;,BnF_174_06,bnf_174,Javier,Cambios,Inserción,1,Cambios — Inserción | Puntuación — Punto (.),False,tizamos;
2349,Llama 3.3 70B · 12 000 TPM,tizoc,1,1,1,1,Tizoc,BnF_118_08,bnf_118,Arturo,Filológicas - instrucciones,No modificar otros idiomas,1,Filológicas - instrucciones — No modificar otros idiomas,False,tizoc
2350,GPT OSS 120B · 8 000 TPM,tlacochcalco cuatro,1,1,1,1,Tlacochcalco cuatro,BnF_030_21,bnf_030,Edna,Puntuación,"Coma (,)",1,"Puntuación — Coma (,)",False,tlacochcalco cuatro
2351,GPT OSS 120B · 8 000 TPM,tlacotepeq,1,1,1,1,tlacotepeq,BnF_032_36,bnf_032,Paco,Abreviaturas,Expansión completa,1,Abreviaturas — Expansión completa,False,tlacotepeq
2352,Llama 3.3 70B · 12 000 TPM,tlatilolco,1,1,1,1,Tlatilolco,AGN_HospJesus_c474_leg267-2_exp024_7473-7537_02,agn_hospjesus,Paco,Cambios,Inserción,1,Cambios — Inserción,False,tlatilolco
2353,Llama 3.3 70B · 12 000 TPM,tlatlaya,1,1,1,1,tlatlaya,AGI_INDIFERENTE_1529_N36_07,agi_indiferente,Rodrigo,Cambios,Otros,1,Cambios — Otros,False,tlatlaya
2354,Llama 3.3 70B · 12 000 TPM,tlatlayan,1,1,1,1,tlatlayan,AGI_INDIFERENTE_1529_N36_07,agi_indiferente,Rodrigo,Cambios,Otros,1,Cambios — Otros,False,tlatlayan
2355,Llama 3.3 70B · 12 000 TPM,"tochile, y",1,1,1,1,"Tochile, y",BnF_032_23,bnf_032,Arturo,Puntuación,"Coma (,)",1,"Puntuación — Coma (,)",False,"tochile, y"
2356,Llama 3.3 70B · 12 000 TPM,"toda la nueva españa,",1,1,1,1,"toda la Nueva España,",BnF_264_03,bnf_264,Adriana,Cambios,Deleción,1,Cambios — Deleción,False,"toda la nueva españa,"
2357,Llama 3.3 70B · 12 000 TPM,"todo, los",1,1,1,1,"todo, los",BnF_032_23,bnf_032,Arturo,Puntuación,"Coma (,)",1,"Puntuación — Coma (,)",False,"todo, los"
2358,Llama 3.3 70B · 12 000 TPM,todos,1,1,1,1,todos,BnF_112_08,bnf_112,Paloma,Abreviaturas,No sub-rule assigned,1,Abreviaturas — No sub-rule assigned,False,todos
2359,Llama 3.3 70B · 12 000 TPM,todos los,1,1,1,1,todos los,BnF_394_07,bnf_394,Rodrigo,Abreviaturas,Expansión completa,1,Abreviaturas — Expansión completa | Cambios — Inserción | Cambios — Sustitución,False,todos los
2360,Llama 3.3 70B · 12 000 TPM,todos los testigos,1,1,1,1,todos los testigos,BnF_110_09,bnf_110,Alba,Abreviaturas,No sub-rule assigned,1,Abreviaturas — No sub-rule assigned | Cambios — No sub-rule assigned,False,todos los testigos
2361,Llama 3.3 70B · 12 000 TPM,todos:,1,1,1,1,todos:,BnF_174_06,bnf_174,Javier,Puntuación,Punto (.),1,Puntuación — Punto (.),False,todos:
2362,GPT OSS 120B · 8 000 TPM,tomarlos,1,1,1,1,tomarlos,AGN_Indios_v002_exp835,agn_indios,Paloma,Cambios,Sustitución,1,Cambios — Sustitución,False,tomarlos
2363,Llama 3.3 70B · 12 000 TPM,"tomase, y",1,1,1,1,"tomase, y",BnF_032_23,bnf_032,Arturo,Puntuación,"Coma (,)",1,"Puntuación — Coma (,)",False,"tomase, y"
2364,Llama 3.3 70B · 12 000 TPM,tomo,1,1,1,1,tomo,BnF_032_33,bnf_032,Adriana,Abreviaturas,Expansión completa,1,Abreviaturas — Expansión completa,False,tomo
2365,GPT OSS 120B · 8 000 TPM,tomynes,1,1,1,1,tomynes,BnF_113_22,bnf_113,Paloma,Filológicas - instrucciones,Regularización de i/y vocálicas,1,Filológicas - instrucciones — Regularización de i/y vocálicas,False,tomynes
2366,GPT OSS 120B · 8 000 TPM,tomó,1,1,1,1,tomó,BnF_113_04,bnf_113,Paco,Cambios,Sustitución,1,Cambios — Sustitución,False,tomó
2367,Llama 3.3 70B · 12 000 TPM,tomó,1,1,1,1,tomó,BnF_032_33,bnf_032,Adriana,Abreviaturas,Expansión completa,1,Abreviaturas — Expansión completa,False,tomó
2368,Llama 3.3 70B · 12 000 TPM,toparan,1,1,1,1,toparan,BnF_266_05,bnf_266,Adriana,Cambios,Deleción,1,Cambios — Deleción | Cambios — Sustitución,False,toparan
2369,GPT OSS 120B · 8 000 TPM,tor,1,1,1,1,tor,AGI_INDIFERENTE_2065_N45_09,agi_indiferente,Rodrigo,Cambios,Inserción,1,Cambios — Inserción | Cambios — Sustitución,False,tor
2370,GPT OSS 120B · 8 000 TPM,torí,1,1,1,1,Torí,BnF_030_21,bnf_030,Edna,Cambios,Otros,1,Cambios — Otros,False,torí
2371,Llama 3.3 70B · 12 000 TPM,total,1,1,1,1,total,BnF_110_09,bnf_110,Alba,Cambios,Sustitución,1,Cambios — Sustitución,False,total
2372,GPT OSS 120B · 8 000 TPM,trabaja. en,1,1,1,1,trabaja. En,BnF_112_02,bnf_112,Arturo,Puntuación,Punto (.),1,Puntuación — Punto (.),False,trabaja. en
2373,Llama 3.3 70B · 12 000 TPM,trageron,1,1,1,1,trageron,BnF_266_06,bnf_266,Adriana,Cambios,Otros,1,Cambios — Otros,False,trageron
2374,Llama 3.3 70B · 12 000 TPM,trajeron,1,1,1,1,trajeron,BnF_243_18,bnf_243,Adriana,Cambios,Sustitución,1,Cambios — Sustitución,False,trajeron
2375,GPT OSS 120B · 8 000 TPM,tras,1,1,1,1,tras,BnF_030_21,bnf_030,Edna,Abreviaturas,No sub-rule assigned,1,Abreviaturas — No sub-rule assigned | Cambios — Sustitución,False,tras
2376,GPT OSS 120B · 8 000 TPM,trasunen,1,1,1,1,trasunen,BnF_116_02,bnf_116,Paco,Cambios,Deleción,1,Cambios — Deleción,False,trasunen
2377,GPT OSS 120B · 8 000 TPM,trasunto,1,1,1,1,trasunto,BnF_116_02,bnf_116,Paco,Acentuación,No sub-rule assigned,1,Acentuación — No sub-rule assigned,False,trasunto
2378,GPT OSS 120B · 8 000 TPM,tratando los,1,1,1,1,tratando los,AGN_Indios_v019_exp354_2,agn_indios,Alba,Cambios,Otros,1,Cambios — Otros,False,tratando los
2379,GPT OSS 120B · 8 000 TPM,tratos,1,1,1,1,tratos,BnF_075_014,bnf_075,Alba,Cambios,Inserción,1,Cambios — Inserción,False,tratos
2380,GPT OSS 120B · 8 000 TPM,travajo,1,1,1,1,travajo,AGN_Indios_v019_exp354_2,agn_indios,Alba,Filológicas - instrucciones,Regularización de labiales (b/v),1,Filológicas - instrucciones — Regularización de labiales (b/v),False,travajo
2381,GPT OSS 120B · 8 000 TPM,traxese,1,1,1,1,traxese,BnF_111_20,bnf_111,Flor,Filológicas - instrucciones,x sibilante → j,1,Filológicas - instrucciones — x sibilante → j,False,traxese
2382,Llama 3.3 70B · 12 000 TPM,traído dicho,1,1,1,1,traído dicho,BnF_104_3,bnf_104,Alba,Abreviaturas,No sub-rule assigned,1,Abreviaturas — No sub-rule assigned | Cambios — Deleción,False,traído dicho
2383,Llama 3.3 70B · 12 000 TPM,treinta,1,1,1,1,treinta,BnF_117_13,bnf_117,Paco,Cambios,Sustitución,1,Cambios — Sustitución,False,treinta
2384,Llama 3.3 70B · 12 000 TPM,"tres, hago",1,1,1,1,"tres, hago",BnF_244_03,bnf_244,Arturo,Puntuación,"Coma (,)",1,"Puntuación — Coma (,)",False,"tres, hago"
2385,Llama 3.3 70B · 12 000 TPM,"tres, y",1,1,1,1,"tres, y",BnF_032_23,bnf_032,Arturo,Puntuación,"Coma (,)",1,"Puntuación — Coma (,)",False,"tres, y"
2386,GPT OSS 120B · 8 000 TPM,treze,1,1,1,1,treze,AGI_CONTRATACION_1183_N8_78,agi_contratacion,Adriana,Filológicas - mecánicas,Regularización de sibilantes,1,Filológicas - mecánicas — Regularización de sibilantes,False,treze
2387,GPT OSS 120B · 8 000 TPM,tributación,1,1,1,1,tributación,AGS_CE_RG_L379_01,ags_ce,Javier,Cambios,Sustitución,1,Cambios — Sustitución,False,tributación
2388,Llama 3.3 70B · 12 000 TPM,tributantes.,1,1,1,1,tributantes.,Mechoacan_Yurirapundaro_2,mechoacan_yurirapundaro,Arturo,Puntuación,Punto (.),1,Puntuación — Punto (.),False,tributantes.
2389,Llama 3.3 70B · 12 000 TPM,trigo,1,1,1,1,trigo,BnF_264_12,bnf_264,Edna,Cambios,Sustitución,1,Cambios — Sustitución,False,trigo
2390,GPT OSS 120B · 8 000 TPM,trinydad,1,1,1,1,trinydad,BnF_112_04,bnf_112,Paloma,Filológicas - instrucciones,Regularización de i/y vocálicas,1,Filológicas - instrucciones — Regularización de i/y vocálicas,False,trinydad
2391,Llama 3.3 70B · 12 000 TPM,trozo,1,1,1,1,trozo,BnF_110_33,bnf_110,Alba,Abreviaturas,No sub-rule assigned,1,Abreviaturas — No sub-rule assigned,False,trozo
2392,GPT OSS 120B · 8 000 TPM,trra,1,1,1,1,trra,AGI_PATRONATO_181_R13_1,agi_patronato,Paloma,Abreviaturas,No sub-rule assigned,1,Abreviaturas — No sub-rule assigned | Cambios — Deleción,False,trra
2393,Llama 3.3 70B · 12 000 TPM,truxeron,1,1,1,1,truxeron,BnF_264_03,bnf_264,Adriana,Filológicas - instrucciones,x sibilante → j,1,Filológicas - instrucciones — x sibilante → j,False,truxeron
2394,Llama 3.3 70B · 12 000 TPM,trã¡igola,1,1,1,1,trÃ¡igola,BnF_266_05,bnf_266,Adriana,Cambios,Otros,1,Cambios — Otros | Cambios — Sustitución,False,trã¡igola
2395,GPT OSS 120B · 8 000 TPM,tubieredes,1,1,1,1,tubieredes,AGN_Mercedes_v003_exp520,agn_mercedes,Alba,Filológicas - instrucciones,Regularización de labiales (b/v),1,Filológicas - instrucciones — Regularización de labiales (b/v),False,tubieredes
2396,GPT OSS 120B · 8 000 TPM,tubieron,1,1,1,1,tubieron,BnF_111_20,bnf_111,Flor,Filológicas - instrucciones,Regularización de labiales (b/v),1,Filológicas - instrucciones — Regularización de labiales (b/v),False,tubieron
2397,Llama 3.3 70B · 12 000 TPM,tubiese,1,1,1,1,tubiese,BnF_118_03,bnf_118,Paloma,Filológicas - instrucciones,Regularización de labiales (b/v),1,Filológicas - instrucciones — Regularización de labiales (b/v),False,tubiese
2398,GPT OSS 120B · 8 000 TPM,tura,1,1,1,1,tura,BnF_112_25,bnf_112,Paco,Cambios,Inserción,1,Cambios — Inserción,False,tura
2399,GPT OSS 120B · 8 000 TPM,turales,1,1,1,1,turales,AGN_Indios_v002_exp835,agn_indios,Paloma,Cambios,Deleción,1,Cambios — Deleción,False,turales
2400,Llama 3.3 70B · 12 000 TPM,turall,1,1,1,1,turall,BnF_118_03,bnf_118,Paloma,Abreviaturas,No sub-rule assigned,1,Abreviaturas — No sub-rule assigned,False,turall
2401,Llama 3.3 70B · 12 000 TPM,turno salen,1,1,1,1,turno salen,AGI_INDIFERENTE_1529_N36_07,agi_indiferente,Rodrigo,Cambios,Deleción,1,Cambios — Deleción | Cambios — Sustitución,False,turno salen
2402,Llama 3.3 70B · 12 000 TPM,tuviera,1,1,1,1,tuviera,BP_CM_32386_007_2,bp_cm,Rodrigo,Cambios,Sustitución,1,Cambios — Sustitución,False,tuviera
2403,Llama 3.3 70B · 12 000 TPM,tuviere,1,1,1,1,tuviere,BnF_118_05,bnf_118,Alba,Cambios,No sub-rule assigned,1,Cambios — No sub-rule assigned,False,tuviere
2404,Llama 3.3 70B · 12 000 TPM,tuzantla,1,1,1,1,tuzantla,BnF_267_23,bnf_267,Paco,Cambios,Sustitución,1,Cambios — Sustitución,False,tuzantla
2405,GPT OSS 120B · 8 000 TPM,tyniente,1,1,1,1,tyniente,BnF_104_2,bnf_104,Paco,Filológicas - instrucciones,No sub-rule assigned,1,Filológicas - instrucciones — No sub-rule assigned,False,tyniente
2406,Llama 3.3 70B · 12 000 TPM,tzicatacoya,1,1,1,1,tzicatacoya,AGI_INDIFERENTE_1529_N36_07,agi_indiferente,Rodrigo,Cambios,Otros,1,Cambios — Otros,False,tzicatacoya
2407,GPT OSS 120B · 8 000 TPM,tã©rminos,1,1,1,1,tÃ©rminos,AGN_Mercedes_v003_exp520,agn_mercedes,Alba,Acentuación,No sub-rule assigned,1,Acentuación — No sub-rule assigned | Cambios — Otros,False,tã©rminos
2408,Llama 3.3 70B · 12 000 TPM,u dcxxi,1,1,1,1,U dcxxi,AGN_HospJesus_c205_exp041_04,agn_hospjesus,Flor,Cambios,Otros,1,Cambios — Otros,False,u dcxxi
2409,GPT OSS 120B · 8 000 TPM,ubiere,1,1,1,1,ubiere,AGN_IndiferenteVirreinal_caja4071_exp024_2,agn_indiferentevirreinal,Paloma,Filológicas - instrucciones,Regularización de H etimológica,1,Filológicas - instrucciones — Regularización de H etimológica | Filológicas - instrucciones — Regularización de labiales (b/v),False,ubiere
2410,Llama 3.3 70B · 12 000 TPM,un,1,1,1,1,un,utblac_wbs_1433_duplicated_1,utblac_wbs,Rodrigo,Cambios,Inserción,1,Cambios — Inserción,False,un
2411,Llama 3.3 70B · 12 000 TPM,un gran,1,1,1,1,un gran,utblac_wbs_1433_duplicated_1,utblac_wbs,Rodrigo,Cambios,Deleción,1,Cambios — Deleción | Cambios — Sustitución,False,un gran
2412,Llama 3.3 70B · 12 000 TPM,un venado,1,1,1,1,un venado,BnF_264_12,bnf_264,Edna,Cambios,Deleción,1,Cambios — Deleción,False,un venado
2413,Llama 3.3 70B · 12 000 TPM,una,1,1,1,1,Una,BnF_174_04,bnf_174,Paloma,Cambios,Sustitución,1,Cambios — Sustitución,False,una
2414,Llama 3.3 70B · 12 000 TPM,una campaña,1,1,1,1,una campaña,BnF_283_03,bnf_283,Edna,Cambios,Inserción,1,Cambios — Inserción,False,una campaña
2415,Llama 3.3 70B · 12 000 TPM,undécima,1,1,1,1,undécima,BnF_394_07,bnf_394,Rodrigo,Cambios,Sustitución,1,Cambios — Sustitución,False,undécima
2416,Llama 3.3 70B · 12 000 TPM,"uso, que",1,1,1,1,"uso, que",BnF_174_03,bnf_174,Arturo,Puntuación,"Coma (,)",1,"Puntuación — Coma (,)",False,"uso, que"
2417,GPT OSS 120B · 8 000 TPM,v ala.,1,1,1,1,v ala.,BnF_116_02,bnf_116,Paco,Abreviaturas,Expansión completa,1,Abreviaturas — Expansión completa,False,v ala.
2418,GPT OSS 120B · 8 000 TPM,v s ilma,1,1,1,1,v s Ilma,BnF_112_02,bnf_112,Arturo,Abreviaturas,Expansión completa,1,Abreviaturas — Expansión completa,False,v s ilma
2419,Llama 3.3 70B · 12 000 TPM,v.,1,1,1,1,V.,BnF_118_06,bnf_118,Edna,Abreviaturas,No sub-rule assigned,1,Abreviaturas — No sub-rule assigned,False,v.
2420,GPT OSS 120B · 8 000 TPM,v. m. r. d,1,1,1,1,V. M. R. D,AGN_RealesCedDup_v030_exp874,agn_realesceddup,Alba,Abreviaturas,"Excepciones (desto/a/os, dello/a/os)",1,"Abreviaturas — Excepciones (desto/a/os, dello/a/os)",False,v. m. r. d
2421,Llama 3.3 70B · 12 000 TPM,v. r.,1,1,1,1,V. R.,BnF_174_04,bnf_174,Paloma,Abreviaturas,No sub-rule assigned,1,Abreviaturas — No sub-rule assigned,False,v. r.
2422,Llama 3.3 70B · 12 000 TPM,v.e.,1,1,1,1,V.E.,AGN_Congregaciones_v001_exp076,agn_congregaciones,Javier,Abreviaturas,Expansión completa,1,Abreviaturas — Expansión completa,False,v.e.
2423,Llama 3.3 70B · 12 000 TPM,v.s,1,1,1,1,V.S,BnF_117_14,bnf_117,Alba,Abreviaturas,Expansión completa,1,Abreviaturas — Expansión completa,False,v.s
2424,Llama 3.3 70B · 12 000 TPM,va sa,1,1,1,1,Va Sa,BnF_266_03,bnf_266,Rodrigo,Abreviaturas,Expansión completa,1,Abreviaturas — Expansión completa,False,va sa
2425,Llama 3.3 70B · 12 000 TPM,vagar,1,1,1,1,vagar,UIA_Ms149_Exp3_31,uia_ms149,Alba,Filológicas - instrucciones,Regularización de labiales (b/v),1,Filológicas - instrucciones — Regularización de labiales (b/v),False,vagar
2426,GPT OSS 120B · 8 000 TPM,valdrã¡,1,1,1,1,ValdrÃ¡,BNE_ms3047_1,bne_ms3047,Rodrigo,Cambios,Otros,1,Cambios — Otros,False,valdrã¡
2427,Llama 3.3 70B · 12 000 TPM,valederas.,1,1,1,1,valederas.,AGN_Tierras_v039-2_exp003_41,agn_tierras,Flor,Puntuación,No sub-rule assigned,1,Puntuación — No sub-rule assigned,False,valederas.
2428,GPT OSS 120B · 8 000 TPM,valerá,1,1,1,1,valerá,BNE_ms3047_1,bne_ms3047,Rodrigo,Cambios,Sustitución,1,Cambios — Sustitución,False,valerá
2429,Llama 3.3 70B · 12 000 TPM,valga. para,1,1,1,1,valga. Para,LoC_HPKraus_146_new_13,loc_hpkraus,Paco,Cambios,Deleción,1,Cambios — Deleción,False,valga. para
2430,Llama 3.3 70B · 12 000 TPM,valieran,1,1,1,1,valieran,BnF_283_05,bnf_283,Alba,Cambios,Inserción,1,Cambios — Inserción | Cambios — Sustitución,False,valieran
2431,GPT OSS 120B · 8 000 TPM,valle,1,1,1,1,valle,BNE_ms3047_1,bne_ms3047,Rodrigo,Abreviaturas,Expansión completa,1,Abreviaturas — Expansión completa | Cambios — Sustitución,False,valle
2432,Llama 3.3 70B · 12 000 TPM,"valor, por",1,1,1,1,"valor, por",BnF_266_07,bnf_266,Paco,Puntuación,"Coma (,)",1,"Puntuación — Coma (,)",False,"valor, por"
2433,Llama 3.3 70B · 12 000 TPM,vaso,1,1,1,1,vaso,BnF_266_03,bnf_266,Rodrigo,Cambios,Sustitución,1,Cambios — Sustitución,False,vaso
2434,Llama 3.3 70B · 12 000 TPM,vastante,1,1,1,1,vastante,UIA_Ms149_Exp3_04,uia_ms149,Alba,Filológicas - instrucciones,Regularización de labiales (b/v),1,Filológicas - instrucciones — Regularización de labiales (b/v),False,vastante
2435,Llama 3.3 70B · 12 000 TPM,vaya,1,1,1,1,vaya,AGN_Inquisicion_v1570A_exp134_fs159-160v_02,agn_inquisicion,Adriana,Cambios,Sustitución,1,Cambios — Sustitución,False,vaya
2436,GPT OSS 120B · 8 000 TPM,vazas,1,1,1,1,vazas,AGN_GralParte_v006_exp617_01,agn_gralparte,Rodrigo,Cambios,Otros,1,Cambios — Otros,False,vazas
2437,Llama 3.3 70B · 12 000 TPM,vedor,1,1,1,1,vedor,BnF_119-148_18,bnf_119-148,Arturo,Cambios,Deleción,1,Cambios — Deleción,False,vedor
2438,Llama 3.3 70B · 12 000 TPM,veinticinco,1,1,1,1,veinticinco,BnF_075_003,bnf_075,Adriana,Cambios,Sustitución,1,Cambios — Sustitución,False,veinticinco
2439,Llama 3.3 70B · 12 000 TPM,veintidós,1,1,1,1,veintidós,AGN_IndiferenteVirreinal_caja4071_exp024_1,agn_indiferentevirreinal,Rodrigo,Cambios,Deleción,1,Cambios — Deleción | Cambios — Sustitución,False,veintidós
2440,Llama 3.3 70B · 12 000 TPM,veintiocho,1,1,1,1,veintiocho,BnF_075_003,bnf_075,Adriana,Cambios,Sustitución,1,Cambios — Sustitución,False,veintiocho
2441,Llama 3.3 70B · 12 000 TPM,veintiséis,1,1,1,1,veintiséis,utblac_wbs_0912a_duplicated,utblac_wbs,Arturo,Cambios,Sustitución,1,Cambios — Sustitución,False,veintiséis
2442,Llama 3.3 70B · 12 000 TPM,veintiuno,1,1,1,1,veintiuno,BnF_119-148_18,bnf_119-148,Arturo,Cambios,Sustitución,1,Cambios — Sustitución,False,veintiuno
2443,Llama 3.3 70B · 12 000 TPM,veintiún,1,1,1,1,veintiún,BnF_116_07,bnf_116,Adriana,Cambios,Sustitución,1,Cambios — Sustitución,False,veintiún
2444,Llama 3.3 70B · 12 000 TPM,velas,1,1,1,1,velas,BnF_266_10,bnf_266,Flor,Puntuación,Punto (.),1,Puntuación — Punto (.),False,velas
2445,GPT OSS 120B · 8 000 TPM,velasqz,1,1,1,1,Velasqz,AGN_Indios_v019_exp354_2,agn_indios,Alba,Abreviaturas,Expansión completa,1,Abreviaturas — Expansión completa,False,velasqz
2446,GPT OSS 120B · 8 000 TPM,velaz,1,1,1,1,velaz,AGN_AHHacienda_v268_exp046_01,agn_ahhacienda,Adriana,Puntuación,Punto (.),1,Puntuación — Punto (.),False,velaz
2447,GPT OSS 120B · 8 000 TPM,vendido,1,1,1,1,vendido,BnF_112_02,bnf_112,Arturo,Puntuación,No sub-rule assigned,1,Puntuación — No sub-rule assigned,False,vendido
2448,Llama 3.3 70B · 12 000 TPM,vendido,1,1,1,1,vendido,BnF_117_14,bnf_117,Alba,Cambios,Sustitución,1,Cambios — Sustitución,False,vendido
2449,Llama 3.3 70B · 12 000 TPM,veracruz.,1,1,1,1,Veracruz.,AGN_Tierras_v039-2_exp003_41,agn_tierras,Flor,Puntuación,Punto (.),1,Puntuación — Punto (.),False,veracruz.
2450,Llama 3.3 70B · 12 000 TPM,veracruz. oro,1,1,1,1,Veracruz. Oro,AGN_HospJesus_c205_exp041_04,agn_hospjesus,Flor,Puntuación,Punto (.),1,Puntuación — Punto (.),False,veracruz. oro
2451,Llama 3.3 70B · 12 000 TPM,veras,1,1,1,1,veras,BP_CM_R481_071_2,bp_cm,Adriana,Cambios,Deleción,1,Cambios — Deleción | Cambios — Sustitución,False,veras
2452,Llama 3.3 70B · 12 000 TPM,"verdad, va",1,1,1,1,"verdad, va",BnF_032_23,bnf_032,Arturo,Puntuación,"Coma (,)",1,"Puntuación — Coma (,)",False,"verdad, va"
2453,Llama 3.3 70B · 12 000 TPM,"verdadero, y",1,1,1,1,"verdadero, y",AGN_HospJesus_c474_leg267-2_exp024_7473-7537_10,agn_hospjesus,Arturo,Puntuación,"Coma (,)",1,"Puntuación — Coma (,)",False,"verdadero, y"
2454,Llama 3.3 70B · 12 000 TPM,"verificado, lo",1,1,1,1,"verificado, lo",BnF_174_03,bnf_174,Arturo,Puntuación,"Coma (,)",1,"Puntuación — Coma (,)",False,"verificado, lo"
2455,Llama 3.3 70B · 12 000 TPM,verlos;,1,1,1,1,verlos;,BnF_167_04,bnf_167,Javier,Puntuación,"Coma (,)",1,"Puntuación — Coma (,)",False,verlos;
2456,Llama 3.3 70B · 12 000 TPM,veréis,1,1,1,1,veréis,utblac_wbs_1433_duplicated_1,utblac_wbs,Rodrigo,Cambios,Sustitución,1,Cambios — Sustitución,False,veréis
2457,GPT OSS 120B · 8 000 TPM,veynte,1,1,1,1,veynte,BnF_112_23,bnf_112,Edna,Filológicas - instrucciones,Regularización de i/y vocálicas,1,Filológicas - instrucciones — Regularización de i/y vocálicas,False,veynte
2458,Llama 3.3 70B · 12 000 TPM,vezina,1,1,1,1,vezina,BnF_118_03,bnf_118,Paloma,Filológicas - mecánicas,Regularización de sibilantes,1,Filológicas - mecánicas — Regularización de sibilantes,False,vezina
2459,Llama 3.3 70B · 12 000 TPM,"vezindar, y",1,1,1,1,"vezindar, y",AGN_Indios_v009_exp002_fs3v-4_01,agn_indios,Arturo,Filológicas - mecánicas,Regularización de sibilantes,1,"Filológicas - mecánicas — Regularización de sibilantes | Puntuación — Coma (,)",False,"vezindar, y"
2460,Llama 3.3 70B · 12 000 TPM,vezindarse,1,1,1,1,vezindarse,AGN_Indios_v009_exp002_fs3v-4_01,agn_indios,Arturo,Filológicas - mecánicas,Regularización de vibrantes,1,Filológicas - mecánicas — Regularización de vibrantes,False,vezindarse
2461,GPT OSS 120B · 8 000 TPM,vezio,1,1,1,1,vezio,AGN_GralParte_v006_exp617_01,agn_gralparte,Rodrigo,Abreviaturas,Expansión completa,1,Abreviaturas — Expansión completa,False,vezio
2462,Llama 3.3 70B · 12 000 TPM,vicitador,1,1,1,1,Vicitador,BnF_174_03,bnf_174,Arturo,Filológicas - mecánicas,Regularización de sibilantes,1,Filológicas - mecánicas — Regularización de sibilantes,False,vicitador
2463,Llama 3.3 70B · 12 000 TPM,vida,1,1,1,1,vida,BP_CM_R481_071_3,bp_cm,Javier,Cambios,Deleción,1,Cambios — Deleción,False,vida
2464,Llama 3.3 70B · 12 000 TPM,vide,1,1,1,1,vide,BnF_266_03,bnf_266,Rodrigo,Acentuación,No sub-rule assigned,1,Acentuación — No sub-rule assigned,False,vide
2465,Llama 3.3 70B · 12 000 TPM,vien,1,1,1,1,vien,BnF_243_16,bnf_243,Rodrigo,Filológicas - instrucciones,Regularización de labiales (b/v),1,Filológicas - instrucciones — Regularización de labiales (b/v),False,vien
2466,Llama 3.3 70B · 12 000 TPM,vienes,1,1,1,1,vienes,AGN_AHHacienda_v268_exp046_02,agn_ahhacienda,Paloma,Filológicas - instrucciones,Regularización de labiales (b/v),1,Filológicas - instrucciones — Regularización de labiales (b/v),False,vienes
2467,Llama 3.3 70B · 12 000 TPM,vientos,1,1,1,1,vientos,BP_CM_32386_007_2,bp_cm,Rodrigo,Cambios,Sustitución,1,Cambios — Sustitución,False,vientos
2468,Llama 3.3 70B · 12 000 TPM,viera,1,1,1,1,viera,BnF_111_27,bnf_111,Alba,Cambios,Sustitución,1,Cambios — Sustitución,False,viera
2469,Llama 3.3 70B · 12 000 TPM,vierais,1,1,1,1,vierais,BnF_119-148_18,bnf_119-148,Arturo,Cambios,Sustitución,1,Cambios — Sustitución,False,vierais
2470,Llama 3.3 70B · 12 000 TPM,vieran,1,1,1,1,vieran,AGN_GralParte_v006_exp617_02,agn_gralparte,Rodrigo,Cambios,Sustitución,1,Cambios — Sustitución,False,vieran
2471,Llama 3.3 70B · 12 000 TPM,vieseis,1,1,1,1,vieseis,UIA_Ms149_Exp2_51,uia_ms149,Arturo,Cambios,Sustitución,1,Cambios — Sustitución,False,vieseis
2472,Llama 3.3 70B · 12 000 TPM,villa,1,1,1,1,villa,BnF_394_10,bnf_394,Flor,Cambios,Sustitución,1,Cambios — Sustitución,False,villa
2473,Llama 3.3 70B · 12 000 TPM,villete,1,1,1,1,villete,AGN_AHHacienda_v268_exp046_02,agn_ahhacienda,Paloma,Abreviaturas,Expansión completa,1,Abreviaturas — Expansión completa | Filológicas - instrucciones — Regularización de labiales (b/v),False,villete
2474,Llama 3.3 70B · 12 000 TPM,"vinieron, y",1,1,1,1,"vinieron, y",BnF_032_23,bnf_032,Arturo,Puntuación,"Coma (,)",1,"Puntuación — Coma (,)",False,"vinieron, y"
2475,Llama 3.3 70B · 12 000 TPM,vinieseis,1,1,1,1,vinieseis,UIA_Ms149_Exp2_51,uia_ms149,Arturo,Cambios,Sustitución,1,Cambios — Sustitución,False,vinieseis
2476,Llama 3.3 70B · 12 000 TPM,vinisteis,1,1,1,1,vinisteis,UIA_Ms149_Exp2_51,uia_ms149,Arturo,Cambios,Inserción,1,Cambios — Inserción | Cambios — Sustitución,False,vinisteis
2477,Llama 3.3 70B · 12 000 TPM,vio que,1,1,1,1,vio que,BnF_266_03,bnf_266,Rodrigo,Cambios,Deleción,1,Cambios — Deleción | Cambios — Sustitución,False,vio que
2478,GPT OSS 120B · 8 000 TPM,virey,1,1,1,1,viRey,AMP_AC_v021__doc026_1,amp_ac,Rodrigo,Cambios,Otros,1,Cambios — Otros | Filológicas - mecánicas — No sub-rule assigned,False,virey
2479,Llama 3.3 70B · 12 000 TPM,virreyes y sus,1,1,1,1,Virreyes y sus,BnF_243_18,bnf_243,Adriana,Cambios,Inserción,1,Cambios — Inserción,False,virreyes y sus
2480,GPT OSS 120B · 8 000 TPM,visto por,1,1,1,1,visto Por,AGN_GralParte_v006_exp617_01,agn_gralparte,Rodrigo,Cambios,Otros,1,"Cambios — Otros | Puntuación — Coma (,)",False,visto por
2481,Llama 3.3 70B · 12 000 TPM,vivirás,1,1,1,1,vivirás,BnF_266_06,bnf_266,Adriana,Cambios,Sustitución,1,Cambios — Sustitución,False,vivirás
2482,Llama 3.3 70B · 12 000 TPM,vixia,1,1,1,1,Vixia,BnF_266_03,bnf_266,Rodrigo,Filológicas - instrucciones,Regularización de labiales (b/v),1,Filológicas - instrucciones — Regularización de labiales (b/v) | Filológicas - instrucciones — x sibilante → j,False,vixia
2483,GPT OSS 120B · 8 000 TPM,vlld,1,1,1,1,Vlld,BNE_ms3047_1,bne_ms3047,Rodrigo,Abreviaturas,Expansión completa,1,Abreviaturas — Expansión completa,False,vlld
2484,Llama 3.3 70B · 12 000 TPM,vmd.,1,1,1,1,Vmd.,BnF_167_29,bnf_167,Adriana,Abreviaturas,Expansión completa,1,Abreviaturas — Expansión completa,False,vmd.
2485,GPT OSS 120B · 8 000 TPM,vno,1,1,1,1,vno,BnF_113_22,bnf_113,Paloma,Filológicas - instrucciones,Regularización de labiales (b/v),1,Filológicas - instrucciones — Regularización de labiales (b/v),False,vno
2486,Llama 3.3 70B · 12 000 TPM,voluntad,1,1,1,1,voluntad,AGN_HospJesus_c474_leg267-2_exp024_7473-7537_02,agn_hospjesus,Paco,Puntuación,Punto (.),1,Puntuación — Punto (.),False,voluntad
2487,Llama 3.3 70B · 12 000 TPM,voluntad. conforme,1,1,1,1,voluntad. Conforme,BnF_243_16,bnf_243,Rodrigo,Puntuación,"Coma (,)",1,"Puntuación — Coma (,)",False,voluntad. conforme
2488,Llama 3.3 70B · 12 000 TPM,volvió,1,1,1,1,Volvió,BnF_266_07,bnf_266,Paco,Cambios,Deleción,1,Cambios — Deleción,False,volvió
2489,Llama 3.3 70B · 12 000 TPM,vos,1,1,1,1,vos,BnF_118_06,bnf_118,Edna,Cambios,Deleción,1,Cambios — Deleción,False,vos
2490,Llama 3.3 70B · 12 000 TPM,"vos,",1,1,1,1,"vos,",UIA_Ms149_Exp2_51,uia_ms149,Arturo,Puntuación,"Coma (,)",1,"Puntuación — Coma (,)",False,"vos,"
2491,GPT OSS 120B · 8 000 TPM,vros,1,1,1,1,vros,AGN_Mercedes_v003_exp520,agn_mercedes,Alba,Abreviaturas,No sub-rule assigned,1,Abreviaturas — No sub-rule assigned,False,vros
2492,GPT OSS 120B · 8 000 TPM,vs.,1,1,1,1,vs.,BnF_112_02,bnf_112,Arturo,Abreviaturas,Expansión completa,1,Abreviaturas — Expansión completa,False,vs.
2493,GPT OSS 120B · 8 000 TPM,vzo,1,1,1,1,Vzo,AGN_RealesCedDup_v050_exp062,agn_realesceddup,Paloma,Abreviaturas,Expansión completa,1,Abreviaturas — Expansión completa,False,vzo
2494,Llama 3.3 70B · 12 000 TPM,vázquez,1,1,1,1,Vázquez,BnF_264_12,bnf_264,Edna,Cambios,Sustitución,1,Cambios — Sustitución,False,vázquez
2495,GPT OSS 120B · 8 000 TPM,xalpantepeq,1,1,1,1,xalpantepeq,BnF_113_04,bnf_113,Paco,Abreviaturas,Expansión completa,1,Abreviaturas — Expansión completa,False,xalpantepeq
2496,Llama 3.3 70B · 12 000 TPM,xci,1,1,1,1,xci,AGN_HospJesus_c205_exp041_04,agn_hospjesus,Flor,Cambios,Otros,1,Cambios — Otros,False,xci
2497,Llama 3.3 70B · 12 000 TPM,xicaras,1,1,1,1,xicaras,BnF_266_06,bnf_266,Adriana,Filológicas - instrucciones,x sibilante → j,1,Filológicas - instrucciones — x sibilante → j,False,xicaras
2498,Llama 3.3 70B · 12 000 TPM,xico,1,1,1,1,Xico,BnF_032_33,bnf_032,Adriana,Abreviaturas,Expansión completa,1,Abreviaturas — Expansión completa,False,xico
2499,Llama 3.3 70B · 12 000 TPM,xicotepec,1,1,1,1,Xicotepec,BnF_113_43,bnf_113,Paloma,Cambios,Sustitución,1,Cambios — Sustitución,False,xicotepec
2500,Llama 3.3 70B · 12 000 TPM,xlv,1,1,1,1,xlv,AGN_HospJesus_c205_exp041_04,agn_hospjesus,Flor,Cambios,Otros,1,Cambios — Otros,False,xlv
2501,GPT OSS 120B · 8 000 TPM,xoares,1,1,1,1,xoares,BnF_113_22,bnf_113,Paloma,Filológicas - instrucciones,x sibilante → j,1,Filológicas - instrucciones — x sibilante → j,False,xoares
2502,Llama 3.3 70B · 12 000 TPM,xolotzin,1,1,1,1,Xolotzin,BnF_243_18,bnf_243,Adriana,Cambios,Sustitución,1,Cambios — Sustitución,False,xolotzin
2503,GPT OSS 120B · 8 000 TPM,xpoval,1,1,1,1,Xpoval,AGI_INDIFERENTE_2065_N45_09,agi_indiferente,Rodrigo,Abreviaturas,Expansión completa,1,Abreviaturas — Expansión completa,False,xpoval
2504,Llama 3.3 70B · 12 000 TPM,xxii,1,1,1,1,xxii,AGN_HospJesus_c205_exp041_04,agn_hospjesus,Flor,Cambios,Otros,1,Cambios — Otros,False,xxii
2505,Llama 3.3 70B · 12 000 TPM,xxiii,1,1,1,1,xxiii,AGN_HospJesus_c205_exp041_04,agn_hospjesus,Flor,Cambios,Otros,1,Cambios — Otros,False,xxiii
2506,GPT OSS 120B · 8 000 TPM,xúarez,1,1,1,1,Xúarez,AGI_INDIFERENTE_2065_N45_09,agi_indiferente,Rodrigo,Filológicas - instrucciones,x sibilante → j,1,Filológicas - instrucciones — x sibilante → j,False,xúarez
2507,Llama 3.3 70B · 12 000 TPM,y 7 de enero,1,1,1,1,y 7 de enero,BnF_118_03,bnf_118,Paloma,Cambios,Deleción,1,Cambios — Deleción,False,y 7 de enero
2508,Llama 3.3 70B · 12 000 TPM,y acabar,1,1,1,1,y acabar,BnF_104_3,bnf_104,Alba,Cambios,Deleción,1,Cambios — Deleción,False,y acabar
2509,Llama 3.3 70B · 12 000 TPM,y aquí,1,1,1,1,y aquí,BnF_032_23,bnf_032,Arturo,Puntuación,"Coma (,)",1,"Puntuación — Coma (,)",False,y aquí
2510,Llama 3.3 70B · 12 000 TPM,y de,1,1,1,1,y de,BnF_119-148_16,bnf_119-148,Flor,Cambios,Sustitución,1,Cambios — Sustitución,False,y de
2511,Llama 3.3 70B · 12 000 TPM,"y debido,",1,1,1,1,"y debido,",AGN_AHHacienda_v268_exp046_02,agn_ahhacienda,Paloma,Cambios,Inserción,1,Cambios — Inserción,False,"y debido,"
2512,GPT OSS 120B · 8 000 TPM,y dios,1,1,1,1,y dios,BnF_075_014,bnf_075,Alba,Filológicas - instrucciones,Regularización de i/y vocálicas,1,Filológicas - instrucciones — Regularización de i/y vocálicas,False,y dios
2513,GPT OSS 120B · 8 000 TPM,y estaban,1,1,1,1,y estaban,BnF_075_014,bnf_075,Alba,Cambios,Deleción,1,Cambios — Deleción,False,y estaban
2514,Llama 3.3 70B · 12 000 TPM,y fenecer,1,1,1,1,y fenecer,BnF_104_3,bnf_104,Alba,Cambios,Inserción,1,Cambios — Inserción,False,y fenecer
2515,Llama 3.3 70B · 12 000 TPM,y firmólo,1,1,1,1,y firmólo,BnF_111_22,bnf_111,Paloma,Cambios,Sustitución,1,Cambios — Sustitución,False,y firmólo
2516,Llama 3.3 70B · 12 000 TPM,y juan,1,1,1,1,y Juan,BnF_243_17,bnf_243,Edna,Cambios,Deleción,1,Cambios — Deleción,False,y juan
2517,Llama 3.3 70B · 12 000 TPM,y la,1,1,1,1,y la,BnF_032_23,bnf_032,Arturo,Puntuación,"Coma (,)",1,"Puntuación — Coma (,)",False,y la
2518,Llama 3.3 70B · 12 000 TPM,y la heredera,1,1,1,1,y la heredera,BnF_243_18,bnf_243,Adriana,Cambios,Deleción,1,Cambios — Deleción | Cambios — Sustitución,False,y la heredera
2519,Llama 3.3 70B · 12 000 TPM,y lleva,1,1,1,1,Y lleva,BnF_264_12,bnf_264,Edna,Cambios,Deleción,1,Cambios — Deleción,False,y lleva
2520,Llama 3.3 70B · 12 000 TPM,y llevando,1,1,1,1,y llevando,BnF_174_05,bnf_174,Adriana,Cambios,Deleción,1,Cambios — Deleción,False,y llevando
2521,Llama 3.3 70B · 12 000 TPM,y los,1,1,1,1,y los,AGI_CONTRATACION_1089_N8_176,agi_contratacion,Flor,Cambios,Sustitución,1,Cambios — Sustitución,False,y los
2522,Llama 3.3 70B · 12 000 TPM,y ne,1,1,1,1,y Ne,BnF_110_29,bnf_110,Paloma,Abreviaturas,Expansión completa,1,Abreviaturas — Expansión completa | Cambios — Sustitución,False,y ne
2523,Llama 3.3 70B · 12 000 TPM,y no,1,1,1,1,y no,BnF_111_22,bnf_111,Paloma,Cambios,Sustitución,1,Cambios — Sustitución,False,y no
2524,Llama 3.3 70B · 12 000 TPM,y nunca,1,1,1,1,y nunca,AGN_HospJesus_c474_leg267-2_exp024_7473-7537_10,agn_hospjesus,Arturo,Puntuación,"Coma (,)",1,"Puntuación — Coma (,)",False,y nunca
2525,Llama 3.3 70B · 12 000 TPM,y oidores,1,1,1,1,y oidores,AGN_HospJesus_c474_leg267-2_exp024_7473-7537_10,agn_hospjesus,Arturo,Cambios,Sustitución,1,Cambios — Sustitución,False,y oidores
2526,Llama 3.3 70B · 12 000 TPM,y pagar,1,1,1,1,y pagar,BnF_118_03,bnf_118,Paloma,Cambios,Inserción,1,Cambios — Inserción,False,y pagar
2527,Llama 3.3 70B · 12 000 TPM,y preguntaba,1,1,1,1,y preguntaba,BnF_111_27,bnf_111,Alba,Cambios,Deleción,1,Cambios — Deleción,False,y preguntaba
2528,GPT OSS 120B · 8 000 TPM,y q,1,1,1,1,y q,AGN_RealesCedDup_v050_exp062,agn_realesceddup,Paloma,Abreviaturas,Expansión completa,1,Abreviaturas — Expansión completa,False,y q
2529,Llama 3.3 70B · 12 000 TPM,y que,1,1,1,1,y que,AGN_HospJesus_c474_leg267-2_exp024_7473-7537_10,agn_hospjesus,Arturo,Puntuación,"Coma (,)",1,"Puntuación — Coma (,)",False,y que
2530,Llama 3.3 70B · 12 000 TPM,y quitó,1,1,1,1,y quitó,BnF_266_07,bnf_266,Paco,Cambios,Sustitución,1,Cambios — Sustitución,False,y quitó
2531,Llama 3.3 70B · 12 000 TPM,y sacó,1,1,1,1,y sacó,BnF_266_07,bnf_266,Paco,Cambios,Sustitución,1,Cambios — Sustitución,False,y sacó
2532,Llama 3.3 70B · 12 000 TPM,y se,1,1,1,1,y se,BnF_264_12,bnf_264,Edna,Cambios,Inserción,1,Cambios — Inserción | Filológicas - instrucciones — Regularización de H etimológica | Filológicas - instrucciones — Regularización de i/y vocálicas,False,y se
2533,GPT OSS 120B · 8 000 TPM,y setenta,1,1,1,1,y setenta,BnF_104_2,bnf_104,Paco,Cambios,Deleción,1,Cambios — Deleción,False,y setenta
2534,Llama 3.3 70B · 12 000 TPM,y siendo,1,1,1,1,y siendo,BnF_111_22,bnf_111,Paloma,Abreviaturas,Expansión completa,1,Abreviaturas — Expansión completa | Cambios — Sustitución,False,y siendo
2535,Llama 3.3 70B · 12 000 TPM,y también,1,1,1,1,Y también,BnF_030_22,bnf_030,Paco,Cambios,Deleción,1,Cambios — Deleción | Cambios — Sustitución,False,y también
2536,Llama 3.3 70B · 12 000 TPM,y también digo,1,1,1,1,Y también digo,BnF_110_09,bnf_110,Alba,Cambios,Deleción,1,Cambios — Deleción,False,y también digo
2537,Llama 3.3 70B · 12 000 TPM,y todas,1,1,1,1,y todas,BnF_032_23,bnf_032,Arturo,Puntuación,"Coma (,)",1,"Puntuación — Coma (,)",False,y todas
2538,Llama 3.3 70B · 12 000 TPM,y tres,1,1,1,1,y tres,AGI_CONTRATACION_1089_N8_176,agi_contratacion,Flor,Cambios,Sustitución,1,Cambios — Sustitución,False,y tres
2539,Llama 3.3 70B · 12 000 TPM,y tuvieron solas dos,1,1,1,1,y tuvieron solas dos,BnF_243_18,bnf_243,Adriana,Cambios,Deleción,1,Cambios — Deleción,False,y tuvieron solas dos
2540,Llama 3.3 70B · 12 000 TPM,y un,1,1,1,1,y un,BnF_032_23,bnf_032,Arturo,Cambios,Sustitución,1,Cambios — Sustitución,False,y un
2541,Llama 3.3 70B · 12 000 TPM,y vista,1,1,1,1,y vista,BnF_110_29,bnf_110,Paloma,Cambios,Sustitución,1,Cambios — Sustitución,False,y vista
2542,Llama 3.3 70B · 12 000 TPM,y yo,1,1,1,1,y yo,BnF_032_23,bnf_032,Arturo,Cambios,Sustitución,1,Cambios — Sustitución,False,y yo
2543,GPT OSS 120B · 8 000 TPM,yaotl toribio,1,1,1,1,yaotl toribio,BnF_030_21,bnf_030,Edna,Puntuación,"Coma (,)",1,"Puntuación — Coma (,)",False,yaotl toribio
2544,GPT OSS 120B · 8 000 TPM,yaual diego,1,1,1,1,yaual diego,BnF_030_21,bnf_030,Edna,Puntuación,"Coma (,)",1,"Puntuación — Coma (,)",False,yaual diego
2545,GPT OSS 120B · 8 000 TPM,yden,1,1,1,1,yden,AGN_Mercedes_v003_exp520,agn_mercedes,Alba,Acentuación,No sub-rule assigned,1,Acentuación — No sub-rule assigned | Filológicas - instrucciones — Regularización de i/y vocálicas,False,yden
2546,Llama 3.3 70B · 12 000 TPM,yendo en esta nao,1,1,1,1,Yendo en esta nao,AGI_CONTRATACION_1089_N8_176,agi_contratacion,Flor,Cambios,Sustitución,1,Cambios — Sustitución,False,yendo en esta nao
2547,GPT OSS 120B · 8 000 TPM,yglecia,1,1,1,1,Yglecia,BNE_ms3047_4,bne_ms3047,Javier,Filológicas - instrucciones,Regularización de i/y vocálicas,1,Filológicas - instrucciones — Regularización de i/y vocálicas,False,yglecia
2548,Llama 3.3 70B · 12 000 TPM,ygnacio,1,1,1,1,Ygnacio,AGN_Marina_v031A_exp02_fs85-92_11,agn_marina,Adriana,Filológicas - instrucciones,Regularización de i/y vocálicas,1,Filológicas - instrucciones — Regularización de i/y vocálicas,False,ygnacio
2549,Llama 3.3 70B · 12 000 TPM,yja,1,1,1,1,yja,BnF_243_16,bnf_243,Rodrigo,Filológicas - instrucciones,Regularización de H etimológica,1,Filológicas - instrucciones — Regularización de H etimológica | Filológicas - instrucciones — Regularización de i/y vocálicas,False,yja
2550,GPT OSS 120B · 8 000 TPM,yllmo,1,1,1,1,yllmo,AGI_PATRONATO_182_R3_01,agi_patronato,Alba,Abreviaturas,Expansión completa,1,Abreviaturas — Expansión completa | Filológicas - instrucciones — Regularización de i/y vocálicas,False,yllmo
2551,GPT OSS 120B · 8 000 TPM,ymboca,1,1,1,1,ymboca,BnF_112_04,bnf_112,Paloma,Filológicas - instrucciones,Regularización de i/y vocálicas,1,Filológicas - instrucciones — Regularización de i/y vocálicas | Filológicas - instrucciones — Regularización de labiales (b/v),False,ymboca
2552,GPT OSS 120B · 8 000 TPM,ympedimento,1,1,1,1,ympedimento,AGN_GralParte_v006_exp617_01,agn_gralparte,Rodrigo,Filológicas - instrucciones,Regularización de i/y vocálicas,1,Filológicas - instrucciones — Regularización de i/y vocálicas,False,ympedimento
2553,Llama 3.3 70B · 12 000 TPM,ymperio,1,1,1,1,Ymperio,BnF_174_03,bnf_174,Arturo,Filológicas - instrucciones,Regularización de i/y vocálicas,1,Filológicas - instrucciones — Regularización de i/y vocálicas,False,ymperio
2554,GPT OSS 120B · 8 000 TPM,ympidiese,1,1,1,1,ympidiese,AGN_GralParte_v006_exp617_01,agn_gralparte,Rodrigo,Filológicas - instrucciones,Regularización de i/y vocálicas,1,Filológicas - instrucciones — Regularización de i/y vocálicas,False,ympidiese
2555,GPT OSS 120B · 8 000 TPM,yncurir,1,1,1,1,yncurir,AGN_Mercedes_v003_exp520,agn_mercedes,Alba,Filológicas - instrucciones,Regularización de i/y vocálicas,1,Filológicas - instrucciones — Regularización de i/y vocálicas,False,yncurir
2556,GPT OSS 120B · 8 000 TPM,yndia,1,1,1,1,yndia,BnF_112_04,bnf_112,Paloma,Filológicas - instrucciones,Regularización de i/y vocálicas,1,Filológicas - instrucciones — Regularización de i/y vocálicas,False,yndia
2557,Llama 3.3 70B · 12 000 TPM,yndias,1,1,1,1,yndias,AGI_CONTRATACION_1089_N8_151,agi_contratacion,Paco,Filológicas - mecánicas,No sub-rule assigned,1,Filológicas - mecánicas — No sub-rule assigned,False,yndias
2558,GPT OSS 120B · 8 000 TPM,ynes,1,1,1,1,ynes,BnF_112_23,bnf_112,Edna,Filológicas - instrucciones,Regularización de i/y vocálicas,1,Filológicas - instrucciones — Regularización de i/y vocálicas,False,ynes
2559,Llama 3.3 70B · 12 000 TPM,ynsos a,1,1,1,1,ynsos a,AGN_GralParte_v006_exp617_02,agn_gralparte,Rodrigo,Abreviaturas,Expansión completa,1,Abreviaturas — Expansión completa | Cambios — Deleción,False,ynsos a
2560,GPT OSS 120B · 8 000 TPM,ynterpetes,1,1,1,1,ynterpetes,BnF_032_36,bnf_032,Paco,Filológicas - instrucciones,No sub-rule assigned,1,Filológicas - instrucciones — No sub-rule assigned,False,ynterpetes
2561,GPT OSS 120B · 8 000 TPM,ynterpetre,1,1,1,1,ynterpetre,BnF_111_20,bnf_111,Flor,Filológicas - instrucciones,Regularización de i/y vocálicas,1,Filológicas - instrucciones — Regularización de i/y vocálicas,False,ynterpetre
2562,GPT OSS 120B · 8 000 TPM,ynterpetres,1,1,1,1,ynterpetres,BnF_111_20,bnf_111,Flor,Filológicas - instrucciones,Regularización de i/y vocálicas,1,Filológicas - instrucciones — Regularización de i/y vocálicas,False,ynterpetres
2563,GPT OSS 120B · 8 000 TPM,yos,1,1,1,1,yos,BNE_ms3047_1,bne_ms3047,Rodrigo,Abreviaturas,Expansión completa,1,Abreviaturas — Expansión completa | Cambios — Sustitución,False,yos
2564,GPT OSS 120B · 8 000 TPM,yra,1,1,1,1,yra,BnF_112_04,bnf_112,Paloma,Filológicas - instrucciones,Regularización de i/y vocálicas,1,Filológicas - instrucciones — Regularización de i/y vocálicas | Filológicas - instrucciones — Regularización de labiales (b/v),False,yra
2565,Llama 3.3 70B · 12 000 TPM,yran,1,1,1,1,yran,AGI_CONTRATACION_1089_N8_151,agi_contratacion,Paco,Acentuación,No sub-rule assigned,1,Acentuación — No sub-rule assigned | Filológicas - instrucciones — No sub-rule assigned,False,yran
2566,GPT OSS 120B · 8 000 TPM,yrian,1,1,1,1,yrian,BnF_111_20,bnf_111,Flor,Filológicas - instrucciones,Regularización de i/y vocálicas,1,Filológicas - instrucciones — Regularización de i/y vocálicas,False,yrian
2567,GPT OSS 120B · 8 000 TPM,ysabel,1,1,1,1,ysabel,BnF_112_25,bnf_112,Paco,Filológicas - instrucciones,No sub-rule assigned,1,Filológicas - instrucciones — No sub-rule assigned,False,ysabel
2568,GPT OSS 120B · 8 000 TPM,yslas,1,1,1,1,yslaS,AGN_RealesCedDup_v030_exp874,agn_realesceddup,Alba,Filológicas - instrucciones,Regularización de i/y vocálicas,1,Filológicas - instrucciones — Regularización de i/y vocálicas,False,yslas
2569,Llama 3.3 70B · 12 000 TPM,ytzcuauh,1,1,1,1,ytzcuauh,BnF_030_22,bnf_030,Paco,Cambios,Sustitución,1,Cambios — Sustitución,False,ytzcuauh
2570,Llama 3.3 70B · 12 000 TPM,yurirapúndaro,1,1,1,1,Yurirapúndaro,Mechoacan_Yurirapundaro_2,mechoacan_yurirapundaro,Arturo,Filológicas - instrucciones,No modificar otros idiomas,1,Filológicas - instrucciones — No modificar otros idiomas,False,yurirapúndaro
2571,GPT OSS 120B · 8 000 TPM,yy,1,1,1,1,Yy,AGN_RealesCedDup_v050_exp062,agn_realesceddup,Paloma,Filológicas - mecánicas,Simplificación de grupos consonánticos,1,Filológicas - mecánicas — Simplificación de grupos consonánticos,False,yy
2572,Llama 3.3 70B · 12 000 TPM,yzcatepec,1,1,1,1,yzcatepec,AGI_INDIFERENTE_1529_N36_07,agi_indiferente,Rodrigo,Cambios,Otros,1,Cambios — Otros,False,yzcatepec
2573,Llama 3.3 70B · 12 000 TPM,yzisteis,1,1,1,1,yzisteis,UIA_Ms149_Exp2_51,uia_ms149,Arturo,Filológicas - instrucciones,Regularización de H etimológica,1,Filológicas - instrucciones — Regularización de H etimológica | Filológicas - mecánicas — Regularización de sibilantes,False,yzisteis
2574,Llama 3.3 70B · 12 000 TPM,yzmi quilpa,1,1,1,1,Yzmi Quilpa,BnF_267_03,bnf_267,Paco,Cambios,Inserción,1,Cambios — Inserción,False,yzmi quilpa
2575,GPT OSS 120B · 8 000 TPM,yzquierdo,1,1,1,1,yzquierdo,AGI_CONTRATACION_1183_N8_78,agi_contratacion,Adriana,Filológicas - instrucciones,Regularización de i/y vocálicas,1,Filológicas - instrucciones — Regularización de i/y vocálicas,False,yzquierdo
2576,Llama 3.3 70B · 12 000 TPM,yztepeq,1,1,1,1,Yztepeq,BnF_267_03,bnf_267,Paco,Abreviaturas,Expansión completa,1,Abreviaturas — Expansión completa,False,yztepeq
2577,Llama 3.3 70B · 12 000 TPM,"yztlixuchil, y",1,1,1,1,"Yztlixuchil, y",BnF_243_18,bnf_243,Adriana,Cambios,Deleción,1,Cambios — Deleción,False,"yztlixuchil, y"
2578,Llama 3.3 70B · 12 000 TPM,zacate cada,1,1,1,1,zacate cada,BnF_030_22,bnf_030,Paco,Cambios,Deleción,1,Cambios — Deleción,False,zacate cada
2579,Llama 3.3 70B · 12 000 TPM,zelo,1,1,1,1,Zelo,BnF_174_03,bnf_174,Arturo,Filológicas - mecánicas,Regularización de sibilantes,1,Filológicas - mecánicas — Regularización de sibilantes,False,zelo
2580,Llama 3.3 70B · 12 000 TPM,"zelo, y",1,1,1,1,"Zelo, y",BnF_174_03,bnf_174,Arturo,Filológicas - mecánicas,Regularización de sibilantes,1,"Filológicas - mecánicas — Regularización de sibilantes | Puntuación — Coma (,)",False,"zelo, y"
2581,GPT OSS 120B · 8 000 TPM,zen,1,1,1,1,zen,BnF_113_22,bnf_113,Paloma,Filológicas - mecánicas,Regularización de sibilantes,1,Filológicas - mecánicas — Regularización de sibilantes,False,zen
2582,Llama 3.3 70B · 12 000 TPM,zimiento,1,1,1,1,zimiento,BP_CM_32386_007_2,bp_cm,Rodrigo,Filológicas - mecánicas,Regularización de sibilantes,1,Filológicas - mecánicas — Regularización de sibilantes,False,zimiento
2583,Llama 3.3 70B · 12 000 TPM,zoyatepec,1,1,1,1,zoyatepec,BnF_267_23,bnf_267,Paco,Abreviaturas,Expansión completa,1,Abreviaturas — Expansión completa | Cambios — Sustitución,False,zoyatepec
2584,Llama 3.3 70B · 12 000 TPM,zozoltin,1,1,1,1,zozoltin,BnF_118_03,bnf_118,Paloma,Cambios,Sustitución,1,Cambios — Sustitución,False,zozoltin
2585,Llama 3.3 70B · 12 000 TPM,álvaro,1,1,1,1,Álvaro,BnF_118_08,bnf_118,Arturo,Cambios,Sustitución,1,Cambios — Sustitución,False,álvaro
2586,GPT OSS 120B · 8 000 TPM,ángeles indio,1,1,1,1,ángeles indio,AGN_Indios_v009_exp003_fs4v-5_01,agn_indios,Arturo,Puntuación,No sub-rule assigned,1,Puntuación — No sub-rule assigned,False,ángeles indio
2587,Llama 3.3 70B · 12 000 TPM,ángeles. por,1,1,1,1,Ángeles. por,BnF_174_03,bnf_174,Arturo,Puntuación,Punto (.),1,Puntuación — Punto (.),False,ángeles. por
2588,Llama 3.3 70B · 12 000 TPM,"ánimos, y",1,1,1,1,"ánimos, y",BnF_174_03,bnf_174,Arturo,Puntuación,"Coma (,)",1,"Puntuación — Coma (,)",False,"ánimos, y"
2589,Llama 3.3 70B · 12 000 TPM,"ávalos, por",1,1,1,1,"Ávalos, por",utblac_wbs_0912a_duplicated,utblac_wbs,Arturo,Puntuación,"Coma (,)",1,"Puntuación — Coma (,)",False,"ávalos, por"
2590,Llama 3.3 70B · 12 000 TPM,"ñas, y",1,1,1,1,"ñas, y",BnF_244_03,bnf_244,Arturo,Puntuación,"Coma (,)",1,"Puntuación — Coma (,)",False,"ñas, y"
