filename_stem,reviewer_packet,annotation_json_path,modernised_txt_path,annotations_legend_path,entities_legend_path,annotation_json_found,modernised_txt_found,modernised_txt_in_export,annotations_legend_found,entities_legend_found
AGI_CONTRATACION_1091_N3_098,1,intermediate/extracted_exports/reviewer_packet_1/01_ANNOTATOR_2026-07-30T23_50_46_923Z_data_export/data_ANN_export_anotations/ANN_Documents/AGI_CONTRATACION_1091_N3_098_GT_moderno.ann.json,intermediate/extracted_exports/reviewer_packet_1/01_ANNOTATOR_2026-07-30T23_50_46_923Z_data_export/data_ANN_export_anotations/ANN_Documents/AGI_CONTRATACION_1091_N3_098_GT_moderno.txt,intermediate/extracted_exports/reviewer_packet_1/01_ANNOTATOR_2026-07-30T23_50_46_923Z_data_export/data_ANN_export_anotations/annotations-legend.json,raw/evaluacion_modernizador/modernisation_reviewer_1_packet/entities-legends_Modernizador.json,True,True,True,True,True
AGI_PATRONATO_182_R3_03,1,intermediate/extracted_exports/reviewer_packet_1/01_ANNOTATOR_2026-07-30T23_50_46_923Z_data_export/data_ANN_export_anotations/ANN_Documents/AGI_PATRONATO_182_R3_03_GT_moderno.ann.json,intermediate/extracted_exports/reviewer_packet_1/01_ANNOTATOR_2026-07-30T23_50_46_923Z_data_export/data_ANN_export_anotations/ANN_Documents/AGI_PATRONATO_182_R3_03_GT_moderno.txt,intermediate/extracted_exports/reviewer_packet_1/01_ANNOTATOR_2026-07-30T23_50_46_923Z_data_export/data_ANN_export_anotations/annotations-legend.json,raw/evaluacion_modernizador/modernisation_reviewer_1_packet/entities-legends_Modernizador.json,True,True,True,True,True
AGN_AHHacienda_v1292_exp135,1,intermediate/extracted_exports/reviewer_packet_1/01_ANNOTATOR_2026-07-30T23_50_46_923Z_data_export/data_ANN_export_anotations/ANN_Documents/AGN_AHHacienda_v1292_exp135_GT_moderno.ann.json,intermediate/extracted_exports/reviewer_packet_1/01_ANNOTATOR_2026-07-30T23_50_46_923Z_data_export/data_ANN_export_anotations/ANN_Documents/AGN_AHHacienda_v1292_exp135_GT_moderno.txt,intermediate/extracted_exports/reviewer_packet_1/01_ANNOTATOR_2026-07-30T23_50_46_923Z_data_export/data_ANN_export_anotations/annotations-legend.json,raw/evaluacion_modernizador/modernisation_reviewer_1_packet/entities-legends_Modernizador.json,True,True,True,True,True
AGN_Congregaciones_v001_exp076,1,intermediate/extracted_exports/reviewer_packet_1/01_ANNOTATOR_2026-07-30T23_50_46_923Z_data_export/data_ANN_export_anotations/ANN_Documents/AGN_Congregaciones_v001_exp076_GT_moderno.ann.json,intermediate/extracted_exports/reviewer_packet_1/01_ANNOTATOR_2026-07-30T23_50_46_923Z_data_export/data_ANN_export_anotations/ANN_Documents/AGN_Congregaciones_v001_exp076_GT_moderno.txt,intermediate/extracted_exports/reviewer_packet_1/01_ANNOTATOR_2026-07-30T23_50_46_923Z_data_export/data_ANN_export_anotations/annotations-legend.json,raw/evaluacion_modernizador/modernisation_reviewer_1_packet/entities-legends_Modernizador.json,True,True,True,True,True
AGN_IndiferenteVirreinal_caja4156_exp025,1,intermediate/extracted_exports/reviewer_packet_1/01_ANNOTATOR_2026-07-30T23_50_46_923Z_data_export/data_ANN_export_anotations/ANN_Documents/AGN_IndiferenteVirreinal_caja4156_exp025_GT_moderno.ann.json,intermediate/extracted_exports/reviewer_packet_1/01_ANNOTATOR_2026-07-30T23_50_46_923Z_data_export/data_ANN_export_anotations/ANN_Documents/AGN_IndiferenteVirreinal_caja4156_exp025_GT_moderno.txt,intermediate/extracted_exports/reviewer_packet_1/01_ANNOTATOR_2026-07-30T23_50_46_923Z_data_export/data_ANN_export_anotations/annotations-legend.json,raw/evaluacion_modernizador/modernisation_reviewer_1_packet/entities-legends_Modernizador.json,True,True,True,True,True
AGN_Inquisicion_v1568A_exp152_fs115-116v_03,1,intermediate/extracted_exports/reviewer_packet_1/01_ANNOTATOR_2026-07-30T23_50_46_923Z_data_export/data_ANN_export_anotations/ANN_Documents/AGN_Inquisicion_v1568A_exp152_fs115-116v_03_GT_moderno.ann.json,intermediate/extracted_exports/reviewer_packet_1/01_ANNOTATOR_2026-07-30T23_50_46_923Z_data_export/data_ANN_export_anotations/ANN_Documents/AGN_Inquisicion_v1568A_exp152_fs115-116v_03_GT_moderno.txt,intermediate/extracted_exports/reviewer_packet_1/01_ANNOTATOR_2026-07-30T23_50_46_923Z_data_export/data_ANN_export_anotations/annotations-legend.json,raw/evaluacion_modernizador/modernisation_reviewer_1_packet/entities-legends_Modernizador.json,True,True,True,True,True
AGN_Marina_v004_exp006_014,1,intermediate/extracted_exports/reviewer_packet_1/01_ANNOTATOR_2026-07-30T23_50_46_923Z_data_export/data_ANN_export_anotations/ANN_Documents/AGN_Marina_v004_exp006_014_GT_moderno.ann.json,intermediate/extracted_exports/reviewer_packet_1/01_ANNOTATOR_2026-07-30T23_50_46_923Z_data_export/data_ANN_export_anotations/ANN_Documents/AGN_Marina_v004_exp006_014_GT_moderno.txt,intermediate/extracted_exports/reviewer_packet_1/01_ANNOTATOR_2026-07-30T23_50_46_923Z_data_export/data_ANN_export_anotations/annotations-legend.json,raw/evaluacion_modernizador/modernisation_reviewer_1_packet/entities-legends_Modernizador.json,True,True,True,True,True
AGS_CE_RG_L379_01,1,intermediate/extracted_exports/reviewer_packet_1/01_ANNOTATOR_2026-07-30T23_50_46_923Z_data_export/data_ANN_export_anotations/ANN_Documents/AGS_CE_RG_L379_01_GT_moderno.ann.json,intermediate/extracted_exports/reviewer_packet_1/01_ANNOTATOR_2026-07-30T23_50_46_923Z_data_export/data_ANN_export_anotations/ANN_Documents/AGS_CE_RG_L379_01_GT_moderno.txt,intermediate/extracted_exports/reviewer_packet_1/01_ANNOTATOR_2026-07-30T23_50_46_923Z_data_export/data_ANN_export_anotations/annotations-legend.json,raw/evaluacion_modernizador/modernisation_reviewer_1_packet/entities-legends_Modernizador.json,True,True,True,True,True
BNE_ms3047_3,1,intermediate/extracted_exports/reviewer_packet_1/01_ANNOTATOR_2026-07-30T23_50_46_923Z_data_export/data_ANN_export_anotations/ANN_Documents/BNE_ms3047_3_GT_moderno.ann.json,intermediate/extracted_exports/reviewer_packet_1/01_ANNOTATOR_2026-07-30T23_50_46_923Z_data_export/data_ANN_export_anotations/ANN_Documents/BNE_ms3047_3_GT_moderno.txt,intermediate/extracted_exports/reviewer_packet_1/01_ANNOTATOR_2026-07-30T23_50_46_923Z_data_export/data_ANN_export_anotations/annotations-legend.json,raw/evaluacion_modernizador/modernisation_reviewer_1_packet/entities-legends_Modernizador.json,True,True,True,True,True
BNE_ms3047_4,1,intermediate/extracted_exports/reviewer_packet_1/01_ANNOTATOR_2026-07-30T23_50_46_923Z_data_export/data_ANN_export_anotations/ANN_Documents/BNE_ms3047_4_GT_moderno.ann.json,intermediate/extracted_exports/reviewer_packet_1/01_ANNOTATOR_2026-07-30T23_50_46_923Z_data_export/data_ANN_export_anotations/ANN_Documents/BNE_ms3047_4_GT_moderno.txt,intermediate/extracted_exports/reviewer_packet_1/01_ANNOTATOR_2026-07-30T23_50_46_923Z_data_export/data_ANN_export_anotations/annotations-legend.json,raw/evaluacion_modernizador/modernisation_reviewer_1_packet/entities-legends_Modernizador.json,True,True,True,True,True
BP_CM_R481_071_3,1,intermediate/extracted_exports/reviewer_packet_1/01_ANNOTATOR_2026-07-30T23_50_46_923Z_data_export/data_ANN_export_anotations/ANN_Documents/BP_CM_R481_071_3_GT_moderno.ann.json,intermediate/extracted_exports/reviewer_packet_1/01_ANNOTATOR_2026-07-30T23_50_46_923Z_data_export/data_ANN_export_anotations/ANN_Documents/BP_CM_R481_071_3_GT_moderno.txt,intermediate/extracted_exports/reviewer_packet_1/01_ANNOTATOR_2026-07-30T23_50_46_923Z_data_export/data_ANN_export_anotations/annotations-legend.json,raw/evaluacion_modernizador/modernisation_reviewer_1_packet/entities-legends_Modernizador.json,True,True,True,True,True
BP_CM_R494_156_2,1,intermediate/extracted_exports/reviewer_packet_1/01_ANNOTATOR_2026-07-30T23_50_46_923Z_data_export/data_ANN_export_anotations/ANN_Documents/BP_CM_R494_156_2_GT_moderno.ann.json,intermediate/extracted_exports/reviewer_packet_1/01_ANNOTATOR_2026-07-30T23_50_46_923Z_data_export/data_ANN_export_anotations/ANN_Documents/BP_CM_R494_156_2_GT_moderno.txt,intermediate/extracted_exports/reviewer_packet_1/01_ANNOTATOR_2026-07-30T23_50_46_923Z_data_export/data_ANN_export_anotations/annotations-legend.json,raw/evaluacion_modernizador/modernisation_reviewer_1_packet/entities-legends_Modernizador.json,True,True,True,True,True
BnF_167_03,1,intermediate/extracted_exports/reviewer_packet_1/01_ANNOTATOR_2026-07-30T23_50_46_923Z_data_export/data_ANN_export_anotations/ANN_Documents/BnF_167_03_GT_moderno.ann.json,intermediate/extracted_exports/reviewer_packet_1/01_ANNOTATOR_2026-07-30T23_50_46_923Z_data_export/data_ANN_export_anotations/ANN_Documents/BnF_167_03_GT_moderno.txt,intermediate/extracted_exports/reviewer_packet_1/01_ANNOTATOR_2026-07-30T23_50_46_923Z_data_export/data_ANN_export_anotations/annotations-legend.json,raw/evaluacion_modernizador/modernisation_reviewer_1_packet/entities-legends_Modernizador.json,True,True,True,True,True
BnF_167_04,1,intermediate/extracted_exports/reviewer_packet_1/01_ANNOTATOR_2026-07-30T23_50_46_923Z_data_export/data_ANN_export_anotations/ANN_Documents/BnF_167_04_GT_moderno.ann.json,intermediate/extracted_exports/reviewer_packet_1/01_ANNOTATOR_2026-07-30T23_50_46_923Z_data_export/data_ANN_export_anotations/ANN_Documents/BnF_167_04_GT_moderno.txt,intermediate/extracted_exports/reviewer_packet_1/01_ANNOTATOR_2026-07-30T23_50_46_923Z_data_export/data_ANN_export_anotations/annotations-legend.json,raw/evaluacion_modernizador/modernisation_reviewer_1_packet/entities-legends_Modernizador.json,True,True,True,True,True
BnF_174_02,1,intermediate/extracted_exports/reviewer_packet_1/01_ANNOTATOR_2026-07-30T23_50_46_923Z_data_export/data_ANN_export_anotations/ANN_Documents/BnF_174_02_GT_moderno.ann.json,intermediate/extracted_exports/reviewer_packet_1/01_ANNOTATOR_2026-07-30T23_50_46_923Z_data_export/data_ANN_export_anotations/ANN_Documents/BnF_174_02_GT_moderno.txt,intermediate/extracted_exports/reviewer_packet_1/01_ANNOTATOR_2026-07-30T23_50_46_923Z_data_export/data_ANN_export_anotations/annotations-legend.json,raw/evaluacion_modernizador/modernisation_reviewer_1_packet/entities-legends_Modernizador.json,True,True,True,True,True
BnF_174_06,1,intermediate/extracted_exports/reviewer_packet_1/01_ANNOTATOR_2026-07-30T23_50_46_923Z_data_export/data_ANN_export_anotations/ANN_Documents/BnF_174_06_GT_moderno.ann.json,intermediate/extracted_exports/reviewer_packet_1/01_ANNOTATOR_2026-07-30T23_50_46_923Z_data_export/data_ANN_export_anotations/ANN_Documents/BnF_174_06_GT_moderno.txt,intermediate/extracted_exports/reviewer_packet_1/01_ANNOTATOR_2026-07-30T23_50_46_923Z_data_export/data_ANN_export_anotations/annotations-legend.json,raw/evaluacion_modernizador/modernisation_reviewer_1_packet/entities-legends_Modernizador.json,True,True,True,True,True
BnF_283_12,1,intermediate/extracted_exports/reviewer_packet_1/01_ANNOTATOR_2026-07-30T23_50_46_923Z_data_export/data_ANN_export_anotations/ANN_Documents/BnF_283_12_GT_moderno.ann.json,intermediate/extracted_exports/reviewer_packet_1/01_ANNOTATOR_2026-07-30T23_50_46_923Z_data_export/data_ANN_export_anotations/ANN_Documents/BnF_283_12_GT_moderno.txt,intermediate/extracted_exports/reviewer_packet_1/01_ANNOTATOR_2026-07-30T23_50_46_923Z_data_export/data_ANN_export_anotations/annotations-legend.json,raw/evaluacion_modernizador/modernisation_reviewer_1_packet/entities-legends_Modernizador.json,True,True,True,True,True
UIA_Ms149_Exp3_08,1,intermediate/extracted_exports/reviewer_packet_1/01_ANNOTATOR_2026-07-30T23_50_46_923Z_data_export/data_ANN_export_anotations/ANN_Documents/UIA_Ms149_Exp3_08_GT_moderno.ann.json,intermediate/extracted_exports/reviewer_packet_1/01_ANNOTATOR_2026-07-30T23_50_46_923Z_data_export/data_ANN_export_anotations/ANN_Documents/UIA_Ms149_Exp3_08_GT_moderno.txt,intermediate/extracted_exports/reviewer_packet_1/01_ANNOTATOR_2026-07-30T23_50_46_923Z_data_export/data_ANN_export_anotations/annotations-legend.json,raw/evaluacion_modernizador/modernisation_reviewer_1_packet/entities-legends_Modernizador.json,True,True,True,True,True
utblac_eog_v_41_orig_10,1,intermediate/extracted_exports/reviewer_packet_1/01_ANNOTATOR_2026-07-30T23_50_46_923Z_data_export/data_ANN_export_anotations/ANN_Documents/utblac_eog_v_41_orig_10_GT_moderno.ann.json,intermediate/extracted_exports/reviewer_packet_1/01_ANNOTATOR_2026-07-30T23_50_46_923Z_data_export/data_ANN_export_anotations/ANN_Documents/utblac_eog_v_41_orig_10_GT_moderno.txt,intermediate/extracted_exports/reviewer_packet_1/01_ANNOTATOR_2026-07-30T23_50_46_923Z_data_export/data_ANN_export_anotations/annotations-legend.json,raw/evaluacion_modernizador/modernisation_reviewer_1_packet/entities-legends_Modernizador.json,True,True,True,True,True
utblac_eog_wbs_procesal_sample_01_10,1,intermediate/extracted_exports/reviewer_packet_1/01_ANNOTATOR_2026-07-30T23_50_46_923Z_data_export/data_ANN_export_anotations/ANN_Documents/utblac_eog_wbs_procesal_sample_01_10_GT_moderno.ann.json,intermediate/extracted_exports/reviewer_packet_1/01_ANNOTATOR_2026-07-30T23_50_46_923Z_data_export/data_ANN_export_anotations/ANN_Documents/utblac_eog_wbs_procesal_sample_01_10_GT_moderno.txt,intermediate/extracted_exports/reviewer_packet_1/01_ANNOTATOR_2026-07-30T23_50_46_923Z_data_export/data_ANN_export_anotations/annotations-legend.json,raw/evaluacion_modernizador/modernisation_reviewer_1_packet/entities-legends_Modernizador.json,True,True,True,True,True
AGI_CONTRATACION_1089_N8_151,2,intermediate/extracted_exports/reviewer_packet_2/01_ANNOTATOR_2026-08-05T15_17_51_488Z_data_export/data_ANN_export_anotations/ANN_Documents/AGI_CONTRATACION_1089_N8_151_GT_moderno.ann.json,intermediate/extracted_exports/reviewer_packet_2/01_ANNOTATOR_2026-08-05T15_17_51_488Z_data_export/data_ANN_export_anotations/ANN_Documents/AGI_CONTRATACION_1089_N8_151_GT_moderno.txt,intermediate/extracted_exports/reviewer_packet_2/01_ANNOTATOR_2026-08-05T15_17_51_488Z_data_export/data_ANN_export_anotations/annotations-legend.json,raw/evaluacion_modernizador/modernisation_reviewer_2_packet/entities-legends_Modernizador.json,True,True,True,True,True
AGI_PATRONATO_182_R3_04,2,intermediate/extracted_exports/reviewer_packet_2/01_ANNOTATOR_2026-08-05T15_17_51_488Z_data_export/data_ANN_export_anotations/ANN_Documents/AGI_PATRONATO_182_R3_04_GT_moderno.ann.json,intermediate/extracted_exports/reviewer_packet_2/01_ANNOTATOR_2026-08-05T15_17_51_488Z_data_export/data_ANN_export_anotations/ANN_Documents/AGI_PATRONATO_182_R3_04_GT_moderno.txt,intermediate/extracted_exports/reviewer_packet_2/01_ANNOTATOR_2026-08-05T15_17_51_488Z_data_export/data_ANN_export_anotations/annotations-legend.json,raw/evaluacion_modernizador/modernisation_reviewer_2_packet/entities-legends_Modernizador.json,True,True,True,True,True
AGN_HospJesus_c474_leg267-2_exp024_7473-7537_02,2,intermediate/extracted_exports/reviewer_packet_2/01_ANNOTATOR_2026-08-05T15_17_51_488Z_data_export/data_ANN_export_anotations/ANN_Documents/AGN_HospJesus_c474_leg267-2_exp024_7473-7537_02_GT_moderno.ann.json,intermediate/extracted_exports/reviewer_packet_2/01_ANNOTATOR_2026-08-05T15_17_51_488Z_data_export/data_ANN_export_anotations/ANN_Documents/AGN_HospJesus_c474_leg267-2_exp024_7473-7537_02_GT_moderno.txt,intermediate/extracted_exports/reviewer_packet_2/01_ANNOTATOR_2026-08-05T15_17_51_488Z_data_export/data_ANN_export_anotations/annotations-legend.json,raw/evaluacion_modernizador/modernisation_reviewer_2_packet/entities-legends_Modernizador.json,True,True,True,True,True
AGN_Marina_v031A_exp02_fs85-92_15,2,intermediate/extracted_exports/reviewer_packet_2/01_ANNOTATOR_2026-08-05T15_17_51_488Z_data_export/data_ANN_export_anotations/ANN_Documents/AGN_Marina_v031A_exp02_fs85-92_15_GT_moderno.ann.json,intermediate/extracted_exports/reviewer_packet_2/01_ANNOTATOR_2026-08-05T15_17_51_488Z_data_export/data_ANN_export_anotations/ANN_Documents/AGN_Marina_v031A_exp02_fs85-92_15_GT_moderno.txt,intermediate/extracted_exports/reviewer_packet_2/01_ANNOTATOR_2026-08-05T15_17_51_488Z_data_export/data_ANN_export_anotations/annotations-legend.json,raw/evaluacion_modernizador/modernisation_reviewer_2_packet/entities-legends_Modernizador.json,True,True,True,True,True
AGN_Tierras_v2963_exp059_24,2,intermediate/extracted_exports/reviewer_packet_2/01_ANNOTATOR_2026-08-05T15_17_51_488Z_data_export/data_ANN_export_anotations/ANN_Documents/AGN_Tierras_v2963_exp059_24_GT_moderno.ann.json,intermediate/extracted_exports/reviewer_packet_2/01_ANNOTATOR_2026-08-05T15_17_51_488Z_data_export/data_ANN_export_anotations/ANN_Documents/AGN_Tierras_v2963_exp059_24_GT_moderno.txt,intermediate/extracted_exports/reviewer_packet_2/01_ANNOTATOR_2026-08-05T15_17_51_488Z_data_export/data_ANN_export_anotations/annotations-legend.json,raw/evaluacion_modernizador/modernisation_reviewer_2_packet/entities-legends_Modernizador.json,True,True,True,True,True
BnF_030_22,2,intermediate/extracted_exports/reviewer_packet_2/01_ANNOTATOR_2026-08-05T15_17_51_488Z_data_export/data_ANN_export_anotations/ANN_Documents/BnF_030_22_GT_moderno.ann.json,intermediate/extracted_exports/reviewer_packet_2/01_ANNOTATOR_2026-08-05T15_17_51_488Z_data_export/data_ANN_export_anotations/ANN_Documents/BnF_030_22_GT_moderno.txt,intermediate/extracted_exports/reviewer_packet_2/01_ANNOTATOR_2026-08-05T15_17_51_488Z_data_export/data_ANN_export_anotations/annotations-legend.json,raw/evaluacion_modernizador/modernisation_reviewer_2_packet/entities-legends_Modernizador.json,True,True,True,True,True
BnF_032_36,2,intermediate/extracted_exports/reviewer_packet_2/01_ANNOTATOR_2026-08-05T15_17_51_488Z_data_export/data_ANN_export_anotations/ANN_Documents/BnF_032_36_GT_moderno.ann.json,intermediate/extracted_exports/reviewer_packet_2/01_ANNOTATOR_2026-08-05T15_17_51_488Z_data_export/data_ANN_export_anotations/ANN_Documents/BnF_032_36_GT_moderno.txt,intermediate/extracted_exports/reviewer_packet_2/01_ANNOTATOR_2026-08-05T15_17_51_488Z_data_export/data_ANN_export_anotations/annotations-legend.json,raw/evaluacion_modernizador/modernisation_reviewer_2_packet/entities-legends_Modernizador.json,True,True,True,True,True
BnF_104_2,2,intermediate/extracted_exports/reviewer_packet_2/01_ANNOTATOR_2026-08-05T15_17_51_488Z_data_export/data_ANN_export_anotations/ANN_Documents/BnF_104_2_GT_moderno.ann.json,intermediate/extracted_exports/reviewer_packet_2/01_ANNOTATOR_2026-08-05T15_17_51_488Z_data_export/data_ANN_export_anotations/ANN_Documents/BnF_104_2_GT_moderno.txt,intermediate/extracted_exports/reviewer_packet_2/01_ANNOTATOR_2026-08-05T15_17_51_488Z_data_export/data_ANN_export_anotations/annotations-legend.json,raw/evaluacion_modernizador/modernisation_reviewer_2_packet/entities-legends_Modernizador.json,True,True,True,True,True
BnF_112_25,2,intermediate/extracted_exports/reviewer_packet_2/01_ANNOTATOR_2026-08-05T15_17_51_488Z_data_export/data_ANN_export_anotations/ANN_Documents/BnF_112_25_GT_moderno.ann.json,intermediate/extracted_exports/reviewer_packet_2/01_ANNOTATOR_2026-08-05T15_17_51_488Z_data_export/data_ANN_export_anotations/ANN_Documents/BnF_112_25_GT_moderno.txt,intermediate/extracted_exports/reviewer_packet_2/01_ANNOTATOR_2026-08-05T15_17_51_488Z_data_export/data_ANN_export_anotations/annotations-legend.json,raw/evaluacion_modernizador/modernisation_reviewer_2_packet/entities-legends_Modernizador.json,True,True,True,True,True
BnF_113_04,2,intermediate/extracted_exports/reviewer_packet_2/01_ANNOTATOR_2026-08-05T15_17_51_488Z_data_export/data_ANN_export_anotations/ANN_Documents/BnF_113_04_GT_moderno.ann.json,intermediate/extracted_exports/reviewer_packet_2/01_ANNOTATOR_2026-08-05T15_17_51_488Z_data_export/data_ANN_export_anotations/ANN_Documents/BnF_113_04_GT_moderno.txt,intermediate/extracted_exports/reviewer_packet_2/01_ANNOTATOR_2026-08-05T15_17_51_488Z_data_export/data_ANN_export_anotations/annotations-legend.json,raw/evaluacion_modernizador/modernisation_reviewer_2_packet/entities-legends_Modernizador.json,True,True,True,True,True
BnF_116_02,2,intermediate/extracted_exports/reviewer_packet_2/01_ANNOTATOR_2026-08-05T15_17_51_488Z_data_export/data_ANN_export_anotations/ANN_Documents/BnF_116_02_GT_moderno.ann.json,intermediate/extracted_exports/reviewer_packet_2/01_ANNOTATOR_2026-08-05T15_17_51_488Z_data_export/data_ANN_export_anotations/ANN_Documents/BnF_116_02_GT_moderno.txt,intermediate/extracted_exports/reviewer_packet_2/01_ANNOTATOR_2026-08-05T15_17_51_488Z_data_export/data_ANN_export_anotations/annotations-legend.json,raw/evaluacion_modernizador/modernisation_reviewer_2_packet/entities-legends_Modernizador.json,True,True,True,True,True
BnF_117_13,2,intermediate/extracted_exports/reviewer_packet_2/01_ANNOTATOR_2026-08-05T15_17_51_488Z_data_export/data_ANN_export_anotations/ANN_Documents/BnF_117_13_GT_moderno.ann.json,intermediate/extracted_exports/reviewer_packet_2/01_ANNOTATOR_2026-08-05T15_17_51_488Z_data_export/data_ANN_export_anotations/ANN_Documents/BnF_117_13_GT_moderno.txt,intermediate/extracted_exports/reviewer_packet_2/01_ANNOTATOR_2026-08-05T15_17_51_488Z_data_export/data_ANN_export_anotations/annotations-legend.json,raw/evaluacion_modernizador/modernisation_reviewer_2_packet/entities-legends_Modernizador.json,True,True,True,True,True
BnF_167_25,2,intermediate/extracted_exports/reviewer_packet_2/01_ANNOTATOR_2026-08-05T15_17_51_488Z_data_export/data_ANN_export_anotations/ANN_Documents/BnF_167_25_GT_moderno.ann.json,intermediate/extracted_exports/reviewer_packet_2/01_ANNOTATOR_2026-08-05T15_17_51_488Z_data_export/data_ANN_export_anotations/ANN_Documents/BnF_167_25_GT_moderno.txt,intermediate/extracted_exports/reviewer_packet_2/01_ANNOTATOR_2026-08-05T15_17_51_488Z_data_export/data_ANN_export_anotations/annotations-legend.json,raw/evaluacion_modernizador/modernisation_reviewer_2_packet/entities-legends_Modernizador.json,True,True,True,True,True
BnF_266_07,2,intermediate/extracted_exports/reviewer_packet_2/01_ANNOTATOR_2026-08-05T15_17_51_488Z_data_export/data_ANN_export_anotations/ANN_Documents/BnF_266_07_GT_moderno.ann.json,intermediate/extracted_exports/reviewer_packet_2/01_ANNOTATOR_2026-08-05T15_17_51_488Z_data_export/data_ANN_export_anotations/ANN_Documents/BnF_266_07_GT_moderno.txt,intermediate/extracted_exports/reviewer_packet_2/01_ANNOTATOR_2026-08-05T15_17_51_488Z_data_export/data_ANN_export_anotations/annotations-legend.json,raw/evaluacion_modernizador/modernisation_reviewer_2_packet/entities-legends_Modernizador.json,True,True,True,True,True
BnF_267_03,2,intermediate/extracted_exports/reviewer_packet_2/01_ANNOTATOR_2026-08-05T15_17_51_488Z_data_export/data_ANN_export_anotations/ANN_Documents/BnF_267_03_GT_moderno.ann.json,intermediate/extracted_exports/reviewer_packet_2/01_ANNOTATOR_2026-08-05T15_17_51_488Z_data_export/data_ANN_export_anotations/ANN_Documents/BnF_267_03_GT_moderno.txt,intermediate/extracted_exports/reviewer_packet_2/01_ANNOTATOR_2026-08-05T15_17_51_488Z_data_export/data_ANN_export_anotations/annotations-legend.json,raw/evaluacion_modernizador/modernisation_reviewer_2_packet/entities-legends_Modernizador.json,True,True,True,True,True
BnF_267_23,2,intermediate/extracted_exports/reviewer_packet_2/01_ANNOTATOR_2026-08-05T15_17_51_488Z_data_export/data_ANN_export_anotations/ANN_Documents/BnF_267_23_GT_moderno.ann.json,intermediate/extracted_exports/reviewer_packet_2/01_ANNOTATOR_2026-08-05T15_17_51_488Z_data_export/data_ANN_export_anotations/ANN_Documents/BnF_267_23_GT_moderno.txt,intermediate/extracted_exports/reviewer_packet_2/01_ANNOTATOR_2026-08-05T15_17_51_488Z_data_export/data_ANN_export_anotations/annotations-legend.json,raw/evaluacion_modernizador/modernisation_reviewer_2_packet/entities-legends_Modernizador.json,True,True,True,True,True
LoC_HPKraus_146_new_13,2,intermediate/extracted_exports/reviewer_packet_2/01_ANNOTATOR_2026-08-05T15_17_51_488Z_data_export/data_ANN_export_anotations/ANN_Documents/LoC_HPKraus_146_new_13_GT_moderno.ann.json,intermediate/extracted_exports/reviewer_packet_2/01_ANNOTATOR_2026-08-05T15_17_51_488Z_data_export/data_ANN_export_anotations/ANN_Documents/LoC_HPKraus_146_new_13_GT_moderno.txt,intermediate/extracted_exports/reviewer_packet_2/01_ANNOTATOR_2026-08-05T15_17_51_488Z_data_export/data_ANN_export_anotations/annotations-legend.json,raw/evaluacion_modernizador/modernisation_reviewer_2_packet/entities-legends_Modernizador.json,True,True,True,True,True
UIA_Ms149_Exp3_43,2,intermediate/extracted_exports/reviewer_packet_2/01_ANNOTATOR_2026-08-05T15_17_51_488Z_data_export/data_ANN_export_anotations/ANN_Documents/UIA_Ms149_Exp3_43_GT_moderno.ann.json,intermediate/extracted_exports/reviewer_packet_2/01_ANNOTATOR_2026-08-05T15_17_51_488Z_data_export/data_ANN_export_anotations/ANN_Documents/UIA_Ms149_Exp3_43_GT_moderno.txt,intermediate/extracted_exports/reviewer_packet_2/01_ANNOTATOR_2026-08-05T15_17_51_488Z_data_export/data_ANN_export_anotations/annotations-legend.json,raw/evaluacion_modernizador/modernisation_reviewer_2_packet/entities-legends_Modernizador.json,True,True,True,True,True
utblac_gg_mss_g62_duplicated_15,2,intermediate/extracted_exports/reviewer_packet_2/01_ANNOTATOR_2026-08-05T15_17_51_488Z_data_export/data_ANN_export_anotations/ANN_Documents/utblac_gg_mss_g62_duplicated_15_GT_moderno.ann.json,intermediate/extracted_exports/reviewer_packet_2/01_ANNOTATOR_2026-08-05T15_17_51_488Z_data_export/data_ANN_export_anotations/ANN_Documents/utblac_gg_mss_g62_duplicated_15_GT_moderno.txt,intermediate/extracted_exports/reviewer_packet_2/01_ANNOTATOR_2026-08-05T15_17_51_488Z_data_export/data_ANN_export_anotations/annotations-legend.json,raw/evaluacion_modernizador/modernisation_reviewer_2_packet/entities-legends_Modernizador.json,True,True,True,True,True
utblac_wbs_0886_duplicated_2,2,intermediate/extracted_exports/reviewer_packet_2/01_ANNOTATOR_2026-08-05T15_17_51_488Z_data_export/data_ANN_export_anotations/ANN_Documents/utblac_wbs_0886_duplicated_2_GT_moderno.ann.json,intermediate/extracted_exports/reviewer_packet_2/01_ANNOTATOR_2026-08-05T15_17_51_488Z_data_export/data_ANN_export_anotations/ANN_Documents/utblac_wbs_0886_duplicated_2_GT_moderno.txt,intermediate/extracted_exports/reviewer_packet_2/01_ANNOTATOR_2026-08-05T15_17_51_488Z_data_export/data_ANN_export_anotations/annotations-legend.json,raw/evaluacion_modernizador/modernisation_reviewer_2_packet/entities-legends_Modernizador.json,True,True,True,True,True
AGI_CONTRATACION_1183_N8_78,3,intermediate/extracted_exports/reviewer_packet_3/01_ANNOTATOR_2026-07-29T19_32_36_106Z_data_export/data_ANN_export_anotations/ANN_Documents/AGI_CONTRATACION_1183_N8_78_GT_moderno.ann.json,intermediate/extracted_exports/reviewer_packet_3/01_ANNOTATOR_2026-07-29T19_32_36_106Z_data_export/data_ANN_export_anotations/ANN_Documents/AGI_CONTRATACION_1183_N8_78_GT_moderno.txt,intermediate/extracted_exports/reviewer_packet_3/01_ANNOTATOR_2026-07-29T19_32_36_106Z_data_export/data_ANN_export_anotations/annotations-legend.json,raw/evaluacion_modernizador/modernisation_reviewer_3_packet/entities-legends_Modernizador.json,True,True,True,True,True
AGI_GUADALAJARA_230_L2_F_45V-46V_2,3,intermediate/extracted_exports/reviewer_packet_3/01_ANNOTATOR_2026-07-29T19_32_36_106Z_data_export/data_ANN_export_anotations/ANN_Documents/AGI_GUADALAJARA_230_L2_F_45V-46V_2_GT_moderno.ann.json,intermediate/extracted_exports/reviewer_packet_3/01_ANNOTATOR_2026-07-29T19_32_36_106Z_data_export/data_ANN_export_anotations/ANN_Documents/AGI_GUADALAJARA_230_L2_F_45V-46V_2_GT_moderno.txt,intermediate/extracted_exports/reviewer_packet_3/01_ANNOTATOR_2026-07-29T19_32_36_106Z_data_export/data_ANN_export_anotations/annotations-legend.json,raw/evaluacion_modernizador/modernisation_reviewer_3_packet/entities-legends_Modernizador.json,True,True,True,True,True
AGN_AHHacienda_v268_exp046_01,3,intermediate/extracted_exports/reviewer_packet_3/01_ANNOTATOR_2026-07-29T19_32_36_106Z_data_export/data_ANN_export_anotations/ANN_Documents/AGN_AHHacienda_v268_exp046_01_GT_moderno.ann.json,intermediate/extracted_exports/reviewer_packet_3/01_ANNOTATOR_2026-07-29T19_32_36_106Z_data_export/data_ANN_export_anotations/ANN_Documents/AGN_AHHacienda_v268_exp046_01_GT_moderno.txt,intermediate/extracted_exports/reviewer_packet_3/01_ANNOTATOR_2026-07-29T19_32_36_106Z_data_export/data_ANN_export_anotations/annotations-legend.json,raw/evaluacion_modernizador/modernisation_reviewer_3_packet/entities-legends_Modernizador.json,True,True,True,True,True
AGN_Inquisicion_v1570A_exp134_fs159-160v_02,3,intermediate/extracted_exports/reviewer_packet_3/01_ANNOTATOR_2026-07-29T19_32_36_106Z_data_export/data_ANN_export_anotations/ANN_Documents/AGN_Inquisicion_v1570A_exp134_fs159-160v_02_GT_moderno.ann.json,intermediate/extracted_exports/reviewer_packet_3/01_ANNOTATOR_2026-07-29T19_32_36_106Z_data_export/data_ANN_export_anotations/ANN_Documents/AGN_Inquisicion_v1570A_exp134_fs159-160v_02_GT_moderno.txt,intermediate/extracted_exports/reviewer_packet_3/01_ANNOTATOR_2026-07-29T19_32_36_106Z_data_export/data_ANN_export_anotations/annotations-legend.json,raw/evaluacion_modernizador/modernisation_reviewer_3_packet/entities-legends_Modernizador.json,True,True,True,True,True
AGN_Marina_v031A_exp02_fs85-92_11,3,intermediate/extracted_exports/reviewer_packet_3/01_ANNOTATOR_2026-07-29T19_32_36_106Z_data_export/data_ANN_export_anotations/ANN_Documents/AGN_Marina_v031A_exp02_fs85-92_11_GT_moderno.ann.json,intermediate/extracted_exports/reviewer_packet_3/01_ANNOTATOR_2026-07-29T19_32_36_106Z_data_export/data_ANN_export_anotations/ANN_Documents/AGN_Marina_v031A_exp02_fs85-92_11_GT_moderno.txt,intermediate/extracted_exports/reviewer_packet_3/01_ANNOTATOR_2026-07-29T19_32_36_106Z_data_export/data_ANN_export_anotations/annotations-legend.json,raw/evaluacion_modernizador/modernisation_reviewer_3_packet/entities-legends_Modernizador.json,True,True,True,True,True
BP_CM_R481_071_2,3,intermediate/extracted_exports/reviewer_packet_3/01_ANNOTATOR_2026-07-29T19_32_36_106Z_data_export/data_ANN_export_anotations/ANN_Documents/BP_CM_R481_071_2_GT_moderno.ann.json,intermediate/extracted_exports/reviewer_packet_3/01_ANNOTATOR_2026-07-29T19_32_36_106Z_data_export/data_ANN_export_anotations/ANN_Documents/BP_CM_R481_071_2_GT_moderno.txt,intermediate/extracted_exports/reviewer_packet_3/01_ANNOTATOR_2026-07-29T19_32_36_106Z_data_export/data_ANN_export_anotations/annotations-legend.json,raw/evaluacion_modernizador/modernisation_reviewer_3_packet/entities-legends_Modernizador.json,True,True,True,True,True
BnF_032_33,3,intermediate/extracted_exports/reviewer_packet_3/01_ANNOTATOR_2026-07-29T19_32_36_106Z_data_export/data_ANN_export_anotations/ANN_Documents/BnF_032_33_GT_moderno.ann.json,intermediate/extracted_exports/reviewer_packet_3/01_ANNOTATOR_2026-07-29T19_32_36_106Z_data_export/data_ANN_export_anotations/ANN_Documents/BnF_032_33_GT_moderno.txt,intermediate/extracted_exports/reviewer_packet_3/01_ANNOTATOR_2026-07-29T19_32_36_106Z_data_export/data_ANN_export_anotations/annotations-legend.json,raw/evaluacion_modernizador/modernisation_reviewer_3_packet/entities-legends_Modernizador.json,True,True,True,True,True
BnF_075_003,3,intermediate/extracted_exports/reviewer_packet_3/01_ANNOTATOR_2026-07-29T19_32_36_106Z_data_export/data_ANN_export_anotations/ANN_Documents/BnF_075_003_GT_moderno.ann.json,intermediate/extracted_exports/reviewer_packet_3/01_ANNOTATOR_2026-07-29T19_32_36_106Z_data_export/data_ANN_export_anotations/ANN_Documents/BnF_075_003_GT_moderno.txt,intermediate/extracted_exports/reviewer_packet_3/01_ANNOTATOR_2026-07-29T19_32_36_106Z_data_export/data_ANN_export_anotations/annotations-legend.json,raw/evaluacion_modernizador/modernisation_reviewer_3_packet/entities-legends_Modernizador.json,True,True,True,True,True
BnF_110_13,3,intermediate/extracted_exports/reviewer_packet_3/01_ANNOTATOR_2026-07-29T19_32_36_106Z_data_export/data_ANN_export_anotations/ANN_Documents/BnF_110_13_GT_moderno.ann.json,intermediate/extracted_exports/reviewer_packet_3/01_ANNOTATOR_2026-07-29T19_32_36_106Z_data_export/data_ANN_export_anotations/ANN_Documents/BnF_110_13_GT_moderno.txt,intermediate/extracted_exports/reviewer_packet_3/01_ANNOTATOR_2026-07-29T19_32_36_106Z_data_export/data_ANN_export_anotations/annotations-legend.json,raw/evaluacion_modernizador/modernisation_reviewer_3_packet/entities-legends_Modernizador.json,True,True,True,True,True
BnF_116_07,3,intermediate/extracted_exports/reviewer_packet_3/01_ANNOTATOR_2026-07-29T19_32_36_106Z_data_export/data_ANN_export_anotations/ANN_Documents/BnF_116_07_GT_moderno.ann.json,intermediate/extracted_exports/reviewer_packet_3/01_ANNOTATOR_2026-07-29T19_32_36_106Z_data_export/data_ANN_export_anotations/ANN_Documents/BnF_116_07_GT_moderno.txt,intermediate/extracted_exports/reviewer_packet_3/01_ANNOTATOR_2026-07-29T19_32_36_106Z_data_export/data_ANN_export_anotations/annotations-legend.json,raw/evaluacion_modernizador/modernisation_reviewer_3_packet/entities-legends_Modernizador.json,True,True,True,True,True
BnF_116_08,3,intermediate/extracted_exports/reviewer_packet_3/01_ANNOTATOR_2026-07-29T19_32_36_106Z_data_export/data_ANN_export_anotations/ANN_Documents/BnF_116_08_GT_moderno.ann.json,intermediate/extracted_exports/reviewer_packet_3/01_ANNOTATOR_2026-07-29T19_32_36_106Z_data_export/data_ANN_export_anotations/ANN_Documents/BnF_116_08_GT_moderno.txt,intermediate/extracted_exports/reviewer_packet_3/01_ANNOTATOR_2026-07-29T19_32_36_106Z_data_export/data_ANN_export_anotations/annotations-legend.json,raw/evaluacion_modernizador/modernisation_reviewer_3_packet/entities-legends_Modernizador.json,True,True,True,True,True
BnF_119-148_24,3,intermediate/extracted_exports/reviewer_packet_3/01_ANNOTATOR_2026-07-29T19_32_36_106Z_data_export/data_ANN_export_anotations/ANN_Documents/BnF_119-148_24_GT_moderno.ann.json,intermediate/extracted_exports/reviewer_packet_3/01_ANNOTATOR_2026-07-29T19_32_36_106Z_data_export/data_ANN_export_anotations/ANN_Documents/BnF_119-148_24_GT_moderno.txt,intermediate/extracted_exports/reviewer_packet_3/01_ANNOTATOR_2026-07-29T19_32_36_106Z_data_export/data_ANN_export_anotations/annotations-legend.json,raw/evaluacion_modernizador/modernisation_reviewer_3_packet/entities-legends_Modernizador.json,True,True,True,True,True
BnF_167_29,3,intermediate/extracted_exports/reviewer_packet_3/01_ANNOTATOR_2026-07-29T19_32_36_106Z_data_export/data_ANN_export_anotations/ANN_Documents/BnF_167_29_GT_moderno.ann.json,intermediate/extracted_exports/reviewer_packet_3/01_ANNOTATOR_2026-07-29T19_32_36_106Z_data_export/data_ANN_export_anotations/ANN_Documents/BnF_167_29_GT_moderno.txt,intermediate/extracted_exports/reviewer_packet_3/01_ANNOTATOR_2026-07-29T19_32_36_106Z_data_export/data_ANN_export_anotations/annotations-legend.json,raw/evaluacion_modernizador/modernisation_reviewer_3_packet/entities-legends_Modernizador.json,True,True,True,True,True
BnF_174_05,3,intermediate/extracted_exports/reviewer_packet_3/01_ANNOTATOR_2026-07-29T19_32_36_106Z_data_export/data_ANN_export_anotations/ANN_Documents/BnF_174_05_GT_moderno.ann.json,intermediate/extracted_exports/reviewer_packet_3/01_ANNOTATOR_2026-07-29T19_32_36_106Z_data_export/data_ANN_export_anotations/ANN_Documents/BnF_174_05_GT_moderno.txt,intermediate/extracted_exports/reviewer_packet_3/01_ANNOTATOR_2026-07-29T19_32_36_106Z_data_export/data_ANN_export_anotations/annotations-legend.json,raw/evaluacion_modernizador/modernisation_reviewer_3_packet/entities-legends_Modernizador.json,True,True,True,True,True
BnF_243_18,3,intermediate/extracted_exports/reviewer_packet_3/01_ANNOTATOR_2026-07-29T19_32_36_106Z_data_export/data_ANN_export_anotations/ANN_Documents/BnF_243_18_GT_moderno.ann.json,intermediate/extracted_exports/reviewer_packet_3/01_ANNOTATOR_2026-07-29T19_32_36_106Z_data_export/data_ANN_export_anotations/ANN_Documents/BnF_243_18_GT_moderno.txt,intermediate/extracted_exports/reviewer_packet_3/01_ANNOTATOR_2026-07-29T19_32_36_106Z_data_export/data_ANN_export_anotations/annotations-legend.json,raw/evaluacion_modernizador/modernisation_reviewer_3_packet/entities-legends_Modernizador.json,True,True,True,True,True
BnF_264_03,3,intermediate/extracted_exports/reviewer_packet_3/01_ANNOTATOR_2026-07-29T19_32_36_106Z_data_export/data_ANN_export_anotations/ANN_Documents/BnF_264_03_GT_moderno.ann.json,intermediate/extracted_exports/reviewer_packet_3/01_ANNOTATOR_2026-07-29T19_32_36_106Z_data_export/data_ANN_export_anotations/ANN_Documents/BnF_264_03_GT_moderno.txt,intermediate/extracted_exports/reviewer_packet_3/01_ANNOTATOR_2026-07-29T19_32_36_106Z_data_export/data_ANN_export_anotations/annotations-legend.json,raw/evaluacion_modernizador/modernisation_reviewer_3_packet/entities-legends_Modernizador.json,True,True,True,True,True
BnF_266_05,3,intermediate/extracted_exports/reviewer_packet_3/01_ANNOTATOR_2026-07-29T19_32_36_106Z_data_export/data_ANN_export_anotations/ANN_Documents/BnF_266_05_GT_moderno.ann.json,intermediate/extracted_exports/reviewer_packet_3/01_ANNOTATOR_2026-07-29T19_32_36_106Z_data_export/data_ANN_export_anotations/ANN_Documents/BnF_266_05_GT_moderno.txt,intermediate/extracted_exports/reviewer_packet_3/01_ANNOTATOR_2026-07-29T19_32_36_106Z_data_export/data_ANN_export_anotations/annotations-legend.json,raw/evaluacion_modernizador/modernisation_reviewer_3_packet/entities-legends_Modernizador.json,True,True,True,True,True
BnF_266_06,3,intermediate/extracted_exports/reviewer_packet_3/01_ANNOTATOR_2026-07-29T19_32_36_106Z_data_export/data_ANN_export_anotations/ANN_Documents/BnF_266_06_GT_moderno.ann.json,intermediate/extracted_exports/reviewer_packet_3/01_ANNOTATOR_2026-07-29T19_32_36_106Z_data_export/data_ANN_export_anotations/ANN_Documents/BnF_266_06_GT_moderno.txt,intermediate/extracted_exports/reviewer_packet_3/01_ANNOTATOR_2026-07-29T19_32_36_106Z_data_export/data_ANN_export_anotations/annotations-legend.json,raw/evaluacion_modernizador/modernisation_reviewer_3_packet/entities-legends_Modernizador.json,True,True,True,True,True
BnF_267_15,3,intermediate/extracted_exports/reviewer_packet_3/01_ANNOTATOR_2026-07-29T19_32_36_106Z_data_export/data_ANN_export_anotations/ANN_Documents/BnF_267_15_GT_moderno.ann.json,intermediate/extracted_exports/reviewer_packet_3/01_ANNOTATOR_2026-07-29T19_32_36_106Z_data_export/data_ANN_export_anotations/ANN_Documents/BnF_267_15_GT_moderno.txt,intermediate/extracted_exports/reviewer_packet_3/01_ANNOTATOR_2026-07-29T19_32_36_106Z_data_export/data_ANN_export_anotations/annotations-legend.json,raw/evaluacion_modernizador/modernisation_reviewer_3_packet/entities-legends_Modernizador.json,True,True,True,True,True
Mechoacan_Yurirapundaro_1,3,intermediate/extracted_exports/reviewer_packet_3/01_ANNOTATOR_2026-07-29T19_32_36_106Z_data_export/data_ANN_export_anotations/ANN_Documents/Mechoacan_Yurirapundaro_1_GT_moderno.ann.json,intermediate/extracted_exports/reviewer_packet_3/01_ANNOTATOR_2026-07-29T19_32_36_106Z_data_export/data_ANN_export_anotations/ANN_Documents/Mechoacan_Yurirapundaro_1_GT_moderno.txt,intermediate/extracted_exports/reviewer_packet_3/01_ANNOTATOR_2026-07-29T19_32_36_106Z_data_export/data_ANN_export_anotations/annotations-legend.json,raw/evaluacion_modernizador/modernisation_reviewer_3_packet/entities-legends_Modernizador.json,True,True,True,True,True
AGN_AHHacienda_v268_exp046_03,4,intermediate/extracted_exports/reviewer_packet_4/01_ANNOTATOR_2026-07-31T19_55_33_452Z_data_export/data_ANN_export_anotations/ANN_Documents/AGN_AHHacienda_v268_exp046_03_GT_moderno.ann.json,intermediate/extracted_exports/reviewer_packet_4/01_ANNOTATOR_2026-07-31T19_55_33_452Z_data_export/data_ANN_export_anotations/ANN_Documents/AGN_AHHacienda_v268_exp046_03_GT_moderno.txt,intermediate/extracted_exports/reviewer_packet_4/01_ANNOTATOR_2026-07-31T19_55_33_452Z_data_export/data_ANN_export_anotations/annotations-legend.json,raw/evaluacion_modernizador/modernisation_reviewer_4_packet/entities-legends_Modernizador.json,True,True,True,True,True
AGN_HospJesus_c474_leg267-2_exp024_7473-7537_10,4,intermediate/extracted_exports/reviewer_packet_4/01_ANNOTATOR_2026-07-31T19_55_33_452Z_data_export/data_ANN_export_anotations/ANN_Documents/AGN_HospJesus_c474_leg267-2_exp024_7473-7537_10_GT_moderno.ann.json,intermediate/extracted_exports/reviewer_packet_4/01_ANNOTATOR_2026-07-31T19_55_33_452Z_data_export/data_ANN_export_anotations/ANN_Documents/AGN_HospJesus_c474_leg267-2_exp024_7473-7537_10_GT_moderno.txt,intermediate/extracted_exports/reviewer_packet_4/01_ANNOTATOR_2026-07-31T19_55_33_452Z_data_export/data_ANN_export_anotations/annotations-legend.json,raw/evaluacion_modernizador/modernisation_reviewer_4_packet/entities-legends_Modernizador.json,True,True,True,True,True
AGN_Indios_v009_exp002_fs3v-4_01,4,intermediate/extracted_exports/reviewer_packet_4/01_ANNOTATOR_2026-07-31T19_55_33_452Z_data_export/data_ANN_export_anotations/ANN_Documents/AGN_Indios_v009_exp002_fs3v-4_01_GT_moderno.ann.json,intermediate/extracted_exports/reviewer_packet_4/01_ANNOTATOR_2026-07-31T19_55_33_452Z_data_export/data_ANN_export_anotations/ANN_Documents/AGN_Indios_v009_exp002_fs3v-4_01_GT_moderno.txt,intermediate/extracted_exports/reviewer_packet_4/01_ANNOTATOR_2026-07-31T19_55_33_452Z_data_export/data_ANN_export_anotations/annotations-legend.json,raw/evaluacion_modernizador/modernisation_reviewer_4_packet/entities-legends_Modernizador.json,True,True,True,True,True
AGN_Indios_v009_exp003_fs4v-5_01,4,intermediate/extracted_exports/reviewer_packet_4/01_ANNOTATOR_2026-07-31T19_55_33_452Z_data_export/data_ANN_export_anotations/ANN_Documents/AGN_Indios_v009_exp003_fs4v-5_01_GT_moderno.ann.json,intermediate/extracted_exports/reviewer_packet_4/01_ANNOTATOR_2026-07-31T19_55_33_452Z_data_export/data_ANN_export_anotations/ANN_Documents/AGN_Indios_v009_exp003_fs4v-5_01_GT_moderno.txt,intermediate/extracted_exports/reviewer_packet_4/01_ANNOTATOR_2026-07-31T19_55_33_452Z_data_export/data_ANN_export_anotations/annotations-legend.json,raw/evaluacion_modernizador/modernisation_reviewer_4_packet/entities-legends_Modernizador.json,True,True,True,True,True
AGS_CE_RG_L379_02,4,intermediate/extracted_exports/reviewer_packet_4/01_ANNOTATOR_2026-07-31T19_55_33_452Z_data_export/data_ANN_export_anotations/ANN_Documents/AGS_CE_RG_L379_02_GT_moderno.ann.json,intermediate/extracted_exports/reviewer_packet_4/01_ANNOTATOR_2026-07-31T19_55_33_452Z_data_export/data_ANN_export_anotations/ANN_Documents/AGS_CE_RG_L379_02_GT_moderno.txt,intermediate/extracted_exports/reviewer_packet_4/01_ANNOTATOR_2026-07-31T19_55_33_452Z_data_export/data_ANN_export_anotations/annotations-legend.json,raw/evaluacion_modernizador/modernisation_reviewer_4_packet/entities-legends_Modernizador.json,True,True,True,True,True
BP_CM_R481_016,4,intermediate/extracted_exports/reviewer_packet_4/01_ANNOTATOR_2026-07-31T19_55_33_452Z_data_export/data_ANN_export_anotations/ANN_Documents/BP_CM_R481_016_GT_moderno.ann.json,intermediate/extracted_exports/reviewer_packet_4/01_ANNOTATOR_2026-07-31T19_55_33_452Z_data_export/data_ANN_export_anotations/ANN_Documents/BP_CM_R481_016_GT_moderno.txt,intermediate/extracted_exports/reviewer_packet_4/01_ANNOTATOR_2026-07-31T19_55_33_452Z_data_export/data_ANN_export_anotations/annotations-legend.json,raw/evaluacion_modernizador/modernisation_reviewer_4_packet/entities-legends_Modernizador.json,True,True,True,True,True
BnF_032_23,4,intermediate/extracted_exports/reviewer_packet_4/01_ANNOTATOR_2026-07-31T19_55_33_452Z_data_export/data_ANN_export_anotations/ANN_Documents/BnF_032_23_GT_moderno.ann.json,intermediate/extracted_exports/reviewer_packet_4/01_ANNOTATOR_2026-07-31T19_55_33_452Z_data_export/data_ANN_export_anotations/ANN_Documents/BnF_032_23_GT_moderno.txt,intermediate/extracted_exports/reviewer_packet_4/01_ANNOTATOR_2026-07-31T19_55_33_452Z_data_export/data_ANN_export_anotations/annotations-legend.json,raw/evaluacion_modernizador/modernisation_reviewer_4_packet/entities-legends_Modernizador.json,True,True,True,True,True
BnF_075_026,4,intermediate/extracted_exports/reviewer_packet_4/01_ANNOTATOR_2026-07-31T19_55_33_452Z_data_export/data_ANN_export_anotations/ANN_Documents/BnF_075_026_GT_moderno.ann.json,intermediate/extracted_exports/reviewer_packet_4/01_ANNOTATOR_2026-07-31T19_55_33_452Z_data_export/data_ANN_export_anotations/ANN_Documents/BnF_075_026_GT_moderno.txt,intermediate/extracted_exports/reviewer_packet_4/01_ANNOTATOR_2026-07-31T19_55_33_452Z_data_export/data_ANN_export_anotations/annotations-legend.json,raw/evaluacion_modernizador/modernisation_reviewer_4_packet/entities-legends_Modernizador.json,True,True,True,True,True
BnF_075_035,4,intermediate/extracted_exports/reviewer_packet_4/01_ANNOTATOR_2026-07-31T19_55_33_452Z_data_export/data_ANN_export_anotations/ANN_Documents/BnF_075_035_GT_moderno.ann.json,intermediate/extracted_exports/reviewer_packet_4/01_ANNOTATOR_2026-07-31T19_55_33_452Z_data_export/data_ANN_export_anotations/ANN_Documents/BnF_075_035_GT_moderno.txt,intermediate/extracted_exports/reviewer_packet_4/01_ANNOTATOR_2026-07-31T19_55_33_452Z_data_export/data_ANN_export_anotations/annotations-legend.json,raw/evaluacion_modernizador/modernisation_reviewer_4_packet/entities-legends_Modernizador.json,True,True,True,True,True
BnF_112_02,4,intermediate/extracted_exports/reviewer_packet_4/01_ANNOTATOR_2026-07-31T19_55_33_452Z_data_export/data_ANN_export_anotations/ANN_Documents/BnF_112_02_GT_moderno.ann.json,intermediate/extracted_exports/reviewer_packet_4/01_ANNOTATOR_2026-07-31T19_55_33_452Z_data_export/data_ANN_export_anotations/ANN_Documents/BnF_112_02_GT_moderno.txt,intermediate/extracted_exports/reviewer_packet_4/01_ANNOTATOR_2026-07-31T19_55_33_452Z_data_export/data_ANN_export_anotations/annotations-legend.json,raw/evaluacion_modernizador/modernisation_reviewer_4_packet/entities-legends_Modernizador.json,True,True,True,True,True
BnF_117_03,4,intermediate/extracted_exports/reviewer_packet_4/01_ANNOTATOR_2026-07-31T19_55_33_452Z_data_export/data_ANN_export_anotations/ANN_Documents/BnF_117_03_GT_moderno.ann.json,intermediate/extracted_exports/reviewer_packet_4/01_ANNOTATOR_2026-07-31T19_55_33_452Z_data_export/data_ANN_export_anotations/ANN_Documents/BnF_117_03_GT_moderno.txt,intermediate/extracted_exports/reviewer_packet_4/01_ANNOTATOR_2026-07-31T19_55_33_452Z_data_export/data_ANN_export_anotations/annotations-legend.json,raw/evaluacion_modernizador/modernisation_reviewer_4_packet/entities-legends_Modernizador.json,True,True,True,True,True
BnF_118_08,4,intermediate/extracted_exports/reviewer_packet_4/01_ANNOTATOR_2026-07-31T19_55_33_452Z_data_export/data_ANN_export_anotations/ANN_Documents/BnF_118_08_GT_moderno.ann.json,intermediate/extracted_exports/reviewer_packet_4/01_ANNOTATOR_2026-07-31T19_55_33_452Z_data_export/data_ANN_export_anotations/ANN_Documents/BnF_118_08_GT_moderno.txt,intermediate/extracted_exports/reviewer_packet_4/01_ANNOTATOR_2026-07-31T19_55_33_452Z_data_export/data_ANN_export_anotations/annotations-legend.json,raw/evaluacion_modernizador/modernisation_reviewer_4_packet/entities-legends_Modernizador.json,True,True,True,True,True
BnF_119-148_18,4,intermediate/extracted_exports/reviewer_packet_4/01_ANNOTATOR_2026-07-31T19_55_33_452Z_data_export/data_ANN_export_anotations/ANN_Documents/BnF_119-148_18_GT_moderno.ann.json,intermediate/extracted_exports/reviewer_packet_4/01_ANNOTATOR_2026-07-31T19_55_33_452Z_data_export/data_ANN_export_anotations/ANN_Documents/BnF_119-148_18_GT_moderno.txt,intermediate/extracted_exports/reviewer_packet_4/01_ANNOTATOR_2026-07-31T19_55_33_452Z_data_export/data_ANN_export_anotations/annotations-legend.json,raw/evaluacion_modernizador/modernisation_reviewer_4_packet/entities-legends_Modernizador.json,True,True,True,True,True
BnF_174_03,4,intermediate/extracted_exports/reviewer_packet_4/01_ANNOTATOR_2026-07-31T19_55_33_452Z_data_export/data_ANN_export_anotations/ANN_Documents/BnF_174_03_GT_moderno.ann.json,intermediate/extracted_exports/reviewer_packet_4/01_ANNOTATOR_2026-07-31T19_55_33_452Z_data_export/data_ANN_export_anotations/ANN_Documents/BnF_174_03_GT_moderno.txt,intermediate/extracted_exports/reviewer_packet_4/01_ANNOTATOR_2026-07-31T19_55_33_452Z_data_export/data_ANN_export_anotations/annotations-legend.json,raw/evaluacion_modernizador/modernisation_reviewer_4_packet/entities-legends_Modernizador.json,True,True,True,True,True
BnF_243_12,4,intermediate/extracted_exports/reviewer_packet_4/01_ANNOTATOR_2026-07-31T19_55_33_452Z_data_export/data_ANN_export_anotations/ANN_Documents/BnF_243_12_GT_moderno.ann.json,intermediate/extracted_exports/reviewer_packet_4/01_ANNOTATOR_2026-07-31T19_55_33_452Z_data_export/data_ANN_export_anotations/ANN_Documents/BnF_243_12_GT_moderno.txt,intermediate/extracted_exports/reviewer_packet_4/01_ANNOTATOR_2026-07-31T19_55_33_452Z_data_export/data_ANN_export_anotations/annotations-legend.json,raw/evaluacion_modernizador/modernisation_reviewer_4_packet/entities-legends_Modernizador.json,True,True,True,True,True
BnF_244_03,4,intermediate/extracted_exports/reviewer_packet_4/01_ANNOTATOR_2026-07-31T19_55_33_452Z_data_export/data_ANN_export_anotations/ANN_Documents/BnF_244_03_GT_moderno.ann.json,intermediate/extracted_exports/reviewer_packet_4/01_ANNOTATOR_2026-07-31T19_55_33_452Z_data_export/data_ANN_export_anotations/ANN_Documents/BnF_244_03_GT_moderno.txt,intermediate/extracted_exports/reviewer_packet_4/01_ANNOTATOR_2026-07-31T19_55_33_452Z_data_export/data_ANN_export_anotations/annotations-legend.json,raw/evaluacion_modernizador/modernisation_reviewer_4_packet/entities-legends_Modernizador.json,True,True,True,True,True
Mechoacan_Yurirapundaro_2,4,intermediate/extracted_exports/reviewer_packet_4/01_ANNOTATOR_2026-07-31T19_55_33_452Z_data_export/data_ANN_export_anotations/ANN_Documents/Mechoacan_Yurirapundaro_2_GT_moderno.ann.json,intermediate/extracted_exports/reviewer_packet_4/01_ANNOTATOR_2026-07-31T19_55_33_452Z_data_export/data_ANN_export_anotations/ANN_Documents/Mechoacan_Yurirapundaro_2_GT_moderno.txt,intermediate/extracted_exports/reviewer_packet_4/01_ANNOTATOR_2026-07-31T19_55_33_452Z_data_export/data_ANN_export_anotations/annotations-legend.json,raw/evaluacion_modernizador/modernisation_reviewer_4_packet/entities-legends_Modernizador.json,True,True,True,True,True
UIA_Ms149_Exp2_51,4,intermediate/extracted_exports/reviewer_packet_4/01_ANNOTATOR_2026-07-31T19_55_33_452Z_data_export/data_ANN_export_anotations/ANN_Documents/UIA_Ms149_Exp2_51_GT_moderno.ann.json,intermediate/extracted_exports/reviewer_packet_4/01_ANNOTATOR_2026-07-31T19_55_33_452Z_data_export/data_ANN_export_anotations/ANN_Documents/UIA_Ms149_Exp2_51_GT_moderno.txt,intermediate/extracted_exports/reviewer_packet_4/01_ANNOTATOR_2026-07-31T19_55_33_452Z_data_export/data_ANN_export_anotations/annotations-legend.json,raw/evaluacion_modernizador/modernisation_reviewer_4_packet/entities-legends_Modernizador.json,True,True,True,True,True
utblac_eog_j_04_duplicated_02,4,intermediate/extracted_exports/reviewer_packet_4/01_ANNOTATOR_2026-07-31T19_55_33_452Z_data_export/data_ANN_export_anotations/ANN_Documents/utblac_eog_j_04_duplicated_02_GT_moderno.ann.json,intermediate/extracted_exports/reviewer_packet_4/01_ANNOTATOR_2026-07-31T19_55_33_452Z_data_export/data_ANN_export_anotations/ANN_Documents/utblac_eog_j_04_duplicated_02_GT_moderno.txt,intermediate/extracted_exports/reviewer_packet_4/01_ANNOTATOR_2026-07-31T19_55_33_452Z_data_export/data_ANN_export_anotations/annotations-legend.json,raw/evaluacion_modernizador/modernisation_reviewer_4_packet/entities-legends_Modernizador.json,True,True,True,True,True
utblac_wbs_0912a_duplicated,4,intermediate/extracted_exports/reviewer_packet_4/01_ANNOTATOR_2026-07-31T19_55_33_452Z_data_export/data_ANN_export_anotations/ANN_Documents/utblac_wbs_0912a_duplicated_GT_moderno.ann.json,intermediate/extracted_exports/reviewer_packet_4/01_ANNOTATOR_2026-07-31T19_55_33_452Z_data_export/data_ANN_export_anotations/ANN_Documents/utblac_wbs_0912a_duplicated_GT_moderno.txt,intermediate/extracted_exports/reviewer_packet_4/01_ANNOTATOR_2026-07-31T19_55_33_452Z_data_export/data_ANN_export_anotations/annotations-legend.json,raw/evaluacion_modernizador/modernisation_reviewer_4_packet/entities-legends_Modernizador.json,True,True,True,True,True
AGI_GUADALAJARA_230_L2_F_45V-46V_1,5,intermediate/extracted_exports/reviewer_packet_5/01_ANNOTATOR_2026-07-29T20_24_06_750Z_data_export/data_ANN_export_anotations/ANN_Documents/AGI_GUADALAJARA_230_L2_F_45V-46V_1_GT_moderno.ann.json,intermediate/extracted_exports/reviewer_packet_5/01_ANNOTATOR_2026-07-29T20_24_06_750Z_data_export/data_ANN_export_anotations/ANN_Documents/AGI_GUADALAJARA_230_L2_F_45V-46V_1_GT_moderno.txt,intermediate/extracted_exports/reviewer_packet_5/01_ANNOTATOR_2026-07-29T20_24_06_750Z_data_export/data_ANN_export_anotations/annotations-legend.json,raw/evaluacion_modernizador/modernisation_reviewer_5_packet/entities-legends_Modernizador.json,True,True,True,True,True
AGN_GralParte_v001_exp1020_02,5,intermediate/extracted_exports/reviewer_packet_5/01_ANNOTATOR_2026-07-29T20_24_06_750Z_data_export/data_ANN_export_anotations/ANN_Documents/AGN_GralParte_v001_exp1020_02_GT_moderno.ann.json,intermediate/extracted_exports/reviewer_packet_5/01_ANNOTATOR_2026-07-29T20_24_06_750Z_data_export/data_ANN_export_anotations/ANN_Documents/AGN_GralParte_v001_exp1020_02_GT_moderno.txt,intermediate/extracted_exports/reviewer_packet_5/01_ANNOTATOR_2026-07-29T20_24_06_750Z_data_export/data_ANN_export_anotations/annotations-legend.json,raw/evaluacion_modernizador/modernisation_reviewer_5_packet/entities-legends_Modernizador.json,True,True,True,True,True
AGN_Marina_v004_exp006_005,5,intermediate/extracted_exports/reviewer_packet_5/01_ANNOTATOR_2026-07-29T20_24_06_750Z_data_export/data_ANN_export_anotations/ANN_Documents/AGN_Marina_v004_exp006_005_GT_moderno.ann.json,intermediate/extracted_exports/reviewer_packet_5/01_ANNOTATOR_2026-07-29T20_24_06_750Z_data_export/data_ANN_export_anotations/ANN_Documents/AGN_Marina_v004_exp006_005_GT_moderno.txt,intermediate/extracted_exports/reviewer_packet_5/01_ANNOTATOR_2026-07-29T20_24_06_750Z_data_export/data_ANN_export_anotations/annotations-legend.json,raw/evaluacion_modernizador/modernisation_reviewer_5_packet/entities-legends_Modernizador.json,True,True,True,True,True
AGN_Tierras_v039-2_exp003_72,5,intermediate/extracted_exports/reviewer_packet_5/01_ANNOTATOR_2026-07-29T20_24_06_750Z_data_export/data_ANN_export_anotations/ANN_Documents/AGN_Tierras_v039-2_exp003_72_GT_moderno.ann.json,intermediate/extracted_exports/reviewer_packet_5/01_ANNOTATOR_2026-07-29T20_24_06_750Z_data_export/data_ANN_export_anotations/ANN_Documents/AGN_Tierras_v039-2_exp003_72_GT_moderno.txt,intermediate/extracted_exports/reviewer_packet_5/01_ANNOTATOR_2026-07-29T20_24_06_750Z_data_export/data_ANN_export_anotations/annotations-legend.json,raw/evaluacion_modernizador/modernisation_reviewer_5_packet/entities-legends_Modernizador.json,True,True,True,True,True
BnF_030_21,5,intermediate/extracted_exports/reviewer_packet_5/01_ANNOTATOR_2026-07-29T20_24_06_750Z_data_export/data_ANN_export_anotations/ANN_Documents/BnF_030_21_GT_moderno.ann.json,intermediate/extracted_exports/reviewer_packet_5/01_ANNOTATOR_2026-07-29T20_24_06_750Z_data_export/data_ANN_export_anotations/ANN_Documents/BnF_030_21_GT_moderno.txt,intermediate/extracted_exports/reviewer_packet_5/01_ANNOTATOR_2026-07-29T20_24_06_750Z_data_export/data_ANN_export_anotations/annotations-legend.json,raw/evaluacion_modernizador/modernisation_reviewer_5_packet/entities-legends_Modernizador.json,True,True,True,True,True
BnF_112_23,5,intermediate/extracted_exports/reviewer_packet_5/01_ANNOTATOR_2026-07-29T20_24_06_750Z_data_export/data_ANN_export_anotations/ANN_Documents/BnF_112_23_GT_moderno.ann.json,intermediate/extracted_exports/reviewer_packet_5/01_ANNOTATOR_2026-07-29T20_24_06_750Z_data_export/data_ANN_export_anotations/ANN_Documents/BnF_112_23_GT_moderno.txt,intermediate/extracted_exports/reviewer_packet_5/01_ANNOTATOR_2026-07-29T20_24_06_750Z_data_export/data_ANN_export_anotations/annotations-legend.json,raw/evaluacion_modernizador/modernisation_reviewer_5_packet/entities-legends_Modernizador.json,True,True,True,True,True
BnF_116_06,5,intermediate/extracted_exports/reviewer_packet_5/01_ANNOTATOR_2026-07-29T20_24_06_750Z_data_export/data_ANN_export_anotations/ANN_Documents/BnF_116_06_GT_moderno.ann.json,intermediate/extracted_exports/reviewer_packet_5/01_ANNOTATOR_2026-07-29T20_24_06_750Z_data_export/data_ANN_export_anotations/ANN_Documents/BnF_116_06_GT_moderno.txt,intermediate/extracted_exports/reviewer_packet_5/01_ANNOTATOR_2026-07-29T20_24_06_750Z_data_export/data_ANN_export_anotations/annotations-legend.json,raw/evaluacion_modernizador/modernisation_reviewer_5_packet/entities-legends_Modernizador.json,True,True,True,True,True
BnF_117_08,5,intermediate/extracted_exports/reviewer_packet_5/01_ANNOTATOR_2026-07-29T20_24_06_750Z_data_export/data_ANN_export_anotations/ANN_Documents/BnF_117_08_GT_moderno.ann.json,intermediate/extracted_exports/reviewer_packet_5/01_ANNOTATOR_2026-07-29T20_24_06_750Z_data_export/data_ANN_export_anotations/ANN_Documents/BnF_117_08_GT_moderno.txt,intermediate/extracted_exports/reviewer_packet_5/01_ANNOTATOR_2026-07-29T20_24_06_750Z_data_export/data_ANN_export_anotations/annotations-legend.json,raw/evaluacion_modernizador/modernisation_reviewer_5_packet/entities-legends_Modernizador.json,True,True,True,True,True
BnF_118_06,5,intermediate/extracted_exports/reviewer_packet_5/01_ANNOTATOR_2026-07-29T20_24_06_750Z_data_export/data_ANN_export_anotations/ANN_Documents/BnF_118_06_GT_moderno.ann.json,intermediate/extracted_exports/reviewer_packet_5/01_ANNOTATOR_2026-07-29T20_24_06_750Z_data_export/data_ANN_export_anotations/ANN_Documents/BnF_118_06_GT_moderno.txt,intermediate/extracted_exports/reviewer_packet_5/01_ANNOTATOR_2026-07-29T20_24_06_750Z_data_export/data_ANN_export_anotations/annotations-legend.json,raw/evaluacion_modernizador/modernisation_reviewer_5_packet/entities-legends_Modernizador.json,True,True,True,True,True
BnF_119-148_13,5,intermediate/extracted_exports/reviewer_packet_5/01_ANNOTATOR_2026-07-29T20_24_06_750Z_data_export/data_ANN_export_anotations/ANN_Documents/BnF_119-148_13_GT_moderno.ann.json,intermediate/extracted_exports/reviewer_packet_5/01_ANNOTATOR_2026-07-29T20_24_06_750Z_data_export/data_ANN_export_anotations/ANN_Documents/BnF_119-148_13_GT_moderno.txt,intermediate/extracted_exports/reviewer_packet_5/01_ANNOTATOR_2026-07-29T20_24_06_750Z_data_export/data_ANN_export_anotations/annotations-legend.json,raw/evaluacion_modernizador/modernisation_reviewer_5_packet/entities-legends_Modernizador.json,True,True,True,True,True
BnF_167_10,5,intermediate/extracted_exports/reviewer_packet_5/01_ANNOTATOR_2026-07-29T20_24_06_750Z_data_export/data_ANN_export_anotations/ANN_Documents/BnF_167_10_GT_moderno.ann.json,intermediate/extracted_exports/reviewer_packet_5/01_ANNOTATOR_2026-07-29T20_24_06_750Z_data_export/data_ANN_export_anotations/ANN_Documents/BnF_167_10_GT_moderno.txt,intermediate/extracted_exports/reviewer_packet_5/01_ANNOTATOR_2026-07-29T20_24_06_750Z_data_export/data_ANN_export_anotations/annotations-legend.json,raw/evaluacion_modernizador/modernisation_reviewer_5_packet/entities-legends_Modernizador.json,True,True,True,True,True
BnF_243_17,5,intermediate/extracted_exports/reviewer_packet_5/01_ANNOTATOR_2026-07-29T20_24_06_750Z_data_export/data_ANN_export_anotations/ANN_Documents/BnF_243_17_GT_moderno.ann.json,intermediate/extracted_exports/reviewer_packet_5/01_ANNOTATOR_2026-07-29T20_24_06_750Z_data_export/data_ANN_export_anotations/ANN_Documents/BnF_243_17_GT_moderno.txt,intermediate/extracted_exports/reviewer_packet_5/01_ANNOTATOR_2026-07-29T20_24_06_750Z_data_export/data_ANN_export_anotations/annotations-legend.json,raw/evaluacion_modernizador/modernisation_reviewer_5_packet/entities-legends_Modernizador.json,True,True,True,True,True
BnF_244_04,5,intermediate/extracted_exports/reviewer_packet_5/01_ANNOTATOR_2026-07-29T20_24_06_750Z_data_export/data_ANN_export_anotations/ANN_Documents/BnF_244_04_GT_moderno.ann.json,intermediate/extracted_exports/reviewer_packet_5/01_ANNOTATOR_2026-07-29T20_24_06_750Z_data_export/data_ANN_export_anotations/ANN_Documents/BnF_244_04_GT_moderno.txt,intermediate/extracted_exports/reviewer_packet_5/01_ANNOTATOR_2026-07-29T20_24_06_750Z_data_export/data_ANN_export_anotations/annotations-legend.json,raw/evaluacion_modernizador/modernisation_reviewer_5_packet/entities-legends_Modernizador.json,True,True,True,True,True
BnF_244_05,5,intermediate/extracted_exports/reviewer_packet_5/01_ANNOTATOR_2026-07-29T20_24_06_750Z_data_export/data_ANN_export_anotations/ANN_Documents/BnF_244_05_GT_moderno.ann.json,intermediate/extracted_exports/reviewer_packet_5/01_ANNOTATOR_2026-07-29T20_24_06_750Z_data_export/data_ANN_export_anotations/ANN_Documents/BnF_244_05_GT_moderno.txt,intermediate/extracted_exports/reviewer_packet_5/01_ANNOTATOR_2026-07-29T20_24_06_750Z_data_export/data_ANN_export_anotations/annotations-legend.json,raw/evaluacion_modernizador/modernisation_reviewer_5_packet/entities-legends_Modernizador.json,True,True,True,True,True
BnF_264_12,5,intermediate/extracted_exports/reviewer_packet_5/01_ANNOTATOR_2026-07-29T20_24_06_750Z_data_export/data_ANN_export_anotations/ANN_Documents/BnF_264_12_GT_moderno.ann.json,intermediate/extracted_exports/reviewer_packet_5/01_ANNOTATOR_2026-07-29T20_24_06_750Z_data_export/data_ANN_export_anotations/ANN_Documents/BnF_264_12_GT_moderno.txt,intermediate/extracted_exports/reviewer_packet_5/01_ANNOTATOR_2026-07-29T20_24_06_750Z_data_export/data_ANN_export_anotations/annotations-legend.json,raw/evaluacion_modernizador/modernisation_reviewer_5_packet/entities-legends_Modernizador.json,True,True,True,True,True
BnF_283_03,5,intermediate/extracted_exports/reviewer_packet_5/01_ANNOTATOR_2026-07-29T20_24_06_750Z_data_export/data_ANN_export_anotations/ANN_Documents/BnF_283_03_GT_moderno.ann.json,intermediate/extracted_exports/reviewer_packet_5/01_ANNOTATOR_2026-07-29T20_24_06_750Z_data_export/data_ANN_export_anotations/ANN_Documents/BnF_283_03_GT_moderno.txt,intermediate/extracted_exports/reviewer_packet_5/01_ANNOTATOR_2026-07-29T20_24_06_750Z_data_export/data_ANN_export_anotations/annotations-legend.json,raw/evaluacion_modernizador/modernisation_reviewer_5_packet/entities-legends_Modernizador.json,True,True,True,True,True
LoC_HPKraus_138_new_07,5,intermediate/extracted_exports/reviewer_packet_5/01_ANNOTATOR_2026-07-29T20_24_06_750Z_data_export/data_ANN_export_anotations/ANN_Documents/LoC_HPKraus_138_new_07_GT_moderno.ann.json,intermediate/extracted_exports/reviewer_packet_5/01_ANNOTATOR_2026-07-29T20_24_06_750Z_data_export/data_ANN_export_anotations/ANN_Documents/LoC_HPKraus_138_new_07_GT_moderno.txt,intermediate/extracted_exports/reviewer_packet_5/01_ANNOTATOR_2026-07-29T20_24_06_750Z_data_export/data_ANN_export_anotations/annotations-legend.json,raw/evaluacion_modernizador/modernisation_reviewer_5_packet/entities-legends_Modernizador.json,True,True,True,True,True
utblac_JGI_XXV-05_Tequixquiac_25,5,intermediate/extracted_exports/reviewer_packet_5/01_ANNOTATOR_2026-07-29T20_24_06_750Z_data_export/data_ANN_export_anotations/ANN_Documents/utblac_JGI_XXV-05_Tequixquiac_25_GT_moderno.ann.json,intermediate/extracted_exports/reviewer_packet_5/01_ANNOTATOR_2026-07-29T20_24_06_750Z_data_export/data_ANN_export_anotations/ANN_Documents/utblac_JGI_XXV-05_Tequixquiac_25_GT_moderno.txt,intermediate/extracted_exports/reviewer_packet_5/01_ANNOTATOR_2026-07-29T20_24_06_750Z_data_export/data_ANN_export_anotations/annotations-legend.json,raw/evaluacion_modernizador/modernisation_reviewer_5_packet/entities-legends_Modernizador.json,True,True,True,True,True
utblac_wbs_888_duplicated_1,5,intermediate/extracted_exports/reviewer_packet_5/01_ANNOTATOR_2026-07-29T20_24_06_750Z_data_export/data_ANN_export_anotations/ANN_Documents/utblac_wbs_888_duplicated_1_GT_moderno.ann.json,intermediate/extracted_exports/reviewer_packet_5/01_ANNOTATOR_2026-07-29T20_24_06_750Z_data_export/data_ANN_export_anotations/ANN_Documents/utblac_wbs_888_duplicated_1_GT_moderno.txt,intermediate/extracted_exports/reviewer_packet_5/01_ANNOTATOR_2026-07-29T20_24_06_750Z_data_export/data_ANN_export_anotations/annotations-legend.json,raw/evaluacion_modernizador/modernisation_reviewer_5_packet/entities-legends_Modernizador.json,True,True,True,True,True
utblac_wbs_888_duplicated_2,5,intermediate/extracted_exports/reviewer_packet_5/01_ANNOTATOR_2026-07-29T20_24_06_750Z_data_export/data_ANN_export_anotations/ANN_Documents/utblac_wbs_888_duplicated_2_GT_moderno.ann.json,intermediate/extracted_exports/reviewer_packet_5/01_ANNOTATOR_2026-07-29T20_24_06_750Z_data_export/data_ANN_export_anotations/ANN_Documents/utblac_wbs_888_duplicated_2_GT_moderno.txt,intermediate/extracted_exports/reviewer_packet_5/01_ANNOTATOR_2026-07-29T20_24_06_750Z_data_export/data_ANN_export_anotations/annotations-legend.json,raw/evaluacion_modernizador/modernisation_reviewer_5_packet/entities-legends_Modernizador.json,True,True,True,True,True
AGI_INDIFERENTE_2065_N45_11,6,intermediate/extracted_exports/reviewer_packet_6/01_ANNOTATOR_2026-07-27T17_22_04_247Z_data_export/data_ANN_export_anotations/ANN_Documents/AGI_INDIFERENTE_2065_N45_11_GT_moderno.ann.json,intermediate/extracted_exports/reviewer_packet_6/01_ANNOTATOR_2026-07-27T17_22_04_247Z_data_export/data_ANN_export_anotations/ANN_Documents/AGI_INDIFERENTE_2065_N45_11_GT_moderno.txt,intermediate/extracted_exports/reviewer_packet_6/01_ANNOTATOR_2026-07-27T17_22_04_247Z_data_export/data_ANN_export_anotations/annotations-legend.json,raw/evaluacion_modernizador/modernisation_reviewer_6_packet/entities-legends_Modernizador.json,True,True,True,True,True
AGI_PATRONATO_182_R3_01,6,intermediate/extracted_exports/reviewer_packet_6/01_ANNOTATOR_2026-07-27T17_22_04_247Z_data_export/data_ANN_export_anotations/ANN_Documents/AGI_PATRONATO_182_R3_01_GT_moderno.ann.json,intermediate/extracted_exports/reviewer_packet_6/01_ANNOTATOR_2026-07-27T17_22_04_247Z_data_export/data_ANN_export_anotations/ANN_Documents/AGI_PATRONATO_182_R3_01_GT_moderno.txt,intermediate/extracted_exports/reviewer_packet_6/01_ANNOTATOR_2026-07-27T17_22_04_247Z_data_export/data_ANN_export_anotations/annotations-legend.json,raw/evaluacion_modernizador/modernisation_reviewer_6_packet/entities-legends_Modernizador.json,True,True,True,True,True
AGN_Indios_v019_exp354_2,6,intermediate/extracted_exports/reviewer_packet_6/01_ANNOTATOR_2026-07-27T17_22_04_247Z_data_export/data_ANN_export_anotations/ANN_Documents/AGN_Indios_v019_exp354_2_GT_moderno.ann.json,intermediate/extracted_exports/reviewer_packet_6/01_ANNOTATOR_2026-07-27T17_22_04_247Z_data_export/data_ANN_export_anotations/ANN_Documents/AGN_Indios_v019_exp354_2_GT_moderno.txt,intermediate/extracted_exports/reviewer_packet_6/01_ANNOTATOR_2026-07-27T17_22_04_247Z_data_export/data_ANN_export_anotations/annotations-legend.json,raw/evaluacion_modernizador/modernisation_reviewer_6_packet/entities-legends_Modernizador.json,True,True,True,True,True
AGN_Mercedes_v003_exp520,6,intermediate/extracted_exports/reviewer_packet_6/01_ANNOTATOR_2026-07-27T17_22_04_247Z_data_export/data_ANN_export_anotations/ANN_Documents/AGN_Mercedes_v003_exp520_GT_moderno.ann.json,intermediate/extracted_exports/reviewer_packet_6/01_ANNOTATOR_2026-07-27T17_22_04_247Z_data_export/data_ANN_export_anotations/ANN_Documents/AGN_Mercedes_v003_exp520_GT_moderno.txt,intermediate/extracted_exports/reviewer_packet_6/01_ANNOTATOR_2026-07-27T17_22_04_247Z_data_export/data_ANN_export_anotations/annotations-legend.json,raw/evaluacion_modernizador/modernisation_reviewer_6_packet/entities-legends_Modernizador.json,True,True,True,True,True
AGN_RealesCedDup_v003_exp334,6,intermediate/extracted_exports/reviewer_packet_6/01_ANNOTATOR_2026-07-27T17_22_04_247Z_data_export/data_ANN_export_anotations/ANN_Documents/AGN_RealesCedDup_v003_exp334_GT_moderno.ann.json,intermediate/extracted_exports/reviewer_packet_6/01_ANNOTATOR_2026-07-27T17_22_04_247Z_data_export/data_ANN_export_anotations/ANN_Documents/AGN_RealesCedDup_v003_exp334_GT_moderno.txt,intermediate/extracted_exports/reviewer_packet_6/01_ANNOTATOR_2026-07-27T17_22_04_247Z_data_export/data_ANN_export_anotations/annotations-legend.json,raw/evaluacion_modernizador/modernisation_reviewer_6_packet/entities-legends_Modernizador.json,True,True,True,True,True
AGN_RealesCedDup_v016_exp515,6,intermediate/extracted_exports/reviewer_packet_6/01_ANNOTATOR_2026-07-27T17_22_04_247Z_data_export/data_ANN_export_anotations/ANN_Documents/AGN_RealesCedDup_v016_exp515_GT_moderno.ann.json,intermediate/extracted_exports/reviewer_packet_6/01_ANNOTATOR_2026-07-27T17_22_04_247Z_data_export/data_ANN_export_anotations/ANN_Documents/AGN_RealesCedDup_v016_exp515_GT_moderno.txt,intermediate/extracted_exports/reviewer_packet_6/01_ANNOTATOR_2026-07-27T17_22_04_247Z_data_export/data_ANN_export_anotations/annotations-legend.json,raw/evaluacion_modernizador/modernisation_reviewer_6_packet/entities-legends_Modernizador.json,True,True,True,True,True
AGN_RealesCedDup_v030_exp874,6,intermediate/extracted_exports/reviewer_packet_6/01_ANNOTATOR_2026-07-27T17_22_04_247Z_data_export/data_ANN_export_anotations/ANN_Documents/AGN_RealesCedDup_v030_exp874_GT_moderno.ann.json,intermediate/extracted_exports/reviewer_packet_6/01_ANNOTATOR_2026-07-27T17_22_04_247Z_data_export/data_ANN_export_anotations/ANN_Documents/AGN_RealesCedDup_v030_exp874_GT_moderno.txt,intermediate/extracted_exports/reviewer_packet_6/01_ANNOTATOR_2026-07-27T17_22_04_247Z_data_export/data_ANN_export_anotations/annotations-legend.json,raw/evaluacion_modernizador/modernisation_reviewer_6_packet/entities-legends_Modernizador.json,True,True,True,True,True
AMP_AC_v021__doc026_2,6,intermediate/extracted_exports/reviewer_packet_6/01_ANNOTATOR_2026-07-27T17_22_04_247Z_data_export/data_ANN_export_anotations/ANN_Documents/AMP_AC_v021__doc026_2_GT_moderno.ann.json,intermediate/extracted_exports/reviewer_packet_6/01_ANNOTATOR_2026-07-27T17_22_04_247Z_data_export/data_ANN_export_anotations/ANN_Documents/AMP_AC_v021__doc026_2_GT_moderno.txt,intermediate/extracted_exports/reviewer_packet_6/01_ANNOTATOR_2026-07-27T17_22_04_247Z_data_export/data_ANN_export_anotations/annotations-legend.json,raw/evaluacion_modernizador/modernisation_reviewer_6_packet/entities-legends_Modernizador.json,True,True,True,True,True
BnF_075_014,6,intermediate/extracted_exports/reviewer_packet_6/01_ANNOTATOR_2026-07-27T17_22_04_247Z_data_export/data_ANN_export_anotations/ANN_Documents/BnF_075_014_GT_moderno.ann.json,intermediate/extracted_exports/reviewer_packet_6/01_ANNOTATOR_2026-07-27T17_22_04_247Z_data_export/data_ANN_export_anotations/ANN_Documents/BnF_075_014_GT_moderno.txt,intermediate/extracted_exports/reviewer_packet_6/01_ANNOTATOR_2026-07-27T17_22_04_247Z_data_export/data_ANN_export_anotations/annotations-legend.json,raw/evaluacion_modernizador/modernisation_reviewer_6_packet/entities-legends_Modernizador.json,True,True,True,True,True
BnF_104_3,6,intermediate/extracted_exports/reviewer_packet_6/01_ANNOTATOR_2026-07-27T17_22_04_247Z_data_export/data_ANN_export_anotations/ANN_Documents/BnF_104_3_GT_moderno.ann.json,intermediate/extracted_exports/reviewer_packet_6/01_ANNOTATOR_2026-07-27T17_22_04_247Z_data_export/data_ANN_export_anotations/ANN_Documents/BnF_104_3_GT_moderno.txt,intermediate/extracted_exports/reviewer_packet_6/01_ANNOTATOR_2026-07-27T17_22_04_247Z_data_export/data_ANN_export_anotations/annotations-legend.json,raw/evaluacion_modernizador/modernisation_reviewer_6_packet/entities-legends_Modernizador.json,True,True,True,True,True
BnF_110_09,6,intermediate/extracted_exports/reviewer_packet_6/01_ANNOTATOR_2026-07-27T17_22_04_247Z_data_export/data_ANN_export_anotations/ANN_Documents/BnF_110_09_GT_moderno.ann.json,intermediate/extracted_exports/reviewer_packet_6/01_ANNOTATOR_2026-07-27T17_22_04_247Z_data_export/data_ANN_export_anotations/ANN_Documents/BnF_110_09_GT_moderno.txt,intermediate/extracted_exports/reviewer_packet_6/01_ANNOTATOR_2026-07-27T17_22_04_247Z_data_export/data_ANN_export_anotations/annotations-legend.json,raw/evaluacion_modernizador/modernisation_reviewer_6_packet/entities-legends_Modernizador.json,True,True,True,True,True
BnF_110_33,6,intermediate/extracted_exports/reviewer_packet_6/01_ANNOTATOR_2026-07-27T17_22_04_247Z_data_export/data_ANN_export_anotations/ANN_Documents/BnF_110_33_GT_moderno.ann.json,intermediate/extracted_exports/reviewer_packet_6/01_ANNOTATOR_2026-07-27T17_22_04_247Z_data_export/data_ANN_export_anotations/ANN_Documents/BnF_110_33_GT_moderno.txt,intermediate/extracted_exports/reviewer_packet_6/01_ANNOTATOR_2026-07-27T17_22_04_247Z_data_export/data_ANN_export_anotations/annotations-legend.json,raw/evaluacion_modernizador/modernisation_reviewer_6_packet/entities-legends_Modernizador.json,True,True,True,True,True
BnF_111_27,6,intermediate/extracted_exports/reviewer_packet_6/01_ANNOTATOR_2026-07-27T17_22_04_247Z_data_export/data_ANN_export_anotations/ANN_Documents/BnF_111_27_GT_moderno.ann.json,intermediate/extracted_exports/reviewer_packet_6/01_ANNOTATOR_2026-07-27T17_22_04_247Z_data_export/data_ANN_export_anotations/ANN_Documents/BnF_111_27_GT_moderno.txt,intermediate/extracted_exports/reviewer_packet_6/01_ANNOTATOR_2026-07-27T17_22_04_247Z_data_export/data_ANN_export_anotations/annotations-legend.json,raw/evaluacion_modernizador/modernisation_reviewer_6_packet/entities-legends_Modernizador.json,True,True,True,True,True
BnF_117_14,6,intermediate/extracted_exports/reviewer_packet_6/01_ANNOTATOR_2026-07-27T17_22_04_247Z_data_export/data_ANN_export_anotations/ANN_Documents/BnF_117_14_GT_moderno.ann.json,intermediate/extracted_exports/reviewer_packet_6/01_ANNOTATOR_2026-07-27T17_22_04_247Z_data_export/data_ANN_export_anotations/ANN_Documents/BnF_117_14_GT_moderno.txt,intermediate/extracted_exports/reviewer_packet_6/01_ANNOTATOR_2026-07-27T17_22_04_247Z_data_export/data_ANN_export_anotations/annotations-legend.json,raw/evaluacion_modernizador/modernisation_reviewer_6_packet/entities-legends_Modernizador.json,True,True,True,True,True
BnF_118_05,6,intermediate/extracted_exports/reviewer_packet_6/01_ANNOTATOR_2026-07-27T17_22_04_247Z_data_export/data_ANN_export_anotations/ANN_Documents/BnF_118_05_GT_moderno.ann.json,intermediate/extracted_exports/reviewer_packet_6/01_ANNOTATOR_2026-07-27T17_22_04_247Z_data_export/data_ANN_export_anotations/ANN_Documents/BnF_118_05_GT_moderno.txt,intermediate/extracted_exports/reviewer_packet_6/01_ANNOTATOR_2026-07-27T17_22_04_247Z_data_export/data_ANN_export_anotations/annotations-legend.json,raw/evaluacion_modernizador/modernisation_reviewer_6_packet/entities-legends_Modernizador.json,True,True,True,True,True
BnF_244_02,6,intermediate/extracted_exports/reviewer_packet_6/01_ANNOTATOR_2026-07-27T17_22_04_247Z_data_export/data_ANN_export_anotations/ANN_Documents/BnF_244_02_GT_moderno.ann.json,intermediate/extracted_exports/reviewer_packet_6/01_ANNOTATOR_2026-07-27T17_22_04_247Z_data_export/data_ANN_export_anotations/ANN_Documents/BnF_244_02_GT_moderno.txt,intermediate/extracted_exports/reviewer_packet_6/01_ANNOTATOR_2026-07-27T17_22_04_247Z_data_export/data_ANN_export_anotations/annotations-legend.json,raw/evaluacion_modernizador/modernisation_reviewer_6_packet/entities-legends_Modernizador.json,True,True,True,True,True
BnF_283_05,6,intermediate/extracted_exports/reviewer_packet_6/01_ANNOTATOR_2026-07-27T17_22_04_247Z_data_export/data_ANN_export_anotations/ANN_Documents/BnF_283_05_GT_moderno.ann.json,intermediate/extracted_exports/reviewer_packet_6/01_ANNOTATOR_2026-07-27T17_22_04_247Z_data_export/data_ANN_export_anotations/ANN_Documents/BnF_283_05_GT_moderno.txt,intermediate/extracted_exports/reviewer_packet_6/01_ANNOTATOR_2026-07-27T17_22_04_247Z_data_export/data_ANN_export_anotations/annotations-legend.json,raw/evaluacion_modernizador/modernisation_reviewer_6_packet/entities-legends_Modernizador.json,True,True,True,True,True
UIA_Ms149_Exp3_04,6,intermediate/extracted_exports/reviewer_packet_6/01_ANNOTATOR_2026-07-27T17_22_04_247Z_data_export/data_ANN_export_anotations/ANN_Documents/UIA_Ms149_Exp3_04_GT_moderno.ann.json,intermediate/extracted_exports/reviewer_packet_6/01_ANNOTATOR_2026-07-27T17_22_04_247Z_data_export/data_ANN_export_anotations/ANN_Documents/UIA_Ms149_Exp3_04_GT_moderno.txt,intermediate/extracted_exports/reviewer_packet_6/01_ANNOTATOR_2026-07-27T17_22_04_247Z_data_export/data_ANN_export_anotations/annotations-legend.json,raw/evaluacion_modernizador/modernisation_reviewer_6_packet/entities-legends_Modernizador.json,True,True,True,True,True
UIA_Ms149_Exp3_31,6,intermediate/extracted_exports/reviewer_packet_6/01_ANNOTATOR_2026-07-27T17_22_04_247Z_data_export/data_ANN_export_anotations/ANN_Documents/UIA_Ms149_Exp3_31_GT_moderno.ann.json,intermediate/extracted_exports/reviewer_packet_6/01_ANNOTATOR_2026-07-27T17_22_04_247Z_data_export/data_ANN_export_anotations/ANN_Documents/UIA_Ms149_Exp3_31_GT_moderno.txt,intermediate/extracted_exports/reviewer_packet_6/01_ANNOTATOR_2026-07-27T17_22_04_247Z_data_export/data_ANN_export_anotations/annotations-legend.json,raw/evaluacion_modernizador/modernisation_reviewer_6_packet/entities-legends_Modernizador.json,True,True,True,True,True
utblac_gg_mss_g62_duplicated_11,6,intermediate/extracted_exports/reviewer_packet_6/01_ANNOTATOR_2026-07-27T17_22_04_247Z_data_export/data_ANN_export_anotations/ANN_Documents/utblac_gg_mss_g62_duplicated_11_GT_moderno.ann.json,intermediate/extracted_exports/reviewer_packet_6/01_ANNOTATOR_2026-07-27T17_22_04_247Z_data_export/data_ANN_export_anotations/ANN_Documents/utblac_gg_mss_g62_duplicated_11_GT_moderno.txt,intermediate/extracted_exports/reviewer_packet_6/01_ANNOTATOR_2026-07-27T17_22_04_247Z_data_export/data_ANN_export_anotations/annotations-legend.json,raw/evaluacion_modernizador/modernisation_reviewer_6_packet/entities-legends_Modernizador.json,True,True,True,True,True
AGI_PATRONATO_181_R13_1,7,intermediate/extracted_exports/reviewer_packet_7/01_ANNOTATOR_2026-07-31T23_25_28_968Z_data_export/data_ANN_export_anotations/ANN_Documents/AGI_PATRONATO_181_R13_1_GT_moderno.ann.json,intermediate/extracted_exports/reviewer_packet_7/01_ANNOTATOR_2026-07-31T23_25_28_968Z_data_export/data_ANN_export_anotations/ANN_Documents/AGI_PATRONATO_181_R13_1_GT_moderno.txt,intermediate/extracted_exports/reviewer_packet_7/01_ANNOTATOR_2026-07-31T23_25_28_968Z_data_export/data_ANN_export_anotations/annotations-legend.json,raw/evaluacion_modernizador/modernisation_reviewer_7_packet/entities-legends_Modernizador.json,True,True,True,True,True
AGI_PATRONATO_181_R13_2,7,intermediate/extracted_exports/reviewer_packet_7/01_ANNOTATOR_2026-07-31T23_25_28_968Z_data_export/data_ANN_export_anotations/ANN_Documents/AGI_PATRONATO_181_R13_2_GT_moderno.ann.json,intermediate/extracted_exports/reviewer_packet_7/01_ANNOTATOR_2026-07-31T23_25_28_968Z_data_export/data_ANN_export_anotations/ANN_Documents/AGI_PATRONATO_181_R13_2_GT_moderno.txt,intermediate/extracted_exports/reviewer_packet_7/01_ANNOTATOR_2026-07-31T23_25_28_968Z_data_export/data_ANN_export_anotations/annotations-legend.json,raw/evaluacion_modernizador/modernisation_reviewer_7_packet/entities-legends_Modernizador.json,True,True,True,True,True
AGN_AHHacienda_v268_exp046_02,7,intermediate/extracted_exports/reviewer_packet_7/01_ANNOTATOR_2026-07-31T23_25_28_968Z_data_export/data_ANN_export_anotations/ANN_Documents/AGN_AHHacienda_v268_exp046_02_GT_moderno.ann.json,intermediate/extracted_exports/reviewer_packet_7/01_ANNOTATOR_2026-07-31T23_25_28_968Z_data_export/data_ANN_export_anotations/ANN_Documents/AGN_AHHacienda_v268_exp046_02_GT_moderno.txt,intermediate/extracted_exports/reviewer_packet_7/01_ANNOTATOR_2026-07-31T23_25_28_968Z_data_export/data_ANN_export_anotations/annotations-legend.json,raw/evaluacion_modernizador/modernisation_reviewer_7_packet/entities-legends_Modernizador.json,True,True,True,True,True
AGN_GralParte_v001_exp1020_01,7,intermediate/extracted_exports/reviewer_packet_7/01_ANNOTATOR_2026-07-31T23_25_28_968Z_data_export/data_ANN_export_anotations/ANN_Documents/AGN_GralParte_v001_exp1020_01_GT_moderno.ann.json,intermediate/extracted_exports/reviewer_packet_7/01_ANNOTATOR_2026-07-31T23_25_28_968Z_data_export/data_ANN_export_anotations/ANN_Documents/AGN_GralParte_v001_exp1020_01_GT_moderno.txt,intermediate/extracted_exports/reviewer_packet_7/01_ANNOTATOR_2026-07-31T23_25_28_968Z_data_export/data_ANN_export_anotations/annotations-legend.json,raw/evaluacion_modernizador/modernisation_reviewer_7_packet/entities-legends_Modernizador.json,True,True,True,True,True
AGN_IndiferenteVirreinal_caja4071_exp024_2,7,intermediate/extracted_exports/reviewer_packet_7/01_ANNOTATOR_2026-07-31T23_25_28_968Z_data_export/data_ANN_export_anotations/ANN_Documents/AGN_IndiferenteVirreinal_caja4071_exp024_2_GT_moderno.ann.json,intermediate/extracted_exports/reviewer_packet_7/01_ANNOTATOR_2026-07-31T23_25_28_968Z_data_export/data_ANN_export_anotations/ANN_Documents/AGN_IndiferenteVirreinal_caja4071_exp024_2_GT_moderno.txt,intermediate/extracted_exports/reviewer_packet_7/01_ANNOTATOR_2026-07-31T23_25_28_968Z_data_export/data_ANN_export_anotations/annotations-legend.json,raw/evaluacion_modernizador/modernisation_reviewer_7_packet/entities-legends_Modernizador.json,True,True,True,True,True
AGN_Indios_v002_exp835,7,intermediate/extracted_exports/reviewer_packet_7/01_ANNOTATOR_2026-07-31T23_25_28_968Z_data_export/data_ANN_export_anotations/ANN_Documents/AGN_Indios_v002_exp835_GT_moderno.ann.json,intermediate/extracted_exports/reviewer_packet_7/01_ANNOTATOR_2026-07-31T23_25_28_968Z_data_export/data_ANN_export_anotations/ANN_Documents/AGN_Indios_v002_exp835_GT_moderno.txt,intermediate/extracted_exports/reviewer_packet_7/01_ANNOTATOR_2026-07-31T23_25_28_968Z_data_export/data_ANN_export_anotations/annotations-legend.json,raw/evaluacion_modernizador/modernisation_reviewer_7_packet/entities-legends_Modernizador.json,True,True,True,True,True
AGN_Inquisicion_v1568A_exp152_fs115-116v_04,7,intermediate/extracted_exports/reviewer_packet_7/01_ANNOTATOR_2026-07-31T23_25_28_968Z_data_export/data_ANN_export_anotations/ANN_Documents/AGN_Inquisicion_v1568A_exp152_fs115-116v_04_GT_moderno.ann.json,intermediate/extracted_exports/reviewer_packet_7/01_ANNOTATOR_2026-07-31T23_25_28_968Z_data_export/data_ANN_export_anotations/ANN_Documents/AGN_Inquisicion_v1568A_exp152_fs115-116v_04_GT_moderno.txt,intermediate/extracted_exports/reviewer_packet_7/01_ANNOTATOR_2026-07-31T23_25_28_968Z_data_export/data_ANN_export_anotations/annotations-legend.json,raw/evaluacion_modernizador/modernisation_reviewer_7_packet/entities-legends_Modernizador.json,True,True,True,True,True
AGN_RealesCedDup_v050_exp062,7,intermediate/extracted_exports/reviewer_packet_7/01_ANNOTATOR_2026-07-31T23_25_28_968Z_data_export/data_ANN_export_anotations/ANN_Documents/AGN_RealesCedDup_v050_exp062_GT_moderno.ann.json,intermediate/extracted_exports/reviewer_packet_7/01_ANNOTATOR_2026-07-31T23_25_28_968Z_data_export/data_ANN_export_anotations/ANN_Documents/AGN_RealesCedDup_v050_exp062_GT_moderno.txt,intermediate/extracted_exports/reviewer_packet_7/01_ANNOTATOR_2026-07-31T23_25_28_968Z_data_export/data_ANN_export_anotations/annotations-legend.json,raw/evaluacion_modernizador/modernisation_reviewer_7_packet/entities-legends_Modernizador.json,True,True,True,True,True
BnF_030_20,7,intermediate/extracted_exports/reviewer_packet_7/01_ANNOTATOR_2026-07-31T23_25_28_968Z_data_export/data_ANN_export_anotations/ANN_Documents/BnF_030_20_GT_moderno.ann.json,intermediate/extracted_exports/reviewer_packet_7/01_ANNOTATOR_2026-07-31T23_25_28_968Z_data_export/data_ANN_export_anotations/ANN_Documents/BnF_030_20_GT_moderno.txt,intermediate/extracted_exports/reviewer_packet_7/01_ANNOTATOR_2026-07-31T23_25_28_968Z_data_export/data_ANN_export_anotations/annotations-legend.json,raw/evaluacion_modernizador/modernisation_reviewer_7_packet/entities-legends_Modernizador.json,True,True,True,True,True
BnF_032_39,7,intermediate/extracted_exports/reviewer_packet_7/01_ANNOTATOR_2026-07-31T23_25_28_968Z_data_export/data_ANN_export_anotations/ANN_Documents/BnF_032_39_GT_moderno.ann.json,intermediate/extracted_exports/reviewer_packet_7/01_ANNOTATOR_2026-07-31T23_25_28_968Z_data_export/data_ANN_export_anotations/ANN_Documents/BnF_032_39_GT_moderno.txt,intermediate/extracted_exports/reviewer_packet_7/01_ANNOTATOR_2026-07-31T23_25_28_968Z_data_export/data_ANN_export_anotations/annotations-legend.json,raw/evaluacion_modernizador/modernisation_reviewer_7_packet/entities-legends_Modernizador.json,True,True,True,True,True
BnF_110_29,7,intermediate/extracted_exports/reviewer_packet_7/01_ANNOTATOR_2026-07-31T23_25_28_968Z_data_export/data_ANN_export_anotations/ANN_Documents/BnF_110_29_GT_moderno.ann.json,intermediate/extracted_exports/reviewer_packet_7/01_ANNOTATOR_2026-07-31T23_25_28_968Z_data_export/data_ANN_export_anotations/ANN_Documents/BnF_110_29_GT_moderno.txt,intermediate/extracted_exports/reviewer_packet_7/01_ANNOTATOR_2026-07-31T23_25_28_968Z_data_export/data_ANN_export_anotations/annotations-legend.json,raw/evaluacion_modernizador/modernisation_reviewer_7_packet/entities-legends_Modernizador.json,True,True,True,True,True
BnF_111_22,7,intermediate/extracted_exports/reviewer_packet_7/01_ANNOTATOR_2026-07-31T23_25_28_968Z_data_export/data_ANN_export_anotations/ANN_Documents/BnF_111_22_GT_moderno.ann.json,intermediate/extracted_exports/reviewer_packet_7/01_ANNOTATOR_2026-07-31T23_25_28_968Z_data_export/data_ANN_export_anotations/ANN_Documents/BnF_111_22_GT_moderno.txt,intermediate/extracted_exports/reviewer_packet_7/01_ANNOTATOR_2026-07-31T23_25_28_968Z_data_export/data_ANN_export_anotations/annotations-legend.json,raw/evaluacion_modernizador/modernisation_reviewer_7_packet/entities-legends_Modernizador.json,True,True,True,True,True
BnF_112_04,7,intermediate/extracted_exports/reviewer_packet_7/01_ANNOTATOR_2026-07-31T23_25_28_968Z_data_export/data_ANN_export_anotations/ANN_Documents/BnF_112_04_GT_moderno.ann.json,intermediate/extracted_exports/reviewer_packet_7/01_ANNOTATOR_2026-07-31T23_25_28_968Z_data_export/data_ANN_export_anotations/ANN_Documents/BnF_112_04_GT_moderno.txt,intermediate/extracted_exports/reviewer_packet_7/01_ANNOTATOR_2026-07-31T23_25_28_968Z_data_export/data_ANN_export_anotations/annotations-legend.json,raw/evaluacion_modernizador/modernisation_reviewer_7_packet/entities-legends_Modernizador.json,True,True,True,True,True
BnF_112_08,7,intermediate/extracted_exports/reviewer_packet_7/01_ANNOTATOR_2026-07-31T23_25_28_968Z_data_export/data_ANN_export_anotations/ANN_Documents/BnF_112_08_GT_moderno.ann.json,intermediate/extracted_exports/reviewer_packet_7/01_ANNOTATOR_2026-07-31T23_25_28_968Z_data_export/data_ANN_export_anotations/ANN_Documents/BnF_112_08_GT_moderno.txt,intermediate/extracted_exports/reviewer_packet_7/01_ANNOTATOR_2026-07-31T23_25_28_968Z_data_export/data_ANN_export_anotations/annotations-legend.json,raw/evaluacion_modernizador/modernisation_reviewer_7_packet/entities-legends_Modernizador.json,True,True,True,True,True
BnF_113_22,7,intermediate/extracted_exports/reviewer_packet_7/01_ANNOTATOR_2026-07-31T23_25_28_968Z_data_export/data_ANN_export_anotations/ANN_Documents/BnF_113_22_GT_moderno.ann.json,intermediate/extracted_exports/reviewer_packet_7/01_ANNOTATOR_2026-07-31T23_25_28_968Z_data_export/data_ANN_export_anotations/ANN_Documents/BnF_113_22_GT_moderno.txt,intermediate/extracted_exports/reviewer_packet_7/01_ANNOTATOR_2026-07-31T23_25_28_968Z_data_export/data_ANN_export_anotations/annotations-legend.json,raw/evaluacion_modernizador/modernisation_reviewer_7_packet/entities-legends_Modernizador.json,True,True,True,True,True
BnF_113_43,7,intermediate/extracted_exports/reviewer_packet_7/01_ANNOTATOR_2026-07-31T23_25_28_968Z_data_export/data_ANN_export_anotations/ANN_Documents/BnF_113_43_GT_moderno.ann.json,intermediate/extracted_exports/reviewer_packet_7/01_ANNOTATOR_2026-07-31T23_25_28_968Z_data_export/data_ANN_export_anotations/ANN_Documents/BnF_113_43_GT_moderno.txt,intermediate/extracted_exports/reviewer_packet_7/01_ANNOTATOR_2026-07-31T23_25_28_968Z_data_export/data_ANN_export_anotations/annotations-legend.json,raw/evaluacion_modernizador/modernisation_reviewer_7_packet/entities-legends_Modernizador.json,True,True,True,True,True
BnF_118_03,7,intermediate/extracted_exports/reviewer_packet_7/01_ANNOTATOR_2026-07-31T23_25_28_968Z_data_export/data_ANN_export_anotations/ANN_Documents/BnF_118_03_GT_moderno.ann.json,intermediate/extracted_exports/reviewer_packet_7/01_ANNOTATOR_2026-07-31T23_25_28_968Z_data_export/data_ANN_export_anotations/ANN_Documents/BnF_118_03_GT_moderno.txt,intermediate/extracted_exports/reviewer_packet_7/01_ANNOTATOR_2026-07-31T23_25_28_968Z_data_export/data_ANN_export_anotations/annotations-legend.json,raw/evaluacion_modernizador/modernisation_reviewer_7_packet/entities-legends_Modernizador.json,True,True,True,True,True
BnF_119-148_33,7,intermediate/extracted_exports/reviewer_packet_7/01_ANNOTATOR_2026-07-31T23_25_28_968Z_data_export/data_ANN_export_anotations/ANN_Documents/BnF_119-148_33_GT_moderno.ann.json,intermediate/extracted_exports/reviewer_packet_7/01_ANNOTATOR_2026-07-31T23_25_28_968Z_data_export/data_ANN_export_anotations/ANN_Documents/BnF_119-148_33_GT_moderno.txt,intermediate/extracted_exports/reviewer_packet_7/01_ANNOTATOR_2026-07-31T23_25_28_968Z_data_export/data_ANN_export_anotations/annotations-legend.json,raw/evaluacion_modernizador/modernisation_reviewer_7_packet/entities-legends_Modernizador.json,True,True,True,True,True
BnF_174_04,7,intermediate/extracted_exports/reviewer_packet_7/01_ANNOTATOR_2026-07-31T23_25_28_968Z_data_export/data_ANN_export_anotations/ANN_Documents/BnF_174_04_GT_moderno.ann.json,intermediate/extracted_exports/reviewer_packet_7/01_ANNOTATOR_2026-07-31T23_25_28_968Z_data_export/data_ANN_export_anotations/ANN_Documents/BnF_174_04_GT_moderno.txt,intermediate/extracted_exports/reviewer_packet_7/01_ANNOTATOR_2026-07-31T23_25_28_968Z_data_export/data_ANN_export_anotations/annotations-legend.json,raw/evaluacion_modernizador/modernisation_reviewer_7_packet/entities-legends_Modernizador.json,True,True,True,True,True
BnF_264_02,7,intermediate/extracted_exports/reviewer_packet_7/01_ANNOTATOR_2026-07-31T23_25_28_968Z_data_export/data_ANN_export_anotations/ANN_Documents/BnF_264_02_GT_moderno.ann.json,intermediate/extracted_exports/reviewer_packet_7/01_ANNOTATOR_2026-07-31T23_25_28_968Z_data_export/data_ANN_export_anotations/ANN_Documents/BnF_264_02_GT_moderno.txt,intermediate/extracted_exports/reviewer_packet_7/01_ANNOTATOR_2026-07-31T23_25_28_968Z_data_export/data_ANN_export_anotations/annotations-legend.json,raw/evaluacion_modernizador/modernisation_reviewer_7_packet/entities-legends_Modernizador.json,True,True,True,True,True
AGI_CONTRATACION_1089_N8_176,8,raw/evaluacion_modernizador/modernisation_reviewer_8_packet/data_ANN_export_anotations/ANN_Documents/AGI_CONTRATACION_1089_N8_176_GT_moderno.ann.json,raw/evaluacion_modernizador/modernisation_reviewer_8_packet/data_ANN_export_anotations/ANN_Documents/AGI_CONTRATACION_1089_N8_176_GT_moderno.txt,raw/evaluacion_modernizador/modernisation_reviewer_8_packet/data_ANN_export_anotations/annotations-legend.json,raw/evaluacion_modernizador/modernisation_reviewer_8_packet/entities-legends_Modernizador.json,True,True,True,True,True
AGN_HospJesus_c205_exp041_04,8,raw/evaluacion_modernizador/modernisation_reviewer_8_packet/data_ANN_export_anotations/ANN_Documents/AGN_HospJesus_c205_exp041_04_GT_moderno.ann.json,raw/evaluacion_modernizador/modernisation_reviewer_8_packet/data_ANN_export_anotations/ANN_Documents/AGN_HospJesus_c205_exp041_04_GT_moderno.txt,raw/evaluacion_modernizador/modernisation_reviewer_8_packet/data_ANN_export_anotations/annotations-legend.json,raw/evaluacion_modernizador/modernisation_reviewer_8_packet/entities-legends_Modernizador.json,True,True,True,True,True
AGN_Inquisicion_v1570A_exp134_fs159-160v_04,8,raw/evaluacion_modernizador/modernisation_reviewer_8_packet/data_ANN_export_anotations/ANN_Documents/AGN_Inquisicion_v1570A_exp134_fs159-160v_04_GT_moderno.ann.json,raw/evaluacion_modernizador/modernisation_reviewer_8_packet/data_ANN_export_anotations/ANN_Documents/AGN_Inquisicion_v1570A_exp134_fs159-160v_04_GT_moderno.txt,raw/evaluacion_modernizador/modernisation_reviewer_8_packet/data_ANN_export_anotations/annotations-legend.json,raw/evaluacion_modernizador/modernisation_reviewer_8_packet/entities-legends_Modernizador.json,True,True,True,True,True
AGN_Marina_v002_exp024_005,8,raw/evaluacion_modernizador/modernisation_reviewer_8_packet/data_ANN_export_anotations/ANN_Documents/AGN_Marina_v002_exp024_005_GT_moderno.ann.json,raw/evaluacion_modernizador/modernisation_reviewer_8_packet/data_ANN_export_anotations/ANN_Documents/AGN_Marina_v002_exp024_005_GT_moderno.txt,raw/evaluacion_modernizador/modernisation_reviewer_8_packet/data_ANN_export_anotations/annotations-legend.json,raw/evaluacion_modernizador/modernisation_reviewer_8_packet/entities-legends_Modernizador.json,True,True,True,True,True
AGN_Tierras_v039-2_exp003_41,8,raw/evaluacion_modernizador/modernisation_reviewer_8_packet/data_ANN_export_anotations/ANN_Documents/AGN_Tierras_v039-2_exp003_41_GT_moderno.ann.json,raw/evaluacion_modernizador/modernisation_reviewer_8_packet/data_ANN_export_anotations/ANN_Documents/AGN_Tierras_v039-2_exp003_41_GT_moderno.txt,raw/evaluacion_modernizador/modernisation_reviewer_8_packet/data_ANN_export_anotations/annotations-legend.json,raw/evaluacion_modernizador/modernisation_reviewer_8_packet/entities-legends_Modernizador.json,True,True,True,True,True
AGS_CE_RG_L379_05,8,raw/evaluacion_modernizador/modernisation_reviewer_8_packet/data_ANN_export_anotations/ANN_Documents/AGS_CE_RG_L379_05_GT_moderno.ann.json,raw/evaluacion_modernizador/modernisation_reviewer_8_packet/data_ANN_export_anotations/ANN_Documents/AGS_CE_RG_L379_05_GT_moderno.txt,raw/evaluacion_modernizador/modernisation_reviewer_8_packet/data_ANN_export_anotations/annotations-legend.json,raw/evaluacion_modernizador/modernisation_reviewer_8_packet/entities-legends_Modernizador.json,True,True,True,True,True
BnF_032_15,8,raw/evaluacion_modernizador/modernisation_reviewer_8_packet/data_ANN_export_anotations/ANN_Documents/BnF_032_15_GT_moderno.ann.json,raw/evaluacion_modernizador/modernisation_reviewer_8_packet/data_ANN_export_anotations/ANN_Documents/BnF_032_15_GT_moderno.txt,raw/evaluacion_modernizador/modernisation_reviewer_8_packet/data_ANN_export_anotations/annotations-legend.json,raw/evaluacion_modernizador/modernisation_reviewer_8_packet/entities-legends_Modernizador.json,True,True,True,True,True
BnF_111_20,8,raw/evaluacion_modernizador/modernisation_reviewer_8_packet/data_ANN_export_anotations/ANN_Documents/BnF_111_20_GT_moderno.ann.json,raw/evaluacion_modernizador/modernisation_reviewer_8_packet/data_ANN_export_anotations/ANN_Documents/BnF_111_20_GT_moderno.txt,raw/evaluacion_modernizador/modernisation_reviewer_8_packet/data_ANN_export_anotations/annotations-legend.json,raw/evaluacion_modernizador/modernisation_reviewer_8_packet/entities-legends_Modernizador.json,True,True,True,True,True
BnF_111_21,8,raw/evaluacion_modernizador/modernisation_reviewer_8_packet/data_ANN_export_anotations/ANN_Documents/BnF_111_21_GT_moderno.ann.json,raw/evaluacion_modernizador/modernisation_reviewer_8_packet/data_ANN_export_anotations/ANN_Documents/BnF_111_21_GT_moderno.txt,raw/evaluacion_modernizador/modernisation_reviewer_8_packet/data_ANN_export_anotations/annotations-legend.json,raw/evaluacion_modernizador/modernisation_reviewer_8_packet/entities-legends_Modernizador.json,True,True,True,True,True
BnF_113_25,8,raw/evaluacion_modernizador/modernisation_reviewer_8_packet/data_ANN_export_anotations/ANN_Documents/BnF_113_25_GT_moderno.ann.json,raw/evaluacion_modernizador/modernisation_reviewer_8_packet/data_ANN_export_anotations/ANN_Documents/BnF_113_25_GT_moderno.txt,raw/evaluacion_modernizador/modernisation_reviewer_8_packet/data_ANN_export_anotations/annotations-legend.json,raw/evaluacion_modernizador/modernisation_reviewer_8_packet/entities-legends_Modernizador.json,True,True,True,True,True
BnF_117_15,8,raw/evaluacion_modernizador/modernisation_reviewer_8_packet/data_ANN_export_anotations/ANN_Documents/BnF_117_15_GT_moderno.ann.json,raw/evaluacion_modernizador/modernisation_reviewer_8_packet/data_ANN_export_anotations/ANN_Documents/BnF_117_15_GT_moderno.txt,raw/evaluacion_modernizador/modernisation_reviewer_8_packet/data_ANN_export_anotations/annotations-legend.json,raw/evaluacion_modernizador/modernisation_reviewer_8_packet/entities-legends_Modernizador.json,True,True,True,True,True
BnF_119-148_16,8,raw/evaluacion_modernizador/modernisation_reviewer_8_packet/data_ANN_export_anotations/ANN_Documents/BnF_119-148_16_GT_moderno.ann.json,raw/evaluacion_modernizador/modernisation_reviewer_8_packet/data_ANN_export_anotations/ANN_Documents/BnF_119-148_16_GT_moderno.txt,raw/evaluacion_modernizador/modernisation_reviewer_8_packet/data_ANN_export_anotations/annotations-legend.json,raw/evaluacion_modernizador/modernisation_reviewer_8_packet/entities-legends_Modernizador.json,True,True,True,True,True
BnF_266_10,8,raw/evaluacion_modernizador/modernisation_reviewer_8_packet/data_ANN_export_anotations/ANN_Documents/BnF_266_10_GT_moderno.ann.json,raw/evaluacion_modernizador/modernisation_reviewer_8_packet/data_ANN_export_anotations/ANN_Documents/BnF_266_10_GT_moderno.txt,raw/evaluacion_modernizador/modernisation_reviewer_8_packet/data_ANN_export_anotations/annotations-legend.json,raw/evaluacion_modernizador/modernisation_reviewer_8_packet/entities-legends_Modernizador.json,True,True,True,True,True
BnF_394_05,8,raw/evaluacion_modernizador/modernisation_reviewer_8_packet/data_ANN_export_anotations/ANN_Documents/BnF_394_05_GT_moderno.ann.json,raw/evaluacion_modernizador/modernisation_reviewer_8_packet/data_ANN_export_anotations/ANN_Documents/BnF_394_05_GT_moderno.txt,raw/evaluacion_modernizador/modernisation_reviewer_8_packet/data_ANN_export_anotations/annotations-legend.json,raw/evaluacion_modernizador/modernisation_reviewer_8_packet/entities-legends_Modernizador.json,True,True,True,True,True
BnF_394_10,8,raw/evaluacion_modernizador/modernisation_reviewer_8_packet/data_ANN_export_anotations/ANN_Documents/BnF_394_10_GT_moderno.ann.json,raw/evaluacion_modernizador/modernisation_reviewer_8_packet/data_ANN_export_anotations/ANN_Documents/BnF_394_10_GT_moderno.txt,raw/evaluacion_modernizador/modernisation_reviewer_8_packet/data_ANN_export_anotations/annotations-legend.json,raw/evaluacion_modernizador/modernisation_reviewer_8_packet/entities-legends_Modernizador.json,True,True,True,True,True
utblac_JGI_XXIII-13_Atlatlauhca_03,8,raw/evaluacion_modernizador/modernisation_reviewer_8_packet/data_ANN_export_anotations/ANN_Documents/utblac_JGI_XXIII-13_Atlatlauhca_03_GT_moderno.ann.json,raw/evaluacion_modernizador/modernisation_reviewer_8_packet/data_ANN_export_anotations/ANN_Documents/utblac_JGI_XXIII-13_Atlatlauhca_03_GT_moderno.txt,raw/evaluacion_modernizador/modernisation_reviewer_8_packet/data_ANN_export_anotations/annotations-legend.json,raw/evaluacion_modernizador/modernisation_reviewer_8_packet/entities-legends_Modernizador.json,True,True,True,True,True
utblac_JGI_XXIV-11_Justlahuaca_57,8,raw/evaluacion_modernizador/modernisation_reviewer_8_packet/data_ANN_export_anotations/ANN_Documents/utblac_JGI_XXIV-11_Justlahuaca_57_GT_moderno.ann.json,raw/evaluacion_modernizador/modernisation_reviewer_8_packet/data_ANN_export_anotations/ANN_Documents/utblac_JGI_XXIV-11_Justlahuaca_57_GT_moderno.txt,raw/evaluacion_modernizador/modernisation_reviewer_8_packet/data_ANN_export_anotations/annotations-legend.json,raw/evaluacion_modernizador/modernisation_reviewer_8_packet/entities-legends_Modernizador.json,True,True,True,True,True
utblac_eog_v_41_orig_03,8,raw/evaluacion_modernizador/modernisation_reviewer_8_packet/data_ANN_export_anotations/ANN_Documents/utblac_eog_v_41_orig_03_GT_moderno.ann.json,raw/evaluacion_modernizador/modernisation_reviewer_8_packet/data_ANN_export_anotations/ANN_Documents/utblac_eog_v_41_orig_03_GT_moderno.txt,raw/evaluacion_modernizador/modernisation_reviewer_8_packet/data_ANN_export_anotations/annotations-legend.json,raw/evaluacion_modernizador/modernisation_reviewer_8_packet/entities-legends_Modernizador.json,True,True,True,True,True
utblac_gg_mss_g62_duplicated_03,8,raw/evaluacion_modernizador/modernisation_reviewer_8_packet/data_ANN_export_anotations/ANN_Documents/utblac_gg_mss_g62_duplicated_03_GT_moderno.ann.json,raw/evaluacion_modernizador/modernisation_reviewer_8_packet/data_ANN_export_anotations/ANN_Documents/utblac_gg_mss_g62_duplicated_03_GT_moderno.txt,raw/evaluacion_modernizador/modernisation_reviewer_8_packet/data_ANN_export_anotations/annotations-legend.json,raw/evaluacion_modernizador/modernisation_reviewer_8_packet/entities-legends_Modernizador.json,True,True,True,True,True
utblac_gg_mss_g62_duplicated_09,8,,raw/evaluacion_modernizador/modernisation_reviewer_8_packet/utblac_gg_mss_g62_duplicated_09/utblac_gg_mss_g62_duplicated_09_GT_moderno.txt,raw/evaluacion_modernizador/modernisation_reviewer_8_packet/data_ANN_export_anotations/annotations-legend.json,raw/evaluacion_modernizador/modernisation_reviewer_8_packet/entities-legends_Modernizador.json,False,True,False,True,True
AGI_INDIFERENTE_1529_N36_07,9,intermediate/extracted_exports/reviewer_packet_9/01_ANNOTATOR_2026-07-29T15_35_20_792Z_data_export/data_ANN_export_anotations/ANN_Documents/AGI_INDIFERENTE_1529_N36_07_GT_moderno.ann.json,intermediate/extracted_exports/reviewer_packet_9/01_ANNOTATOR_2026-07-29T15_35_20_792Z_data_export/data_ANN_export_anotations/ANN_Documents/AGI_INDIFERENTE_1529_N36_07_GT_moderno.txt,intermediate/extracted_exports/reviewer_packet_9/01_ANNOTATOR_2026-07-29T15_35_20_792Z_data_export/data_ANN_export_anotations/annotations-legend.json,raw/evaluacion_modernizador/modernisation_reviewer_9_packet/entities-legends_Modernizador.json,True,True,True,True,True
AGI_INDIFERENTE_1529_N8_06,9,intermediate/extracted_exports/reviewer_packet_9/01_ANNOTATOR_2026-07-29T15_35_20_792Z_data_export/data_ANN_export_anotations/ANN_Documents/AGI_INDIFERENTE_1529_N8_06_GT_moderno.ann.json,intermediate/extracted_exports/reviewer_packet_9/01_ANNOTATOR_2026-07-29T15_35_20_792Z_data_export/data_ANN_export_anotations/ANN_Documents/AGI_INDIFERENTE_1529_N8_06_GT_moderno.txt,intermediate/extracted_exports/reviewer_packet_9/01_ANNOTATOR_2026-07-29T15_35_20_792Z_data_export/data_ANN_export_anotations/annotations-legend.json,raw/evaluacion_modernizador/modernisation_reviewer_9_packet/entities-legends_Modernizador.json,True,True,True,True,True
AGI_INDIFERENTE_2065_N45_09,9,intermediate/extracted_exports/reviewer_packet_9/01_ANNOTATOR_2026-07-29T15_35_20_792Z_data_export/data_ANN_export_anotations/ANN_Documents/AGI_INDIFERENTE_2065_N45_09_GT_moderno.ann.json,intermediate/extracted_exports/reviewer_packet_9/01_ANNOTATOR_2026-07-29T15_35_20_792Z_data_export/data_ANN_export_anotations/ANN_Documents/AGI_INDIFERENTE_2065_N45_09_GT_moderno.txt,intermediate/extracted_exports/reviewer_packet_9/01_ANNOTATOR_2026-07-29T15_35_20_792Z_data_export/data_ANN_export_anotations/annotations-legend.json,raw/evaluacion_modernizador/modernisation_reviewer_9_packet/entities-legends_Modernizador.json,True,True,True,True,True
AGN_GralParte_v006_exp617_01,9,intermediate/extracted_exports/reviewer_packet_9/01_ANNOTATOR_2026-07-29T15_35_20_792Z_data_export/data_ANN_export_anotations/ANN_Documents/AGN_GralParte_v006_exp617_01_GT_moderno.ann.json,intermediate/extracted_exports/reviewer_packet_9/01_ANNOTATOR_2026-07-29T15_35_20_792Z_data_export/data_ANN_export_anotations/ANN_Documents/AGN_GralParte_v006_exp617_01_GT_moderno.txt,intermediate/extracted_exports/reviewer_packet_9/01_ANNOTATOR_2026-07-29T15_35_20_792Z_data_export/data_ANN_export_anotations/annotations-legend.json,raw/evaluacion_modernizador/modernisation_reviewer_9_packet/entities-legends_Modernizador.json,True,True,True,True,True
AGN_GralParte_v006_exp617_02,9,intermediate/extracted_exports/reviewer_packet_9/01_ANNOTATOR_2026-07-29T15_35_20_792Z_data_export/data_ANN_export_anotations/ANN_Documents/AGN_GralParte_v006_exp617_02_GT_moderno.ann.json,intermediate/extracted_exports/reviewer_packet_9/01_ANNOTATOR_2026-07-29T15_35_20_792Z_data_export/data_ANN_export_anotations/ANN_Documents/AGN_GralParte_v006_exp617_02_GT_moderno.txt,intermediate/extracted_exports/reviewer_packet_9/01_ANNOTATOR_2026-07-29T15_35_20_792Z_data_export/data_ANN_export_anotations/annotations-legend.json,raw/evaluacion_modernizador/modernisation_reviewer_9_packet/entities-legends_Modernizador.json,True,True,True,True,True
AGN_HospJesus_c474_leg267-2_exp024_7473-7537_05,9,intermediate/extracted_exports/reviewer_packet_9/01_ANNOTATOR_2026-07-29T15_35_20_792Z_data_export/data_ANN_export_anotations/ANN_Documents/AGN_HospJesus_c474_leg267-2_exp024_7473-7537_05_GT_moderno.ann.json,intermediate/extracted_exports/reviewer_packet_9/01_ANNOTATOR_2026-07-29T15_35_20_792Z_data_export/data_ANN_export_anotations/ANN_Documents/AGN_HospJesus_c474_leg267-2_exp024_7473-7537_05_GT_moderno.txt,intermediate/extracted_exports/reviewer_packet_9/01_ANNOTATOR_2026-07-29T15_35_20_792Z_data_export/data_ANN_export_anotations/annotations-legend.json,raw/evaluacion_modernizador/modernisation_reviewer_9_packet/entities-legends_Modernizador.json,True,True,True,True,True
AGN_IndiferenteVirreinal_caja4071_exp024_1,9,intermediate/extracted_exports/reviewer_packet_9/01_ANNOTATOR_2026-07-29T15_35_20_792Z_data_export/data_ANN_export_anotations/ANN_Documents/AGN_IndiferenteVirreinal_caja4071_exp024_1_GT_moderno.ann.json,intermediate/extracted_exports/reviewer_packet_9/01_ANNOTATOR_2026-07-29T15_35_20_792Z_data_export/data_ANN_export_anotations/ANN_Documents/AGN_IndiferenteVirreinal_caja4071_exp024_1_GT_moderno.txt,intermediate/extracted_exports/reviewer_packet_9/01_ANNOTATOR_2026-07-29T15_35_20_792Z_data_export/data_ANN_export_anotations/annotations-legend.json,raw/evaluacion_modernizador/modernisation_reviewer_9_packet/entities-legends_Modernizador.json,True,True,True,True,True
AGN_Inquisicion_v1568A_exp152_fs115-116v_01,9,intermediate/extracted_exports/reviewer_packet_9/01_ANNOTATOR_2026-07-29T15_35_20_792Z_data_export/data_ANN_export_anotations/ANN_Documents/AGN_Inquisicion_v1568A_exp152_fs115-116v_01_GT_moderno.ann.json,intermediate/extracted_exports/reviewer_packet_9/01_ANNOTATOR_2026-07-29T15_35_20_792Z_data_export/data_ANN_export_anotations/ANN_Documents/AGN_Inquisicion_v1568A_exp152_fs115-116v_01_GT_moderno.txt,intermediate/extracted_exports/reviewer_packet_9/01_ANNOTATOR_2026-07-29T15_35_20_792Z_data_export/data_ANN_export_anotations/annotations-legend.json,raw/evaluacion_modernizador/modernisation_reviewer_9_packet/entities-legends_Modernizador.json,True,True,True,True,True
AGS_CE_RG_L379_04,9,intermediate/extracted_exports/reviewer_packet_9/01_ANNOTATOR_2026-07-29T15_35_20_792Z_data_export/data_ANN_export_anotations/ANN_Documents/AGS_CE_RG_L379_04_GT_moderno.ann.json,intermediate/extracted_exports/reviewer_packet_9/01_ANNOTATOR_2026-07-29T15_35_20_792Z_data_export/data_ANN_export_anotations/ANN_Documents/AGS_CE_RG_L379_04_GT_moderno.txt,intermediate/extracted_exports/reviewer_packet_9/01_ANNOTATOR_2026-07-29T15_35_20_792Z_data_export/data_ANN_export_anotations/annotations-legend.json,raw/evaluacion_modernizador/modernisation_reviewer_9_packet/entities-legends_Modernizador.json,True,True,True,True,True
AMP_AC_v021__doc026_1,9,intermediate/extracted_exports/reviewer_packet_9/01_ANNOTATOR_2026-07-29T15_35_20_792Z_data_export/data_ANN_export_anotations/ANN_Documents/AMP_AC_v021__doc026_1_GT_moderno.ann.json,intermediate/extracted_exports/reviewer_packet_9/01_ANNOTATOR_2026-07-29T15_35_20_792Z_data_export/data_ANN_export_anotations/ANN_Documents/AMP_AC_v021__doc026_1_GT_moderno.txt,intermediate/extracted_exports/reviewer_packet_9/01_ANNOTATOR_2026-07-29T15_35_20_792Z_data_export/data_ANN_export_anotations/annotations-legend.json,raw/evaluacion_modernizador/modernisation_reviewer_9_packet/entities-legends_Modernizador.json,True,True,True,True,True
BNE_ms3047_1,9,intermediate/extracted_exports/reviewer_packet_9/01_ANNOTATOR_2026-07-29T15_35_20_792Z_data_export/data_ANN_export_anotations/ANN_Documents/BNE_ms3047_1_GT_moderno.ann.json,intermediate/extracted_exports/reviewer_packet_9/01_ANNOTATOR_2026-07-29T15_35_20_792Z_data_export/data_ANN_export_anotations/ANN_Documents/BNE_ms3047_1_GT_moderno.txt,intermediate/extracted_exports/reviewer_packet_9/01_ANNOTATOR_2026-07-29T15_35_20_792Z_data_export/data_ANN_export_anotations/annotations-legend.json,raw/evaluacion_modernizador/modernisation_reviewer_9_packet/entities-legends_Modernizador.json,True,True,True,True,True
BP_CM_32386_007_2,9,intermediate/extracted_exports/reviewer_packet_9/01_ANNOTATOR_2026-07-29T15_35_20_792Z_data_export/data_ANN_export_anotations/ANN_Documents/BP_CM_32386_007_2_GT_moderno.ann.json,intermediate/extracted_exports/reviewer_packet_9/01_ANNOTATOR_2026-07-29T15_35_20_792Z_data_export/data_ANN_export_anotations/ANN_Documents/BP_CM_32386_007_2_GT_moderno.txt,intermediate/extracted_exports/reviewer_packet_9/01_ANNOTATOR_2026-07-29T15_35_20_792Z_data_export/data_ANN_export_anotations/annotations-legend.json,raw/evaluacion_modernizador/modernisation_reviewer_9_packet/entities-legends_Modernizador.json,True,True,True,True,True
BnF_030_27,9,intermediate/extracted_exports/reviewer_packet_9/01_ANNOTATOR_2026-07-29T15_35_20_792Z_data_export/data_ANN_export_anotations/ANN_Documents/BnF_030_27_GT_moderno.ann.json,intermediate/extracted_exports/reviewer_packet_9/01_ANNOTATOR_2026-07-29T15_35_20_792Z_data_export/data_ANN_export_anotations/ANN_Documents/BnF_030_27_GT_moderno.txt,intermediate/extracted_exports/reviewer_packet_9/01_ANNOTATOR_2026-07-29T15_35_20_792Z_data_export/data_ANN_export_anotations/annotations-legend.json,raw/evaluacion_modernizador/modernisation_reviewer_9_packet/entities-legends_Modernizador.json,True,True,True,True,True
BnF_118_02,9,intermediate/extracted_exports/reviewer_packet_9/01_ANNOTATOR_2026-07-29T15_35_20_792Z_data_export/data_ANN_export_anotations/ANN_Documents/BnF_118_02_GT_moderno.ann.json,intermediate/extracted_exports/reviewer_packet_9/01_ANNOTATOR_2026-07-29T15_35_20_792Z_data_export/data_ANN_export_anotations/ANN_Documents/BnF_118_02_GT_moderno.txt,intermediate/extracted_exports/reviewer_packet_9/01_ANNOTATOR_2026-07-29T15_35_20_792Z_data_export/data_ANN_export_anotations/annotations-legend.json,raw/evaluacion_modernizador/modernisation_reviewer_9_packet/entities-legends_Modernizador.json,True,True,True,True,True
BnF_243_16,9,intermediate/extracted_exports/reviewer_packet_9/01_ANNOTATOR_2026-07-29T15_35_20_792Z_data_export/data_ANN_export_anotations/ANN_Documents/BnF_243_16_GT_moderno.ann.json,intermediate/extracted_exports/reviewer_packet_9/01_ANNOTATOR_2026-07-29T15_35_20_792Z_data_export/data_ANN_export_anotations/ANN_Documents/BnF_243_16_GT_moderno.txt,intermediate/extracted_exports/reviewer_packet_9/01_ANNOTATOR_2026-07-29T15_35_20_792Z_data_export/data_ANN_export_anotations/annotations-legend.json,raw/evaluacion_modernizador/modernisation_reviewer_9_packet/entities-legends_Modernizador.json,True,True,True,True,True
BnF_266_03,9,intermediate/extracted_exports/reviewer_packet_9/01_ANNOTATOR_2026-07-29T15_35_20_792Z_data_export/data_ANN_export_anotations/ANN_Documents/BnF_266_03_GT_moderno.ann.json,intermediate/extracted_exports/reviewer_packet_9/01_ANNOTATOR_2026-07-29T15_35_20_792Z_data_export/data_ANN_export_anotations/ANN_Documents/BnF_266_03_GT_moderno.txt,intermediate/extracted_exports/reviewer_packet_9/01_ANNOTATOR_2026-07-29T15_35_20_792Z_data_export/data_ANN_export_anotations/annotations-legend.json,raw/evaluacion_modernizador/modernisation_reviewer_9_packet/entities-legends_Modernizador.json,True,True,True,True,True
BnF_394_07,9,intermediate/extracted_exports/reviewer_packet_9/01_ANNOTATOR_2026-07-29T15_35_20_792Z_data_export/data_ANN_export_anotations/ANN_Documents/BnF_394_07_GT_moderno.ann.json,intermediate/extracted_exports/reviewer_packet_9/01_ANNOTATOR_2026-07-29T15_35_20_792Z_data_export/data_ANN_export_anotations/ANN_Documents/BnF_394_07_GT_moderno.txt,intermediate/extracted_exports/reviewer_packet_9/01_ANNOTATOR_2026-07-29T15_35_20_792Z_data_export/data_ANN_export_anotations/annotations-legend.json,raw/evaluacion_modernizador/modernisation_reviewer_9_packet/entities-legends_Modernizador.json,True,True,True,True,True
LoC_HPKraus_138_new_14,9,intermediate/extracted_exports/reviewer_packet_9/01_ANNOTATOR_2026-07-29T15_35_20_792Z_data_export/data_ANN_export_anotations/ANN_Documents/LoC_HPKraus_138_new_14_GT_moderno.ann.json,intermediate/extracted_exports/reviewer_packet_9/01_ANNOTATOR_2026-07-29T15_35_20_792Z_data_export/data_ANN_export_anotations/ANN_Documents/LoC_HPKraus_138_new_14_GT_moderno.txt,intermediate/extracted_exports/reviewer_packet_9/01_ANNOTATOR_2026-07-29T15_35_20_792Z_data_export/data_ANN_export_anotations/annotations-legend.json,raw/evaluacion_modernizador/modernisation_reviewer_9_packet/entities-legends_Modernizador.json,True,True,True,True,True
utblac_JGI_XXIII-09_Amula_25,9,intermediate/extracted_exports/reviewer_packet_9/01_ANNOTATOR_2026-07-29T15_35_20_792Z_data_export/data_ANN_export_anotations/ANN_Documents/utblac_JGI_XXIII-09_Amula_25_GT_moderno.ann.json,intermediate/extracted_exports/reviewer_packet_9/01_ANNOTATOR_2026-07-29T15_35_20_792Z_data_export/data_ANN_export_anotations/ANN_Documents/utblac_JGI_XXIII-09_Amula_25_GT_moderno.txt,intermediate/extracted_exports/reviewer_packet_9/01_ANNOTATOR_2026-07-29T15_35_20_792Z_data_export/data_ANN_export_anotations/annotations-legend.json,raw/evaluacion_modernizador/modernisation_reviewer_9_packet/entities-legends_Modernizador.json,True,True,True,True,True
utblac_wbs_1433_duplicated_1,9,intermediate/extracted_exports/reviewer_packet_9/01_ANNOTATOR_2026-07-29T15_35_20_792Z_data_export/data_ANN_export_anotations/ANN_Documents/utblac_wbs_1433_duplicated_1_GT_moderno.ann.json,intermediate/extracted_exports/reviewer_packet_9/01_ANNOTATOR_2026-07-29T15_35_20_792Z_data_export/data_ANN_export_anotations/ANN_Documents/utblac_wbs_1433_duplicated_1_GT_moderno.txt,intermediate/extracted_exports/reviewer_packet_9/01_ANNOTATOR_2026-07-29T15_35_20_792Z_data_export/data_ANN_export_anotations/annotations-legend.json,raw/evaluacion_modernizador/modernisation_reviewer_9_packet/entities-legends_Modernizador.json,True,True,True,True,True
