filename_stem,filename,archive,reviewer_packet,model,annotation_json_path,modernised_txt_path,pre_modernisation_txt_path,annotations_legend_path,entities_legend_path,annotation_json_found,modernised_txt_found,pre_modernisation_txt_found,modernised_txt_in_export,annotations_legend_found,entities_legend_found,reviewer_name,modernised_text_available,n_modernised_tokens,n_modernised_characters,n_modernised_characters_without_whitespace,n_modernised_lines,pre_modernisation_text_available,n_pre_modernisation_tokens,n_pre_modernisation_characters,n_pre_modernisation_characters_without_whitespace,n_pre_modernisation_lines,token_count_method,feature_status,token_count_change,character_count_change,token_count_change_pct,character_count_change_pct,n_recorded_annotations,n_recorded_assignments,n_included_assignments,n_included_annotations,n_excluded_assignments,n_originally_invalid_assignments,n_corrected_assignments,n_accepted_invalid_assignments,review_data_status,included_annotations_per_1000_tokens,included_assignments_per_1000_tokens
utblac_eog_v_41_orig_10,utblac_eog_v_41_orig_10_GT.txt,utblac_eog,1,Llama 3.3 70B · 12 000 TPM,intermediate/extracted_exports/reviewer_packet_1/01_ANNOTATOR_2026-07-30T23_50_46_923Z_data_export/data_ANN_export_anotations/ANN_Documents/utblac_eog_v_41_orig_10_GT_moderno.ann.json,intermediate/extracted_exports/reviewer_packet_1/01_ANNOTATOR_2026-07-30T23_50_46_923Z_data_export/data_ANN_export_anotations/ANN_Documents/utblac_eog_v_41_orig_10_GT_moderno.txt,raw/evaluacion_modernizador/modernisation_reviewer_1_packet/utblac_eog_v_41_orig_10/utblac_eog_v_41_orig_10_GT.txt,intermediate/extracted_exports/reviewer_packet_1/01_ANNOTATOR_2026-07-30T23_50_46_923Z_data_export/data_ANN_export_anotations/annotations-legend.json,raw/evaluacion_modernizador/modernisation_reviewer_1_packet/entities-legends_Modernizador.json,True,True,True,True,True,True,Javier,True,15,70,56,1,True,14,70,55,2,unicode_word_regex_with_internal_apostrophes_and_hyphens,complete,1,0,7.142857142857142,0.0,0,0,0,0,0,0,0,0,reviewed_no_annotations,0.0,0.0
AGS_CE_RG_L379_01,AGS_CE_RG_L379_01_GT.txt,ags_ce,1,GPT OSS 120B · 8 000 TPM,intermediate/extracted_exports/reviewer_packet_1/01_ANNOTATOR_2026-07-30T23_50_46_923Z_data_export/data_ANN_export_anotations/ANN_Documents/AGS_CE_RG_L379_01_GT_moderno.ann.json,intermediate/extracted_exports/reviewer_packet_1/01_ANNOTATOR_2026-07-30T23_50_46_923Z_data_export/data_ANN_export_anotations/ANN_Documents/AGS_CE_RG_L379_01_GT_moderno.txt,raw/evaluacion_modernizador/modernisation_reviewer_1_packet/AGS_CE_RG_L379_01/AGS_CE_RG_L379_01_GT.txt,intermediate/extracted_exports/reviewer_packet_1/01_ANNOTATOR_2026-07-30T23_50_46_923Z_data_export/data_ANN_export_anotations/annotations-legend.json,raw/evaluacion_modernizador/modernisation_reviewer_1_packet/entities-legends_Modernizador.json,True,True,True,True,True,True,Javier,True,83,484,400,12,True,85,463,374,16,unicode_word_regex_with_internal_apostrophes_and_hyphens,complete,-2,21,-2.3529411764705883,4.535637149028078,13,16,16,13,0,0,0,0,reviewed_with_annotations,156.6265060240964,192.7710843373494
AGN_AHHacienda_v1292_exp135,AGN_AHHacienda_v1292_exp135_GT.txt,agn_ahhacienda,1,GPT OSS 120B · 8 000 TPM,intermediate/extracted_exports/reviewer_packet_1/01_ANNOTATOR_2026-07-30T23_50_46_923Z_data_export/data_ANN_export_anotations/ANN_Documents/AGN_AHHacienda_v1292_exp135_GT_moderno.ann.json,intermediate/extracted_exports/reviewer_packet_1/01_ANNOTATOR_2026-07-30T23_50_46_923Z_data_export/data_ANN_export_anotations/ANN_Documents/AGN_AHHacienda_v1292_exp135_GT_moderno.txt,raw/evaluacion_modernizador/modernisation_reviewer_1_packet/AGN_AHHacienda_v1292_exp135/AGN_AHHacienda_v1292_exp135_GT.txt,intermediate/extracted_exports/reviewer_packet_1/01_ANNOTATOR_2026-07-30T23_50_46_923Z_data_export/data_ANN_export_anotations/annotations-legend.json,raw/evaluacion_modernizador/modernisation_reviewer_1_packet/entities-legends_Modernizador.json,True,True,True,True,True,True,Javier,True,411,1926,1508,19,True,536,2494,1941,45,unicode_word_regex_with_internal_apostrophes_and_hyphens,complete,-125,-568,-23.32089552238806,-22.77465918203689,52,54,54,52,0,0,0,0,reviewed_with_annotations,126.52068126520682,131.38686131386862
AGN_Marina_v004_exp006_014,AGN_Marina_v004_exp006_014_GT.txt,agn_marina,1,GPT OSS 120B · 8 000 TPM,intermediate/extracted_exports/reviewer_packet_1/01_ANNOTATOR_2026-07-30T23_50_46_923Z_data_export/data_ANN_export_anotations/ANN_Documents/AGN_Marina_v004_exp006_014_GT_moderno.ann.json,intermediate/extracted_exports/reviewer_packet_1/01_ANNOTATOR_2026-07-30T23_50_46_923Z_data_export/data_ANN_export_anotations/ANN_Documents/AGN_Marina_v004_exp006_014_GT_moderno.txt,raw/evaluacion_modernizador/modernisation_reviewer_1_packet/AGN_Marina_v004_exp006_014/AGN_Marina_v004_exp006_014_GT.txt,intermediate/extracted_exports/reviewer_packet_1/01_ANNOTATOR_2026-07-30T23_50_46_923Z_data_export/data_ANN_export_anotations/annotations-legend.json,raw/evaluacion_modernizador/modernisation_reviewer_1_packet/entities-legends_Modernizador.json,True,True,True,True,True,True,Javier,True,70,386,322,1,True,71,385,314,16,unicode_word_regex_with_internal_apostrophes_and_hyphens,complete,-1,1,-1.4084507042253522,0.2597402597402597,8,9,9,8,0,0,0,0,reviewed_with_annotations,114.28571428571428,128.57142857142856
AGI_PATRONATO_182_R3_03,AGI_PATRONATO_182_R3_03_GT.txt,agi_patronato,1,Llama 3.3 70B · 12 000 TPM,intermediate/extracted_exports/reviewer_packet_1/01_ANNOTATOR_2026-07-30T23_50_46_923Z_data_export/data_ANN_export_anotations/ANN_Documents/AGI_PATRONATO_182_R3_03_GT_moderno.ann.json,intermediate/extracted_exports/reviewer_packet_1/01_ANNOTATOR_2026-07-30T23_50_46_923Z_data_export/data_ANN_export_anotations/ANN_Documents/AGI_PATRONATO_182_R3_03_GT_moderno.txt,raw/evaluacion_modernizador/modernisation_reviewer_1_packet/AGI_PATRONATO_182_R3_03/AGI_PATRONATO_182_R3_03_GT.txt,intermediate/extracted_exports/reviewer_packet_1/01_ANNOTATOR_2026-07-30T23_50_46_923Z_data_export/data_ANN_export_anotations/annotations-legend.json,raw/evaluacion_modernizador/modernisation_reviewer_1_packet/entities-legends_Modernizador.json,True,True,True,True,True,True,Javier,True,248,1381,1134,1,True,247,1316,1043,32,unicode_word_regex_with_internal_apostrophes_and_hyphens,complete,1,65,0.4048582995951417,4.939209726443769,2,2,2,2,0,0,0,0,reviewed_with_annotations,8.064516129032258,8.064516129032258
AGN_Inquisicion_v1568A_exp152_fs115-116v_03,AGN_Inquisicion_v1568A_exp152_fs115-116v_03_GT.txt,agn_inquisicion,1,Llama 3.3 70B · 12 000 TPM,intermediate/extracted_exports/reviewer_packet_1/01_ANNOTATOR_2026-07-30T23_50_46_923Z_data_export/data_ANN_export_anotations/ANN_Documents/AGN_Inquisicion_v1568A_exp152_fs115-116v_03_GT_moderno.ann.json,intermediate/extracted_exports/reviewer_packet_1/01_ANNOTATOR_2026-07-30T23_50_46_923Z_data_export/data_ANN_export_anotations/ANN_Documents/AGN_Inquisicion_v1568A_exp152_fs115-116v_03_GT_moderno.txt,raw/evaluacion_modernizador/modernisation_reviewer_1_packet/AGN_Inquisicion_v1568A_exp152_fs115-116v_03/AGN_Inquisicion_v1568A_exp152_fs115-116v_03_GT.txt,intermediate/extracted_exports/reviewer_packet_1/01_ANNOTATOR_2026-07-30T23_50_46_923Z_data_export/data_ANN_export_anotations/annotations-legend.json,raw/evaluacion_modernizador/modernisation_reviewer_1_packet/entities-legends_Modernizador.json,True,True,True,True,True,True,Javier,True,223,1261,1039,1,True,235,1279,1036,27,unicode_word_regex_with_internal_apostrophes_and_hyphens,complete,-12,-18,-5.106382978723404,-1.4073494917904612,13,13,13,13,0,0,0,0,reviewed_with_annotations,58.29596412556054,58.29596412556054
BNE_ms3047_3,BNE_ms3047_3_GT.txt,bne_ms3047,1,Llama 3.3 70B · 12 000 TPM,intermediate/extracted_exports/reviewer_packet_1/01_ANNOTATOR_2026-07-30T23_50_46_923Z_data_export/data_ANN_export_anotations/ANN_Documents/BNE_ms3047_3_GT_moderno.ann.json,intermediate/extracted_exports/reviewer_packet_1/01_ANNOTATOR_2026-07-30T23_50_46_923Z_data_export/data_ANN_export_anotations/ANN_Documents/BNE_ms3047_3_GT_moderno.txt,raw/evaluacion_modernizador/modernisation_reviewer_1_packet/BNE_ms3047_3/BNE_ms3047_3_GT.txt,intermediate/extracted_exports/reviewer_packet_1/01_ANNOTATOR_2026-07-30T23_50_46_923Z_data_export/data_ANN_export_anotations/annotations-legend.json,raw/evaluacion_modernizador/modernisation_reviewer_1_packet/entities-legends_Modernizador.json,True,True,True,True,True,True,Javier,True,462,2625,2164,1,True,469,2566,2068,39,unicode_word_regex_with_internal_apostrophes_and_hyphens,complete,-7,59,-1.4925373134328357,2.299298519095869,5,5,5,5,0,0,0,0,reviewed_with_annotations,10.822510822510822,10.822510822510822
BnF_174_02,BnF_174_02_GT.txt,bnf_174,1,Llama 3.3 70B · 12 000 TPM,intermediate/extracted_exports/reviewer_packet_1/01_ANNOTATOR_2026-07-30T23_50_46_923Z_data_export/data_ANN_export_anotations/ANN_Documents/BnF_174_02_GT_moderno.ann.json,intermediate/extracted_exports/reviewer_packet_1/01_ANNOTATOR_2026-07-30T23_50_46_923Z_data_export/data_ANN_export_anotations/ANN_Documents/BnF_174_02_GT_moderno.txt,raw/evaluacion_modernizador/modernisation_reviewer_1_packet/BnF_174_02/BnF_174_02_GT.txt,intermediate/extracted_exports/reviewer_packet_1/01_ANNOTATOR_2026-07-30T23_50_46_923Z_data_export/data_ANN_export_anotations/annotations-legend.json,raw/evaluacion_modernizador/modernisation_reviewer_1_packet/entities-legends_Modernizador.json,True,True,True,True,True,True,Javier,True,306,1810,1505,1,True,314,1804,1490,32,unicode_word_regex_with_internal_apostrophes_and_hyphens,complete,-8,6,-2.547770700636943,0.3325942350332594,18,18,18,18,0,0,0,0,reviewed_with_annotations,58.8235294117647,58.8235294117647
BNE_ms3047_4,BNE_ms3047_4_GT.txt,bne_ms3047,1,GPT OSS 120B · 8 000 TPM,intermediate/extracted_exports/reviewer_packet_1/01_ANNOTATOR_2026-07-30T23_50_46_923Z_data_export/data_ANN_export_anotations/ANN_Documents/BNE_ms3047_4_GT_moderno.ann.json,intermediate/extracted_exports/reviewer_packet_1/01_ANNOTATOR_2026-07-30T23_50_46_923Z_data_export/data_ANN_export_anotations/ANN_Documents/BNE_ms3047_4_GT_moderno.txt,raw/evaluacion_modernizador/modernisation_reviewer_1_packet/BNE_ms3047_4/BNE_ms3047_4_GT.txt,intermediate/extracted_exports/reviewer_packet_1/01_ANNOTATOR_2026-07-30T23_50_46_923Z_data_export/data_ANN_export_anotations/annotations-legend.json,raw/evaluacion_modernizador/modernisation_reviewer_1_packet/entities-legends_Modernizador.json,True,True,True,True,True,True,Javier,True,485,2812,2280,28,True,487,2744,2213,37,unicode_word_regex_with_internal_apostrophes_and_hyphens,complete,-2,68,-0.4106776180698152,2.478134110787172,56,56,56,56,0,0,0,0,reviewed_with_annotations,115.4639175257732,115.4639175257732
AGN_Congregaciones_v001_exp076,AGN_Congregaciones_v001_exp076_GT.txt,agn_congregaciones,1,Llama 3.3 70B · 12 000 TPM,intermediate/extracted_exports/reviewer_packet_1/01_ANNOTATOR_2026-07-30T23_50_46_923Z_data_export/data_ANN_export_anotations/ANN_Documents/AGN_Congregaciones_v001_exp076_GT_moderno.ann.json,intermediate/extracted_exports/reviewer_packet_1/01_ANNOTATOR_2026-07-30T23_50_46_923Z_data_export/data_ANN_export_anotations/ANN_Documents/AGN_Congregaciones_v001_exp076_GT_moderno.txt,raw/evaluacion_modernizador/modernisation_reviewer_1_packet/AGN_Congregaciones_v001_exp076/AGN_Congregaciones_v001_exp076_GT.txt,intermediate/extracted_exports/reviewer_packet_1/01_ANNOTATOR_2026-07-30T23_50_46_923Z_data_export/data_ANN_export_anotations/annotations-legend.json,raw/evaluacion_modernizador/modernisation_reviewer_1_packet/entities-legends_Modernizador.json,True,True,True,True,True,True,Javier,True,374,2085,1713,1,True,397,2074,1660,48,unicode_word_regex_with_internal_apostrophes_and_hyphens,complete,-23,11,-5.793450881612091,0.5303760848601736,3,3,3,3,0,0,0,0,reviewed_with_annotations,8.02139037433155,8.02139037433155
BP_CM_R481_071_3,BP_CM_R481_071_3_GT.txt,bp_cm,1,Llama 3.3 70B · 12 000 TPM,intermediate/extracted_exports/reviewer_packet_1/01_ANNOTATOR_2026-07-30T23_50_46_923Z_data_export/data_ANN_export_anotations/ANN_Documents/BP_CM_R481_071_3_GT_moderno.ann.json,intermediate/extracted_exports/reviewer_packet_1/01_ANNOTATOR_2026-07-30T23_50_46_923Z_data_export/data_ANN_export_anotations/ANN_Documents/BP_CM_R481_071_3_GT_moderno.txt,raw/evaluacion_modernizador/modernisation_reviewer_1_packet/BP_CM_R481_071_3/BP_CM_R481_071_3_GT.txt,intermediate/extracted_exports/reviewer_packet_1/01_ANNOTATOR_2026-07-30T23_50_46_923Z_data_export/data_ANN_export_anotations/annotations-legend.json,raw/evaluacion_modernizador/modernisation_reviewer_1_packet/entities-legends_Modernizador.json,True,True,True,True,True,True,Javier,True,47,272,226,1,True,51,246,194,7,unicode_word_regex_with_internal_apostrophes_and_hyphens,complete,-4,26,-7.84313725490196,10.569105691056912,6,7,7,6,0,0,0,0,reviewed_with_annotations,127.6595744680851,148.93617021276594
AGN_IndiferenteVirreinal_caja4156_exp025,AGN_IndiferenteVirreinal_caja4156_exp025_GT.txt,agn_indiferentevirreinal,1,Llama 3.3 70B · 12 000 TPM,intermediate/extracted_exports/reviewer_packet_1/01_ANNOTATOR_2026-07-30T23_50_46_923Z_data_export/data_ANN_export_anotations/ANN_Documents/AGN_IndiferenteVirreinal_caja4156_exp025_GT_moderno.ann.json,intermediate/extracted_exports/reviewer_packet_1/01_ANNOTATOR_2026-07-30T23_50_46_923Z_data_export/data_ANN_export_anotations/ANN_Documents/AGN_IndiferenteVirreinal_caja4156_exp025_GT_moderno.txt,raw/evaluacion_modernizador/modernisation_reviewer_1_packet/AGN_IndiferenteVirreinal_caja4156_exp025/AGN_IndiferenteVirreinal_caja4156_exp025_GT.txt,intermediate/extracted_exports/reviewer_packet_1/01_ANNOTATOR_2026-07-30T23_50_46_923Z_data_export/data_ANN_export_anotations/annotations-legend.json,raw/evaluacion_modernizador/modernisation_reviewer_1_packet/entities-legends_Modernizador.json,True,True,True,True,True,True,Javier,True,128,719,592,1,True,129,708,570,11,unicode_word_regex_with_internal_apostrophes_and_hyphens,complete,-1,11,-0.7751937984496124,1.5536723163841808,4,4,4,4,0,0,0,0,reviewed_with_annotations,31.25,31.25
BnF_283_12,BnF_283_12_GT.txt,bnf_283,1,Llama 3.3 70B · 12 000 TPM,intermediate/extracted_exports/reviewer_packet_1/01_ANNOTATOR_2026-07-30T23_50_46_923Z_data_export/data_ANN_export_anotations/ANN_Documents/BnF_283_12_GT_moderno.ann.json,intermediate/extracted_exports/reviewer_packet_1/01_ANNOTATOR_2026-07-30T23_50_46_923Z_data_export/data_ANN_export_anotations/ANN_Documents/BnF_283_12_GT_moderno.txt,raw/evaluacion_modernizador/modernisation_reviewer_1_packet/BnF_283_12/BnF_283_12_GT.txt,intermediate/extracted_exports/reviewer_packet_1/01_ANNOTATOR_2026-07-30T23_50_46_923Z_data_export/data_ANN_export_anotations/annotations-legend.json,raw/evaluacion_modernizador/modernisation_reviewer_1_packet/entities-legends_Modernizador.json,True,True,True,True,True,True,Javier,True,553,3217,2665,1,True,571,3151,2574,53,unicode_word_regex_with_internal_apostrophes_and_hyphens,complete,-18,66,-3.1523642732049035,2.0945731513805144,8,8,8,8,0,0,0,0,reviewed_with_annotations,14.466546112115731,14.466546112115731
AGI_CONTRATACION_1091_N3_098,AGI_CONTRATACION_1091_N3_098_GT.txt,agi_contratacion,1,GPT OSS 120B · 8 000 TPM,intermediate/extracted_exports/reviewer_packet_1/01_ANNOTATOR_2026-07-30T23_50_46_923Z_data_export/data_ANN_export_anotations/ANN_Documents/AGI_CONTRATACION_1091_N3_098_GT_moderno.ann.json,intermediate/extracted_exports/reviewer_packet_1/01_ANNOTATOR_2026-07-30T23_50_46_923Z_data_export/data_ANN_export_anotations/ANN_Documents/AGI_CONTRATACION_1091_N3_098_GT_moderno.txt,raw/evaluacion_modernizador/modernisation_reviewer_1_packet/AGI_CONTRATACION_1091_N3_098/AGI_CONTRATACION_1091_N3_098_GT.txt,intermediate/extracted_exports/reviewer_packet_1/01_ANNOTATOR_2026-07-30T23_50_46_923Z_data_export/data_ANN_export_anotations/annotations-legend.json,raw/evaluacion_modernizador/modernisation_reviewer_1_packet/entities-legends_Modernizador.json,True,True,True,True,True,True,Javier,True,180,853,663,35,True,180,858,667,35,unicode_word_regex_with_internal_apostrophes_and_hyphens,complete,0,-5,0.0,-0.5827505827505828,8,8,8,8,0,0,0,0,reviewed_with_annotations,44.44444444444444,44.44444444444444
BnF_167_03,BnF_167_03_GT.txt,bnf_167,1,Llama 3.3 70B · 12 000 TPM,intermediate/extracted_exports/reviewer_packet_1/01_ANNOTATOR_2026-07-30T23_50_46_923Z_data_export/data_ANN_export_anotations/ANN_Documents/BnF_167_03_GT_moderno.ann.json,intermediate/extracted_exports/reviewer_packet_1/01_ANNOTATOR_2026-07-30T23_50_46_923Z_data_export/data_ANN_export_anotations/ANN_Documents/BnF_167_03_GT_moderno.txt,raw/evaluacion_modernizador/modernisation_reviewer_1_packet/BnF_167_03/BnF_167_03_GT.txt,intermediate/extracted_exports/reviewer_packet_1/01_ANNOTATOR_2026-07-30T23_50_46_923Z_data_export/data_ANN_export_anotations/annotations-legend.json,raw/evaluacion_modernizador/modernisation_reviewer_1_packet/entities-legends_Modernizador.json,True,True,True,True,True,True,Javier,True,440,2363,1924,1,True,444,2363,1916,37,unicode_word_regex_with_internal_apostrophes_and_hyphens,complete,-4,0,-0.9009009009009008,0.0,4,4,4,4,0,0,0,0,reviewed_with_annotations,9.09090909090909,9.09090909090909
BnF_174_06,BnF_174_06_GT.txt,bnf_174,1,Llama 3.3 70B · 12 000 TPM,intermediate/extracted_exports/reviewer_packet_1/01_ANNOTATOR_2026-07-30T23_50_46_923Z_data_export/data_ANN_export_anotations/ANN_Documents/BnF_174_06_GT_moderno.ann.json,intermediate/extracted_exports/reviewer_packet_1/01_ANNOTATOR_2026-07-30T23_50_46_923Z_data_export/data_ANN_export_anotations/ANN_Documents/BnF_174_06_GT_moderno.txt,raw/evaluacion_modernizador/modernisation_reviewer_1_packet/BnF_174_06/BnF_174_06_GT.txt,intermediate/extracted_exports/reviewer_packet_1/01_ANNOTATOR_2026-07-30T23_50_46_923Z_data_export/data_ANN_export_anotations/annotations-legend.json,raw/evaluacion_modernizador/modernisation_reviewer_1_packet/entities-legends_Modernizador.json,True,True,True,True,True,True,Javier,True,641,3523,2883,1,True,670,3573,2901,67,unicode_word_regex_with_internal_apostrophes_and_hyphens,complete,-29,-50,-4.328358208955224,-1.3993842709207949,10,11,11,10,0,0,0,0,reviewed_with_annotations,15.600624024960998,17.160686427457097
BnF_167_04,BnF_167_04_GT.txt,bnf_167,1,Llama 3.3 70B · 12 000 TPM,intermediate/extracted_exports/reviewer_packet_1/01_ANNOTATOR_2026-07-30T23_50_46_923Z_data_export/data_ANN_export_anotations/ANN_Documents/BnF_167_04_GT_moderno.ann.json,intermediate/extracted_exports/reviewer_packet_1/01_ANNOTATOR_2026-07-30T23_50_46_923Z_data_export/data_ANN_export_anotations/ANN_Documents/BnF_167_04_GT_moderno.txt,raw/evaluacion_modernizador/modernisation_reviewer_1_packet/BnF_167_04/BnF_167_04_GT.txt,intermediate/extracted_exports/reviewer_packet_1/01_ANNOTATOR_2026-07-30T23_50_46_923Z_data_export/data_ANN_export_anotations/annotations-legend.json,raw/evaluacion_modernizador/modernisation_reviewer_1_packet/entities-legends_Modernizador.json,True,True,True,True,True,True,Javier,True,458,2510,2053,1,True,462,2484,2023,38,unicode_word_regex_with_internal_apostrophes_and_hyphens,complete,-4,26,-0.8658008658008658,1.0466988727858293,3,3,3,3,0,0,0,0,reviewed_with_annotations,6.550218340611353,6.550218340611353
UIA_Ms149_Exp3_08,UIA_Ms149_Exp3_08_GT.txt,uia_ms149,1,Llama 3.3 70B · 12 000 TPM,intermediate/extracted_exports/reviewer_packet_1/01_ANNOTATOR_2026-07-30T23_50_46_923Z_data_export/data_ANN_export_anotations/ANN_Documents/UIA_Ms149_Exp3_08_GT_moderno.ann.json,intermediate/extracted_exports/reviewer_packet_1/01_ANNOTATOR_2026-07-30T23_50_46_923Z_data_export/data_ANN_export_anotations/ANN_Documents/UIA_Ms149_Exp3_08_GT_moderno.txt,raw/evaluacion_modernizador/modernisation_reviewer_1_packet/UIA_Ms149_Exp3_08/UIA_Ms149_Exp3_08_GT.txt,intermediate/extracted_exports/reviewer_packet_1/01_ANNOTATOR_2026-07-30T23_50_46_923Z_data_export/data_ANN_export_anotations/annotations-legend.json,raw/evaluacion_modernizador/modernisation_reviewer_1_packet/entities-legends_Modernizador.json,True,True,True,True,True,True,Javier,True,296,1731,1436,1,True,305,1694,1372,29,unicode_word_regex_with_internal_apostrophes_and_hyphens,complete,-9,37,-2.950819672131148,2.1841794569067297,1,1,1,1,0,0,0,0,reviewed_with_annotations,3.3783783783783785,3.3783783783783785
utblac_eog_wbs_procesal_sample_01_10,utblac_eog_wbs_procesal_sample_01_10_GT.txt,utblac_eog,1,Llama 3.3 70B · 12 000 TPM,intermediate/extracted_exports/reviewer_packet_1/01_ANNOTATOR_2026-07-30T23_50_46_923Z_data_export/data_ANN_export_anotations/ANN_Documents/utblac_eog_wbs_procesal_sample_01_10_GT_moderno.ann.json,intermediate/extracted_exports/reviewer_packet_1/01_ANNOTATOR_2026-07-30T23_50_46_923Z_data_export/data_ANN_export_anotations/ANN_Documents/utblac_eog_wbs_procesal_sample_01_10_GT_moderno.txt,raw/evaluacion_modernizador/modernisation_reviewer_1_packet/utblac_eog_wbs_procesal_sample_01_10/utblac_eog_wbs_procesal_sample_01_10_GT.txt,intermediate/extracted_exports/reviewer_packet_1/01_ANNOTATOR_2026-07-30T23_50_46_923Z_data_export/data_ANN_export_anotations/annotations-legend.json,raw/evaluacion_modernizador/modernisation_reviewer_1_packet/entities-legends_Modernizador.json,True,True,True,True,True,True,Javier,True,191,1059,869,1,True,201,1057,854,33,unicode_word_regex_with_internal_apostrophes_and_hyphens,complete,-10,2,-4.975124378109453,0.1892147587511826,1,1,1,1,0,0,0,0,reviewed_with_annotations,5.235602094240838,5.235602094240838
BP_CM_R494_156_2,BP_CM_R494_156_2_GT.txt,bp_cm,1,Llama 3.3 70B · 12 000 TPM,intermediate/extracted_exports/reviewer_packet_1/01_ANNOTATOR_2026-07-30T23_50_46_923Z_data_export/data_ANN_export_anotations/ANN_Documents/BP_CM_R494_156_2_GT_moderno.ann.json,intermediate/extracted_exports/reviewer_packet_1/01_ANNOTATOR_2026-07-30T23_50_46_923Z_data_export/data_ANN_export_anotations/ANN_Documents/BP_CM_R494_156_2_GT_moderno.txt,raw/evaluacion_modernizador/modernisation_reviewer_1_packet/BP_CM_R494_156_2/BP_CM_R494_156_2_GT.txt,intermediate/extracted_exports/reviewer_packet_1/01_ANNOTATOR_2026-07-30T23_50_46_923Z_data_export/data_ANN_export_anotations/annotations-legend.json,raw/evaluacion_modernizador/modernisation_reviewer_1_packet/entities-legends_Modernizador.json,True,True,True,True,True,True,Javier,True,366,1981,1616,1,True,373,1957,1580,32,unicode_word_regex_with_internal_apostrophes_and_hyphens,complete,-7,24,-1.876675603217158,1.2263668880940215,15,15,15,15,0,0,0,0,reviewed_with_annotations,40.983606557377044,40.983606557377044
BnF_113_04,BnF_113_04_GT.txt,bnf_113,2,GPT OSS 120B · 8 000 TPM,intermediate/extracted_exports/reviewer_packet_2/01_ANNOTATOR_2026-08-05T15_17_51_488Z_data_export/data_ANN_export_anotations/ANN_Documents/BnF_113_04_GT_moderno.ann.json,intermediate/extracted_exports/reviewer_packet_2/01_ANNOTATOR_2026-08-05T15_17_51_488Z_data_export/data_ANN_export_anotations/ANN_Documents/BnF_113_04_GT_moderno.txt,raw/evaluacion_modernizador/modernisation_reviewer_2_packet/BnF_113_04/BnF_113_04_GT.txt,intermediate/extracted_exports/reviewer_packet_2/01_ANNOTATOR_2026-08-05T15_17_51_488Z_data_export/data_ANN_export_anotations/annotations-legend.json,raw/evaluacion_modernizador/modernisation_reviewer_2_packet/entities-legends_Modernizador.json,True,True,True,True,True,True,Paco,True,310,1548,1231,26,True,311,1517,1200,28,unicode_word_regex_with_internal_apostrophes_and_hyphens,complete,-1,31,-0.3215434083601286,2.0435069215557022,51,62,62,51,0,0,0,0,reviewed_with_annotations,164.51612903225808,200.0
utblac_gg_mss_g62_duplicated_15,utblac_gg_mss_g62_duplicated_15_GT.txt,utblac_gg,2,Llama 3.3 70B · 12 000 TPM,intermediate/extracted_exports/reviewer_packet_2/01_ANNOTATOR_2026-08-05T15_17_51_488Z_data_export/data_ANN_export_anotations/ANN_Documents/utblac_gg_mss_g62_duplicated_15_GT_moderno.ann.json,intermediate/extracted_exports/reviewer_packet_2/01_ANNOTATOR_2026-08-05T15_17_51_488Z_data_export/data_ANN_export_anotations/ANN_Documents/utblac_gg_mss_g62_duplicated_15_GT_moderno.txt,raw/evaluacion_modernizador/modernisation_reviewer_2_packet/utblac_gg_mss_g62_duplicated_15/utblac_gg_mss_g62_duplicated_15_GT.txt,intermediate/extracted_exports/reviewer_packet_2/01_ANNOTATOR_2026-08-05T15_17_51_488Z_data_export/data_ANN_export_anotations/annotations-legend.json,raw/evaluacion_modernizador/modernisation_reviewer_2_packet/entities-legends_Modernizador.json,True,True,True,True,True,True,Paco,True,152,782,631,1,True,158,797,624,25,unicode_word_regex_with_internal_apostrophes_and_hyphens,complete,-6,-15,-3.79746835443038,-1.8820577164366368,9,9,9,9,0,0,0,0,reviewed_with_annotations,59.21052631578947,59.21052631578947
AGN_HospJesus_c474_leg267-2_exp024_7473-7537_02,AGN_HospJesus_c474_leg267-2_exp024_7473-7537_02_GT.txt,agn_hospjesus,2,Llama 3.3 70B · 12 000 TPM,intermediate/extracted_exports/reviewer_packet_2/01_ANNOTATOR_2026-08-05T15_17_51_488Z_data_export/data_ANN_export_anotations/ANN_Documents/AGN_HospJesus_c474_leg267-2_exp024_7473-7537_02_GT_moderno.ann.json,intermediate/extracted_exports/reviewer_packet_2/01_ANNOTATOR_2026-08-05T15_17_51_488Z_data_export/data_ANN_export_anotations/ANN_Documents/AGN_HospJesus_c474_leg267-2_exp024_7473-7537_02_GT_moderno.txt,raw/evaluacion_modernizador/modernisation_reviewer_2_packet/AGN_HospJesus_c474_leg267-2_exp024_7473-7537_02/AGN_HospJesus_c474_leg267-2_exp024_7473-7537_02_GT.txt,intermediate/extracted_exports/reviewer_packet_2/01_ANNOTATOR_2026-08-05T15_17_51_488Z_data_export/data_ANN_export_anotations/annotations-legend.json,raw/evaluacion_modernizador/modernisation_reviewer_2_packet/entities-legends_Modernizador.json,True,True,True,True,True,True,Paco,True,317,1832,1516,1,True,322,1816,1493,31,unicode_word_regex_with_internal_apostrophes_and_hyphens,complete,-5,16,-1.5527950310559009,0.881057268722467,21,24,24,21,0,0,0,0,reviewed_with_annotations,66.24605678233439,75.70977917981072
BnF_112_25,BnF_112_25_GT.txt,bnf_112,2,GPT OSS 120B · 8 000 TPM,intermediate/extracted_exports/reviewer_packet_2/01_ANNOTATOR_2026-08-05T15_17_51_488Z_data_export/data_ANN_export_anotations/ANN_Documents/BnF_112_25_GT_moderno.ann.json,intermediate/extracted_exports/reviewer_packet_2/01_ANNOTATOR_2026-08-05T15_17_51_488Z_data_export/data_ANN_export_anotations/ANN_Documents/BnF_112_25_GT_moderno.txt,raw/evaluacion_modernizador/modernisation_reviewer_2_packet/BnF_112_25/BnF_112_25_GT.txt,intermediate/extracted_exports/reviewer_packet_2/01_ANNOTATOR_2026-08-05T15_17_51_488Z_data_export/data_ANN_export_anotations/annotations-legend.json,raw/evaluacion_modernizador/modernisation_reviewer_2_packet/entities-legends_Modernizador.json,True,True,True,True,True,True,Paco,True,269,1434,1151,32,True,268,1428,1148,31,unicode_word_regex_with_internal_apostrophes_and_hyphens,complete,1,6,0.3731343283582089,0.4201680672268907,42,53,53,42,0,0,0,0,reviewed_with_annotations,156.13382899628252,197.0260223048327
BnF_167_25,BnF_167_25_GT.txt,bnf_167,2,Llama 3.3 70B · 12 000 TPM,intermediate/extracted_exports/reviewer_packet_2/01_ANNOTATOR_2026-08-05T15_17_51_488Z_data_export/data_ANN_export_anotations/ANN_Documents/BnF_167_25_GT_moderno.ann.json,intermediate/extracted_exports/reviewer_packet_2/01_ANNOTATOR_2026-08-05T15_17_51_488Z_data_export/data_ANN_export_anotations/ANN_Documents/BnF_167_25_GT_moderno.txt,raw/evaluacion_modernizador/modernisation_reviewer_2_packet/BnF_167_25/BnF_167_25_GT.txt,intermediate/extracted_exports/reviewer_packet_2/01_ANNOTATOR_2026-08-05T15_17_51_488Z_data_export/data_ANN_export_anotations/annotations-legend.json,raw/evaluacion_modernizador/modernisation_reviewer_2_packet/entities-legends_Modernizador.json,True,True,True,True,True,True,Paco,True,389,2193,1805,1,True,394,2158,1762,34,unicode_word_regex_with_internal_apostrophes_and_hyphens,complete,-5,35,-1.269035532994924,1.6218721037998145,11,11,11,11,0,0,0,0,reviewed_with_annotations,28.27763496143959,28.27763496143959
BnF_267_03,BnF_267_03_GT.txt,bnf_267,2,Llama 3.3 70B · 12 000 TPM,intermediate/extracted_exports/reviewer_packet_2/01_ANNOTATOR_2026-08-05T15_17_51_488Z_data_export/data_ANN_export_anotations/ANN_Documents/BnF_267_03_GT_moderno.ann.json,intermediate/extracted_exports/reviewer_packet_2/01_ANNOTATOR_2026-08-05T15_17_51_488Z_data_export/data_ANN_export_anotations/ANN_Documents/BnF_267_03_GT_moderno.txt,raw/evaluacion_modernizador/modernisation_reviewer_2_packet/BnF_267_03/BnF_267_03_GT.txt,intermediate/extracted_exports/reviewer_packet_2/01_ANNOTATOR_2026-08-05T15_17_51_488Z_data_export/data_ANN_export_anotations/annotations-legend.json,raw/evaluacion_modernizador/modernisation_reviewer_2_packet/entities-legends_Modernizador.json,True,True,True,True,True,True,Paco,True,227,1015,761,1,True,238,1043,757,78,unicode_word_regex_with_internal_apostrophes_and_hyphens,complete,-11,-28,-4.621848739495799,-2.684563758389262,79,79,79,79,0,0,0,0,reviewed_with_annotations,348.01762114537445,348.01762114537445
utblac_wbs_0886_duplicated_2,utblac_wbs_0886_duplicated_2_GT.txt,utblac_wbs,2,Llama 3.3 70B · 12 000 TPM,intermediate/extracted_exports/reviewer_packet_2/01_ANNOTATOR_2026-08-05T15_17_51_488Z_data_export/data_ANN_export_anotations/ANN_Documents/utblac_wbs_0886_duplicated_2_GT_moderno.ann.json,intermediate/extracted_exports/reviewer_packet_2/01_ANNOTATOR_2026-08-05T15_17_51_488Z_data_export/data_ANN_export_anotations/ANN_Documents/utblac_wbs_0886_duplicated_2_GT_moderno.txt,raw/evaluacion_modernizador/modernisation_reviewer_2_packet/utblac_wbs_0886_duplicated_2/utblac_wbs_0886_duplicated_2_GT.txt,intermediate/extracted_exports/reviewer_packet_2/01_ANNOTATOR_2026-08-05T15_17_51_488Z_data_export/data_ANN_export_anotations/annotations-legend.json,raw/evaluacion_modernizador/modernisation_reviewer_2_packet/entities-legends_Modernizador.json,True,True,True,True,True,True,Paco,True,30,147,118,1,True,30,139,109,6,unicode_word_regex_with_internal_apostrophes_and_hyphens,complete,0,8,0.0,5.755395683453238,0,0,0,0,0,0,0,0,reviewed_no_annotations,0.0,0.0
BnF_032_36,BnF_032_36_GT.txt,bnf_032,2,GPT OSS 120B · 8 000 TPM,intermediate/extracted_exports/reviewer_packet_2/01_ANNOTATOR_2026-08-05T15_17_51_488Z_data_export/data_ANN_export_anotations/ANN_Documents/BnF_032_36_GT_moderno.ann.json,intermediate/extracted_exports/reviewer_packet_2/01_ANNOTATOR_2026-08-05T15_17_51_488Z_data_export/data_ANN_export_anotations/ANN_Documents/BnF_032_36_GT_moderno.txt,raw/evaluacion_modernizador/modernisation_reviewer_2_packet/BnF_032_36/BnF_032_36_GT.txt,intermediate/extracted_exports/reviewer_packet_2/01_ANNOTATOR_2026-08-05T15_17_51_488Z_data_export/data_ANN_export_anotations/annotations-legend.json,raw/evaluacion_modernizador/modernisation_reviewer_2_packet/entities-legends_Modernizador.json,True,True,True,True,True,True,Paco,True,303,1507,1201,32,True,303,1507,1200,32,unicode_word_regex_with_internal_apostrophes_and_hyphens,complete,0,0,0.0,0.0,99,105,105,99,0,0,0,0,reviewed_with_annotations,326.73267326732673,346.53465346534654
BnF_266_07,BnF_266_07_GT.txt,bnf_266,2,Llama 3.3 70B · 12 000 TPM,intermediate/extracted_exports/reviewer_packet_2/01_ANNOTATOR_2026-08-05T15_17_51_488Z_data_export/data_ANN_export_anotations/ANN_Documents/BnF_266_07_GT_moderno.ann.json,intermediate/extracted_exports/reviewer_packet_2/01_ANNOTATOR_2026-08-05T15_17_51_488Z_data_export/data_ANN_export_anotations/ANN_Documents/BnF_266_07_GT_moderno.txt,raw/evaluacion_modernizador/modernisation_reviewer_2_packet/BnF_266_07/BnF_266_07_GT.txt,intermediate/extracted_exports/reviewer_packet_2/01_ANNOTATOR_2026-08-05T15_17_51_488Z_data_export/data_ANN_export_anotations/annotations-legend.json,raw/evaluacion_modernizador/modernisation_reviewer_2_packet/entities-legends_Modernizador.json,True,True,True,True,True,True,Paco,True,923,5019,4096,3,True,949,4885,3923,79,unicode_word_regex_with_internal_apostrophes_and_hyphens,complete,-26,134,-2.73972602739726,2.7430910951893552,35,38,38,35,0,0,0,0,reviewed_with_annotations,37.91982665222102,41.17009750812568
BnF_267_23,BnF_267_23_GT.txt,bnf_267,2,Llama 3.3 70B · 12 000 TPM,intermediate/extracted_exports/reviewer_packet_2/01_ANNOTATOR_2026-08-05T15_17_51_488Z_data_export/data_ANN_export_anotations/ANN_Documents/BnF_267_23_GT_moderno.ann.json,intermediate/extracted_exports/reviewer_packet_2/01_ANNOTATOR_2026-08-05T15_17_51_488Z_data_export/data_ANN_export_anotations/ANN_Documents/BnF_267_23_GT_moderno.txt,raw/evaluacion_modernizador/modernisation_reviewer_2_packet/BnF_267_23/BnF_267_23_GT.txt,intermediate/extracted_exports/reviewer_packet_2/01_ANNOTATOR_2026-08-05T15_17_51_488Z_data_export/data_ANN_export_anotations/annotations-legend.json,raw/evaluacion_modernizador/modernisation_reviewer_2_packet/entities-legends_Modernizador.json,True,True,True,True,True,True,Paco,True,226,1053,803,1,True,225,1054,803,73,unicode_word_regex_with_internal_apostrophes_and_hyphens,complete,1,-1,0.4444444444444444,-0.0948766603415559,83,85,85,83,0,0,0,0,reviewed_with_annotations,367.2566371681416,376.10619469026545
AGI_PATRONATO_182_R3_04,AGI_PATRONATO_182_R3_04_GT.txt,agi_patronato,2,GPT OSS 120B · 8 000 TPM,intermediate/extracted_exports/reviewer_packet_2/01_ANNOTATOR_2026-08-05T15_17_51_488Z_data_export/data_ANN_export_anotations/ANN_Documents/AGI_PATRONATO_182_R3_04_GT_moderno.ann.json,intermediate/extracted_exports/reviewer_packet_2/01_ANNOTATOR_2026-08-05T15_17_51_488Z_data_export/data_ANN_export_anotations/ANN_Documents/AGI_PATRONATO_182_R3_04_GT_moderno.txt,raw/evaluacion_modernizador/modernisation_reviewer_2_packet/AGI_PATRONATO_182_R3_04/AGI_PATRONATO_182_R3_04_GT.txt,intermediate/extracted_exports/reviewer_packet_2/01_ANNOTATOR_2026-08-05T15_17_51_488Z_data_export/data_ANN_export_anotations/annotations-legend.json,raw/evaluacion_modernizador/modernisation_reviewer_2_packet/entities-legends_Modernizador.json,True,True,True,True,True,True,Paco,True,223,1202,968,31,True,223,1229,981,30,unicode_word_regex_with_internal_apostrophes_and_hyphens,complete,0,-27,0.0,-2.196908055329536,40,48,48,40,0,0,0,0,reviewed_with_annotations,179.37219730941703,215.24663677130047
AGN_Tierras_v2963_exp059_24,AGN_Tierras_v2963_exp059_24_GT.txt,agn_tierras,2,Llama 3.3 70B · 12 000 TPM,intermediate/extracted_exports/reviewer_packet_2/01_ANNOTATOR_2026-08-05T15_17_51_488Z_data_export/data_ANN_export_anotations/ANN_Documents/AGN_Tierras_v2963_exp059_24_GT_moderno.ann.json,intermediate/extracted_exports/reviewer_packet_2/01_ANNOTATOR_2026-08-05T15_17_51_488Z_data_export/data_ANN_export_anotations/ANN_Documents/AGN_Tierras_v2963_exp059_24_GT_moderno.txt,raw/evaluacion_modernizador/modernisation_reviewer_2_packet/AGN_Tierras_v2963_exp059_24/AGN_Tierras_v2963_exp059_24_GT.txt,intermediate/extracted_exports/reviewer_packet_2/01_ANNOTATOR_2026-08-05T15_17_51_488Z_data_export/data_ANN_export_anotations/annotations-legend.json,raw/evaluacion_modernizador/modernisation_reviewer_2_packet/entities-legends_Modernizador.json,True,True,True,True,True,True,Paco,True,122,664,543,1,True,128,672,543,23,unicode_word_regex_with_internal_apostrophes_and_hyphens,complete,-6,-8,-4.6875,-1.1904761904761905,4,5,5,4,0,0,0,0,reviewed_with_annotations,32.786885245901644,40.983606557377044
UIA_Ms149_Exp3_43,UIA_Ms149_Exp3_43_GT.txt,uia_ms149,2,Llama 3.3 70B · 12 000 TPM,intermediate/extracted_exports/reviewer_packet_2/01_ANNOTATOR_2026-08-05T15_17_51_488Z_data_export/data_ANN_export_anotations/ANN_Documents/UIA_Ms149_Exp3_43_GT_moderno.ann.json,intermediate/extracted_exports/reviewer_packet_2/01_ANNOTATOR_2026-08-05T15_17_51_488Z_data_export/data_ANN_export_anotations/ANN_Documents/UIA_Ms149_Exp3_43_GT_moderno.txt,raw/evaluacion_modernizador/modernisation_reviewer_2_packet/UIA_Ms149_Exp3_43/UIA_Ms149_Exp3_43_GT.txt,intermediate/extracted_exports/reviewer_packet_2/01_ANNOTATOR_2026-08-05T15_17_51_488Z_data_export/data_ANN_export_anotations/annotations-legend.json,raw/evaluacion_modernizador/modernisation_reviewer_2_packet/entities-legends_Modernizador.json,True,True,True,True,True,True,Paco,True,297,1738,1442,1,True,304,1682,1362,28,unicode_word_regex_with_internal_apostrophes_and_hyphens,complete,-7,56,-2.302631578947368,3.329369797859691,17,21,21,17,0,0,0,0,reviewed_with_annotations,57.23905723905724,70.7070707070707
BnF_117_13,BnF_117_13_GT.txt,bnf_117,2,Llama 3.3 70B · 12 000 TPM,intermediate/extracted_exports/reviewer_packet_2/01_ANNOTATOR_2026-08-05T15_17_51_488Z_data_export/data_ANN_export_anotations/ANN_Documents/BnF_117_13_GT_moderno.ann.json,intermediate/extracted_exports/reviewer_packet_2/01_ANNOTATOR_2026-08-05T15_17_51_488Z_data_export/data_ANN_export_anotations/ANN_Documents/BnF_117_13_GT_moderno.txt,raw/evaluacion_modernizador/modernisation_reviewer_2_packet/BnF_117_13/BnF_117_13_GT.txt,intermediate/extracted_exports/reviewer_packet_2/01_ANNOTATOR_2026-08-05T15_17_51_488Z_data_export/data_ANN_export_anotations/annotations-legend.json,raw/evaluacion_modernizador/modernisation_reviewer_2_packet/entities-legends_Modernizador.json,True,True,True,True,True,True,Paco,True,148,854,707,1,True,158,781,618,26,unicode_word_regex_with_internal_apostrophes_and_hyphens,complete,-10,73,-6.329113924050633,9.346991037131884,18,22,22,18,0,0,0,0,reviewed_with_annotations,121.62162162162163,148.64864864864865
AGN_Marina_v031A_exp02_fs85-92_15,AGN_Marina_v031A_exp02_fs85-92_15_GT.txt,agn_marina,2,Llama 3.3 70B · 12 000 TPM,intermediate/extracted_exports/reviewer_packet_2/01_ANNOTATOR_2026-08-05T15_17_51_488Z_data_export/data_ANN_export_anotations/ANN_Documents/AGN_Marina_v031A_exp02_fs85-92_15_GT_moderno.ann.json,intermediate/extracted_exports/reviewer_packet_2/01_ANNOTATOR_2026-08-05T15_17_51_488Z_data_export/data_ANN_export_anotations/ANN_Documents/AGN_Marina_v031A_exp02_fs85-92_15_GT_moderno.txt,raw/evaluacion_modernizador/modernisation_reviewer_2_packet/AGN_Marina_v031A_exp02_fs85-92_15/AGN_Marina_v031A_exp02_fs85-92_15_GT.txt,intermediate/extracted_exports/reviewer_packet_2/01_ANNOTATOR_2026-08-05T15_17_51_488Z_data_export/data_ANN_export_anotations/annotations-legend.json,raw/evaluacion_modernizador/modernisation_reviewer_2_packet/entities-legends_Modernizador.json,True,True,True,True,True,True,Paco,True,31,184,153,1,True,32,188,154,7,unicode_word_regex_with_internal_apostrophes_and_hyphens,complete,-1,-4,-3.125,-2.127659574468085,2,2,2,2,0,0,0,0,reviewed_with_annotations,64.51612903225806,64.51612903225806
BnF_116_02,BnF_116_02_GT.txt,bnf_116,2,GPT OSS 120B · 8 000 TPM,intermediate/extracted_exports/reviewer_packet_2/01_ANNOTATOR_2026-08-05T15_17_51_488Z_data_export/data_ANN_export_anotations/ANN_Documents/BnF_116_02_GT_moderno.ann.json,intermediate/extracted_exports/reviewer_packet_2/01_ANNOTATOR_2026-08-05T15_17_51_488Z_data_export/data_ANN_export_anotations/ANN_Documents/BnF_116_02_GT_moderno.txt,raw/evaluacion_modernizador/modernisation_reviewer_2_packet/BnF_116_02/BnF_116_02_GT.txt,intermediate/extracted_exports/reviewer_packet_2/01_ANNOTATOR_2026-08-05T15_17_51_488Z_data_export/data_ANN_export_anotations/annotations-legend.json,raw/evaluacion_modernizador/modernisation_reviewer_2_packet/entities-legends_Modernizador.json,True,True,True,True,True,True,Paco,True,273,1561,1283,15,True,286,1588,1267,36,unicode_word_regex_with_internal_apostrophes_and_hyphens,complete,-13,-27,-4.545454545454546,-1.700251889168766,38,49,49,38,0,0,0,0,reviewed_with_annotations,139.1941391941392,179.48717948717947
BnF_030_22,BnF_030_22_GT.txt,bnf_030,2,Llama 3.3 70B · 12 000 TPM,intermediate/extracted_exports/reviewer_packet_2/01_ANNOTATOR_2026-08-05T15_17_51_488Z_data_export/data_ANN_export_anotations/ANN_Documents/BnF_030_22_GT_moderno.ann.json,intermediate/extracted_exports/reviewer_packet_2/01_ANNOTATOR_2026-08-05T15_17_51_488Z_data_export/data_ANN_export_anotations/ANN_Documents/BnF_030_22_GT_moderno.txt,raw/evaluacion_modernizador/modernisation_reviewer_2_packet/BnF_030_22/BnF_030_22_GT.txt,intermediate/extracted_exports/reviewer_packet_2/01_ANNOTATOR_2026-08-05T15_17_51_488Z_data_export/data_ANN_export_anotations/annotations-legend.json,raw/evaluacion_modernizador/modernisation_reviewer_2_packet/entities-legends_Modernizador.json,True,True,True,True,True,True,Paco,True,383,2145,1763,1,True,396,2083,1675,35,unicode_word_regex_with_internal_apostrophes_and_hyphens,complete,-13,62,-3.2828282828282838,2.9764762361977914,39,48,48,39,0,0,0,0,reviewed_with_annotations,101.82767624020887,125.32637075718014
BnF_104_2,BnF_104_2_GT.txt,bnf_104,2,GPT OSS 120B · 8 000 TPM,intermediate/extracted_exports/reviewer_packet_2/01_ANNOTATOR_2026-08-05T15_17_51_488Z_data_export/data_ANN_export_anotations/ANN_Documents/BnF_104_2_GT_moderno.ann.json,intermediate/extracted_exports/reviewer_packet_2/01_ANNOTATOR_2026-08-05T15_17_51_488Z_data_export/data_ANN_export_anotations/ANN_Documents/BnF_104_2_GT_moderno.txt,raw/evaluacion_modernizador/modernisation_reviewer_2_packet/BnF_104_2/BnF_104_2_GT.txt,intermediate/extracted_exports/reviewer_packet_2/01_ANNOTATOR_2026-08-05T15_17_51_488Z_data_export/data_ANN_export_anotations/annotations-legend.json,raw/evaluacion_modernizador/modernisation_reviewer_2_packet/entities-legends_Modernizador.json,True,True,True,True,True,True,Paco,True,328,1612,1285,1,True,331,1601,1270,27,unicode_word_regex_with_internal_apostrophes_and_hyphens,complete,-3,11,-0.906344410876133,0.6870705808869456,68,91,88,68,3,3,0,0,reviewed_with_annotations,207.3170731707317,268.2926829268293
LoC_HPKraus_146_new_13,LoC_HPKraus_146_new_13_GT.txt,loc_hpkraus,2,Llama 3.3 70B · 12 000 TPM,intermediate/extracted_exports/reviewer_packet_2/01_ANNOTATOR_2026-08-05T15_17_51_488Z_data_export/data_ANN_export_anotations/ANN_Documents/LoC_HPKraus_146_new_13_GT_moderno.ann.json,intermediate/extracted_exports/reviewer_packet_2/01_ANNOTATOR_2026-08-05T15_17_51_488Z_data_export/data_ANN_export_anotations/ANN_Documents/LoC_HPKraus_146_new_13_GT_moderno.txt,raw/evaluacion_modernizador/modernisation_reviewer_2_packet/LoC_HPKraus_146_new_13/LoC_HPKraus_146_new_13_GT.txt,intermediate/extracted_exports/reviewer_packet_2/01_ANNOTATOR_2026-08-05T15_17_51_488Z_data_export/data_ANN_export_anotations/annotations-legend.json,raw/evaluacion_modernizador/modernisation_reviewer_2_packet/entities-legends_Modernizador.json,True,True,True,True,True,True,Paco,True,148,839,692,1,True,159,820,661,25,unicode_word_regex_with_internal_apostrophes_and_hyphens,complete,-11,19,-6.918238993710692,2.317073170731707,18,18,18,18,0,0,0,0,reviewed_with_annotations,121.62162162162163,121.62162162162163
AGI_CONTRATACION_1089_N8_151,AGI_CONTRATACION_1089_N8_151_GT.txt,agi_contratacion,2,Llama 3.3 70B · 12 000 TPM,intermediate/extracted_exports/reviewer_packet_2/01_ANNOTATOR_2026-08-05T15_17_51_488Z_data_export/data_ANN_export_anotations/ANN_Documents/AGI_CONTRATACION_1089_N8_151_GT_moderno.ann.json,intermediate/extracted_exports/reviewer_packet_2/01_ANNOTATOR_2026-08-05T15_17_51_488Z_data_export/data_ANN_export_anotations/ANN_Documents/AGI_CONTRATACION_1089_N8_151_GT_moderno.txt,raw/evaluacion_modernizador/modernisation_reviewer_2_packet/AGI_CONTRATACION_1089_N8_151/AGI_CONTRATACION_1089_N8_151_GT.txt,intermediate/extracted_exports/reviewer_packet_2/01_ANNOTATOR_2026-08-05T15_17_51_488Z_data_export/data_ANN_export_anotations/annotations-legend.json,raw/evaluacion_modernizador/modernisation_reviewer_2_packet/entities-legends_Modernizador.json,True,True,True,True,True,True,Paco,True,304,1438,1135,1,True,309,1457,1140,37,unicode_word_regex_with_internal_apostrophes_and_hyphens,complete,-5,-19,-1.6181229773462782,-1.3040494166094716,48,50,50,48,0,0,0,0,reviewed_with_annotations,157.89473684210526,164.47368421052633
BnF_119-148_24,BnF_119-148_24_GT.txt,bnf_119-148,3,Llama 3.3 70B · 12 000 TPM,intermediate/extracted_exports/reviewer_packet_3/01_ANNOTATOR_2026-07-29T19_32_36_106Z_data_export/data_ANN_export_anotations/ANN_Documents/BnF_119-148_24_GT_moderno.ann.json,intermediate/extracted_exports/reviewer_packet_3/01_ANNOTATOR_2026-07-29T19_32_36_106Z_data_export/data_ANN_export_anotations/ANN_Documents/BnF_119-148_24_GT_moderno.txt,raw/evaluacion_modernizador/modernisation_reviewer_3_packet/BnF_119-148_24/BnF_119-148_24_GT.txt,intermediate/extracted_exports/reviewer_packet_3/01_ANNOTATOR_2026-07-29T19_32_36_106Z_data_export/data_ANN_export_anotations/annotations-legend.json,raw/evaluacion_modernizador/modernisation_reviewer_3_packet/entities-legends_Modernizador.json,True,True,True,True,True,True,Adriana,True,284,1557,1274,1,True,291,1548,1253,24,unicode_word_regex_with_internal_apostrophes_and_hyphens,complete,-7,9,-2.405498281786942,0.5813953488372093,12,12,12,12,0,0,0,0,reviewed_with_annotations,42.25352112676056,42.25352112676056
AGN_AHHacienda_v268_exp046_01,AGN_AHHacienda_v268_exp046_01_GT.txt,agn_ahhacienda,3,GPT OSS 120B · 8 000 TPM,intermediate/extracted_exports/reviewer_packet_3/01_ANNOTATOR_2026-07-29T19_32_36_106Z_data_export/data_ANN_export_anotations/ANN_Documents/AGN_AHHacienda_v268_exp046_01_GT_moderno.ann.json,intermediate/extracted_exports/reviewer_packet_3/01_ANNOTATOR_2026-07-29T19_32_36_106Z_data_export/data_ANN_export_anotations/ANN_Documents/AGN_AHHacienda_v268_exp046_01_GT_moderno.txt,raw/evaluacion_modernizador/modernisation_reviewer_3_packet/AGN_AHHacienda_v268_exp046_01/AGN_AHHacienda_v268_exp046_01_GT.txt,intermediate/extracted_exports/reviewer_packet_3/01_ANNOTATOR_2026-07-29T19_32_36_106Z_data_export/data_ANN_export_anotations/annotations-legend.json,raw/evaluacion_modernizador/modernisation_reviewer_3_packet/entities-legends_Modernizador.json,True,True,True,True,True,True,Adriana,True,172,811,638,18,True,171,806,633,20,unicode_word_regex_with_internal_apostrophes_and_hyphens,complete,1,5,0.5847953216374269,0.620347394540943,36,36,36,36,0,0,0,0,reviewed_with_annotations,209.30232558139537,209.30232558139537
BnF_264_03,BnF_264_03_GT.txt,bnf_264,3,Llama 3.3 70B · 12 000 TPM,intermediate/extracted_exports/reviewer_packet_3/01_ANNOTATOR_2026-07-29T19_32_36_106Z_data_export/data_ANN_export_anotations/ANN_Documents/BnF_264_03_GT_moderno.ann.json,intermediate/extracted_exports/reviewer_packet_3/01_ANNOTATOR_2026-07-29T19_32_36_106Z_data_export/data_ANN_export_anotations/ANN_Documents/BnF_264_03_GT_moderno.txt,raw/evaluacion_modernizador/modernisation_reviewer_3_packet/BnF_264_03/BnF_264_03_GT.txt,intermediate/extracted_exports/reviewer_packet_3/01_ANNOTATOR_2026-07-29T19_32_36_106Z_data_export/data_ANN_export_anotations/annotations-legend.json,raw/evaluacion_modernizador/modernisation_reviewer_3_packet/entities-legends_Modernizador.json,True,True,True,True,True,True,Adriana,True,955,5317,4359,1,True,1006,5362,4353,110,unicode_word_regex_with_internal_apostrophes_and_hyphens,complete,-51,-45,-5.069582504970179,-0.8392390898918314,74,79,79,74,0,0,0,0,reviewed_with_annotations,77.4869109947644,82.72251308900523
BnF_174_05,BnF_174_05_GT.txt,bnf_174,3,Llama 3.3 70B · 12 000 TPM,intermediate/extracted_exports/reviewer_packet_3/01_ANNOTATOR_2026-07-29T19_32_36_106Z_data_export/data_ANN_export_anotations/ANN_Documents/BnF_174_05_GT_moderno.ann.json,intermediate/extracted_exports/reviewer_packet_3/01_ANNOTATOR_2026-07-29T19_32_36_106Z_data_export/data_ANN_export_anotations/ANN_Documents/BnF_174_05_GT_moderno.txt,raw/evaluacion_modernizador/modernisation_reviewer_3_packet/BnF_174_05/BnF_174_05_GT.txt,intermediate/extracted_exports/reviewer_packet_3/01_ANNOTATOR_2026-07-29T19_32_36_106Z_data_export/data_ANN_export_anotations/annotations-legend.json,raw/evaluacion_modernizador/modernisation_reviewer_3_packet/entities-legends_Modernizador.json,True,True,True,True,True,True,Adriana,True,663,3625,2963,1,True,692,3717,3022,75,unicode_word_regex_with_internal_apostrophes_and_hyphens,complete,-29,-92,-4.190751445086705,-2.4751143395211197,10,11,11,10,0,0,0,0,reviewed_with_annotations,15.082956259426847,16.591251885369534
BnF_116_07,BnF_116_07_GT.txt,bnf_116,3,Llama 3.3 70B · 12 000 TPM,intermediate/extracted_exports/reviewer_packet_3/01_ANNOTATOR_2026-07-29T19_32_36_106Z_data_export/data_ANN_export_anotations/ANN_Documents/BnF_116_07_GT_moderno.ann.json,intermediate/extracted_exports/reviewer_packet_3/01_ANNOTATOR_2026-07-29T19_32_36_106Z_data_export/data_ANN_export_anotations/ANN_Documents/BnF_116_07_GT_moderno.txt,raw/evaluacion_modernizador/modernisation_reviewer_3_packet/BnF_116_07/BnF_116_07_GT.txt,intermediate/extracted_exports/reviewer_packet_3/01_ANNOTATOR_2026-07-29T19_32_36_106Z_data_export/data_ANN_export_anotations/annotations-legend.json,raw/evaluacion_modernizador/modernisation_reviewer_3_packet/entities-legends_Modernizador.json,True,True,True,True,True,True,Adriana,True,217,1274,1058,1,True,231,1342,1066,34,unicode_word_regex_with_internal_apostrophes_and_hyphens,complete,-14,-68,-6.0606060606060606,-5.067064083457526,14,14,14,14,0,0,0,0,reviewed_with_annotations,64.51612903225806,64.51612903225806
BP_CM_R481_071_2,BP_CM_R481_071_2_GT.txt,bp_cm,3,Llama 3.3 70B · 12 000 TPM,intermediate/extracted_exports/reviewer_packet_3/01_ANNOTATOR_2026-07-29T19_32_36_106Z_data_export/data_ANN_export_anotations/ANN_Documents/BP_CM_R481_071_2_GT_moderno.ann.json,intermediate/extracted_exports/reviewer_packet_3/01_ANNOTATOR_2026-07-29T19_32_36_106Z_data_export/data_ANN_export_anotations/ANN_Documents/BP_CM_R481_071_2_GT_moderno.txt,raw/evaluacion_modernizador/modernisation_reviewer_3_packet/BP_CM_R481_071_2/BP_CM_R481_071_2_GT.txt,intermediate/extracted_exports/reviewer_packet_3/01_ANNOTATOR_2026-07-29T19_32_36_106Z_data_export/data_ANN_export_anotations/annotations-legend.json,raw/evaluacion_modernizador/modernisation_reviewer_3_packet/entities-legends_Modernizador.json,True,True,True,True,True,True,Adriana,True,301,1612,1312,1,True,304,1493,1186,35,unicode_word_regex_with_internal_apostrophes_and_hyphens,complete,-3,119,-0.986842105263158,7.970529135967849,18,22,22,18,0,0,0,0,reviewed_with_annotations,59.800664451827245,73.08970099667775
BnF_266_05,BnF_266_05_GT.txt,bnf_266,3,Llama 3.3 70B · 12 000 TPM,intermediate/extracted_exports/reviewer_packet_3/01_ANNOTATOR_2026-07-29T19_32_36_106Z_data_export/data_ANN_export_anotations/ANN_Documents/BnF_266_05_GT_moderno.ann.json,intermediate/extracted_exports/reviewer_packet_3/01_ANNOTATOR_2026-07-29T19_32_36_106Z_data_export/data_ANN_export_anotations/ANN_Documents/BnF_266_05_GT_moderno.txt,raw/evaluacion_modernizador/modernisation_reviewer_3_packet/BnF_266_05/BnF_266_05_GT.txt,intermediate/extracted_exports/reviewer_packet_3/01_ANNOTATOR_2026-07-29T19_32_36_106Z_data_export/data_ANN_export_anotations/annotations-legend.json,raw/evaluacion_modernizador/modernisation_reviewer_3_packet/entities-legends_Modernizador.json,True,True,True,True,True,True,Adriana,True,884,4726,3901,1,True,857,4460,3593,74,unicode_word_regex_with_internal_apostrophes_and_hyphens,complete,27,266,3.150525087514586,5.9641255605381165,100,192,192,100,0,0,0,0,reviewed_with_annotations,113.12217194570135,217.1945701357466
BnF_110_13,BnF_110_13_GT.txt,bnf_110,3,Llama 3.3 70B · 12 000 TPM,intermediate/extracted_exports/reviewer_packet_3/01_ANNOTATOR_2026-07-29T19_32_36_106Z_data_export/data_ANN_export_anotations/ANN_Documents/BnF_110_13_GT_moderno.ann.json,intermediate/extracted_exports/reviewer_packet_3/01_ANNOTATOR_2026-07-29T19_32_36_106Z_data_export/data_ANN_export_anotations/ANN_Documents/BnF_110_13_GT_moderno.txt,raw/evaluacion_modernizador/modernisation_reviewer_3_packet/BnF_110_13/BnF_110_13_GT.txt,intermediate/extracted_exports/reviewer_packet_3/01_ANNOTATOR_2026-07-29T19_32_36_106Z_data_export/data_ANN_export_anotations/annotations-legend.json,raw/evaluacion_modernizador/modernisation_reviewer_3_packet/entities-legends_Modernizador.json,True,True,True,True,True,True,Adriana,True,289,1601,1315,1,True,291,1575,1268,31,unicode_word_regex_with_internal_apostrophes_and_hyphens,complete,-2,26,-0.6872852233676976,1.650793650793651,17,17,17,17,0,0,0,0,reviewed_with_annotations,58.8235294117647,58.8235294117647
AGN_Inquisicion_v1570A_exp134_fs159-160v_02,AGN_Inquisicion_v1570A_exp134_fs159-160v_02_GT.txt,agn_inquisicion,3,Llama 3.3 70B · 12 000 TPM,intermediate/extracted_exports/reviewer_packet_3/01_ANNOTATOR_2026-07-29T19_32_36_106Z_data_export/data_ANN_export_anotations/ANN_Documents/AGN_Inquisicion_v1570A_exp134_fs159-160v_02_GT_moderno.ann.json,intermediate/extracted_exports/reviewer_packet_3/01_ANNOTATOR_2026-07-29T19_32_36_106Z_data_export/data_ANN_export_anotations/ANN_Documents/AGN_Inquisicion_v1570A_exp134_fs159-160v_02_GT_moderno.txt,raw/evaluacion_modernizador/modernisation_reviewer_3_packet/AGN_Inquisicion_v1570A_exp134_fs159-160v_02/AGN_Inquisicion_v1570A_exp134_fs159-160v_02_GT.txt,intermediate/extracted_exports/reviewer_packet_3/01_ANNOTATOR_2026-07-29T19_32_36_106Z_data_export/data_ANN_export_anotations/annotations-legend.json,raw/evaluacion_modernizador/modernisation_reviewer_3_packet/entities-legends_Modernizador.json,True,True,True,True,True,True,Adriana,True,113,618,506,1,True,118,602,484,18,unicode_word_regex_with_internal_apostrophes_and_hyphens,complete,-5,16,-4.23728813559322,2.6578073089701,6,6,6,6,0,0,0,0,reviewed_with_annotations,53.097345132743364,53.097345132743364
BnF_243_18,BnF_243_18_GT.txt,bnf_243,3,Llama 3.3 70B · 12 000 TPM,intermediate/extracted_exports/reviewer_packet_3/01_ANNOTATOR_2026-07-29T19_32_36_106Z_data_export/data_ANN_export_anotations/ANN_Documents/BnF_243_18_GT_moderno.ann.json,intermediate/extracted_exports/reviewer_packet_3/01_ANNOTATOR_2026-07-29T19_32_36_106Z_data_export/data_ANN_export_anotations/ANN_Documents/BnF_243_18_GT_moderno.txt,raw/evaluacion_modernizador/modernisation_reviewer_3_packet/BnF_243_18/BnF_243_18_GT.txt,intermediate/extracted_exports/reviewer_packet_3/01_ANNOTATOR_2026-07-29T19_32_36_106Z_data_export/data_ANN_export_anotations/annotations-legend.json,raw/evaluacion_modernizador/modernisation_reviewer_3_packet/entities-legends_Modernizador.json,True,True,True,True,True,True,Adriana,True,456,2865,2410,1,True,471,2837,2358,57,unicode_word_regex_with_internal_apostrophes_and_hyphens,complete,-15,28,-3.1847133757961785,0.986958054282693,15,17,17,15,0,0,0,0,reviewed_with_annotations,32.89473684210526,37.280701754385966
AGN_Marina_v031A_exp02_fs85-92_11,AGN_Marina_v031A_exp02_fs85-92_11_GT.txt,agn_marina,3,Llama 3.3 70B · 12 000 TPM,intermediate/extracted_exports/reviewer_packet_3/01_ANNOTATOR_2026-07-29T19_32_36_106Z_data_export/data_ANN_export_anotations/ANN_Documents/AGN_Marina_v031A_exp02_fs85-92_11_GT_moderno.ann.json,intermediate/extracted_exports/reviewer_packet_3/01_ANNOTATOR_2026-07-29T19_32_36_106Z_data_export/data_ANN_export_anotations/ANN_Documents/AGN_Marina_v031A_exp02_fs85-92_11_GT_moderno.txt,raw/evaluacion_modernizador/modernisation_reviewer_3_packet/AGN_Marina_v031A_exp02_fs85-92_11/AGN_Marina_v031A_exp02_fs85-92_11_GT.txt,intermediate/extracted_exports/reviewer_packet_3/01_ANNOTATOR_2026-07-29T19_32_36_106Z_data_export/data_ANN_export_anotations/annotations-legend.json,raw/evaluacion_modernizador/modernisation_reviewer_3_packet/entities-legends_Modernizador.json,True,True,True,True,True,True,Adriana,True,122,753,632,1,True,127,743,616,24,unicode_word_regex_with_internal_apostrophes_and_hyphens,complete,-5,10,-3.937007874015748,1.3458950201884252,7,7,7,7,0,0,0,0,reviewed_with_annotations,57.37704918032787,57.37704918032787
BnF_032_33,BnF_032_33_GT.txt,bnf_032,3,Llama 3.3 70B · 12 000 TPM,intermediate/extracted_exports/reviewer_packet_3/01_ANNOTATOR_2026-07-29T19_32_36_106Z_data_export/data_ANN_export_anotations/ANN_Documents/BnF_032_33_GT_moderno.ann.json,intermediate/extracted_exports/reviewer_packet_3/01_ANNOTATOR_2026-07-29T19_32_36_106Z_data_export/data_ANN_export_anotations/ANN_Documents/BnF_032_33_GT_moderno.txt,raw/evaluacion_modernizador/modernisation_reviewer_3_packet/BnF_032_33/BnF_032_33_GT.txt,intermediate/extracted_exports/reviewer_packet_3/01_ANNOTATOR_2026-07-29T19_32_36_106Z_data_export/data_ANN_export_anotations/annotations-legend.json,raw/evaluacion_modernizador/modernisation_reviewer_3_packet/entities-legends_Modernizador.json,True,True,True,True,True,True,Adriana,True,354,1847,1494,1,True,363,1688,1322,34,unicode_word_regex_with_internal_apostrophes_and_hyphens,complete,-9,159,-2.479338842975207,9.419431279620854,42,51,51,42,0,0,0,0,reviewed_with_annotations,118.64406779661017,144.0677966101695
BnF_167_29,BnF_167_29_GT.txt,bnf_167,3,Llama 3.3 70B · 12 000 TPM,intermediate/extracted_exports/reviewer_packet_3/01_ANNOTATOR_2026-07-29T19_32_36_106Z_data_export/data_ANN_export_anotations/ANN_Documents/BnF_167_29_GT_moderno.ann.json,intermediate/extracted_exports/reviewer_packet_3/01_ANNOTATOR_2026-07-29T19_32_36_106Z_data_export/data_ANN_export_anotations/ANN_Documents/BnF_167_29_GT_moderno.txt,raw/evaluacion_modernizador/modernisation_reviewer_3_packet/BnF_167_29/BnF_167_29_GT.txt,intermediate/extracted_exports/reviewer_packet_3/01_ANNOTATOR_2026-07-29T19_32_36_106Z_data_export/data_ANN_export_anotations/annotations-legend.json,raw/evaluacion_modernizador/modernisation_reviewer_3_packet/entities-legends_Modernizador.json,True,True,True,True,True,True,Adriana,True,285,1514,1229,1,True,292,1537,1241,27,unicode_word_regex_with_internal_apostrophes_and_hyphens,complete,-7,-23,-2.3972602739726026,-1.4964216005204944,9,9,9,9,0,0,0,0,reviewed_with_annotations,31.578947368421055,31.578947368421055
BnF_075_003,BnF_075_003_GT.txt,bnf_075,3,Llama 3.3 70B · 12 000 TPM,intermediate/extracted_exports/reviewer_packet_3/01_ANNOTATOR_2026-07-29T19_32_36_106Z_data_export/data_ANN_export_anotations/ANN_Documents/BnF_075_003_GT_moderno.ann.json,intermediate/extracted_exports/reviewer_packet_3/01_ANNOTATOR_2026-07-29T19_32_36_106Z_data_export/data_ANN_export_anotations/ANN_Documents/BnF_075_003_GT_moderno.txt,raw/evaluacion_modernizador/modernisation_reviewer_3_packet/BnF_075_003/BnF_075_003_GT.txt,intermediate/extracted_exports/reviewer_packet_3/01_ANNOTATOR_2026-07-29T19_32_36_106Z_data_export/data_ANN_export_anotations/annotations-legend.json,raw/evaluacion_modernizador/modernisation_reviewer_3_packet/entities-legends_Modernizador.json,True,True,True,True,True,True,Adriana,True,289,1551,1263,1,True,298,1423,1121,35,unicode_word_regex_with_internal_apostrophes_and_hyphens,complete,-9,128,-3.02013422818792,8.995080815179199,50,51,51,50,0,0,0,0,reviewed_with_annotations,173.01038062283735,176.47058823529412
BnF_116_08,BnF_116_08_GT.txt,bnf_116,3,Llama 3.3 70B · 12 000 TPM,intermediate/extracted_exports/reviewer_packet_3/01_ANNOTATOR_2026-07-29T19_32_36_106Z_data_export/data_ANN_export_anotations/ANN_Documents/BnF_116_08_GT_moderno.ann.json,intermediate/extracted_exports/reviewer_packet_3/01_ANNOTATOR_2026-07-29T19_32_36_106Z_data_export/data_ANN_export_anotations/ANN_Documents/BnF_116_08_GT_moderno.txt,raw/evaluacion_modernizador/modernisation_reviewer_3_packet/BnF_116_08/BnF_116_08_GT.txt,intermediate/extracted_exports/reviewer_packet_3/01_ANNOTATOR_2026-07-29T19_32_36_106Z_data_export/data_ANN_export_anotations/annotations-legend.json,raw/evaluacion_modernizador/modernisation_reviewer_3_packet/entities-legends_Modernizador.json,True,True,True,True,True,True,Adriana,True,43,223,181,1,True,46,236,181,5,unicode_word_regex_with_internal_apostrophes_and_hyphens,complete,-3,-13,-6.521739130434782,-5.508474576271186,5,6,6,5,0,0,0,0,reviewed_with_annotations,116.27906976744185,139.53488372093022
Mechoacan_Yurirapundaro_1,Mechoacan_Yurirapundaro_1_GT.txt,mechoacan_yurirapundaro,3,Llama 3.3 70B · 12 000 TPM,intermediate/extracted_exports/reviewer_packet_3/01_ANNOTATOR_2026-07-29T19_32_36_106Z_data_export/data_ANN_export_anotations/ANN_Documents/Mechoacan_Yurirapundaro_1_GT_moderno.ann.json,intermediate/extracted_exports/reviewer_packet_3/01_ANNOTATOR_2026-07-29T19_32_36_106Z_data_export/data_ANN_export_anotations/ANN_Documents/Mechoacan_Yurirapundaro_1_GT_moderno.txt,raw/evaluacion_modernizador/modernisation_reviewer_3_packet/Mechoacan_Yurirapundaro_1/Mechoacan_Yurirapundaro_1_GT.txt,intermediate/extracted_exports/reviewer_packet_3/01_ANNOTATOR_2026-07-29T19_32_36_106Z_data_export/data_ANN_export_anotations/annotations-legend.json,raw/evaluacion_modernizador/modernisation_reviewer_3_packet/entities-legends_Modernizador.json,True,True,True,True,True,True,Adriana,True,321,2031,1711,1,True,326,2014,1684,42,unicode_word_regex_with_internal_apostrophes_and_hyphens,complete,-5,17,-1.5337423312883436,0.8440913604766633,20,20,20,20,0,0,0,0,reviewed_with_annotations,62.30529595015577,62.30529595015577
BnF_267_15,BnF_267_15_GT.txt,bnf_267,3,Llama 3.3 70B · 12 000 TPM,intermediate/extracted_exports/reviewer_packet_3/01_ANNOTATOR_2026-07-29T19_32_36_106Z_data_export/data_ANN_export_anotations/ANN_Documents/BnF_267_15_GT_moderno.ann.json,intermediate/extracted_exports/reviewer_packet_3/01_ANNOTATOR_2026-07-29T19_32_36_106Z_data_export/data_ANN_export_anotations/ANN_Documents/BnF_267_15_GT_moderno.txt,raw/evaluacion_modernizador/modernisation_reviewer_3_packet/BnF_267_15/BnF_267_15_GT.txt,intermediate/extracted_exports/reviewer_packet_3/01_ANNOTATOR_2026-07-29T19_32_36_106Z_data_export/data_ANN_export_anotations/annotations-legend.json,raw/evaluacion_modernizador/modernisation_reviewer_3_packet/entities-legends_Modernizador.json,True,True,True,True,True,True,Adriana,True,232,1356,1101,1,True,219,987,743,70,unicode_word_regex_with_internal_apostrophes_and_hyphens,complete,13,369,5.93607305936073,37.38601823708207,23,23,23,23,0,0,0,0,reviewed_with_annotations,99.13793103448276,99.13793103448276
AGI_CONTRATACION_1183_N8_78,AGI_CONTRATACION_1183_N8_78_GT.txt,agi_contratacion,3,GPT OSS 120B · 8 000 TPM,intermediate/extracted_exports/reviewer_packet_3/01_ANNOTATOR_2026-07-29T19_32_36_106Z_data_export/data_ANN_export_anotations/ANN_Documents/AGI_CONTRATACION_1183_N8_78_GT_moderno.ann.json,intermediate/extracted_exports/reviewer_packet_3/01_ANNOTATOR_2026-07-29T19_32_36_106Z_data_export/data_ANN_export_anotations/ANN_Documents/AGI_CONTRATACION_1183_N8_78_GT_moderno.txt,raw/evaluacion_modernizador/modernisation_reviewer_3_packet/AGI_CONTRATACION_1183_N8_78/AGI_CONTRATACION_1183_N8_78_GT.txt,intermediate/extracted_exports/reviewer_packet_3/01_ANNOTATOR_2026-07-29T19_32_36_106Z_data_export/data_ANN_export_anotations/annotations-legend.json,raw/evaluacion_modernizador/modernisation_reviewer_3_packet/entities-legends_Modernizador.json,True,True,True,True,True,True,Adriana,True,137,743,607,34,True,137,751,614,34,unicode_word_regex_with_internal_apostrophes_and_hyphens,complete,0,-8,0.0,-1.0652463382157125,30,30,30,30,0,0,0,0,reviewed_with_annotations,218.97810218978103,218.97810218978103
BnF_266_06,BnF_266_06_GT.txt,bnf_266,3,Llama 3.3 70B · 12 000 TPM,intermediate/extracted_exports/reviewer_packet_3/01_ANNOTATOR_2026-07-29T19_32_36_106Z_data_export/data_ANN_export_anotations/ANN_Documents/BnF_266_06_GT_moderno.ann.json,intermediate/extracted_exports/reviewer_packet_3/01_ANNOTATOR_2026-07-29T19_32_36_106Z_data_export/data_ANN_export_anotations/ANN_Documents/BnF_266_06_GT_moderno.txt,raw/evaluacion_modernizador/modernisation_reviewer_3_packet/BnF_266_06/BnF_266_06_GT.txt,intermediate/extracted_exports/reviewer_packet_3/01_ANNOTATOR_2026-07-29T19_32_36_106Z_data_export/data_ANN_export_anotations/annotations-legend.json,raw/evaluacion_modernizador/modernisation_reviewer_3_packet/entities-legends_Modernizador.json,True,True,True,True,True,True,Adriana,True,822,4558,3737,1,True,860,4507,3630,81,unicode_word_regex_with_internal_apostrophes_and_hyphens,complete,-38,51,-4.418604651162791,1.1315731084978922,17,18,18,17,0,0,0,0,reviewed_with_annotations,20.68126520681265,21.897810218978105
AGI_GUADALAJARA_230_L2_F_45V-46V_2,AGI_GUADALAJARA_230_L2_F_45V-46V_2_GT.txt,agi_guadalajara,3,GPT OSS 120B · 8 000 TPM,intermediate/extracted_exports/reviewer_packet_3/01_ANNOTATOR_2026-07-29T19_32_36_106Z_data_export/data_ANN_export_anotations/ANN_Documents/AGI_GUADALAJARA_230_L2_F_45V-46V_2_GT_moderno.ann.json,intermediate/extracted_exports/reviewer_packet_3/01_ANNOTATOR_2026-07-29T19_32_36_106Z_data_export/data_ANN_export_anotations/ANN_Documents/AGI_GUADALAJARA_230_L2_F_45V-46V_2_GT_moderno.txt,raw/evaluacion_modernizador/modernisation_reviewer_3_packet/AGI_GUADALAJARA_230_L2_F_45V-46V_2/AGI_GUADALAJARA_230_L2_F_45V-46V_2_GT.txt,intermediate/extracted_exports/reviewer_packet_3/01_ANNOTATOR_2026-07-29T19_32_36_106Z_data_export/data_ANN_export_anotations/annotations-legend.json,raw/evaluacion_modernizador/modernisation_reviewer_3_packet/entities-legends_Modernizador.json,True,True,True,True,True,True,Adriana,True,122,666,537,21,True,198,1043,816,29,unicode_word_regex_with_internal_apostrophes_and_hyphens,complete,-76,-377,-38.38383838383838,-36.145733461169705,11,11,11,11,0,0,0,0,reviewed_with_annotations,90.16393442622952,90.16393442622952
BnF_174_03,BnF_174_03_GT.txt,bnf_174,4,Llama 3.3 70B · 12 000 TPM,intermediate/extracted_exports/reviewer_packet_4/01_ANNOTATOR_2026-07-31T19_55_33_452Z_data_export/data_ANN_export_anotations/ANN_Documents/BnF_174_03_GT_moderno.ann.json,intermediate/extracted_exports/reviewer_packet_4/01_ANNOTATOR_2026-07-31T19_55_33_452Z_data_export/data_ANN_export_anotations/ANN_Documents/BnF_174_03_GT_moderno.txt,raw/evaluacion_modernizador/modernisation_reviewer_4_packet/BnF_174_03/BnF_174_03_GT.txt,intermediate/extracted_exports/reviewer_packet_4/01_ANNOTATOR_2026-07-31T19_55_33_452Z_data_export/data_ANN_export_anotations/annotations-legend.json,raw/evaluacion_modernizador/modernisation_reviewer_4_packet/entities-legends_Modernizador.json,True,True,True,True,True,True,Arturo,True,701,3777,3077,1,True,724,3807,3081,65,unicode_word_regex_with_internal_apostrophes_and_hyphens,complete,-23,-30,-3.1767955801104977,-0.7880220646178092,96,104,104,96,0,0,0,0,reviewed_with_annotations,136.9472182596291,148.35948644793154
AGN_Indios_v009_exp002_fs3v-4_01,AGN_Indios_v009_exp002_fs3v-4_01_GT.txt,agn_indios,4,Llama 3.3 70B · 12 000 TPM,intermediate/extracted_exports/reviewer_packet_4/01_ANNOTATOR_2026-07-31T19_55_33_452Z_data_export/data_ANN_export_anotations/ANN_Documents/AGN_Indios_v009_exp002_fs3v-4_01_GT_moderno.ann.json,intermediate/extracted_exports/reviewer_packet_4/01_ANNOTATOR_2026-07-31T19_55_33_452Z_data_export/data_ANN_export_anotations/ANN_Documents/AGN_Indios_v009_exp002_fs3v-4_01_GT_moderno.txt,raw/evaluacion_modernizador/modernisation_reviewer_4_packet/AGN_Indios_v009_exp002_fs3v-4_01/AGN_Indios_v009_exp002_fs3v-4_01_GT.txt,intermediate/extracted_exports/reviewer_packet_4/01_ANNOTATOR_2026-07-31T19_55_33_452Z_data_export/data_ANN_export_anotations/annotations-legend.json,raw/evaluacion_modernizador/modernisation_reviewer_4_packet/entities-legends_Modernizador.json,True,True,True,True,True,True,Arturo,True,252,1412,1161,1,True,265,1358,1089,42,unicode_word_regex_with_internal_apostrophes_and_hyphens,complete,-13,54,-4.905660377358491,3.976435935198821,23,27,27,23,0,0,0,0,reviewed_with_annotations,91.26984126984127,107.14285714285714
BnF_075_035,BnF_075_035_GT.txt,bnf_075,4,Llama 3.3 70B · 12 000 TPM,intermediate/extracted_exports/reviewer_packet_4/01_ANNOTATOR_2026-07-31T19_55_33_452Z_data_export/data_ANN_export_anotations/ANN_Documents/BnF_075_035_GT_moderno.ann.json,intermediate/extracted_exports/reviewer_packet_4/01_ANNOTATOR_2026-07-31T19_55_33_452Z_data_export/data_ANN_export_anotations/ANN_Documents/BnF_075_035_GT_moderno.txt,raw/evaluacion_modernizador/modernisation_reviewer_4_packet/BnF_075_035/BnF_075_035_GT.txt,intermediate/extracted_exports/reviewer_packet_4/01_ANNOTATOR_2026-07-31T19_55_33_452Z_data_export/data_ANN_export_anotations/annotations-legend.json,raw/evaluacion_modernizador/modernisation_reviewer_4_packet/entities-legends_Modernizador.json,True,True,True,True,True,True,Arturo,True,219,1223,1005,1,True,217,1161,933,28,unicode_word_regex_with_internal_apostrophes_and_hyphens,complete,2,62,0.9216589861751152,5.340223944875108,36,41,41,36,0,0,0,0,reviewed_with_annotations,164.3835616438356,187.21461187214612
BnF_112_02,BnF_112_02_GT.txt,bnf_112,4,GPT OSS 120B · 8 000 TPM,intermediate/extracted_exports/reviewer_packet_4/01_ANNOTATOR_2026-07-31T19_55_33_452Z_data_export/data_ANN_export_anotations/ANN_Documents/BnF_112_02_GT_moderno.ann.json,intermediate/extracted_exports/reviewer_packet_4/01_ANNOTATOR_2026-07-31T19_55_33_452Z_data_export/data_ANN_export_anotations/ANN_Documents/BnF_112_02_GT_moderno.txt,raw/evaluacion_modernizador/modernisation_reviewer_4_packet/BnF_112_02/BnF_112_02_GT.txt,intermediate/extracted_exports/reviewer_packet_4/01_ANNOTATOR_2026-07-31T19_55_33_452Z_data_export/data_ANN_export_anotations/annotations-legend.json,raw/evaluacion_modernizador/modernisation_reviewer_4_packet/entities-legends_Modernizador.json,True,True,True,True,True,True,Arturo,True,290,1542,1247,38,True,295,1565,1260,41,unicode_word_regex_with_internal_apostrophes_and_hyphens,complete,-5,-23,-1.694915254237288,-1.4696485623003197,86,108,108,86,0,0,0,0,reviewed_with_annotations,296.551724137931,372.4137931034483
BnF_118_08,BnF_118_08_GT.txt,bnf_118,4,Llama 3.3 70B · 12 000 TPM,intermediate/extracted_exports/reviewer_packet_4/01_ANNOTATOR_2026-07-31T19_55_33_452Z_data_export/data_ANN_export_anotations/ANN_Documents/BnF_118_08_GT_moderno.ann.json,intermediate/extracted_exports/reviewer_packet_4/01_ANNOTATOR_2026-07-31T19_55_33_452Z_data_export/data_ANN_export_anotations/ANN_Documents/BnF_118_08_GT_moderno.txt,raw/evaluacion_modernizador/modernisation_reviewer_4_packet/BnF_118_08/BnF_118_08_GT.txt,intermediate/extracted_exports/reviewer_packet_4/01_ANNOTATOR_2026-07-31T19_55_33_452Z_data_export/data_ANN_export_anotations/annotations-legend.json,raw/evaluacion_modernizador/modernisation_reviewer_4_packet/entities-legends_Modernizador.json,True,True,True,True,True,True,Arturo,True,268,1381,1113,1,True,263,1304,1038,27,unicode_word_regex_with_internal_apostrophes_and_hyphens,complete,5,77,1.9011406844106464,5.904907975460123,48,49,49,48,0,0,0,0,reviewed_with_annotations,179.1044776119403,182.83582089552237
Mechoacan_Yurirapundaro_2,Mechoacan_Yurirapundaro_2_GT.txt,mechoacan_yurirapundaro,4,Llama 3.3 70B · 12 000 TPM,intermediate/extracted_exports/reviewer_packet_4/01_ANNOTATOR_2026-07-31T19_55_33_452Z_data_export/data_ANN_export_anotations/ANN_Documents/Mechoacan_Yurirapundaro_2_GT_moderno.ann.json,intermediate/extracted_exports/reviewer_packet_4/01_ANNOTATOR_2026-07-31T19_55_33_452Z_data_export/data_ANN_export_anotations/ANN_Documents/Mechoacan_Yurirapundaro_2_GT_moderno.txt,raw/evaluacion_modernizador/modernisation_reviewer_4_packet/Mechoacan_Yurirapundaro_2/Mechoacan_Yurirapundaro_2_GT.txt,intermediate/extracted_exports/reviewer_packet_4/01_ANNOTATOR_2026-07-31T19_55_33_452Z_data_export/data_ANN_export_anotations/annotations-legend.json,raw/evaluacion_modernizador/modernisation_reviewer_4_packet/entities-legends_Modernizador.json,True,True,True,True,True,True,Arturo,True,54,322,269,1,True,57,325,268,8,unicode_word_regex_with_internal_apostrophes_and_hyphens,complete,-3,-3,-5.263157894736842,-0.9230769230769232,10,12,12,10,0,0,0,0,reviewed_with_annotations,185.18518518518516,222.2222222222222
AGS_CE_RG_L379_02,AGS_CE_RG_L379_02_GT.txt,ags_ce,4,Llama 3.3 70B · 12 000 TPM,intermediate/extracted_exports/reviewer_packet_4/01_ANNOTATOR_2026-07-31T19_55_33_452Z_data_export/data_ANN_export_anotations/ANN_Documents/AGS_CE_RG_L379_02_GT_moderno.ann.json,intermediate/extracted_exports/reviewer_packet_4/01_ANNOTATOR_2026-07-31T19_55_33_452Z_data_export/data_ANN_export_anotations/ANN_Documents/AGS_CE_RG_L379_02_GT_moderno.txt,raw/evaluacion_modernizador/modernisation_reviewer_4_packet/AGS_CE_RG_L379_02/AGS_CE_RG_L379_02_GT.txt,intermediate/extracted_exports/reviewer_packet_4/01_ANNOTATOR_2026-07-31T19_55_33_452Z_data_export/data_ANN_export_anotations/annotations-legend.json,raw/evaluacion_modernizador/modernisation_reviewer_4_packet/entities-legends_Modernizador.json,True,True,True,True,True,True,Arturo,True,190,1119,930,1,True,197,1084,885,35,unicode_word_regex_with_internal_apostrophes_and_hyphens,complete,-7,35,-3.5532994923857872,3.2287822878228782,13,14,14,13,0,0,0,0,reviewed_with_annotations,68.42105263157895,73.68421052631578
utblac_wbs_0912a_duplicated,utblac_wbs_0912a_duplicated_GT.txt,utblac_wbs,4,Llama 3.3 70B · 12 000 TPM,intermediate/extracted_exports/reviewer_packet_4/01_ANNOTATOR_2026-07-31T19_55_33_452Z_data_export/data_ANN_export_anotations/ANN_Documents/utblac_wbs_0912a_duplicated_GT_moderno.ann.json,intermediate/extracted_exports/reviewer_packet_4/01_ANNOTATOR_2026-07-31T19_55_33_452Z_data_export/data_ANN_export_anotations/ANN_Documents/utblac_wbs_0912a_duplicated_GT_moderno.txt,raw/evaluacion_modernizador/modernisation_reviewer_4_packet/utblac_wbs_0912a_duplicated/utblac_wbs_0912a_duplicated_GT.txt,intermediate/extracted_exports/reviewer_packet_4/01_ANNOTATOR_2026-07-31T19_55_33_452Z_data_export/data_ANN_export_anotations/annotations-legend.json,raw/evaluacion_modernizador/modernisation_reviewer_4_packet/entities-legends_Modernizador.json,True,True,True,True,True,True,Arturo,True,358,2057,1700,1,True,364,2037,1669,22,unicode_word_regex_with_internal_apostrophes_and_hyphens,complete,-6,20,-1.6483516483516485,0.9818360333824252,22,23,23,22,0,0,0,0,reviewed_with_annotations,61.452513966480446,64.24581005586592
BnF_244_03,BnF_244_03_GT.txt,bnf_244,4,Llama 3.3 70B · 12 000 TPM,intermediate/extracted_exports/reviewer_packet_4/01_ANNOTATOR_2026-07-31T19_55_33_452Z_data_export/data_ANN_export_anotations/ANN_Documents/BnF_244_03_GT_moderno.ann.json,intermediate/extracted_exports/reviewer_packet_4/01_ANNOTATOR_2026-07-31T19_55_33_452Z_data_export/data_ANN_export_anotations/ANN_Documents/BnF_244_03_GT_moderno.txt,raw/evaluacion_modernizador/modernisation_reviewer_4_packet/BnF_244_03/BnF_244_03_GT.txt,intermediate/extracted_exports/reviewer_packet_4/01_ANNOTATOR_2026-07-31T19_55_33_452Z_data_export/data_ANN_export_anotations/annotations-legend.json,raw/evaluacion_modernizador/modernisation_reviewer_4_packet/entities-legends_Modernizador.json,True,True,True,True,True,True,Arturo,True,283,1493,1211,1,True,292,1510,1210,51,unicode_word_regex_with_internal_apostrophes_and_hyphens,complete,-9,-17,-3.0821917808219177,-1.1258278145695364,14,14,14,14,0,0,0,0,reviewed_with_annotations,49.46996466431095,49.46996466431095
BnF_243_12,BnF_243_12_GT.txt,bnf_243,4,Llama 3.3 70B · 12 000 TPM,intermediate/extracted_exports/reviewer_packet_4/01_ANNOTATOR_2026-07-31T19_55_33_452Z_data_export/data_ANN_export_anotations/ANN_Documents/BnF_243_12_GT_moderno.ann.json,intermediate/extracted_exports/reviewer_packet_4/01_ANNOTATOR_2026-07-31T19_55_33_452Z_data_export/data_ANN_export_anotations/ANN_Documents/BnF_243_12_GT_moderno.txt,raw/evaluacion_modernizador/modernisation_reviewer_4_packet/BnF_243_12/BnF_243_12_GT.txt,intermediate/extracted_exports/reviewer_packet_4/01_ANNOTATOR_2026-07-31T19_55_33_452Z_data_export/data_ANN_export_anotations/annotations-legend.json,raw/evaluacion_modernizador/modernisation_reviewer_4_packet/entities-legends_Modernizador.json,True,True,True,True,True,True,Arturo,True,77,477,399,1,True,80,451,368,8,unicode_word_regex_with_internal_apostrophes_and_hyphens,complete,-3,26,-3.75,5.764966740576496,8,10,10,8,0,0,0,0,reviewed_with_annotations,103.89610389610391,129.87012987012986
AGN_Indios_v009_exp003_fs4v-5_01,AGN_Indios_v009_exp003_fs4v-5_01_GT.txt,agn_indios,4,GPT OSS 120B · 8 000 TPM,intermediate/extracted_exports/reviewer_packet_4/01_ANNOTATOR_2026-07-31T19_55_33_452Z_data_export/data_ANN_export_anotations/ANN_Documents/AGN_Indios_v009_exp003_fs4v-5_01_GT_moderno.ann.json,intermediate/extracted_exports/reviewer_packet_4/01_ANNOTATOR_2026-07-31T19_55_33_452Z_data_export/data_ANN_export_anotations/ANN_Documents/AGN_Indios_v009_exp003_fs4v-5_01_GT_moderno.txt,raw/evaluacion_modernizador/modernisation_reviewer_4_packet/AGN_Indios_v009_exp003_fs4v-5_01/AGN_Indios_v009_exp003_fs4v-5_01_GT.txt,intermediate/extracted_exports/reviewer_packet_4/01_ANNOTATOR_2026-07-31T19_55_33_452Z_data_export/data_ANN_export_anotations/annotations-legend.json,raw/evaluacion_modernizador/modernisation_reviewer_4_packet/entities-legends_Modernizador.json,True,True,True,True,True,True,Arturo,True,272,1450,1179,1,True,285,1453,1168,39,unicode_word_regex_with_internal_apostrophes_and_hyphens,complete,-13,-3,-4.56140350877193,-0.2064693737095664,42,46,46,42,0,0,0,0,reviewed_with_annotations,154.41176470588235,169.11764705882354
AGN_AHHacienda_v268_exp046_03,AGN_AHHacienda_v268_exp046_03_GT.txt,agn_ahhacienda,4,Llama 3.3 70B · 12 000 TPM,intermediate/extracted_exports/reviewer_packet_4/01_ANNOTATOR_2026-07-31T19_55_33_452Z_data_export/data_ANN_export_anotations/ANN_Documents/AGN_AHHacienda_v268_exp046_03_GT_moderno.ann.json,intermediate/extracted_exports/reviewer_packet_4/01_ANNOTATOR_2026-07-31T19_55_33_452Z_data_export/data_ANN_export_anotations/ANN_Documents/AGN_AHHacienda_v268_exp046_03_GT_moderno.txt,raw/evaluacion_modernizador/modernisation_reviewer_4_packet/AGN_AHHacienda_v268_exp046_03/AGN_AHHacienda_v268_exp046_03_GT.txt,intermediate/extracted_exports/reviewer_packet_4/01_ANNOTATOR_2026-07-31T19_55_33_452Z_data_export/data_ANN_export_anotations/annotations-legend.json,raw/evaluacion_modernizador/modernisation_reviewer_4_packet/entities-legends_Modernizador.json,True,True,True,True,True,True,Arturo,True,181,938,758,1,True,184,889,701,21,unicode_word_regex_with_internal_apostrophes_and_hyphens,complete,-3,49,-1.6304347826086956,5.511811023622047,21,22,22,21,0,0,0,0,reviewed_with_annotations,116.02209944751381,121.54696132596685
BnF_119-148_18,BnF_119-148_18_GT.txt,bnf_119-148,4,Llama 3.3 70B · 12 000 TPM,intermediate/extracted_exports/reviewer_packet_4/01_ANNOTATOR_2026-07-31T19_55_33_452Z_data_export/data_ANN_export_anotations/ANN_Documents/BnF_119-148_18_GT_moderno.ann.json,intermediate/extracted_exports/reviewer_packet_4/01_ANNOTATOR_2026-07-31T19_55_33_452Z_data_export/data_ANN_export_anotations/ANN_Documents/BnF_119-148_18_GT_moderno.txt,raw/evaluacion_modernizador/modernisation_reviewer_4_packet/BnF_119-148_18/BnF_119-148_18_GT.txt,intermediate/extracted_exports/reviewer_packet_4/01_ANNOTATOR_2026-07-31T19_55_33_452Z_data_export/data_ANN_export_anotations/annotations-legend.json,raw/evaluacion_modernizador/modernisation_reviewer_4_packet/entities-legends_Modernizador.json,True,True,True,True,True,True,Arturo,True,158,899,742,1,True,165,889,723,14,unicode_word_regex_with_internal_apostrophes_and_hyphens,complete,-7,10,-4.242424242424243,1.124859392575928,14,16,16,14,0,0,0,0,reviewed_with_annotations,88.60759493670886,101.26582278481013
UIA_Ms149_Exp2_51,UIA_Ms149_Exp2_51_GT.txt,uia_ms149,4,Llama 3.3 70B · 12 000 TPM,intermediate/extracted_exports/reviewer_packet_4/01_ANNOTATOR_2026-07-31T19_55_33_452Z_data_export/data_ANN_export_anotations/ANN_Documents/UIA_Ms149_Exp2_51_GT_moderno.ann.json,intermediate/extracted_exports/reviewer_packet_4/01_ANNOTATOR_2026-07-31T19_55_33_452Z_data_export/data_ANN_export_anotations/ANN_Documents/UIA_Ms149_Exp2_51_GT_moderno.txt,raw/evaluacion_modernizador/modernisation_reviewer_4_packet/UIA_Ms149_Exp2_51/UIA_Ms149_Exp2_51_GT.txt,intermediate/extracted_exports/reviewer_packet_4/01_ANNOTATOR_2026-07-31T19_55_33_452Z_data_export/data_ANN_export_anotations/annotations-legend.json,raw/evaluacion_modernizador/modernisation_reviewer_4_packet/entities-legends_Modernizador.json,True,True,True,True,True,True,Arturo,True,391,2285,1895,1,True,394,2260,1835,44,unicode_word_regex_with_internal_apostrophes_and_hyphens,complete,-3,25,-0.7614213197969544,1.106194690265487,58,66,66,58,0,0,0,0,reviewed_with_annotations,148.33759590792837,168.79795396419436
BP_CM_R481_016,BP_CM_R481_016_GT.txt,bp_cm,4,Llama 3.3 70B · 12 000 TPM,intermediate/extracted_exports/reviewer_packet_4/01_ANNOTATOR_2026-07-31T19_55_33_452Z_data_export/data_ANN_export_anotations/ANN_Documents/BP_CM_R481_016_GT_moderno.ann.json,intermediate/extracted_exports/reviewer_packet_4/01_ANNOTATOR_2026-07-31T19_55_33_452Z_data_export/data_ANN_export_anotations/ANN_Documents/BP_CM_R481_016_GT_moderno.txt,raw/evaluacion_modernizador/modernisation_reviewer_4_packet/BP_CM_R481_016/BP_CM_R481_016_GT.txt,intermediate/extracted_exports/reviewer_packet_4/01_ANNOTATOR_2026-07-31T19_55_33_452Z_data_export/data_ANN_export_anotations/annotations-legend.json,raw/evaluacion_modernizador/modernisation_reviewer_4_packet/entities-legends_Modernizador.json,True,True,True,True,True,True,Arturo,True,108,593,486,1,True,101,492,390,15,unicode_word_regex_with_internal_apostrophes_and_hyphens,complete,7,101,6.930693069306932,20.528455284552845,11,14,14,11,0,0,0,0,reviewed_with_annotations,101.85185185185185,129.62962962962962
BnF_075_026,BnF_075_026_GT.txt,bnf_075,4,Llama 3.3 70B · 12 000 TPM,intermediate/extracted_exports/reviewer_packet_4/01_ANNOTATOR_2026-07-31T19_55_33_452Z_data_export/data_ANN_export_anotations/ANN_Documents/BnF_075_026_GT_moderno.ann.json,intermediate/extracted_exports/reviewer_packet_4/01_ANNOTATOR_2026-07-31T19_55_33_452Z_data_export/data_ANN_export_anotations/ANN_Documents/BnF_075_026_GT_moderno.txt,raw/evaluacion_modernizador/modernisation_reviewer_4_packet/BnF_075_026/BnF_075_026_GT.txt,intermediate/extracted_exports/reviewer_packet_4/01_ANNOTATOR_2026-07-31T19_55_33_452Z_data_export/data_ANN_export_anotations/annotations-legend.json,raw/evaluacion_modernizador/modernisation_reviewer_4_packet/entities-legends_Modernizador.json,True,True,True,True,True,True,Arturo,True,202,1094,893,1,True,198,1038,834,27,unicode_word_regex_with_internal_apostrophes_and_hyphens,complete,4,56,2.0202020202020203,5.394990366088632,46,50,50,46,0,0,0,0,reviewed_with_annotations,227.72277227722773,247.5247524752475
BnF_117_03,BnF_117_03_GT.txt,bnf_117,4,Llama 3.3 70B · 12 000 TPM,intermediate/extracted_exports/reviewer_packet_4/01_ANNOTATOR_2026-07-31T19_55_33_452Z_data_export/data_ANN_export_anotations/ANN_Documents/BnF_117_03_GT_moderno.ann.json,intermediate/extracted_exports/reviewer_packet_4/01_ANNOTATOR_2026-07-31T19_55_33_452Z_data_export/data_ANN_export_anotations/ANN_Documents/BnF_117_03_GT_moderno.txt,raw/evaluacion_modernizador/modernisation_reviewer_4_packet/BnF_117_03/BnF_117_03_GT.txt,intermediate/extracted_exports/reviewer_packet_4/01_ANNOTATOR_2026-07-31T19_55_33_452Z_data_export/data_ANN_export_anotations/annotations-legend.json,raw/evaluacion_modernizador/modernisation_reviewer_4_packet/entities-legends_Modernizador.json,True,True,True,True,True,True,Arturo,True,287,1485,1200,1,True,287,1421,1134,31,unicode_word_regex_with_internal_apostrophes_and_hyphens,complete,0,64,0.0,4.50387051372273,23,26,26,23,0,0,0,0,reviewed_with_annotations,80.13937282229965,90.59233449477352
BnF_032_23,BnF_032_23_GT.txt,bnf_032,4,Llama 3.3 70B · 12 000 TPM,intermediate/extracted_exports/reviewer_packet_4/01_ANNOTATOR_2026-07-31T19_55_33_452Z_data_export/data_ANN_export_anotations/ANN_Documents/BnF_032_23_GT_moderno.ann.json,intermediate/extracted_exports/reviewer_packet_4/01_ANNOTATOR_2026-07-31T19_55_33_452Z_data_export/data_ANN_export_anotations/ANN_Documents/BnF_032_23_GT_moderno.txt,raw/evaluacion_modernizador/modernisation_reviewer_4_packet/BnF_032_23/BnF_032_23_GT.txt,intermediate/extracted_exports/reviewer_packet_4/01_ANNOTATOR_2026-07-31T19_55_33_452Z_data_export/data_ANN_export_anotations/annotations-legend.json,raw/evaluacion_modernizador/modernisation_reviewer_4_packet/entities-legends_Modernizador.json,True,True,True,True,True,True,Arturo,True,648,3303,2656,1,True,683,3208,2518,49,unicode_word_regex_with_internal_apostrophes_and_hyphens,complete,-35,95,-5.124450951683748,2.961346633416459,100,103,103,100,0,0,0,0,reviewed_with_annotations,154.320987654321,158.95061728395063
AGN_HospJesus_c474_leg267-2_exp024_7473-7537_10,AGN_HospJesus_c474_leg267-2_exp024_7473-7537_10_GT.txt,agn_hospjesus,4,Llama 3.3 70B · 12 000 TPM,intermediate/extracted_exports/reviewer_packet_4/01_ANNOTATOR_2026-07-31T19_55_33_452Z_data_export/data_ANN_export_anotations/ANN_Documents/AGN_HospJesus_c474_leg267-2_exp024_7473-7537_10_GT_moderno.ann.json,intermediate/extracted_exports/reviewer_packet_4/01_ANNOTATOR_2026-07-31T19_55_33_452Z_data_export/data_ANN_export_anotations/ANN_Documents/AGN_HospJesus_c474_leg267-2_exp024_7473-7537_10_GT_moderno.txt,raw/evaluacion_modernizador/modernisation_reviewer_4_packet/AGN_HospJesus_c474_leg267-2_exp024_7473-7537_10/AGN_HospJesus_c474_leg267-2_exp024_7473-7537_10_GT.txt,intermediate/extracted_exports/reviewer_packet_4/01_ANNOTATOR_2026-07-31T19_55_33_452Z_data_export/data_ANN_export_anotations/annotations-legend.json,raw/evaluacion_modernizador/modernisation_reviewer_4_packet/entities-legends_Modernizador.json,True,True,True,True,True,True,Arturo,True,285,1623,1339,1,True,296,1648,1349,29,unicode_word_regex_with_internal_apostrophes_and_hyphens,complete,-11,-25,-3.716216216216216,-1.516990291262136,35,35,35,35,0,0,0,0,reviewed_with_annotations,122.80701754385964,122.80701754385964
utblac_eog_j_04_duplicated_02,utblac_eog_j_04_duplicated_02_GT.txt,utblac_eog,4,Llama 3.3 70B · 12 000 TPM,intermediate/extracted_exports/reviewer_packet_4/01_ANNOTATOR_2026-07-31T19_55_33_452Z_data_export/data_ANN_export_anotations/ANN_Documents/utblac_eog_j_04_duplicated_02_GT_moderno.ann.json,intermediate/extracted_exports/reviewer_packet_4/01_ANNOTATOR_2026-07-31T19_55_33_452Z_data_export/data_ANN_export_anotations/ANN_Documents/utblac_eog_j_04_duplicated_02_GT_moderno.txt,raw/evaluacion_modernizador/modernisation_reviewer_4_packet/utblac_eog_j_04_duplicated_02/utblac_eog_j_04_duplicated_02_GT.txt,intermediate/extracted_exports/reviewer_packet_4/01_ANNOTATOR_2026-07-31T19_55_33_452Z_data_export/data_ANN_export_anotations/annotations-legend.json,raw/evaluacion_modernizador/modernisation_reviewer_4_packet/entities-legends_Modernizador.json,True,True,True,True,True,True,Arturo,True,57,306,250,1,True,62,309,247,14,unicode_word_regex_with_internal_apostrophes_and_hyphens,complete,-5,-3,-8.064516129032258,-0.9708737864077668,4,5,5,4,0,0,0,0,reviewed_with_annotations,70.17543859649122,87.71929824561403
BnF_243_17,BnF_243_17_GT.txt,bnf_243,5,Llama 3.3 70B · 12 000 TPM,intermediate/extracted_exports/reviewer_packet_5/01_ANNOTATOR_2026-07-29T20_24_06_750Z_data_export/data_ANN_export_anotations/ANN_Documents/BnF_243_17_GT_moderno.ann.json,intermediate/extracted_exports/reviewer_packet_5/01_ANNOTATOR_2026-07-29T20_24_06_750Z_data_export/data_ANN_export_anotations/ANN_Documents/BnF_243_17_GT_moderno.txt,raw/evaluacion_modernizador/modernisation_reviewer_5_packet/BnF_243_17/BnF_243_17_GT.txt,intermediate/extracted_exports/reviewer_packet_5/01_ANNOTATOR_2026-07-29T20_24_06_750Z_data_export/data_ANN_export_anotations/annotations-legend.json,raw/evaluacion_modernizador/modernisation_reviewer_5_packet/entities-legends_Modernizador.json,True,True,True,True,True,True,Edna,True,400,2161,1762,1,True,416,2157,1736,41,unicode_word_regex_with_internal_apostrophes_and_hyphens,complete,-16,4,-3.8461538461538463,0.1854427445526193,15,15,15,15,0,0,0,0,reviewed_with_annotations,37.5,37.5
AGN_Tierras_v039-2_exp003_72,AGN_Tierras_v039-2_exp003_72_GT.txt,agn_tierras,5,GPT OSS 120B · 8 000 TPM,intermediate/extracted_exports/reviewer_packet_5/01_ANNOTATOR_2026-07-29T20_24_06_750Z_data_export/data_ANN_export_anotations/ANN_Documents/AGN_Tierras_v039-2_exp003_72_GT_moderno.ann.json,intermediate/extracted_exports/reviewer_packet_5/01_ANNOTATOR_2026-07-29T20_24_06_750Z_data_export/data_ANN_export_anotations/ANN_Documents/AGN_Tierras_v039-2_exp003_72_GT_moderno.txt,raw/evaluacion_modernizador/modernisation_reviewer_5_packet/AGN_Tierras_v039-2_exp003_72/AGN_Tierras_v039-2_exp003_72_GT.txt,intermediate/extracted_exports/reviewer_packet_5/01_ANNOTATOR_2026-07-29T20_24_06_750Z_data_export/data_ANN_export_anotations/annotations-legend.json,raw/evaluacion_modernizador/modernisation_reviewer_5_packet/entities-legends_Modernizador.json,True,True,True,True,True,True,Edna,True,177,875,698,31,True,182,902,719,31,unicode_word_regex_with_internal_apostrophes_and_hyphens,complete,-5,-27,-2.7472527472527477,-2.993348115299334,26,41,41,26,0,0,0,0,reviewed_with_annotations,146.89265536723164,231.63841807909606
LoC_HPKraus_138_new_07,LoC_HPKraus_138_new_07_GT.txt,loc_hpkraus,5,Llama 3.3 70B · 12 000 TPM,intermediate/extracted_exports/reviewer_packet_5/01_ANNOTATOR_2026-07-29T20_24_06_750Z_data_export/data_ANN_export_anotations/ANN_Documents/LoC_HPKraus_138_new_07_GT_moderno.ann.json,intermediate/extracted_exports/reviewer_packet_5/01_ANNOTATOR_2026-07-29T20_24_06_750Z_data_export/data_ANN_export_anotations/ANN_Documents/LoC_HPKraus_138_new_07_GT_moderno.txt,raw/evaluacion_modernizador/modernisation_reviewer_5_packet/LoC_HPKraus_138_new_07/LoC_HPKraus_138_new_07_GT.txt,intermediate/extracted_exports/reviewer_packet_5/01_ANNOTATOR_2026-07-29T20_24_06_750Z_data_export/data_ANN_export_anotations/annotations-legend.json,raw/evaluacion_modernizador/modernisation_reviewer_5_packet/entities-legends_Modernizador.json,True,True,True,True,True,True,Edna,True,295,1572,1278,1,True,310,1592,1279,39,unicode_word_regex_with_internal_apostrophes_and_hyphens,complete,-15,-20,-4.838709677419355,-1.256281407035176,6,6,6,6,0,0,0,0,reviewed_with_annotations,20.338983050847457,20.338983050847457
AGI_GUADALAJARA_230_L2_F_45V-46V_1,AGI_GUADALAJARA_230_L2_F_45V-46V_1_GT.txt,agi_guadalajara,5,GPT OSS 120B · 8 000 TPM,intermediate/extracted_exports/reviewer_packet_5/01_ANNOTATOR_2026-07-29T20_24_06_750Z_data_export/data_ANN_export_anotations/ANN_Documents/AGI_GUADALAJARA_230_L2_F_45V-46V_1_GT_moderno.ann.json,intermediate/extracted_exports/reviewer_packet_5/01_ANNOTATOR_2026-07-29T20_24_06_750Z_data_export/data_ANN_export_anotations/ANN_Documents/AGI_GUADALAJARA_230_L2_F_45V-46V_1_GT_moderno.txt,raw/evaluacion_modernizador/modernisation_reviewer_5_packet/AGI_GUADALAJARA_230_L2_F_45V-46V_1/AGI_GUADALAJARA_230_L2_F_45V-46V_1_GT.txt,intermediate/extracted_exports/reviewer_packet_5/01_ANNOTATOR_2026-07-29T20_24_06_750Z_data_export/data_ANN_export_anotations/annotations-legend.json,raw/evaluacion_modernizador/modernisation_reviewer_5_packet/entities-legends_Modernizador.json,True,True,True,True,True,True,Edna,True,223,1114,885,26,True,226,1091,855,29,unicode_word_regex_with_internal_apostrophes_and_hyphens,complete,-3,23,-1.327433628318584,2.1081576535288726,20,23,23,20,0,0,0,0,reviewed_with_annotations,89.68609865470852,103.13901345291481
BnF_167_10,BnF_167_10_GT.txt,bnf_167,5,Llama 3.3 70B · 12 000 TPM,intermediate/extracted_exports/reviewer_packet_5/01_ANNOTATOR_2026-07-29T20_24_06_750Z_data_export/data_ANN_export_anotations/ANN_Documents/BnF_167_10_GT_moderno.ann.json,intermediate/extracted_exports/reviewer_packet_5/01_ANNOTATOR_2026-07-29T20_24_06_750Z_data_export/data_ANN_export_anotations/ANN_Documents/BnF_167_10_GT_moderno.txt,raw/evaluacion_modernizador/modernisation_reviewer_5_packet/BnF_167_10/BnF_167_10_GT.txt,intermediate/extracted_exports/reviewer_packet_5/01_ANNOTATOR_2026-07-29T20_24_06_750Z_data_export/data_ANN_export_anotations/annotations-legend.json,raw/evaluacion_modernizador/modernisation_reviewer_5_packet/entities-legends_Modernizador.json,True,True,True,True,True,True,Edna,True,437,2551,2115,1,True,443,2513,2068,39,unicode_word_regex_with_internal_apostrophes_and_hyphens,complete,-6,38,-1.3544018058690743,1.5121368881814563,2,2,2,2,0,0,0,0,reviewed_with_annotations,4.576659038901602,4.576659038901602
utblac_JGI_XXV-05_Tequixquiac_25,utblac_JGI_XXV-05_Tequixquiac_25_GT.txt,utblac_jgi,5,Llama 3.3 70B · 12 000 TPM,intermediate/extracted_exports/reviewer_packet_5/01_ANNOTATOR_2026-07-29T20_24_06_750Z_data_export/data_ANN_export_anotations/ANN_Documents/utblac_JGI_XXV-05_Tequixquiac_25_GT_moderno.ann.json,intermediate/extracted_exports/reviewer_packet_5/01_ANNOTATOR_2026-07-29T20_24_06_750Z_data_export/data_ANN_export_anotations/ANN_Documents/utblac_JGI_XXV-05_Tequixquiac_25_GT_moderno.txt,raw/evaluacion_modernizador/modernisation_reviewer_5_packet/utblac_JGI_XXV-05_Tequixquiac_25/utblac_JGI_XXV-05_Tequixquiac_25_GT.txt,intermediate/extracted_exports/reviewer_packet_5/01_ANNOTATOR_2026-07-29T20_24_06_750Z_data_export/data_ANN_export_anotations/annotations-legend.json,raw/evaluacion_modernizador/modernisation_reviewer_5_packet/entities-legends_Modernizador.json,True,True,True,True,True,True,Edna,True,298,1661,1364,1,True,303,1619,1314,36,unicode_word_regex_with_internal_apostrophes_and_hyphens,complete,-5,42,-1.65016501650165,2.5941939468807904,5,5,5,5,0,0,0,0,reviewed_with_annotations,16.778523489932887,16.778523489932887
AGN_Marina_v004_exp006_005,AGN_Marina_v004_exp006_005_GT.txt,agn_marina,5,GPT OSS 120B · 8 000 TPM,intermediate/extracted_exports/reviewer_packet_5/01_ANNOTATOR_2026-07-29T20_24_06_750Z_data_export/data_ANN_export_anotations/ANN_Documents/AGN_Marina_v004_exp006_005_GT_moderno.ann.json,intermediate/extracted_exports/reviewer_packet_5/01_ANNOTATOR_2026-07-29T20_24_06_750Z_data_export/data_ANN_export_anotations/ANN_Documents/AGN_Marina_v004_exp006_005_GT_moderno.txt,raw/evaluacion_modernizador/modernisation_reviewer_5_packet/AGN_Marina_v004_exp006_005/AGN_Marina_v004_exp006_005_GT.txt,intermediate/extracted_exports/reviewer_packet_5/01_ANNOTATOR_2026-07-29T20_24_06_750Z_data_export/data_ANN_export_anotations/annotations-legend.json,raw/evaluacion_modernizador/modernisation_reviewer_5_packet/entities-legends_Modernizador.json,True,True,True,True,True,True,Edna,True,87,463,376,19,True,86,464,376,19,unicode_word_regex_with_internal_apostrophes_and_hyphens,complete,1,-1,1.162790697674419,-0.2155172413793103,3,3,3,3,0,0,0,0,reviewed_with_annotations,34.48275862068965,34.48275862068965
BnF_117_08,BnF_117_08_GT.txt,bnf_117,5,Llama 3.3 70B · 12 000 TPM,intermediate/extracted_exports/reviewer_packet_5/01_ANNOTATOR_2026-07-29T20_24_06_750Z_data_export/data_ANN_export_anotations/ANN_Documents/BnF_117_08_GT_moderno.ann.json,intermediate/extracted_exports/reviewer_packet_5/01_ANNOTATOR_2026-07-29T20_24_06_750Z_data_export/data_ANN_export_anotations/ANN_Documents/BnF_117_08_GT_moderno.txt,raw/evaluacion_modernizador/modernisation_reviewer_5_packet/BnF_117_08/BnF_117_08_GT.txt,intermediate/extracted_exports/reviewer_packet_5/01_ANNOTATOR_2026-07-29T20_24_06_750Z_data_export/data_ANN_export_anotations/annotations-legend.json,raw/evaluacion_modernizador/modernisation_reviewer_5_packet/entities-legends_Modernizador.json,True,True,True,True,True,True,Edna,True,273,1554,1282,1,True,272,1448,1132,33,unicode_word_regex_with_internal_apostrophes_and_hyphens,complete,1,106,0.3676470588235294,7.320441988950275,9,12,12,9,0,0,0,0,reviewed_with_annotations,32.96703296703297,43.956043956043956
utblac_wbs_888_duplicated_1,utblac_wbs_888_duplicated_1_GT.txt,utblac_wbs,5,Llama 3.3 70B · 12 000 TPM,intermediate/extracted_exports/reviewer_packet_5/01_ANNOTATOR_2026-07-29T20_24_06_750Z_data_export/data_ANN_export_anotations/ANN_Documents/utblac_wbs_888_duplicated_1_GT_moderno.ann.json,intermediate/extracted_exports/reviewer_packet_5/01_ANNOTATOR_2026-07-29T20_24_06_750Z_data_export/data_ANN_export_anotations/ANN_Documents/utblac_wbs_888_duplicated_1_GT_moderno.txt,raw/evaluacion_modernizador/modernisation_reviewer_5_packet/utblac_wbs_888_duplicated_1/utblac_wbs_888_duplicated_1_GT.txt,intermediate/extracted_exports/reviewer_packet_5/01_ANNOTATOR_2026-07-29T20_24_06_750Z_data_export/data_ANN_export_anotations/annotations-legend.json,raw/evaluacion_modernizador/modernisation_reviewer_5_packet/entities-legends_Modernizador.json,True,True,True,True,True,True,Edna,True,288,1540,1253,1,True,287,1532,1228,19,unicode_word_regex_with_internal_apostrophes_and_hyphens,complete,1,8,0.3484320557491289,0.5221932114882507,2,2,2,2,0,0,0,0,reviewed_with_annotations,6.944444444444444,6.944444444444444
BnF_283_03,BnF_283_03_GT.txt,bnf_283,5,Llama 3.3 70B · 12 000 TPM,intermediate/extracted_exports/reviewer_packet_5/01_ANNOTATOR_2026-07-29T20_24_06_750Z_data_export/data_ANN_export_anotations/ANN_Documents/BnF_283_03_GT_moderno.ann.json,intermediate/extracted_exports/reviewer_packet_5/01_ANNOTATOR_2026-07-29T20_24_06_750Z_data_export/data_ANN_export_anotations/ANN_Documents/BnF_283_03_GT_moderno.txt,raw/evaluacion_modernizador/modernisation_reviewer_5_packet/BnF_283_03/BnF_283_03_GT.txt,intermediate/extracted_exports/reviewer_packet_5/01_ANNOTATOR_2026-07-29T20_24_06_750Z_data_export/data_ANN_export_anotations/annotations-legend.json,raw/evaluacion_modernizador/modernisation_reviewer_5_packet/entities-legends_Modernizador.json,True,True,True,True,True,True,Edna,True,460,2671,2212,1,True,471,2628,2157,43,unicode_word_regex_with_internal_apostrophes_and_hyphens,complete,-11,43,-2.335456475583864,1.6362252663622523,3,3,3,3,0,0,0,0,reviewed_with_annotations,6.521739130434782,6.521739130434782
BnF_264_12,BnF_264_12_GT.txt,bnf_264,5,Llama 3.3 70B · 12 000 TPM,intermediate/extracted_exports/reviewer_packet_5/01_ANNOTATOR_2026-07-29T20_24_06_750Z_data_export/data_ANN_export_anotations/ANN_Documents/BnF_264_12_GT_moderno.ann.json,intermediate/extracted_exports/reviewer_packet_5/01_ANNOTATOR_2026-07-29T20_24_06_750Z_data_export/data_ANN_export_anotations/ANN_Documents/BnF_264_12_GT_moderno.txt,raw/evaluacion_modernizador/modernisation_reviewer_5_packet/BnF_264_12/BnF_264_12_GT.txt,intermediate/extracted_exports/reviewer_packet_5/01_ANNOTATOR_2026-07-29T20_24_06_750Z_data_export/data_ANN_export_anotations/annotations-legend.json,raw/evaluacion_modernizador/modernisation_reviewer_5_packet/entities-legends_Modernizador.json,True,True,True,True,True,True,Edna,True,819,4550,3732,1,True,1007,5378,4294,133,unicode_word_regex_with_internal_apostrophes_and_hyphens,complete,-188,-828,-18.669314796425024,-15.396058014131649,28,32,32,28,0,0,0,0,reviewed_with_annotations,34.188034188034194,39.072039072039075
BnF_116_06,BnF_116_06_GT.txt,bnf_116,5,Llama 3.3 70B · 12 000 TPM,intermediate/extracted_exports/reviewer_packet_5/01_ANNOTATOR_2026-07-29T20_24_06_750Z_data_export/data_ANN_export_anotations/ANN_Documents/BnF_116_06_GT_moderno.ann.json,intermediate/extracted_exports/reviewer_packet_5/01_ANNOTATOR_2026-07-29T20_24_06_750Z_data_export/data_ANN_export_anotations/ANN_Documents/BnF_116_06_GT_moderno.txt,raw/evaluacion_modernizador/modernisation_reviewer_5_packet/BnF_116_06/BnF_116_06_GT.txt,intermediate/extracted_exports/reviewer_packet_5/01_ANNOTATOR_2026-07-29T20_24_06_750Z_data_export/data_ANN_export_anotations/annotations-legend.json,raw/evaluacion_modernizador/modernisation_reviewer_5_packet/entities-legends_Modernizador.json,True,True,True,True,True,True,Edna,True,133,832,700,1,True,145,853,703,24,unicode_word_regex_with_internal_apostrophes_and_hyphens,complete,-12,-21,-8.275862068965518,-2.46189917936694,2,2,2,2,0,0,0,0,reviewed_with_annotations,15.037593984962406,15.037593984962406
BnF_119-148_13,BnF_119-148_13_GT.txt,bnf_119-148,5,Llama 3.3 70B · 12 000 TPM,intermediate/extracted_exports/reviewer_packet_5/01_ANNOTATOR_2026-07-29T20_24_06_750Z_data_export/data_ANN_export_anotations/ANN_Documents/BnF_119-148_13_GT_moderno.ann.json,intermediate/extracted_exports/reviewer_packet_5/01_ANNOTATOR_2026-07-29T20_24_06_750Z_data_export/data_ANN_export_anotations/ANN_Documents/BnF_119-148_13_GT_moderno.txt,raw/evaluacion_modernizador/modernisation_reviewer_5_packet/BnF_119-148_13/BnF_119-148_13_GT.txt,intermediate/extracted_exports/reviewer_packet_5/01_ANNOTATOR_2026-07-29T20_24_06_750Z_data_export/data_ANN_export_anotations/annotations-legend.json,raw/evaluacion_modernizador/modernisation_reviewer_5_packet/entities-legends_Modernizador.json,True,True,True,True,True,True,Edna,True,279,1478,1200,1,True,285,1415,1126,16,unicode_word_regex_with_internal_apostrophes_and_hyphens,complete,-6,63,-2.1052631578947367,4.452296819787986,4,5,5,4,0,0,0,0,reviewed_with_annotations,14.336917562724015,17.921146953405017
BnF_244_05,BnF_244_05_GT.txt,bnf_244,5,Llama 3.3 70B · 12 000 TPM,intermediate/extracted_exports/reviewer_packet_5/01_ANNOTATOR_2026-07-29T20_24_06_750Z_data_export/data_ANN_export_anotations/ANN_Documents/BnF_244_05_GT_moderno.ann.json,intermediate/extracted_exports/reviewer_packet_5/01_ANNOTATOR_2026-07-29T20_24_06_750Z_data_export/data_ANN_export_anotations/ANN_Documents/BnF_244_05_GT_moderno.txt,raw/evaluacion_modernizador/modernisation_reviewer_5_packet/BnF_244_05/BnF_244_05_GT.txt,intermediate/extracted_exports/reviewer_packet_5/01_ANNOTATOR_2026-07-29T20_24_06_750Z_data_export/data_ANN_export_anotations/annotations-legend.json,raw/evaluacion_modernizador/modernisation_reviewer_5_packet/entities-legends_Modernizador.json,True,True,True,True,True,True,Edna,True,280,1508,1229,1,True,294,1541,1244,50,unicode_word_regex_with_internal_apostrophes_and_hyphens,complete,-14,-33,-4.761904761904762,-2.1414665801427644,12,12,12,12,0,0,0,0,reviewed_with_annotations,42.857142857142854,42.857142857142854
utblac_wbs_888_duplicated_2,utblac_wbs_888_duplicated_2_GT.txt,utblac_wbs,5,Llama 3.3 70B · 12 000 TPM,intermediate/extracted_exports/reviewer_packet_5/01_ANNOTATOR_2026-07-29T20_24_06_750Z_data_export/data_ANN_export_anotations/ANN_Documents/utblac_wbs_888_duplicated_2_GT_moderno.ann.json,intermediate/extracted_exports/reviewer_packet_5/01_ANNOTATOR_2026-07-29T20_24_06_750Z_data_export/data_ANN_export_anotations/ANN_Documents/utblac_wbs_888_duplicated_2_GT_moderno.txt,raw/evaluacion_modernizador/modernisation_reviewer_5_packet/utblac_wbs_888_duplicated_2/utblac_wbs_888_duplicated_2_GT.txt,intermediate/extracted_exports/reviewer_packet_5/01_ANNOTATOR_2026-07-29T20_24_06_750Z_data_export/data_ANN_export_anotations/annotations-legend.json,raw/evaluacion_modernizador/modernisation_reviewer_5_packet/entities-legends_Modernizador.json,True,True,True,True,True,True,Edna,True,17,97,81,1,True,18,96,76,5,unicode_word_regex_with_internal_apostrophes_and_hyphens,complete,-1,1,-5.555555555555555,1.0416666666666663,0,0,0,0,0,0,0,0,reviewed_no_annotations,0.0,0.0
BnF_118_06,BnF_118_06_GT.txt,bnf_118,5,Llama 3.3 70B · 12 000 TPM,intermediate/extracted_exports/reviewer_packet_5/01_ANNOTATOR_2026-07-29T20_24_06_750Z_data_export/data_ANN_export_anotations/ANN_Documents/BnF_118_06_GT_moderno.ann.json,intermediate/extracted_exports/reviewer_packet_5/01_ANNOTATOR_2026-07-29T20_24_06_750Z_data_export/data_ANN_export_anotations/ANN_Documents/BnF_118_06_GT_moderno.txt,raw/evaluacion_modernizador/modernisation_reviewer_5_packet/BnF_118_06/BnF_118_06_GT.txt,intermediate/extracted_exports/reviewer_packet_5/01_ANNOTATOR_2026-07-29T20_24_06_750Z_data_export/data_ANN_export_anotations/annotations-legend.json,raw/evaluacion_modernizador/modernisation_reviewer_5_packet/entities-legends_Modernizador.json,True,True,True,True,True,True,Edna,True,279,1455,1177,1,True,282,1413,1126,32,unicode_word_regex_with_internal_apostrophes_and_hyphens,complete,-3,42,-1.0638297872340423,2.9723991507431,8,10,10,8,0,0,0,0,reviewed_with_annotations,28.67383512544803,35.842293906810035
BnF_244_04,BnF_244_04_GT.txt,bnf_244,5,Llama 3.3 70B · 12 000 TPM,intermediate/extracted_exports/reviewer_packet_5/01_ANNOTATOR_2026-07-29T20_24_06_750Z_data_export/data_ANN_export_anotations/ANN_Documents/BnF_244_04_GT_moderno.ann.json,intermediate/extracted_exports/reviewer_packet_5/01_ANNOTATOR_2026-07-29T20_24_06_750Z_data_export/data_ANN_export_anotations/ANN_Documents/BnF_244_04_GT_moderno.txt,raw/evaluacion_modernizador/modernisation_reviewer_5_packet/BnF_244_04/BnF_244_04_GT.txt,intermediate/extracted_exports/reviewer_packet_5/01_ANNOTATOR_2026-07-29T20_24_06_750Z_data_export/data_ANN_export_anotations/annotations-legend.json,raw/evaluacion_modernizador/modernisation_reviewer_5_packet/entities-legends_Modernizador.json,True,True,True,True,True,True,Edna,True,291,1548,1258,1,True,303,1579,1273,50,unicode_word_regex_with_internal_apostrophes_and_hyphens,complete,-12,-31,-3.96039603960396,-1.9632678910702976,23,23,23,23,0,0,0,0,reviewed_with_annotations,79.03780068728523,79.03780068728523
BnF_112_23,BnF_112_23_GT.txt,bnf_112,5,GPT OSS 120B · 8 000 TPM,intermediate/extracted_exports/reviewer_packet_5/01_ANNOTATOR_2026-07-29T20_24_06_750Z_data_export/data_ANN_export_anotations/ANN_Documents/BnF_112_23_GT_moderno.ann.json,intermediate/extracted_exports/reviewer_packet_5/01_ANNOTATOR_2026-07-29T20_24_06_750Z_data_export/data_ANN_export_anotations/ANN_Documents/BnF_112_23_GT_moderno.txt,raw/evaluacion_modernizador/modernisation_reviewer_5_packet/BnF_112_23/BnF_112_23_GT.txt,intermediate/extracted_exports/reviewer_packet_5/01_ANNOTATOR_2026-07-29T20_24_06_750Z_data_export/data_ANN_export_anotations/annotations-legend.json,raw/evaluacion_modernizador/modernisation_reviewer_5_packet/entities-legends_Modernizador.json,True,True,True,True,True,True,Edna,True,390,1979,1583,46,True,391,1985,1582,45,unicode_word_regex_with_internal_apostrophes_and_hyphens,complete,-1,-6,-0.2557544757033248,-0.3022670025188916,77,81,81,77,0,0,0,0,reviewed_with_annotations,197.43589743589743,207.6923076923077
BnF_030_21,BnF_030_21_GT.txt,bnf_030,5,GPT OSS 120B · 8 000 TPM,intermediate/extracted_exports/reviewer_packet_5/01_ANNOTATOR_2026-07-29T20_24_06_750Z_data_export/data_ANN_export_anotations/ANN_Documents/BnF_030_21_GT_moderno.ann.json,intermediate/extracted_exports/reviewer_packet_5/01_ANNOTATOR_2026-07-29T20_24_06_750Z_data_export/data_ANN_export_anotations/ANN_Documents/BnF_030_21_GT_moderno.txt,raw/evaluacion_modernizador/modernisation_reviewer_5_packet/BnF_030_21/BnF_030_21_GT.txt,intermediate/extracted_exports/reviewer_packet_5/01_ANNOTATOR_2026-07-29T20_24_06_750Z_data_export/data_ANN_export_anotations/annotations-legend.json,raw/evaluacion_modernizador/modernisation_reviewer_5_packet/entities-legends_Modernizador.json,True,True,True,True,True,True,Edna,True,453,2404,1944,9,True,459,2400,1921,36,unicode_word_regex_with_internal_apostrophes_and_hyphens,complete,-6,4,-1.30718954248366,0.1666666666666666,44,53,53,44,0,0,0,0,reviewed_with_annotations,97.13024282560706,116.99779249448123
AGN_GralParte_v001_exp1020_02,AGN_GralParte_v001_exp1020_02_GT.txt,agn_gralparte,5,Llama 3.3 70B · 12 000 TPM,intermediate/extracted_exports/reviewer_packet_5/01_ANNOTATOR_2026-07-29T20_24_06_750Z_data_export/data_ANN_export_anotations/ANN_Documents/AGN_GralParte_v001_exp1020_02_GT_moderno.ann.json,intermediate/extracted_exports/reviewer_packet_5/01_ANNOTATOR_2026-07-29T20_24_06_750Z_data_export/data_ANN_export_anotations/ANN_Documents/AGN_GralParte_v001_exp1020_02_GT_moderno.txt,raw/evaluacion_modernizador/modernisation_reviewer_5_packet/AGN_GralParte_v001_exp1020_02/AGN_GralParte_v001_exp1020_02_GT.txt,intermediate/extracted_exports/reviewer_packet_5/01_ANNOTATOR_2026-07-29T20_24_06_750Z_data_export/data_ANN_export_anotations/annotations-legend.json,raw/evaluacion_modernizador/modernisation_reviewer_5_packet/entities-legends_Modernizador.json,True,True,True,True,True,True,Edna,True,38,197,160,1,True,42,189,147,3,unicode_word_regex_with_internal_apostrophes_and_hyphens,complete,-4,8,-9.523809523809524,4.232804232804233,5,9,9,5,0,0,0,0,reviewed_with_annotations,131.57894736842104,236.8421052631579
UIA_Ms149_Exp3_31,UIA_Ms149_Exp3_31_GT.txt,uia_ms149,6,Llama 3.3 70B · 12 000 TPM,intermediate/extracted_exports/reviewer_packet_6/01_ANNOTATOR_2026-07-27T17_22_04_247Z_data_export/data_ANN_export_anotations/ANN_Documents/UIA_Ms149_Exp3_31_GT_moderno.ann.json,intermediate/extracted_exports/reviewer_packet_6/01_ANNOTATOR_2026-07-27T17_22_04_247Z_data_export/data_ANN_export_anotations/ANN_Documents/UIA_Ms149_Exp3_31_GT_moderno.txt,raw/evaluacion_modernizador/modernisation_reviewer_6_packet/UIA_Ms149_Exp3_31/UIA_Ms149_Exp3_31_GT.txt,intermediate/extracted_exports/reviewer_packet_6/01_ANNOTATOR_2026-07-27T17_22_04_247Z_data_export/data_ANN_export_anotations/annotations-legend.json,raw/evaluacion_modernizador/modernisation_reviewer_6_packet/entities-legends_Modernizador.json,True,True,True,True,True,True,Alba,True,282,1630,1349,1,True,292,1625,1318,27,unicode_word_regex_with_internal_apostrophes_and_hyphens,complete,-10,5,-3.4246575342465757,0.3076923076923077,15,16,16,15,0,0,0,0,reviewed_with_annotations,53.191489361702125,56.737588652482266
BnF_075_014,BnF_075_014_GT.txt,bnf_075,6,GPT OSS 120B · 8 000 TPM,intermediate/extracted_exports/reviewer_packet_6/01_ANNOTATOR_2026-07-27T17_22_04_247Z_data_export/data_ANN_export_anotations/ANN_Documents/BnF_075_014_GT_moderno.ann.json,intermediate/extracted_exports/reviewer_packet_6/01_ANNOTATOR_2026-07-27T17_22_04_247Z_data_export/data_ANN_export_anotations/ANN_Documents/BnF_075_014_GT_moderno.txt,raw/evaluacion_modernizador/modernisation_reviewer_6_packet/BnF_075_014/BnF_075_014_GT.txt,intermediate/extracted_exports/reviewer_packet_6/01_ANNOTATOR_2026-07-27T17_22_04_247Z_data_export/data_ANN_export_anotations/annotations-legend.json,raw/evaluacion_modernizador/modernisation_reviewer_6_packet/entities-legends_Modernizador.json,True,True,True,True,True,True,Alba,True,383,1954,1568,7,True,380,1927,1540,45,unicode_word_regex_with_internal_apostrophes_and_hyphens,complete,3,27,0.7894736842105263,1.401141670991178,37,41,41,37,0,0,0,0,reviewed_with_annotations,96.60574412532637,107.04960835509138
AGI_INDIFERENTE_2065_N45_11,AGI_INDIFERENTE_2065_N45_11_GT.txt,agi_indiferente,6,Llama 3.3 70B · 12 000 TPM,intermediate/extracted_exports/reviewer_packet_6/01_ANNOTATOR_2026-07-27T17_22_04_247Z_data_export/data_ANN_export_anotations/ANN_Documents/AGI_INDIFERENTE_2065_N45_11_GT_moderno.ann.json,intermediate/extracted_exports/reviewer_packet_6/01_ANNOTATOR_2026-07-27T17_22_04_247Z_data_export/data_ANN_export_anotations/ANN_Documents/AGI_INDIFERENTE_2065_N45_11_GT_moderno.txt,raw/evaluacion_modernizador/modernisation_reviewer_6_packet/AGI_INDIFERENTE_2065_N45_11/AGI_INDIFERENTE_2065_N45_11_GT.txt,intermediate/extracted_exports/reviewer_packet_6/01_ANNOTATOR_2026-07-27T17_22_04_247Z_data_export/data_ANN_export_anotations/annotations-legend.json,raw/evaluacion_modernizador/modernisation_reviewer_6_packet/entities-legends_Modernizador.json,True,True,True,True,True,True,Alba,True,169,903,735,1,True,175,883,707,32,unicode_word_regex_with_internal_apostrophes_and_hyphens,complete,-6,20,-3.428571428571429,2.2650056625141564,10,11,11,10,0,0,0,0,reviewed_with_annotations,59.171597633136095,65.08875739644971
BnF_110_09,BnF_110_09_GT.txt,bnf_110,6,Llama 3.3 70B · 12 000 TPM,intermediate/extracted_exports/reviewer_packet_6/01_ANNOTATOR_2026-07-27T17_22_04_247Z_data_export/data_ANN_export_anotations/ANN_Documents/BnF_110_09_GT_moderno.ann.json,intermediate/extracted_exports/reviewer_packet_6/01_ANNOTATOR_2026-07-27T17_22_04_247Z_data_export/data_ANN_export_anotations/ANN_Documents/BnF_110_09_GT_moderno.txt,raw/evaluacion_modernizador/modernisation_reviewer_6_packet/BnF_110_09/BnF_110_09_GT.txt,intermediate/extracted_exports/reviewer_packet_6/01_ANNOTATOR_2026-07-27T17_22_04_247Z_data_export/data_ANN_export_anotations/annotations-legend.json,raw/evaluacion_modernizador/modernisation_reviewer_6_packet/entities-legends_Modernizador.json,True,True,True,True,True,True,Alba,True,369,1974,1606,1,True,362,1839,1466,40,unicode_word_regex_with_internal_apostrophes_and_hyphens,complete,7,135,1.9337016574585637,7.3409461663947795,17,18,18,17,0,0,0,0,reviewed_with_annotations,46.070460704607044,48.78048780487805
BnF_283_05,BnF_283_05_GT.txt,bnf_283,6,Llama 3.3 70B · 12 000 TPM,intermediate/extracted_exports/reviewer_packet_6/01_ANNOTATOR_2026-07-27T17_22_04_247Z_data_export/data_ANN_export_anotations/ANN_Documents/BnF_283_05_GT_moderno.ann.json,intermediate/extracted_exports/reviewer_packet_6/01_ANNOTATOR_2026-07-27T17_22_04_247Z_data_export/data_ANN_export_anotations/ANN_Documents/BnF_283_05_GT_moderno.txt,raw/evaluacion_modernizador/modernisation_reviewer_6_packet/BnF_283_05/BnF_283_05_GT.txt,intermediate/extracted_exports/reviewer_packet_6/01_ANNOTATOR_2026-07-27T17_22_04_247Z_data_export/data_ANN_export_anotations/annotations-legend.json,raw/evaluacion_modernizador/modernisation_reviewer_6_packet/entities-legends_Modernizador.json,True,True,True,True,True,True,Alba,True,564,3210,2648,1,True,576,3138,2560,52,unicode_word_regex_with_internal_apostrophes_and_hyphens,complete,-12,72,-2.083333333333333,2.294455066921606,5,8,8,5,0,0,0,0,reviewed_with_annotations,8.865248226950355,14.184397163120567
BnF_111_27,BnF_111_27_GT.txt,bnf_111,6,Llama 3.3 70B · 12 000 TPM,intermediate/extracted_exports/reviewer_packet_6/01_ANNOTATOR_2026-07-27T17_22_04_247Z_data_export/data_ANN_export_anotations/ANN_Documents/BnF_111_27_GT_moderno.ann.json,intermediate/extracted_exports/reviewer_packet_6/01_ANNOTATOR_2026-07-27T17_22_04_247Z_data_export/data_ANN_export_anotations/ANN_Documents/BnF_111_27_GT_moderno.txt,raw/evaluacion_modernizador/modernisation_reviewer_6_packet/BnF_111_27/BnF_111_27_GT.txt,intermediate/extracted_exports/reviewer_packet_6/01_ANNOTATOR_2026-07-27T17_22_04_247Z_data_export/data_ANN_export_anotations/annotations-legend.json,raw/evaluacion_modernizador/modernisation_reviewer_6_packet/entities-legends_Modernizador.json,True,True,True,True,True,True,Alba,True,570,2900,2331,1,True,592,2720,2121,70,unicode_word_regex_with_internal_apostrophes_and_hyphens,complete,-22,180,-3.716216216216216,6.61764705882353,31,35,35,31,0,0,0,0,reviewed_with_annotations,54.385964912280706,61.40350877192982
AGN_Indios_v019_exp354_2,AGN_Indios_v019_exp354_2_GT.txt,agn_indios,6,GPT OSS 120B · 8 000 TPM,intermediate/extracted_exports/reviewer_packet_6/01_ANNOTATOR_2026-07-27T17_22_04_247Z_data_export/data_ANN_export_anotations/ANN_Documents/AGN_Indios_v019_exp354_2_GT_moderno.ann.json,intermediate/extracted_exports/reviewer_packet_6/01_ANNOTATOR_2026-07-27T17_22_04_247Z_data_export/data_ANN_export_anotations/ANN_Documents/AGN_Indios_v019_exp354_2_GT_moderno.txt,raw/evaluacion_modernizador/modernisation_reviewer_6_packet/AGN_Indios_v019_exp354_2/AGN_Indios_v019_exp354_2_GT.txt,intermediate/extracted_exports/reviewer_packet_6/01_ANNOTATOR_2026-07-27T17_22_04_247Z_data_export/data_ANN_export_anotations/annotations-legend.json,raw/evaluacion_modernizador/modernisation_reviewer_6_packet/entities-legends_Modernizador.json,True,True,True,True,True,True,Alba,True,559,2941,2379,31,True,559,2900,2332,61,unicode_word_regex_with_internal_apostrophes_and_hyphens,complete,0,41,0.0,1.4137931034482758,87,90,90,87,0,0,0,0,reviewed_with_annotations,155.6350626118068,161.00178890876566
BnF_110_33,BnF_110_33_GT.txt,bnf_110,6,Llama 3.3 70B · 12 000 TPM,intermediate/extracted_exports/reviewer_packet_6/01_ANNOTATOR_2026-07-27T17_22_04_247Z_data_export/data_ANN_export_anotations/ANN_Documents/BnF_110_33_GT_moderno.ann.json,intermediate/extracted_exports/reviewer_packet_6/01_ANNOTATOR_2026-07-27T17_22_04_247Z_data_export/data_ANN_export_anotations/ANN_Documents/BnF_110_33_GT_moderno.txt,raw/evaluacion_modernizador/modernisation_reviewer_6_packet/BnF_110_33/BnF_110_33_GT.txt,intermediate/extracted_exports/reviewer_packet_6/01_ANNOTATOR_2026-07-27T17_22_04_247Z_data_export/data_ANN_export_anotations/annotations-legend.json,raw/evaluacion_modernizador/modernisation_reviewer_6_packet/entities-legends_Modernizador.json,True,True,True,True,True,True,Alba,True,131,650,520,1,True,134,640,504,18,unicode_word_regex_with_internal_apostrophes_and_hyphens,complete,-3,10,-2.238805970149253,1.5625,10,10,10,10,0,0,0,0,reviewed_with_annotations,76.33587786259542,76.33587786259542
UIA_Ms149_Exp3_04,UIA_Ms149_Exp3_04_GT.txt,uia_ms149,6,Llama 3.3 70B · 12 000 TPM,intermediate/extracted_exports/reviewer_packet_6/01_ANNOTATOR_2026-07-27T17_22_04_247Z_data_export/data_ANN_export_anotations/ANN_Documents/UIA_Ms149_Exp3_04_GT_moderno.ann.json,intermediate/extracted_exports/reviewer_packet_6/01_ANNOTATOR_2026-07-27T17_22_04_247Z_data_export/data_ANN_export_anotations/ANN_Documents/UIA_Ms149_Exp3_04_GT_moderno.txt,raw/evaluacion_modernizador/modernisation_reviewer_6_packet/UIA_Ms149_Exp3_04/UIA_Ms149_Exp3_04_GT.txt,intermediate/extracted_exports/reviewer_packet_6/01_ANNOTATOR_2026-07-27T17_22_04_247Z_data_export/data_ANN_export_anotations/annotations-legend.json,raw/evaluacion_modernizador/modernisation_reviewer_6_packet/entities-legends_Modernizador.json,True,True,True,True,True,True,Alba,True,285,1662,1378,1,True,296,1647,1339,28,unicode_word_regex_with_internal_apostrophes_and_hyphens,complete,-11,15,-3.716216216216216,0.9107468123861568,10,11,11,10,0,0,0,0,reviewed_with_annotations,35.08771929824561,38.59649122807018
AGN_Mercedes_v003_exp520,AGN_Mercedes_v003_exp520_GT.txt,agn_mercedes,6,GPT OSS 120B · 8 000 TPM,intermediate/extracted_exports/reviewer_packet_6/01_ANNOTATOR_2026-07-27T17_22_04_247Z_data_export/data_ANN_export_anotations/ANN_Documents/AGN_Mercedes_v003_exp520_GT_moderno.ann.json,intermediate/extracted_exports/reviewer_packet_6/01_ANNOTATOR_2026-07-27T17_22_04_247Z_data_export/data_ANN_export_anotations/ANN_Documents/AGN_Mercedes_v003_exp520_GT_moderno.txt,raw/evaluacion_modernizador/modernisation_reviewer_6_packet/AGN_Mercedes_v003_exp520/AGN_Mercedes_v003_exp520_GT.txt,intermediate/extracted_exports/reviewer_packet_6/01_ANNOTATOR_2026-07-27T17_22_04_247Z_data_export/data_ANN_export_anotations/annotations-legend.json,raw/evaluacion_modernizador/modernisation_reviewer_6_packet/entities-legends_Modernizador.json,True,True,True,True,True,True,Alba,True,455,2220,1765,49,True,444,2191,1732,49,unicode_word_regex_with_internal_apostrophes_and_hyphens,complete,11,29,2.477477477477477,1.323596531264263,109,122,122,109,0,0,0,0,reviewed_with_annotations,239.56043956043956,268.13186813186815
AGN_RealesCedDup_v016_exp515,AGN_RealesCedDup_v016_exp515_GT.txt,agn_realesceddup,6,Llama 3.3 70B · 12 000 TPM,intermediate/extracted_exports/reviewer_packet_6/01_ANNOTATOR_2026-07-27T17_22_04_247Z_data_export/data_ANN_export_anotations/ANN_Documents/AGN_RealesCedDup_v016_exp515_GT_moderno.ann.json,intermediate/extracted_exports/reviewer_packet_6/01_ANNOTATOR_2026-07-27T17_22_04_247Z_data_export/data_ANN_export_anotations/ANN_Documents/AGN_RealesCedDup_v016_exp515_GT_moderno.txt,raw/evaluacion_modernizador/modernisation_reviewer_6_packet/AGN_RealesCedDup_v016_exp515/AGN_RealesCedDup_v016_exp515_GT.txt,intermediate/extracted_exports/reviewer_packet_6/01_ANNOTATOR_2026-07-27T17_22_04_247Z_data_export/data_ANN_export_anotations/annotations-legend.json,raw/evaluacion_modernizador/modernisation_reviewer_6_packet/entities-legends_Modernizador.json,True,True,True,True,True,True,Alba,True,316,1796,1481,1,True,318,1667,1331,45,unicode_word_regex_with_internal_apostrophes_and_hyphens,complete,-2,129,-0.628930817610063,7.738452309538093,3,3,3,3,0,0,0,0,reviewed_with_annotations,9.49367088607595,9.49367088607595
BnF_244_02,BnF_244_02_GT.txt,bnf_244,6,Llama 3.3 70B · 12 000 TPM,intermediate/extracted_exports/reviewer_packet_6/01_ANNOTATOR_2026-07-27T17_22_04_247Z_data_export/data_ANN_export_anotations/ANN_Documents/BnF_244_02_GT_moderno.ann.json,intermediate/extracted_exports/reviewer_packet_6/01_ANNOTATOR_2026-07-27T17_22_04_247Z_data_export/data_ANN_export_anotations/ANN_Documents/BnF_244_02_GT_moderno.txt,raw/evaluacion_modernizador/modernisation_reviewer_6_packet/BnF_244_02/BnF_244_02_GT.txt,intermediate/extracted_exports/reviewer_packet_6/01_ANNOTATOR_2026-07-27T17_22_04_247Z_data_export/data_ANN_export_anotations/annotations-legend.json,raw/evaluacion_modernizador/modernisation_reviewer_6_packet/entities-legends_Modernizador.json,True,True,True,True,True,True,Alba,True,146,793,645,1,True,156,816,656,24,unicode_word_regex_with_internal_apostrophes_and_hyphens,complete,-10,-23,-6.41025641025641,-2.8186274509803924,3,3,3,3,0,0,0,0,reviewed_with_annotations,20.54794520547945,20.54794520547945
AGN_RealesCedDup_v003_exp334,AGN_RealesCedDup_v003_exp334_GT.txt,agn_realesceddup,6,Llama 3.3 70B · 12 000 TPM,intermediate/extracted_exports/reviewer_packet_6/01_ANNOTATOR_2026-07-27T17_22_04_247Z_data_export/data_ANN_export_anotations/ANN_Documents/AGN_RealesCedDup_v003_exp334_GT_moderno.ann.json,intermediate/extracted_exports/reviewer_packet_6/01_ANNOTATOR_2026-07-27T17_22_04_247Z_data_export/data_ANN_export_anotations/ANN_Documents/AGN_RealesCedDup_v003_exp334_GT_moderno.txt,raw/evaluacion_modernizador/modernisation_reviewer_6_packet/AGN_RealesCedDup_v003_exp334/AGN_RealesCedDup_v003_exp334_GT.txt,intermediate/extracted_exports/reviewer_packet_6/01_ANNOTATOR_2026-07-27T17_22_04_247Z_data_export/data_ANN_export_anotations/annotations-legend.json,raw/evaluacion_modernizador/modernisation_reviewer_6_packet/entities-legends_Modernizador.json,True,True,True,True,True,True,Alba,True,338,1844,1507,1,True,361,1800,1421,56,unicode_word_regex_with_internal_apostrophes_and_hyphens,complete,-23,44,-6.3711911357340725,2.4444444444444446,7,7,7,7,0,0,0,0,reviewed_with_annotations,20.710059171597635,20.710059171597635
BnF_117_14,BnF_117_14_GT.txt,bnf_117,6,Llama 3.3 70B · 12 000 TPM,intermediate/extracted_exports/reviewer_packet_6/01_ANNOTATOR_2026-07-27T17_22_04_247Z_data_export/data_ANN_export_anotations/ANN_Documents/BnF_117_14_GT_moderno.ann.json,intermediate/extracted_exports/reviewer_packet_6/01_ANNOTATOR_2026-07-27T17_22_04_247Z_data_export/data_ANN_export_anotations/ANN_Documents/BnF_117_14_GT_moderno.txt,raw/evaluacion_modernizador/modernisation_reviewer_6_packet/BnF_117_14/BnF_117_14_GT.txt,intermediate/extracted_exports/reviewer_packet_6/01_ANNOTATOR_2026-07-27T17_22_04_247Z_data_export/data_ANN_export_anotations/annotations-legend.json,raw/evaluacion_modernizador/modernisation_reviewer_6_packet/entities-legends_Modernizador.json,True,True,True,True,True,True,Alba,True,334,1822,1490,1,True,332,1739,1398,35,unicode_word_regex_with_internal_apostrophes_and_hyphens,complete,2,83,0.6024096385542169,4.772857964347326,7,7,7,7,0,0,0,0,reviewed_with_annotations,20.958083832335326,20.958083832335326
BnF_104_3,BnF_104_3_GT.txt,bnf_104,6,Llama 3.3 70B · 12 000 TPM,intermediate/extracted_exports/reviewer_packet_6/01_ANNOTATOR_2026-07-27T17_22_04_247Z_data_export/data_ANN_export_anotations/ANN_Documents/BnF_104_3_GT_moderno.ann.json,intermediate/extracted_exports/reviewer_packet_6/01_ANNOTATOR_2026-07-27T17_22_04_247Z_data_export/data_ANN_export_anotations/ANN_Documents/BnF_104_3_GT_moderno.txt,raw/evaluacion_modernizador/modernisation_reviewer_6_packet/BnF_104_3/BnF_104_3_GT.txt,intermediate/extracted_exports/reviewer_packet_6/01_ANNOTATOR_2026-07-27T17_22_04_247Z_data_export/data_ANN_export_anotations/annotations-legend.json,raw/evaluacion_modernizador/modernisation_reviewer_6_packet/entities-legends_Modernizador.json,True,True,True,True,True,True,Alba,True,245,1371,1127,1,True,250,1287,1036,24,unicode_word_regex_with_internal_apostrophes_and_hyphens,complete,-5,84,-2.0,6.526806526806526,22,25,25,22,0,0,0,0,reviewed_with_annotations,89.79591836734693,102.04081632653062
AMP_AC_v021__doc026_2,AMP_AC_v021__doc026_2_GT.txt,amp_ac,6,Llama 3.3 70B · 12 000 TPM,intermediate/extracted_exports/reviewer_packet_6/01_ANNOTATOR_2026-07-27T17_22_04_247Z_data_export/data_ANN_export_anotations/ANN_Documents/AMP_AC_v021__doc026_2_GT_moderno.ann.json,intermediate/extracted_exports/reviewer_packet_6/01_ANNOTATOR_2026-07-27T17_22_04_247Z_data_export/data_ANN_export_anotations/ANN_Documents/AMP_AC_v021__doc026_2_GT_moderno.txt,raw/evaluacion_modernizador/modernisation_reviewer_6_packet/AMP_AC_v021__doc026_2/AMP_AC_v021__doc026_2_GT.txt,intermediate/extracted_exports/reviewer_packet_6/01_ANNOTATOR_2026-07-27T17_22_04_247Z_data_export/data_ANN_export_anotations/annotations-legend.json,raw/evaluacion_modernizador/modernisation_reviewer_6_packet/entities-legends_Modernizador.json,True,True,True,True,True,True,Alba,True,112,616,505,1,True,112,558,445,13,unicode_word_regex_with_internal_apostrophes_and_hyphens,complete,0,58,0.0,10.39426523297491,7,7,7,7,0,0,0,0,reviewed_with_annotations,62.5,62.5
utblac_gg_mss_g62_duplicated_11,utblac_gg_mss_g62_duplicated_11_GT.txt,utblac_gg,6,Llama 3.3 70B · 12 000 TPM,intermediate/extracted_exports/reviewer_packet_6/01_ANNOTATOR_2026-07-27T17_22_04_247Z_data_export/data_ANN_export_anotations/ANN_Documents/utblac_gg_mss_g62_duplicated_11_GT_moderno.ann.json,intermediate/extracted_exports/reviewer_packet_6/01_ANNOTATOR_2026-07-27T17_22_04_247Z_data_export/data_ANN_export_anotations/ANN_Documents/utblac_gg_mss_g62_duplicated_11_GT_moderno.txt,raw/evaluacion_modernizador/modernisation_reviewer_6_packet/utblac_gg_mss_g62_duplicated_11/utblac_gg_mss_g62_duplicated_11_GT.txt,intermediate/extracted_exports/reviewer_packet_6/01_ANNOTATOR_2026-07-27T17_22_04_247Z_data_export/data_ANN_export_anotations/annotations-legend.json,raw/evaluacion_modernizador/modernisation_reviewer_6_packet/entities-legends_Modernizador.json,True,True,True,True,True,True,Alba,True,175,924,745,1,True,180,932,732,30,unicode_word_regex_with_internal_apostrophes_and_hyphens,complete,-5,-8,-2.7777777777777777,-0.8583690987124464,6,6,6,6,0,0,0,0,reviewed_with_annotations,34.285714285714285,34.285714285714285
AGN_RealesCedDup_v030_exp874,AGN_RealesCedDup_v030_exp874_GT.txt,agn_realesceddup,6,GPT OSS 120B · 8 000 TPM,intermediate/extracted_exports/reviewer_packet_6/01_ANNOTATOR_2026-07-27T17_22_04_247Z_data_export/data_ANN_export_anotations/ANN_Documents/AGN_RealesCedDup_v030_exp874_GT_moderno.ann.json,intermediate/extracted_exports/reviewer_packet_6/01_ANNOTATOR_2026-07-27T17_22_04_247Z_data_export/data_ANN_export_anotations/ANN_Documents/AGN_RealesCedDup_v030_exp874_GT_moderno.txt,raw/evaluacion_modernizador/modernisation_reviewer_6_packet/AGN_RealesCedDup_v030_exp874/AGN_RealesCedDup_v030_exp874_GT.txt,intermediate/extracted_exports/reviewer_packet_6/01_ANNOTATOR_2026-07-27T17_22_04_247Z_data_export/data_ANN_export_anotations/annotations-legend.json,raw/evaluacion_modernizador/modernisation_reviewer_6_packet/entities-legends_Modernizador.json,True,True,True,True,True,True,Alba,True,644,3320,2654,30,True,657,3280,2592,42,unicode_word_regex_with_internal_apostrophes_and_hyphens,complete,-13,40,-1.97869101978691,1.2195121951219512,95,105,105,95,0,0,0,0,reviewed_with_annotations,147.51552795031057,163.04347826086956
AGI_PATRONATO_182_R3_01,AGI_PATRONATO_182_R3_01_GT.txt,agi_patronato,6,GPT OSS 120B · 8 000 TPM,intermediate/extracted_exports/reviewer_packet_6/01_ANNOTATOR_2026-07-27T17_22_04_247Z_data_export/data_ANN_export_anotations/ANN_Documents/AGI_PATRONATO_182_R3_01_GT_moderno.ann.json,intermediate/extracted_exports/reviewer_packet_6/01_ANNOTATOR_2026-07-27T17_22_04_247Z_data_export/data_ANN_export_anotations/ANN_Documents/AGI_PATRONATO_182_R3_01_GT_moderno.txt,raw/evaluacion_modernizador/modernisation_reviewer_6_packet/AGI_PATRONATO_182_R3_01/AGI_PATRONATO_182_R3_01_GT.txt,intermediate/extracted_exports/reviewer_packet_6/01_ANNOTATOR_2026-07-27T17_22_04_247Z_data_export/data_ANN_export_anotations/annotations-legend.json,raw/evaluacion_modernizador/modernisation_reviewer_6_packet/entities-legends_Modernizador.json,True,True,True,True,True,True,Alba,True,293,1583,1264,36,True,293,1600,1280,34,unicode_word_regex_with_internal_apostrophes_and_hyphens,complete,0,-17,0.0,-1.0625,57,66,66,57,0,0,0,0,reviewed_with_annotations,194.5392491467577,225.25597269624572
BnF_118_05,BnF_118_05_GT.txt,bnf_118,6,Llama 3.3 70B · 12 000 TPM,intermediate/extracted_exports/reviewer_packet_6/01_ANNOTATOR_2026-07-27T17_22_04_247Z_data_export/data_ANN_export_anotations/ANN_Documents/BnF_118_05_GT_moderno.ann.json,intermediate/extracted_exports/reviewer_packet_6/01_ANNOTATOR_2026-07-27T17_22_04_247Z_data_export/data_ANN_export_anotations/ANN_Documents/BnF_118_05_GT_moderno.txt,raw/evaluacion_modernizador/modernisation_reviewer_6_packet/BnF_118_05/BnF_118_05_GT.txt,intermediate/extracted_exports/reviewer_packet_6/01_ANNOTATOR_2026-07-27T17_22_04_247Z_data_export/data_ANN_export_anotations/annotations-legend.json,raw/evaluacion_modernizador/modernisation_reviewer_6_packet/entities-legends_Modernizador.json,True,True,True,True,True,True,Alba,True,245,1314,1070,1,True,245,1215,965,16,unicode_word_regex_with_internal_apostrophes_and_hyphens,complete,0,99,0.0,8.148148148148149,17,18,18,17,0,0,0,0,reviewed_with_annotations,69.38775510204081,73.46938775510205
BnF_174_04,BnF_174_04_GT.txt,bnf_174,7,Llama 3.3 70B · 12 000 TPM,intermediate/extracted_exports/reviewer_packet_7/01_ANNOTATOR_2026-07-31T23_25_28_968Z_data_export/data_ANN_export_anotations/ANN_Documents/BnF_174_04_GT_moderno.ann.json,intermediate/extracted_exports/reviewer_packet_7/01_ANNOTATOR_2026-07-31T23_25_28_968Z_data_export/data_ANN_export_anotations/ANN_Documents/BnF_174_04_GT_moderno.txt,raw/evaluacion_modernizador/modernisation_reviewer_7_packet/BnF_174_04/BnF_174_04_GT.txt,intermediate/extracted_exports/reviewer_packet_7/01_ANNOTATOR_2026-07-31T23_25_28_968Z_data_export/data_ANN_export_anotations/annotations-legend.json,raw/evaluacion_modernizador/modernisation_reviewer_7_packet/entities-legends_Modernizador.json,True,True,True,True,True,True,Paloma,True,636,3587,2952,1,True,662,3548,2881,65,unicode_word_regex_with_internal_apostrophes_and_hyphens,complete,-26,39,-3.927492447129909,1.0992108229988726,32,32,32,32,0,0,0,0,reviewed_with_annotations,50.314465408805034,50.314465408805034
BnF_118_03,BnF_118_03_GT.txt,bnf_118,7,Llama 3.3 70B · 12 000 TPM,intermediate/extracted_exports/reviewer_packet_7/01_ANNOTATOR_2026-07-31T23_25_28_968Z_data_export/data_ANN_export_anotations/ANN_Documents/BnF_118_03_GT_moderno.ann.json,intermediate/extracted_exports/reviewer_packet_7/01_ANNOTATOR_2026-07-31T23_25_28_968Z_data_export/data_ANN_export_anotations/ANN_Documents/BnF_118_03_GT_moderno.txt,raw/evaluacion_modernizador/modernisation_reviewer_7_packet/BnF_118_03/BnF_118_03_GT.txt,intermediate/extracted_exports/reviewer_packet_7/01_ANNOTATOR_2026-07-31T23_25_28_968Z_data_export/data_ANN_export_anotations/annotations-legend.json,raw/evaluacion_modernizador/modernisation_reviewer_7_packet/entities-legends_Modernizador.json,True,True,True,True,True,True,Paloma,True,318,1863,1547,1,True,327,1851,1518,69,unicode_word_regex_with_internal_apostrophes_and_hyphens,complete,-9,12,-2.752293577981652,0.6482982171799028,34,34,34,34,0,0,0,0,reviewed_with_annotations,106.9182389937107,106.9182389937107
AGI_PATRONATO_181_R13_1,AGI_PATRONATO_181_R13_1_GT.txt,agi_patronato,7,GPT OSS 120B · 8 000 TPM,intermediate/extracted_exports/reviewer_packet_7/01_ANNOTATOR_2026-07-31T23_25_28_968Z_data_export/data_ANN_export_anotations/ANN_Documents/AGI_PATRONATO_181_R13_1_GT_moderno.ann.json,intermediate/extracted_exports/reviewer_packet_7/01_ANNOTATOR_2026-07-31T23_25_28_968Z_data_export/data_ANN_export_anotations/ANN_Documents/AGI_PATRONATO_181_R13_1_GT_moderno.txt,raw/evaluacion_modernizador/modernisation_reviewer_7_packet/AGI_PATRONATO_181_R13_1/AGI_PATRONATO_181_R13_1_GT.txt,intermediate/extracted_exports/reviewer_packet_7/01_ANNOTATOR_2026-07-31T23_25_28_968Z_data_export/data_ANN_export_anotations/annotations-legend.json,raw/evaluacion_modernizador/modernisation_reviewer_7_packet/entities-legends_Modernizador.json,True,True,True,True,True,True,Paloma,True,329,1782,1431,31,True,335,1777,1422,33,unicode_word_regex_with_internal_apostrophes_and_hyphens,complete,-6,5,-1.791044776119403,0.28137310073157,16,20,20,16,0,0,0,0,reviewed_with_annotations,48.632218844984806,60.79027355623101
AGN_Inquisicion_v1568A_exp152_fs115-116v_04,AGN_Inquisicion_v1568A_exp152_fs115-116v_04_GT.txt,agn_inquisicion,7,Llama 3.3 70B · 12 000 TPM,intermediate/extracted_exports/reviewer_packet_7/01_ANNOTATOR_2026-07-31T23_25_28_968Z_data_export/data_ANN_export_anotations/ANN_Documents/AGN_Inquisicion_v1568A_exp152_fs115-116v_04_GT_moderno.ann.json,intermediate/extracted_exports/reviewer_packet_7/01_ANNOTATOR_2026-07-31T23_25_28_968Z_data_export/data_ANN_export_anotations/ANN_Documents/AGN_Inquisicion_v1568A_exp152_fs115-116v_04_GT_moderno.txt,raw/evaluacion_modernizador/modernisation_reviewer_7_packet/AGN_Inquisicion_v1568A_exp152_fs115-116v_04/AGN_Inquisicion_v1568A_exp152_fs115-116v_04_GT.txt,intermediate/extracted_exports/reviewer_packet_7/01_ANNOTATOR_2026-07-31T23_25_28_968Z_data_export/data_ANN_export_anotations/annotations-legend.json,raw/evaluacion_modernizador/modernisation_reviewer_7_packet/entities-legends_Modernizador.json,True,True,True,True,True,True,Paloma,True,40,175,136,1,True,40,177,137,4,unicode_word_regex_with_internal_apostrophes_and_hyphens,complete,0,-2,0.0,-1.1299435028248588,1,1,1,1,0,0,0,0,reviewed_with_annotations,25.0,25.0
BnF_113_43,BnF_113_43_GT.txt,bnf_113,7,Llama 3.3 70B · 12 000 TPM,intermediate/extracted_exports/reviewer_packet_7/01_ANNOTATOR_2026-07-31T23_25_28_968Z_data_export/data_ANN_export_anotations/ANN_Documents/BnF_113_43_GT_moderno.ann.json,intermediate/extracted_exports/reviewer_packet_7/01_ANNOTATOR_2026-07-31T23_25_28_968Z_data_export/data_ANN_export_anotations/ANN_Documents/BnF_113_43_GT_moderno.txt,raw/evaluacion_modernizador/modernisation_reviewer_7_packet/BnF_113_43/BnF_113_43_GT.txt,intermediate/extracted_exports/reviewer_packet_7/01_ANNOTATOR_2026-07-31T23_25_28_968Z_data_export/data_ANN_export_anotations/annotations-legend.json,raw/evaluacion_modernizador/modernisation_reviewer_7_packet/entities-legends_Modernizador.json,True,True,True,True,True,True,Paloma,True,176,978,803,1,True,182,910,727,22,unicode_word_regex_with_internal_apostrophes_and_hyphens,complete,-6,68,-3.296703296703297,7.472527472527473,22,22,22,22,0,0,0,0,reviewed_with_annotations,125.0,125.0
AGN_IndiferenteVirreinal_caja4071_exp024_2,AGN_IndiferenteVirreinal_caja4071_exp024_2_GT.txt,agn_indiferentevirreinal,7,GPT OSS 120B · 8 000 TPM,intermediate/extracted_exports/reviewer_packet_7/01_ANNOTATOR_2026-07-31T23_25_28_968Z_data_export/data_ANN_export_anotations/ANN_Documents/AGN_IndiferenteVirreinal_caja4071_exp024_2_GT_moderno.ann.json,intermediate/extracted_exports/reviewer_packet_7/01_ANNOTATOR_2026-07-31T23_25_28_968Z_data_export/data_ANN_export_anotations/ANN_Documents/AGN_IndiferenteVirreinal_caja4071_exp024_2_GT_moderno.txt,raw/evaluacion_modernizador/modernisation_reviewer_7_packet/AGN_IndiferenteVirreinal_caja4071_exp024_2/AGN_IndiferenteVirreinal_caja4071_exp024_2_GT.txt,intermediate/extracted_exports/reviewer_packet_7/01_ANNOTATOR_2026-07-31T23_25_28_968Z_data_export/data_ANN_export_anotations/annotations-legend.json,raw/evaluacion_modernizador/modernisation_reviewer_7_packet/entities-legends_Modernizador.json,True,True,True,True,True,True,Paloma,True,137,718,572,14,True,137,723,576,14,unicode_word_regex_with_internal_apostrophes_and_hyphens,complete,0,-5,0.0,-0.6915629322268326,18,23,23,18,0,0,0,0,reviewed_with_annotations,131.38686131386862,167.8832116788321
BnF_110_29,BnF_110_29_GT.txt,bnf_110,7,Llama 3.3 70B · 12 000 TPM,intermediate/extracted_exports/reviewer_packet_7/01_ANNOTATOR_2026-07-31T23_25_28_968Z_data_export/data_ANN_export_anotations/ANN_Documents/BnF_110_29_GT_moderno.ann.json,intermediate/extracted_exports/reviewer_packet_7/01_ANNOTATOR_2026-07-31T23_25_28_968Z_data_export/data_ANN_export_anotations/ANN_Documents/BnF_110_29_GT_moderno.txt,raw/evaluacion_modernizador/modernisation_reviewer_7_packet/BnF_110_29/BnF_110_29_GT.txt,intermediate/extracted_exports/reviewer_packet_7/01_ANNOTATOR_2026-07-31T23_25_28_968Z_data_export/data_ANN_export_anotations/annotations-legend.json,raw/evaluacion_modernizador/modernisation_reviewer_7_packet/entities-legends_Modernizador.json,True,True,True,True,True,True,Paloma,True,100,536,437,1,True,102,536,427,17,unicode_word_regex_with_internal_apostrophes_and_hyphens,complete,-2,0,-1.96078431372549,0.0,10,12,12,10,0,0,0,0,reviewed_with_annotations,100.0,120.0
BnF_264_02,BnF_264_02_GT.txt,bnf_264,7,Llama 3.3 70B · 12 000 TPM,intermediate/extracted_exports/reviewer_packet_7/01_ANNOTATOR_2026-07-31T23_25_28_968Z_data_export/data_ANN_export_anotations/ANN_Documents/BnF_264_02_GT_moderno.ann.json,intermediate/extracted_exports/reviewer_packet_7/01_ANNOTATOR_2026-07-31T23_25_28_968Z_data_export/data_ANN_export_anotations/ANN_Documents/BnF_264_02_GT_moderno.txt,raw/evaluacion_modernizador/modernisation_reviewer_7_packet/BnF_264_02/BnF_264_02_GT.txt,intermediate/extracted_exports/reviewer_packet_7/01_ANNOTATOR_2026-07-31T23_25_28_968Z_data_export/data_ANN_export_anotations/annotations-legend.json,raw/evaluacion_modernizador/modernisation_reviewer_7_packet/entities-legends_Modernizador.json,True,True,True,True,True,True,Paloma,True,445,2485,2041,1,True,464,2454,1987,45,unicode_word_regex_with_internal_apostrophes_and_hyphens,complete,-19,31,-4.094827586206897,1.263243683781581,28,28,28,28,0,0,0,0,reviewed_with_annotations,62.921348314606746,62.921348314606746
AGN_AHHacienda_v268_exp046_02,AGN_AHHacienda_v268_exp046_02_GT.txt,agn_ahhacienda,7,Llama 3.3 70B · 12 000 TPM,intermediate/extracted_exports/reviewer_packet_7/01_ANNOTATOR_2026-07-31T23_25_28_968Z_data_export/data_ANN_export_anotations/ANN_Documents/AGN_AHHacienda_v268_exp046_02_GT_moderno.ann.json,intermediate/extracted_exports/reviewer_packet_7/01_ANNOTATOR_2026-07-31T23_25_28_968Z_data_export/data_ANN_export_anotations/ANN_Documents/AGN_AHHacienda_v268_exp046_02_GT_moderno.txt,raw/evaluacion_modernizador/modernisation_reviewer_7_packet/AGN_AHHacienda_v268_exp046_02/AGN_AHHacienda_v268_exp046_02_GT.txt,intermediate/extracted_exports/reviewer_packet_7/01_ANNOTATOR_2026-07-31T23_25_28_968Z_data_export/data_ANN_export_anotations/annotations-legend.json,raw/evaluacion_modernizador/modernisation_reviewer_7_packet/entities-legends_Modernizador.json,True,True,True,True,True,True,Paloma,True,245,1276,1032,1,True,248,1191,938,24,unicode_word_regex_with_internal_apostrophes_and_hyphens,complete,-3,85,-1.2096774193548387,7.136859781696053,22,29,29,22,0,0,0,0,reviewed_with_annotations,89.79591836734693,118.36734693877551
AGN_RealesCedDup_v050_exp062,AGN_RealesCedDup_v050_exp062_GT.txt,agn_realesceddup,7,GPT OSS 120B · 8 000 TPM,intermediate/extracted_exports/reviewer_packet_7/01_ANNOTATOR_2026-07-31T23_25_28_968Z_data_export/data_ANN_export_anotations/ANN_Documents/AGN_RealesCedDup_v050_exp062_GT_moderno.ann.json,intermediate/extracted_exports/reviewer_packet_7/01_ANNOTATOR_2026-07-31T23_25_28_968Z_data_export/data_ANN_export_anotations/ANN_Documents/AGN_RealesCedDup_v050_exp062_GT_moderno.txt,raw/evaluacion_modernizador/modernisation_reviewer_7_packet/AGN_RealesCedDup_v050_exp062/AGN_RealesCedDup_v050_exp062_GT.txt,intermediate/extracted_exports/reviewer_packet_7/01_ANNOTATOR_2026-07-31T23_25_28_968Z_data_export/data_ANN_export_anotations/annotations-legend.json,raw/evaluacion_modernizador/modernisation_reviewer_7_packet/entities-legends_Modernizador.json,True,True,True,True,True,True,Paloma,True,262,1277,999,28,True,262,1283,994,27,unicode_word_regex_with_internal_apostrophes_and_hyphens,complete,0,-6,0.0,-0.4676539360872954,48,60,60,48,0,0,0,0,reviewed_with_annotations,183.206106870229,229.00763358778624
BnF_112_08,BnF_112_08_GT.txt,bnf_112,7,Llama 3.3 70B · 12 000 TPM,intermediate/extracted_exports/reviewer_packet_7/01_ANNOTATOR_2026-07-31T23_25_28_968Z_data_export/data_ANN_export_anotations/ANN_Documents/BnF_112_08_GT_moderno.ann.json,intermediate/extracted_exports/reviewer_packet_7/01_ANNOTATOR_2026-07-31T23_25_28_968Z_data_export/data_ANN_export_anotations/ANN_Documents/BnF_112_08_GT_moderno.txt,raw/evaluacion_modernizador/modernisation_reviewer_7_packet/BnF_112_08/BnF_112_08_GT.txt,intermediate/extracted_exports/reviewer_packet_7/01_ANNOTATOR_2026-07-31T23_25_28_968Z_data_export/data_ANN_export_anotations/annotations-legend.json,raw/evaluacion_modernizador/modernisation_reviewer_7_packet/entities-legends_Modernizador.json,True,True,True,True,True,True,Paloma,True,309,1624,1316,1,True,309,1503,1194,36,unicode_word_regex_with_internal_apostrophes_and_hyphens,complete,0,121,0.0,8.050565535595476,41,45,45,41,0,0,0,0,reviewed_with_annotations,132.68608414239483,145.63106796116503
BnF_032_39,BnF_032_39_GT.txt,bnf_032,7,Llama 3.3 70B · 12 000 TPM,intermediate/extracted_exports/reviewer_packet_7/01_ANNOTATOR_2026-07-31T23_25_28_968Z_data_export/data_ANN_export_anotations/ANN_Documents/BnF_032_39_GT_moderno.ann.json,intermediate/extracted_exports/reviewer_packet_7/01_ANNOTATOR_2026-07-31T23_25_28_968Z_data_export/data_ANN_export_anotations/ANN_Documents/BnF_032_39_GT_moderno.txt,raw/evaluacion_modernizador/modernisation_reviewer_7_packet/BnF_032_39/BnF_032_39_GT.txt,intermediate/extracted_exports/reviewer_packet_7/01_ANNOTATOR_2026-07-31T23_25_28_968Z_data_export/data_ANN_export_anotations/annotations-legend.json,raw/evaluacion_modernizador/modernisation_reviewer_7_packet/entities-legends_Modernizador.json,True,True,True,True,True,True,Paloma,True,242,1304,1063,1,True,248,1215,962,32,unicode_word_regex_with_internal_apostrophes_and_hyphens,complete,-6,89,-2.419354838709677,7.325102880658436,23,35,35,23,0,0,0,0,reviewed_with_annotations,95.0413223140496,144.62809917355372
AGN_GralParte_v001_exp1020_01,AGN_GralParte_v001_exp1020_01_GT.txt,agn_gralparte,7,Llama 3.3 70B · 12 000 TPM,intermediate/extracted_exports/reviewer_packet_7/01_ANNOTATOR_2026-07-31T23_25_28_968Z_data_export/data_ANN_export_anotations/ANN_Documents/AGN_GralParte_v001_exp1020_01_GT_moderno.ann.json,intermediate/extracted_exports/reviewer_packet_7/01_ANNOTATOR_2026-07-31T23_25_28_968Z_data_export/data_ANN_export_anotations/ANN_Documents/AGN_GralParte_v001_exp1020_01_GT_moderno.txt,raw/evaluacion_modernizador/modernisation_reviewer_7_packet/AGN_GralParte_v001_exp1020_01/AGN_GralParte_v001_exp1020_01_GT.txt,intermediate/extracted_exports/reviewer_packet_7/01_ANNOTATOR_2026-07-31T23_25_28_968Z_data_export/data_ANN_export_anotations/annotations-legend.json,raw/evaluacion_modernizador/modernisation_reviewer_7_packet/entities-legends_Modernizador.json,True,True,True,True,True,True,Paloma,True,338,1833,1496,1,True,348,1768,1419,35,unicode_word_regex_with_internal_apostrophes_and_hyphens,complete,-10,65,-2.8735632183908044,3.6764705882352944,8,8,8,8,0,0,0,0,reviewed_with_annotations,23.668639053254438,23.668639053254438
BnF_113_22,BnF_113_22_GT.txt,bnf_113,7,GPT OSS 120B · 8 000 TPM,intermediate/extracted_exports/reviewer_packet_7/01_ANNOTATOR_2026-07-31T23_25_28_968Z_data_export/data_ANN_export_anotations/ANN_Documents/BnF_113_22_GT_moderno.ann.json,intermediate/extracted_exports/reviewer_packet_7/01_ANNOTATOR_2026-07-31T23_25_28_968Z_data_export/data_ANN_export_anotations/ANN_Documents/BnF_113_22_GT_moderno.txt,raw/evaluacion_modernizador/modernisation_reviewer_7_packet/BnF_113_22/BnF_113_22_GT.txt,intermediate/extracted_exports/reviewer_packet_7/01_ANNOTATOR_2026-07-31T23_25_28_968Z_data_export/data_ANN_export_anotations/annotations-legend.json,raw/evaluacion_modernizador/modernisation_reviewer_7_packet/entities-legends_Modernizador.json,True,True,True,True,True,True,Paloma,True,350,1816,1458,46,True,351,1813,1455,43,unicode_word_regex_with_internal_apostrophes_and_hyphens,complete,-1,3,-0.2849002849002849,0.1654715940430226,88,94,94,88,0,0,0,0,reviewed_with_annotations,251.42857142857144,268.57142857142856
AGN_Indios_v002_exp835,AGN_Indios_v002_exp835_GT.txt,agn_indios,7,GPT OSS 120B · 8 000 TPM,intermediate/extracted_exports/reviewer_packet_7/01_ANNOTATOR_2026-07-31T23_25_28_968Z_data_export/data_ANN_export_anotations/ANN_Documents/AGN_Indios_v002_exp835_GT_moderno.ann.json,intermediate/extracted_exports/reviewer_packet_7/01_ANNOTATOR_2026-07-31T23_25_28_968Z_data_export/data_ANN_export_anotations/ANN_Documents/AGN_Indios_v002_exp835_GT_moderno.txt,raw/evaluacion_modernizador/modernisation_reviewer_7_packet/AGN_Indios_v002_exp835/AGN_Indios_v002_exp835_GT.txt,intermediate/extracted_exports/reviewer_packet_7/01_ANNOTATOR_2026-07-31T23_25_28_968Z_data_export/data_ANN_export_anotations/annotations-legend.json,raw/evaluacion_modernizador/modernisation_reviewer_7_packet/entities-legends_Modernizador.json,True,True,True,True,True,True,Paloma,True,414,2166,1750,21,True,601,3072,2447,74,unicode_word_regex_with_internal_apostrophes_and_hyphens,complete,-187,-906,-31.114808652246257,-29.4921875,38,42,42,38,0,0,0,0,reviewed_with_annotations,91.78743961352657,101.44927536231884
BnF_119-148_33,BnF_119-148_33_GT.txt,bnf_119-148,7,Llama 3.3 70B · 12 000 TPM,intermediate/extracted_exports/reviewer_packet_7/01_ANNOTATOR_2026-07-31T23_25_28_968Z_data_export/data_ANN_export_anotations/ANN_Documents/BnF_119-148_33_GT_moderno.ann.json,intermediate/extracted_exports/reviewer_packet_7/01_ANNOTATOR_2026-07-31T23_25_28_968Z_data_export/data_ANN_export_anotations/ANN_Documents/BnF_119-148_33_GT_moderno.txt,raw/evaluacion_modernizador/modernisation_reviewer_7_packet/BnF_119-148_33/BnF_119-148_33_GT.txt,intermediate/extracted_exports/reviewer_packet_7/01_ANNOTATOR_2026-07-31T23_25_28_968Z_data_export/data_ANN_export_anotations/annotations-legend.json,raw/evaluacion_modernizador/modernisation_reviewer_7_packet/entities-legends_Modernizador.json,True,True,True,True,True,True,Paloma,True,558,3121,2564,1,True,559,2996,2447,35,unicode_word_regex_with_internal_apostrophes_and_hyphens,complete,-1,125,-0.1788908765652951,4.172229639519359,47,48,48,47,0,0,0,0,reviewed_with_annotations,84.2293906810036,86.0215053763441
AGI_PATRONATO_181_R13_2,AGI_PATRONATO_181_R13_2_GT.txt,agi_patronato,7,Llama 3.3 70B · 12 000 TPM,intermediate/extracted_exports/reviewer_packet_7/01_ANNOTATOR_2026-07-31T23_25_28_968Z_data_export/data_ANN_export_anotations/ANN_Documents/AGI_PATRONATO_181_R13_2_GT_moderno.ann.json,intermediate/extracted_exports/reviewer_packet_7/01_ANNOTATOR_2026-07-31T23_25_28_968Z_data_export/data_ANN_export_anotations/ANN_Documents/AGI_PATRONATO_181_R13_2_GT_moderno.txt,raw/evaluacion_modernizador/modernisation_reviewer_7_packet/AGI_PATRONATO_181_R13_2/AGI_PATRONATO_181_R13_2_GT.txt,intermediate/extracted_exports/reviewer_packet_7/01_ANNOTATOR_2026-07-31T23_25_28_968Z_data_export/data_ANN_export_anotations/annotations-legend.json,raw/evaluacion_modernizador/modernisation_reviewer_7_packet/entities-legends_Modernizador.json,True,True,True,True,True,True,Paloma,True,312,1782,1471,1,True,325,1751,1418,35,unicode_word_regex_with_internal_apostrophes_and_hyphens,complete,-13,31,-4.0,1.770416904625928,5,5,5,5,0,0,0,0,reviewed_with_annotations,16.025641025641026,16.025641025641026
BnF_030_20,BnF_030_20_GT.txt,bnf_030,7,GPT OSS 120B · 8 000 TPM,intermediate/extracted_exports/reviewer_packet_7/01_ANNOTATOR_2026-07-31T23_25_28_968Z_data_export/data_ANN_export_anotations/ANN_Documents/BnF_030_20_GT_moderno.ann.json,intermediate/extracted_exports/reviewer_packet_7/01_ANNOTATOR_2026-07-31T23_25_28_968Z_data_export/data_ANN_export_anotations/ANN_Documents/BnF_030_20_GT_moderno.txt,raw/evaluacion_modernizador/modernisation_reviewer_7_packet/BnF_030_20/BnF_030_20_GT.txt,intermediate/extracted_exports/reviewer_packet_7/01_ANNOTATOR_2026-07-31T23_25_28_968Z_data_export/data_ANN_export_anotations/annotations-legend.json,raw/evaluacion_modernizador/modernisation_reviewer_7_packet/entities-legends_Modernizador.json,True,True,True,True,True,True,Paloma,True,71,362,291,11,True,71,364,288,12,unicode_word_regex_with_internal_apostrophes_and_hyphens,complete,0,-2,0.0,-0.5494505494505495,7,7,7,7,0,0,0,0,reviewed_with_annotations,98.59154929577464,98.59154929577464
BnF_111_22,BnF_111_22_GT.txt,bnf_111,7,Llama 3.3 70B · 12 000 TPM,intermediate/extracted_exports/reviewer_packet_7/01_ANNOTATOR_2026-07-31T23_25_28_968Z_data_export/data_ANN_export_anotations/ANN_Documents/BnF_111_22_GT_moderno.ann.json,intermediate/extracted_exports/reviewer_packet_7/01_ANNOTATOR_2026-07-31T23_25_28_968Z_data_export/data_ANN_export_anotations/ANN_Documents/BnF_111_22_GT_moderno.txt,raw/evaluacion_modernizador/modernisation_reviewer_7_packet/BnF_111_22/BnF_111_22_GT.txt,intermediate/extracted_exports/reviewer_packet_7/01_ANNOTATOR_2026-07-31T23_25_28_968Z_data_export/data_ANN_export_anotations/annotations-legend.json,raw/evaluacion_modernizador/modernisation_reviewer_7_packet/entities-legends_Modernizador.json,True,True,True,True,True,True,Paloma,True,569,2869,2301,1,True,572,2664,2090,62,unicode_word_regex_with_internal_apostrophes_and_hyphens,complete,-3,205,-0.5244755244755245,7.695195195195195,29,36,36,29,0,0,0,0,reviewed_with_annotations,50.966608084358526,63.2688927943761
BnF_112_04,BnF_112_04_GT.txt,bnf_112,7,GPT OSS 120B · 8 000 TPM,intermediate/extracted_exports/reviewer_packet_7/01_ANNOTATOR_2026-07-31T23_25_28_968Z_data_export/data_ANN_export_anotations/ANN_Documents/BnF_112_04_GT_moderno.ann.json,intermediate/extracted_exports/reviewer_packet_7/01_ANNOTATOR_2026-07-31T23_25_28_968Z_data_export/data_ANN_export_anotations/ANN_Documents/BnF_112_04_GT_moderno.txt,raw/evaluacion_modernizador/modernisation_reviewer_7_packet/BnF_112_04/BnF_112_04_GT.txt,intermediate/extracted_exports/reviewer_packet_7/01_ANNOTATOR_2026-07-31T23_25_28_968Z_data_export/data_ANN_export_anotations/annotations-legend.json,raw/evaluacion_modernizador/modernisation_reviewer_7_packet/entities-legends_Modernizador.json,True,True,True,True,True,True,Paloma,True,277,1473,1166,39,True,277,1478,1170,39,unicode_word_regex_with_internal_apostrophes_and_hyphens,complete,0,-5,0.0,-0.3382949932341001,66,72,72,66,0,0,0,0,reviewed_with_annotations,238.26714801444044,259.927797833935
AGN_HospJesus_c205_exp041_04,AGN_HospJesus_c205_exp041_04_GT.txt,agn_hospjesus,8,Llama 3.3 70B · 12 000 TPM,raw/evaluacion_modernizador/modernisation_reviewer_8_packet/data_ANN_export_anotations/ANN_Documents/AGN_HospJesus_c205_exp041_04_GT_moderno.ann.json,raw/evaluacion_modernizador/modernisation_reviewer_8_packet/data_ANN_export_anotations/ANN_Documents/AGN_HospJesus_c205_exp041_04_GT_moderno.txt,raw/evaluacion_modernizador/modernisation_reviewer_8_packet/AGN_HospJesus_c205_exp041_04/AGN_HospJesus_c205_exp041_04_GT.txt,raw/evaluacion_modernizador/modernisation_reviewer_8_packet/data_ANN_export_anotations/annotations-legend.json,raw/evaluacion_modernizador/modernisation_reviewer_8_packet/entities-legends_Modernizador.json,True,True,True,True,True,True,Flor,True,142,744,603,1,True,147,704,554,18,unicode_word_regex_with_internal_apostrophes_and_hyphens,complete,-5,40,-3.4013605442176877,5.681818181818182,22,22,22,22,0,0,0,0,reviewed_with_annotations,154.9295774647887,154.9295774647887
BnF_113_25,BnF_113_25_GT.txt,bnf_113,8,Llama 3.3 70B · 12 000 TPM,raw/evaluacion_modernizador/modernisation_reviewer_8_packet/data_ANN_export_anotations/ANN_Documents/BnF_113_25_GT_moderno.ann.json,raw/evaluacion_modernizador/modernisation_reviewer_8_packet/data_ANN_export_anotations/ANN_Documents/BnF_113_25_GT_moderno.txt,raw/evaluacion_modernizador/modernisation_reviewer_8_packet/BnF_113_25/BnF_113_25_GT.txt,raw/evaluacion_modernizador/modernisation_reviewer_8_packet/data_ANN_export_anotations/annotations-legend.json,raw/evaluacion_modernizador/modernisation_reviewer_8_packet/entities-legends_Modernizador.json,True,True,True,True,True,True,Flor,True,598,2916,2319,1,True,587,2691,2095,61,unicode_word_regex_with_internal_apostrophes_and_hyphens,complete,11,225,1.8739352640545144,8.361204013377927,9,9,9,9,0,0,0,0,reviewed_with_annotations,15.050167224080267,15.050167224080267
utblac_JGI_XXIV-11_Justlahuaca_57,utblac_JGI_XXIV-11_Justlahuaca_57_GT.txt,utblac_jgi,8,Llama 3.3 70B · 12 000 TPM,raw/evaluacion_modernizador/modernisation_reviewer_8_packet/data_ANN_export_anotations/ANN_Documents/utblac_JGI_XXIV-11_Justlahuaca_57_GT_moderno.ann.json,raw/evaluacion_modernizador/modernisation_reviewer_8_packet/data_ANN_export_anotations/ANN_Documents/utblac_JGI_XXIV-11_Justlahuaca_57_GT_moderno.txt,raw/evaluacion_modernizador/modernisation_reviewer_8_packet/utblac_JGI_XXIV-11_Justlahuaca_57/utblac_JGI_XXIV-11_Justlahuaca_57_GT.txt,raw/evaluacion_modernizador/modernisation_reviewer_8_packet/data_ANN_export_anotations/annotations-legend.json,raw/evaluacion_modernizador/modernisation_reviewer_8_packet/entities-legends_Modernizador.json,True,True,True,True,True,True,Flor,True,307,1690,1384,1,True,317,1708,1356,50,unicode_word_regex_with_internal_apostrophes_and_hyphens,complete,-10,-18,-3.154574132492113,-1.053864168618267,2,2,2,2,0,0,0,0,reviewed_with_annotations,6.514657980456026,6.514657980456026
utblac_gg_mss_g62_duplicated_09,utblac_gg_mss_g62_duplicated_09_GT.txt,utblac_gg,8,Llama 3.3 70B · 12 000 TPM,raw/evaluacion_modernizador/modernisation_reviewer_8_packet/data_ANN_export_anotations/ANN_Documents/utblac_gg_mss_g62_duplicated_09_GT_moderno.ann.json,raw/evaluacion_modernizador/modernisation_reviewer_8_packet/data_ANN_export_anotations/ANN_Documents/utblac_gg_mss_g62_duplicated_09_GT_moderno.txt,raw/evaluacion_modernizador/modernisation_reviewer_8_packet/utblac_gg_mss_g62_duplicated_09/utblac_gg_mss_g62_duplicated_09_GT.txt,raw/evaluacion_modernizador/modernisation_reviewer_8_packet/data_ANN_export_anotations/annotations-legend.json,raw/evaluacion_modernizador/modernisation_reviewer_8_packet/entities-legends_Modernizador.json,True,True,True,True,True,True,Flor,True,215,1138,924,1,True,228,1149,912,31,unicode_word_regex_with_internal_apostrophes_and_hyphens,complete,-13,-11,-5.701754385964912,-0.9573542210617928,11,12,12,11,0,0,0,0,reviewed_with_annotations,51.16279069767442,55.81395348837209
BnF_111_20,BnF_111_20_GT.txt,bnf_111,8,GPT OSS 120B · 8 000 TPM,raw/evaluacion_modernizador/modernisation_reviewer_8_packet/data_ANN_export_anotations/ANN_Documents/BnF_111_20_GT_moderno.ann.json,raw/evaluacion_modernizador/modernisation_reviewer_8_packet/data_ANN_export_anotations/ANN_Documents/BnF_111_20_GT_moderno.txt,raw/evaluacion_modernizador/modernisation_reviewer_8_packet/BnF_111_20/BnF_111_20_GT.txt,raw/evaluacion_modernizador/modernisation_reviewer_8_packet/data_ANN_export_anotations/annotations-legend.json,raw/evaluacion_modernizador/modernisation_reviewer_8_packet/entities-legends_Modernizador.json,True,True,True,True,True,True,Flor,True,459,2333,1868,59,True,462,2335,1867,58,unicode_word_regex_with_internal_apostrophes_and_hyphens,complete,-3,-2,-0.6493506493506493,-0.0856531049250535,109,115,115,109,0,0,0,0,reviewed_with_annotations,237.47276688453158,250.54466230936816
utblac_JGI_XXIII-13_Atlatlauhca_03,utblac_JGI_XXIII-13_Atlatlauhca_03_GT.txt,utblac_jgi,8,Llama 3.3 70B · 12 000 TPM,raw/evaluacion_modernizador/modernisation_reviewer_8_packet/data_ANN_export_anotations/ANN_Documents/utblac_JGI_XXIII-13_Atlatlauhca_03_GT_moderno.ann.json,raw/evaluacion_modernizador/modernisation_reviewer_8_packet/data_ANN_export_anotations/ANN_Documents/utblac_JGI_XXIII-13_Atlatlauhca_03_GT_moderno.txt,raw/evaluacion_modernizador/modernisation_reviewer_8_packet/utblac_JGI_XXIII-13_Atlatlauhca_03/utblac_JGI_XXIII-13_Atlatlauhca_03_GT.txt,raw/evaluacion_modernizador/modernisation_reviewer_8_packet/data_ANN_export_anotations/annotations-legend.json,raw/evaluacion_modernizador/modernisation_reviewer_8_packet/entities-legends_Modernizador.json,True,True,True,True,True,True,Flor,True,63,365,303,1,True,64,372,308,14,unicode_word_regex_with_internal_apostrophes_and_hyphens,complete,-1,-7,-1.5625,-1.881720430107527,4,4,4,4,0,0,0,0,reviewed_with_annotations,63.49206349206349,63.49206349206349
AGN_Inquisicion_v1570A_exp134_fs159-160v_04,AGN_Inquisicion_v1570A_exp134_fs159-160v_04_GT.txt,agn_inquisicion,8,GPT OSS 120B · 8 000 TPM,raw/evaluacion_modernizador/modernisation_reviewer_8_packet/data_ANN_export_anotations/ANN_Documents/AGN_Inquisicion_v1570A_exp134_fs159-160v_04_GT_moderno.ann.json,raw/evaluacion_modernizador/modernisation_reviewer_8_packet/data_ANN_export_anotations/ANN_Documents/AGN_Inquisicion_v1570A_exp134_fs159-160v_04_GT_moderno.txt,raw/evaluacion_modernizador/modernisation_reviewer_8_packet/AGN_Inquisicion_v1570A_exp134_fs159-160v_04/AGN_Inquisicion_v1570A_exp134_fs159-160v_04_GT.txt,raw/evaluacion_modernizador/modernisation_reviewer_8_packet/data_ANN_export_anotations/annotations-legend.json,raw/evaluacion_modernizador/modernisation_reviewer_8_packet/entities-legends_Modernizador.json,True,True,True,True,True,True,Flor,True,10,53,44,3,True,10,53,43,3,unicode_word_regex_with_internal_apostrophes_and_hyphens,complete,0,0,0.0,0.0,3,3,3,3,0,0,0,0,reviewed_with_annotations,300.0,300.0
BnF_394_10,BnF_394_10_GT.txt,bnf_394,8,Llama 3.3 70B · 12 000 TPM,raw/evaluacion_modernizador/modernisation_reviewer_8_packet/data_ANN_export_anotations/ANN_Documents/BnF_394_10_GT_moderno.ann.json,raw/evaluacion_modernizador/modernisation_reviewer_8_packet/data_ANN_export_anotations/ANN_Documents/BnF_394_10_GT_moderno.txt,raw/evaluacion_modernizador/modernisation_reviewer_8_packet/BnF_394_10/BnF_394_10_GT.txt,raw/evaluacion_modernizador/modernisation_reviewer_8_packet/data_ANN_export_anotations/annotations-legend.json,raw/evaluacion_modernizador/modernisation_reviewer_8_packet/entities-legends_Modernizador.json,True,True,True,True,True,True,Flor,True,502,2664,2163,1,True,503,2443,1929,52,unicode_word_regex_with_internal_apostrophes_and_hyphens,complete,-1,221,-0.198807157057654,9.04625460499386,16,16,16,16,0,0,0,0,reviewed_with_annotations,31.872509960159363,31.872509960159363
BnF_111_21,BnF_111_21_GT.txt,bnf_111,8,Llama 3.3 70B · 12 000 TPM,raw/evaluacion_modernizador/modernisation_reviewer_8_packet/data_ANN_export_anotations/ANN_Documents/BnF_111_21_GT_moderno.ann.json,raw/evaluacion_modernizador/modernisation_reviewer_8_packet/data_ANN_export_anotations/ANN_Documents/BnF_111_21_GT_moderno.txt,raw/evaluacion_modernizador/modernisation_reviewer_8_packet/BnF_111_21/BnF_111_21_GT.txt,raw/evaluacion_modernizador/modernisation_reviewer_8_packet/data_ANN_export_anotations/annotations-legend.json,raw/evaluacion_modernizador/modernisation_reviewer_8_packet/entities-legends_Modernizador.json,True,True,True,True,True,True,Flor,True,494,2684,2191,1,True,508,2507,1997,67,unicode_word_regex_with_internal_apostrophes_and_hyphens,complete,-14,177,-2.755905511811024,7.060231352213801,27,27,27,27,0,0,0,0,reviewed_with_annotations,54.655870445344135,54.655870445344135
utblac_eog_v_41_orig_03,utblac_eog_v_41_orig_03_GT.txt,utblac_eog,8,Llama 3.3 70B · 12 000 TPM,raw/evaluacion_modernizador/modernisation_reviewer_8_packet/data_ANN_export_anotations/ANN_Documents/utblac_eog_v_41_orig_03_GT_moderno.ann.json,raw/evaluacion_modernizador/modernisation_reviewer_8_packet/data_ANN_export_anotations/ANN_Documents/utblac_eog_v_41_orig_03_GT_moderno.txt,raw/evaluacion_modernizador/modernisation_reviewer_8_packet/utblac_eog_v_41_orig_03/utblac_eog_v_41_orig_03_GT.txt,raw/evaluacion_modernizador/modernisation_reviewer_8_packet/data_ANN_export_anotations/annotations-legend.json,raw/evaluacion_modernizador/modernisation_reviewer_8_packet/entities-legends_Modernizador.json,True,True,True,True,True,True,Flor,True,166,944,779,1,True,176,959,782,23,unicode_word_regex_with_internal_apostrophes_and_hyphens,complete,-10,-15,-5.681818181818182,-1.5641293013555788,6,6,6,6,0,0,0,0,reviewed_with_annotations,36.144578313253014,36.144578313253014
AGN_Marina_v002_exp024_005,AGN_Marina_v002_exp024_005_GT.txt,agn_marina,8,GPT OSS 120B · 8 000 TPM,raw/evaluacion_modernizador/modernisation_reviewer_8_packet/data_ANN_export_anotations/ANN_Documents/AGN_Marina_v002_exp024_005_GT_moderno.ann.json,raw/evaluacion_modernizador/modernisation_reviewer_8_packet/data_ANN_export_anotations/ANN_Documents/AGN_Marina_v002_exp024_005_GT_moderno.txt,raw/evaluacion_modernizador/modernisation_reviewer_8_packet/AGN_Marina_v002_exp024_005/AGN_Marina_v002_exp024_005_GT.txt,raw/evaluacion_modernizador/modernisation_reviewer_8_packet/data_ANN_export_anotations/annotations-legend.json,raw/evaluacion_modernizador/modernisation_reviewer_8_packet/entities-legends_Modernizador.json,True,True,True,True,True,True,Flor,True,110,644,527,21,True,109,571,456,22,unicode_word_regex_with_internal_apostrophes_and_hyphens,complete,1,73,0.9174311926605504,12.784588441331,6,6,6,6,0,0,0,0,reviewed_with_annotations,54.54545454545454,54.54545454545454
AGI_CONTRATACION_1089_N8_176,AGI_CONTRATACION_1089_N8_176_GT.txt,agi_contratacion,8,Llama 3.3 70B · 12 000 TPM,raw/evaluacion_modernizador/modernisation_reviewer_8_packet/data_ANN_export_anotations/ANN_Documents/AGI_CONTRATACION_1089_N8_176_GT_moderno.ann.json,raw/evaluacion_modernizador/modernisation_reviewer_8_packet/data_ANN_export_anotations/ANN_Documents/AGI_CONTRATACION_1089_N8_176_GT_moderno.txt,raw/evaluacion_modernizador/modernisation_reviewer_8_packet/AGI_CONTRATACION_1089_N8_176/AGI_CONTRATACION_1089_N8_176_GT.txt,raw/evaluacion_modernizador/modernisation_reviewer_8_packet/data_ANN_export_anotations/annotations-legend.json,raw/evaluacion_modernizador/modernisation_reviewer_8_packet/entities-legends_Modernizador.json,True,True,True,True,True,True,Flor,True,206,1148,943,1,True,232,1128,890,44,unicode_word_regex_with_internal_apostrophes_and_hyphens,complete,-26,20,-11.20689655172414,1.773049645390071,20,24,24,20,0,0,0,0,reviewed_with_annotations,97.08737864077669,116.50485436893204
BnF_032_15,BnF_032_15_GT.txt,bnf_032,8,GPT OSS 120B · 8 000 TPM,raw/evaluacion_modernizador/modernisation_reviewer_8_packet/data_ANN_export_anotations/ANN_Documents/BnF_032_15_GT_moderno.ann.json,raw/evaluacion_modernizador/modernisation_reviewer_8_packet/data_ANN_export_anotations/ANN_Documents/BnF_032_15_GT_moderno.txt,raw/evaluacion_modernizador/modernisation_reviewer_8_packet/BnF_032_15/BnF_032_15_GT.txt,raw/evaluacion_modernizador/modernisation_reviewer_8_packet/data_ANN_export_anotations/annotations-legend.json,raw/evaluacion_modernizador/modernisation_reviewer_8_packet/entities-legends_Modernizador.json,True,True,True,True,True,True,Flor,True,12,59,48,3,True,12,61,48,3,unicode_word_regex_with_internal_apostrophes_and_hyphens,complete,0,-2,0.0,-3.278688524590164,4,5,5,4,0,0,0,0,reviewed_with_annotations,333.3333333333333,416.6666666666667
BnF_394_05,BnF_394_05_GT.txt,bnf_394,8,Llama 3.3 70B · 12 000 TPM,raw/evaluacion_modernizador/modernisation_reviewer_8_packet/data_ANN_export_anotations/ANN_Documents/BnF_394_05_GT_moderno.ann.json,raw/evaluacion_modernizador/modernisation_reviewer_8_packet/data_ANN_export_anotations/ANN_Documents/BnF_394_05_GT_moderno.txt,raw/evaluacion_modernizador/modernisation_reviewer_8_packet/BnF_394_05/BnF_394_05_GT.txt,raw/evaluacion_modernizador/modernisation_reviewer_8_packet/data_ANN_export_anotations/annotations-legend.json,raw/evaluacion_modernizador/modernisation_reviewer_8_packet/entities-legends_Modernizador.json,True,True,True,True,True,True,Flor,True,29,157,129,1,True,30,142,111,4,unicode_word_regex_with_internal_apostrophes_and_hyphens,complete,-1,15,-3.333333333333333,10.56338028169014,2,2,2,2,0,0,0,0,reviewed_with_annotations,68.9655172413793,68.9655172413793
BnF_119-148_16,BnF_119-148_16_GT.txt,bnf_119-148,8,Llama 3.3 70B · 12 000 TPM,raw/evaluacion_modernizador/modernisation_reviewer_8_packet/data_ANN_export_anotations/ANN_Documents/BnF_119-148_16_GT_moderno.ann.json,raw/evaluacion_modernizador/modernisation_reviewer_8_packet/data_ANN_export_anotations/ANN_Documents/BnF_119-148_16_GT_moderno.txt,raw/evaluacion_modernizador/modernisation_reviewer_8_packet/BnF_119-148_16/BnF_119-148_16_GT.txt,raw/evaluacion_modernizador/modernisation_reviewer_8_packet/data_ANN_export_anotations/annotations-legend.json,raw/evaluacion_modernizador/modernisation_reviewer_8_packet/entities-legends_Modernizador.json,True,True,True,True,True,True,Flor,True,223,1291,1069,1,True,233,1293,1058,18,unicode_word_regex_with_internal_apostrophes_and_hyphens,complete,-10,-2,-4.291845493562231,-0.1546790409899458,7,9,9,7,0,0,0,0,reviewed_with_annotations,31.390134529147982,40.35874439461883
AGS_CE_RG_L379_05,AGS_CE_RG_L379_05_GT.txt,ags_ce,8,Llama 3.3 70B · 12 000 TPM,raw/evaluacion_modernizador/modernisation_reviewer_8_packet/data_ANN_export_anotations/ANN_Documents/AGS_CE_RG_L379_05_GT_moderno.ann.json,raw/evaluacion_modernizador/modernisation_reviewer_8_packet/data_ANN_export_anotations/ANN_Documents/AGS_CE_RG_L379_05_GT_moderno.txt,raw/evaluacion_modernizador/modernisation_reviewer_8_packet/AGS_CE_RG_L379_05/AGS_CE_RG_L379_05_GT.txt,raw/evaluacion_modernizador/modernisation_reviewer_8_packet/data_ANN_export_anotations/annotations-legend.json,raw/evaluacion_modernizador/modernisation_reviewer_8_packet/entities-legends_Modernizador.json,True,True,True,True,True,True,Flor,True,189,1062,874,1,True,199,1071,866,37,unicode_word_regex_with_internal_apostrophes_and_hyphens,complete,-10,-9,-5.025125628140704,-0.8403361344537815,3,3,3,3,0,0,0,0,reviewed_with_annotations,15.873015873015872,15.873015873015872
BnF_117_15,BnF_117_15_GT.txt,bnf_117,8,Llama 3.3 70B · 12 000 TPM,raw/evaluacion_modernizador/modernisation_reviewer_8_packet/data_ANN_export_anotations/ANN_Documents/BnF_117_15_GT_moderno.ann.json,raw/evaluacion_modernizador/modernisation_reviewer_8_packet/data_ANN_export_anotations/ANN_Documents/BnF_117_15_GT_moderno.txt,raw/evaluacion_modernizador/modernisation_reviewer_8_packet/BnF_117_15/BnF_117_15_GT.txt,raw/evaluacion_modernizador/modernisation_reviewer_8_packet/data_ANN_export_anotations/annotations-legend.json,raw/evaluacion_modernizador/modernisation_reviewer_8_packet/entities-legends_Modernizador.json,True,True,True,True,True,True,Flor,True,136,728,593,1,True,139,676,531,18,unicode_word_regex_with_internal_apostrophes_and_hyphens,complete,-3,52,-2.158273381294964,7.6923076923076925,2,2,2,2,0,0,0,0,reviewed_with_annotations,14.705882352941176,14.705882352941176
utblac_gg_mss_g62_duplicated_03,utblac_gg_mss_g62_duplicated_03_GT.txt,utblac_gg,8,Llama 3.3 70B · 12 000 TPM,raw/evaluacion_modernizador/modernisation_reviewer_8_packet/data_ANN_export_anotations/ANN_Documents/utblac_gg_mss_g62_duplicated_03_GT_moderno.ann.json,raw/evaluacion_modernizador/modernisation_reviewer_8_packet/data_ANN_export_anotations/ANN_Documents/utblac_gg_mss_g62_duplicated_03_GT_moderno.txt,raw/evaluacion_modernizador/modernisation_reviewer_8_packet/utblac_gg_mss_g62_duplicated_03/utblac_gg_mss_g62_duplicated_03_GT.txt,raw/evaluacion_modernizador/modernisation_reviewer_8_packet/data_ANN_export_anotations/annotations-legend.json,raw/evaluacion_modernizador/modernisation_reviewer_8_packet/entities-legends_Modernizador.json,True,True,True,True,True,True,Flor,True,184,1100,917,1,True,187,1078,875,42,unicode_word_regex_with_internal_apostrophes_and_hyphens,complete,-3,22,-1.6042780748663104,2.0408163265306123,11,11,11,11,0,0,0,0,reviewed_with_annotations,59.78260869565218,59.78260869565218
AGN_Tierras_v039-2_exp003_41,AGN_Tierras_v039-2_exp003_41_GT.txt,agn_tierras,8,Llama 3.3 70B · 12 000 TPM,raw/evaluacion_modernizador/modernisation_reviewer_8_packet/data_ANN_export_anotations/ANN_Documents/AGN_Tierras_v039-2_exp003_41_GT_moderno.ann.json,raw/evaluacion_modernizador/modernisation_reviewer_8_packet/data_ANN_export_anotations/ANN_Documents/AGN_Tierras_v039-2_exp003_41_GT_moderno.txt,raw/evaluacion_modernizador/modernisation_reviewer_8_packet/AGN_Tierras_v039-2_exp003_41/AGN_Tierras_v039-2_exp003_41_GT.txt,raw/evaluacion_modernizador/modernisation_reviewer_8_packet/data_ANN_export_anotations/annotations-legend.json,raw/evaluacion_modernizador/modernisation_reviewer_8_packet/entities-legends_Modernizador.json,True,True,True,True,True,True,Flor,True,184,1003,820,1,True,195,1018,820,32,unicode_word_regex_with_internal_apostrophes_and_hyphens,complete,-11,-15,-5.641025641025641,-1.4734774066797642,14,15,15,14,0,0,0,0,reviewed_with_annotations,76.08695652173914,81.52173913043478
BnF_266_10,BnF_266_10_GT.txt,bnf_266,8,Llama 3.3 70B · 12 000 TPM,raw/evaluacion_modernizador/modernisation_reviewer_8_packet/data_ANN_export_anotations/ANN_Documents/BnF_266_10_GT_moderno.ann.json,raw/evaluacion_modernizador/modernisation_reviewer_8_packet/data_ANN_export_anotations/ANN_Documents/BnF_266_10_GT_moderno.txt,raw/evaluacion_modernizador/modernisation_reviewer_8_packet/BnF_266_10/BnF_266_10_GT.txt,raw/evaluacion_modernizador/modernisation_reviewer_8_packet/data_ANN_export_anotations/annotations-legend.json,raw/evaluacion_modernizador/modernisation_reviewer_8_packet/entities-legends_Modernizador.json,True,True,True,True,True,True,Flor,True,800,4361,3562,1,True,830,4324,3468,81,unicode_word_regex_with_internal_apostrophes_and_hyphens,complete,-30,37,-3.614457831325301,0.8556891766882516,40,48,48,40,0,0,0,0,reviewed_with_annotations,50.0,60.0
utblac_wbs_1433_duplicated_1,utblac_wbs_1433_duplicated_1_GT.txt,utblac_wbs,9,Llama 3.3 70B · 12 000 TPM,intermediate/extracted_exports/reviewer_packet_9/01_ANNOTATOR_2026-07-29T15_35_20_792Z_data_export/data_ANN_export_anotations/ANN_Documents/utblac_wbs_1433_duplicated_1_GT_moderno.ann.json,intermediate/extracted_exports/reviewer_packet_9/01_ANNOTATOR_2026-07-29T15_35_20_792Z_data_export/data_ANN_export_anotations/ANN_Documents/utblac_wbs_1433_duplicated_1_GT_moderno.txt,raw/evaluacion_modernizador/modernisation_reviewer_9_packet/utblac_wbs_1433_duplicated_1/utblac_wbs_1433_duplicated_1_GT.txt,intermediate/extracted_exports/reviewer_packet_9/01_ANNOTATOR_2026-07-29T15_35_20_792Z_data_export/data_ANN_export_anotations/annotations-legend.json,raw/evaluacion_modernizador/modernisation_reviewer_9_packet/entities-legends_Modernizador.json,True,True,True,True,True,True,Rodrigo,True,544,3119,2576,1,True,580,3221,2628,31,unicode_word_regex_with_internal_apostrophes_and_hyphens,complete,-36,-102,-6.206896551724138,-3.166718410431544,19,22,22,19,0,0,0,0,reviewed_with_annotations,34.9264705882353,40.44117647058824
LoC_HPKraus_138_new_14,LoC_HPKraus_138_new_14_GT.txt,loc_hpkraus,9,Llama 3.3 70B · 12 000 TPM,intermediate/extracted_exports/reviewer_packet_9/01_ANNOTATOR_2026-07-29T15_35_20_792Z_data_export/data_ANN_export_anotations/ANN_Documents/LoC_HPKraus_138_new_14_GT_moderno.ann.json,intermediate/extracted_exports/reviewer_packet_9/01_ANNOTATOR_2026-07-29T15_35_20_792Z_data_export/data_ANN_export_anotations/ANN_Documents/LoC_HPKraus_138_new_14_GT_moderno.txt,raw/evaluacion_modernizador/modernisation_reviewer_9_packet/LoC_HPKraus_138_new_14/LoC_HPKraus_138_new_14_GT.txt,intermediate/extracted_exports/reviewer_packet_9/01_ANNOTATOR_2026-07-29T15_35_20_792Z_data_export/data_ANN_export_anotations/annotations-legend.json,raw/evaluacion_modernizador/modernisation_reviewer_9_packet/entities-legends_Modernizador.json,True,True,True,True,True,True,Rodrigo,True,232,1318,1087,1,True,239,1283,1041,31,unicode_word_regex_with_internal_apostrophes_and_hyphens,complete,-7,35,-2.928870292887029,2.7279812938425563,2,2,2,2,0,0,0,0,reviewed_with_annotations,8.620689655172413,8.620689655172413
BnF_243_16,BnF_243_16_GT.txt,bnf_243,9,Llama 3.3 70B · 12 000 TPM,intermediate/extracted_exports/reviewer_packet_9/01_ANNOTATOR_2026-07-29T15_35_20_792Z_data_export/data_ANN_export_anotations/ANN_Documents/BnF_243_16_GT_moderno.ann.json,intermediate/extracted_exports/reviewer_packet_9/01_ANNOTATOR_2026-07-29T15_35_20_792Z_data_export/data_ANN_export_anotations/ANN_Documents/BnF_243_16_GT_moderno.txt,raw/evaluacion_modernizador/modernisation_reviewer_9_packet/BnF_243_16/BnF_243_16_GT.txt,intermediate/extracted_exports/reviewer_packet_9/01_ANNOTATOR_2026-07-29T15_35_20_792Z_data_export/data_ANN_export_anotations/annotations-legend.json,raw/evaluacion_modernizador/modernisation_reviewer_9_packet/entities-legends_Modernizador.json,True,True,True,True,True,True,Rodrigo,True,417,2318,1902,1,True,433,2313,1870,41,unicode_word_regex_with_internal_apostrophes_and_hyphens,complete,-16,5,-3.695150115473441,0.2161694768698659,47,56,56,47,0,0,0,0,reviewed_with_annotations,112.70983213429255,134.2925659472422
BNE_ms3047_1,BNE_ms3047_1_GT.txt,bne_ms3047,9,GPT OSS 120B · 8 000 TPM,intermediate/extracted_exports/reviewer_packet_9/01_ANNOTATOR_2026-07-29T15_35_20_792Z_data_export/data_ANN_export_anotations/ANN_Documents/BNE_ms3047_1_GT_moderno.ann.json,intermediate/extracted_exports/reviewer_packet_9/01_ANNOTATOR_2026-07-29T15_35_20_792Z_data_export/data_ANN_export_anotations/ANN_Documents/BNE_ms3047_1_GT_moderno.txt,raw/evaluacion_modernizador/modernisation_reviewer_9_packet/BNE_ms3047_1/BNE_ms3047_1_GT.txt,intermediate/extracted_exports/reviewer_packet_9/01_ANNOTATOR_2026-07-29T15_35_20_792Z_data_export/data_ANN_export_anotations/annotations-legend.json,raw/evaluacion_modernizador/modernisation_reviewer_9_packet/entities-legends_Modernizador.json,True,True,True,True,True,True,Rodrigo,True,513,2719,2204,40,True,510,2671,2148,40,unicode_word_regex_with_internal_apostrophes_and_hyphens,complete,3,48,0.5882352941176471,1.7970797454137026,103,113,113,103,0,0,0,0,reviewed_with_annotations,200.77972709551656,220.27290448343078
AGS_CE_RG_L379_04,AGS_CE_RG_L379_04_GT.txt,ags_ce,9,Llama 3.3 70B · 12 000 TPM,intermediate/extracted_exports/reviewer_packet_9/01_ANNOTATOR_2026-07-29T15_35_20_792Z_data_export/data_ANN_export_anotations/ANN_Documents/AGS_CE_RG_L379_04_GT_moderno.ann.json,intermediate/extracted_exports/reviewer_packet_9/01_ANNOTATOR_2026-07-29T15_35_20_792Z_data_export/data_ANN_export_anotations/ANN_Documents/AGS_CE_RG_L379_04_GT_moderno.txt,raw/evaluacion_modernizador/modernisation_reviewer_9_packet/AGS_CE_RG_L379_04/AGS_CE_RG_L379_04_GT.txt,intermediate/extracted_exports/reviewer_packet_9/01_ANNOTATOR_2026-07-29T15_35_20_792Z_data_export/data_ANN_export_anotations/annotations-legend.json,raw/evaluacion_modernizador/modernisation_reviewer_9_packet/entities-legends_Modernizador.json,True,True,True,True,True,True,Rodrigo,True,181,971,792,1,True,189,1003,808,38,unicode_word_regex_with_internal_apostrophes_and_hyphens,complete,-8,-32,-4.232804232804233,-3.1904287138584246,12,13,13,12,0,0,0,0,reviewed_with_annotations,66.29834254143645,71.8232044198895
AGN_GralParte_v006_exp617_02,AGN_GralParte_v006_exp617_02_GT.txt,agn_gralparte,9,Llama 3.3 70B · 12 000 TPM,intermediate/extracted_exports/reviewer_packet_9/01_ANNOTATOR_2026-07-29T15_35_20_792Z_data_export/data_ANN_export_anotations/ANN_Documents/AGN_GralParte_v006_exp617_02_GT_moderno.ann.json,intermediate/extracted_exports/reviewer_packet_9/01_ANNOTATOR_2026-07-29T15_35_20_792Z_data_export/data_ANN_export_anotations/ANN_Documents/AGN_GralParte_v006_exp617_02_GT_moderno.txt,raw/evaluacion_modernizador/modernisation_reviewer_9_packet/AGN_GralParte_v006_exp617_02/AGN_GralParte_v006_exp617_02_GT.txt,intermediate/extracted_exports/reviewer_packet_9/01_ANNOTATOR_2026-07-29T15_35_20_792Z_data_export/data_ANN_export_anotations/annotations-legend.json,raw/evaluacion_modernizador/modernisation_reviewer_9_packet/entities-legends_Modernizador.json,True,True,True,True,True,True,Rodrigo,True,446,2239,1794,1,True,446,2093,1646,41,unicode_word_regex_with_internal_apostrophes_and_hyphens,complete,0,146,0.0,6.975633062589584,46,54,54,46,0,0,0,0,reviewed_with_annotations,103.13901345291481,121.0762331838565
AGI_INDIFERENTE_1529_N8_06,AGI_INDIFERENTE_1529_N8_06_GT.txt,agi_indiferente,9,Llama 3.3 70B · 12 000 TPM,intermediate/extracted_exports/reviewer_packet_9/01_ANNOTATOR_2026-07-29T15_35_20_792Z_data_export/data_ANN_export_anotations/ANN_Documents/AGI_INDIFERENTE_1529_N8_06_GT_moderno.ann.json,intermediate/extracted_exports/reviewer_packet_9/01_ANNOTATOR_2026-07-29T15_35_20_792Z_data_export/data_ANN_export_anotations/ANN_Documents/AGI_INDIFERENTE_1529_N8_06_GT_moderno.txt,raw/evaluacion_modernizador/modernisation_reviewer_9_packet/AGI_INDIFERENTE_1529_N8_06/AGI_INDIFERENTE_1529_N8_06_GT.txt,intermediate/extracted_exports/reviewer_packet_9/01_ANNOTATOR_2026-07-29T15_35_20_792Z_data_export/data_ANN_export_anotations/annotations-legend.json,raw/evaluacion_modernizador/modernisation_reviewer_9_packet/entities-legends_Modernizador.json,True,True,True,True,True,True,Rodrigo,True,421,2264,1844,1,True,418,2215,1791,37,unicode_word_regex_with_internal_apostrophes_and_hyphens,complete,3,49,0.7177033492822966,2.2121896162528216,28,31,31,28,0,0,0,0,reviewed_with_annotations,66.5083135391924,73.63420427553444
AGI_INDIFERENTE_2065_N45_09,AGI_INDIFERENTE_2065_N45_09_GT.txt,agi_indiferente,9,GPT OSS 120B · 8 000 TPM,intermediate/extracted_exports/reviewer_packet_9/01_ANNOTATOR_2026-07-29T15_35_20_792Z_data_export/data_ANN_export_anotations/ANN_Documents/AGI_INDIFERENTE_2065_N45_09_GT_moderno.ann.json,intermediate/extracted_exports/reviewer_packet_9/01_ANNOTATOR_2026-07-29T15_35_20_792Z_data_export/data_ANN_export_anotations/ANN_Documents/AGI_INDIFERENTE_2065_N45_09_GT_moderno.txt,raw/evaluacion_modernizador/modernisation_reviewer_9_packet/AGI_INDIFERENTE_2065_N45_09/AGI_INDIFERENTE_2065_N45_09_GT.txt,intermediate/extracted_exports/reviewer_packet_9/01_ANNOTATOR_2026-07-29T15_35_20_792Z_data_export/data_ANN_export_anotations/annotations-legend.json,raw/evaluacion_modernizador/modernisation_reviewer_9_packet/entities-legends_Modernizador.json,True,True,True,True,True,True,Rodrigo,True,191,944,753,31,True,193,947,754,31,unicode_word_regex_with_internal_apostrophes_and_hyphens,complete,-2,-3,-1.0362694300518136,-0.3167898627243928,46,52,52,46,0,0,0,0,reviewed_with_annotations,240.83769633507853,272.25130890052355
BnF_118_02,BnF_118_02_GT.txt,bnf_118,9,Llama 3.3 70B · 12 000 TPM,intermediate/extracted_exports/reviewer_packet_9/01_ANNOTATOR_2026-07-29T15_35_20_792Z_data_export/data_ANN_export_anotations/ANN_Documents/BnF_118_02_GT_moderno.ann.json,intermediate/extracted_exports/reviewer_packet_9/01_ANNOTATOR_2026-07-29T15_35_20_792Z_data_export/data_ANN_export_anotations/ANN_Documents/BnF_118_02_GT_moderno.txt,raw/evaluacion_modernizador/modernisation_reviewer_9_packet/BnF_118_02/BnF_118_02_GT.txt,intermediate/extracted_exports/reviewer_packet_9/01_ANNOTATOR_2026-07-29T15_35_20_792Z_data_export/data_ANN_export_anotations/annotations-legend.json,raw/evaluacion_modernizador/modernisation_reviewer_9_packet/entities-legends_Modernizador.json,True,True,True,True,True,True,Rodrigo,True,27,155,129,1,True,30,158,127,10,unicode_word_regex_with_internal_apostrophes_and_hyphens,complete,-3,-3,-10.0,-1.89873417721519,4,4,4,4,0,0,0,0,reviewed_with_annotations,148.14814814814815,148.14814814814815
BnF_394_07,BnF_394_07_GT.txt,bnf_394,9,Llama 3.3 70B · 12 000 TPM,intermediate/extracted_exports/reviewer_packet_9/01_ANNOTATOR_2026-07-29T15_35_20_792Z_data_export/data_ANN_export_anotations/ANN_Documents/BnF_394_07_GT_moderno.ann.json,intermediate/extracted_exports/reviewer_packet_9/01_ANNOTATOR_2026-07-29T15_35_20_792Z_data_export/data_ANN_export_anotations/ANN_Documents/BnF_394_07_GT_moderno.txt,raw/evaluacion_modernizador/modernisation_reviewer_9_packet/BnF_394_07/BnF_394_07_GT.txt,intermediate/extracted_exports/reviewer_packet_9/01_ANNOTATOR_2026-07-29T15_35_20_792Z_data_export/data_ANN_export_anotations/annotations-legend.json,raw/evaluacion_modernizador/modernisation_reviewer_9_packet/entities-legends_Modernizador.json,True,True,True,True,True,True,Rodrigo,True,413,2194,1782,1,True,416,1992,1569,45,unicode_word_regex_with_internal_apostrophes_and_hyphens,complete,-3,202,-0.7211538461538461,10.140562248995984,17,21,21,17,0,0,0,0,reviewed_with_annotations,41.16222760290557,50.84745762711865
AGN_GralParte_v006_exp617_01,AGN_GralParte_v006_exp617_01_GT.txt,agn_gralparte,9,GPT OSS 120B · 8 000 TPM,intermediate/extracted_exports/reviewer_packet_9/01_ANNOTATOR_2026-07-29T15_35_20_792Z_data_export/data_ANN_export_anotations/ANN_Documents/AGN_GralParte_v006_exp617_01_GT_moderno.ann.json,intermediate/extracted_exports/reviewer_packet_9/01_ANNOTATOR_2026-07-29T15_35_20_792Z_data_export/data_ANN_export_anotations/ANN_Documents/AGN_GralParte_v006_exp617_01_GT_moderno.txt,raw/evaluacion_modernizador/modernisation_reviewer_9_packet/AGN_GralParte_v006_exp617_01/AGN_GralParte_v006_exp617_01_GT.txt,intermediate/extracted_exports/reviewer_packet_9/01_ANNOTATOR_2026-07-29T15_35_20_792Z_data_export/data_ANN_export_anotations/annotations-legend.json,raw/evaluacion_modernizador/modernisation_reviewer_9_packet/entities-legends_Modernizador.json,True,True,True,True,True,True,Rodrigo,True,459,2320,1860,48,True,459,2330,1870,47,unicode_word_regex_with_internal_apostrophes_and_hyphens,complete,0,-10,0.0,-0.4291845493562232,141,168,168,141,0,0,0,0,reviewed_with_annotations,307.18954248366015,366.0130718954248
BnF_266_03,BnF_266_03_GT.txt,bnf_266,9,Llama 3.3 70B · 12 000 TPM,intermediate/extracted_exports/reviewer_packet_9/01_ANNOTATOR_2026-07-29T15_35_20_792Z_data_export/data_ANN_export_anotations/ANN_Documents/BnF_266_03_GT_moderno.ann.json,intermediate/extracted_exports/reviewer_packet_9/01_ANNOTATOR_2026-07-29T15_35_20_792Z_data_export/data_ANN_export_anotations/ANN_Documents/BnF_266_03_GT_moderno.txt,raw/evaluacion_modernizador/modernisation_reviewer_9_packet/BnF_266_03/BnF_266_03_GT.txt,intermediate/extracted_exports/reviewer_packet_9/01_ANNOTATOR_2026-07-29T15_35_20_792Z_data_export/data_ANN_export_anotations/annotations-legend.json,raw/evaluacion_modernizador/modernisation_reviewer_9_packet/entities-legends_Modernizador.json,True,True,True,True,True,True,Rodrigo,True,766,4131,3366,1,True,793,4082,3282,70,unicode_word_regex_with_internal_apostrophes_and_hyphens,complete,-27,49,-3.4047919293820934,1.2003919647231749,37,43,40,34,3,3,0,0,reviewed_with_annotations,44.38642297650131,52.21932114882506
AGN_HospJesus_c474_leg267-2_exp024_7473-7537_05,AGN_HospJesus_c474_leg267-2_exp024_7473-7537_05_GT.txt,agn_hospjesus,9,Llama 3.3 70B · 12 000 TPM,intermediate/extracted_exports/reviewer_packet_9/01_ANNOTATOR_2026-07-29T15_35_20_792Z_data_export/data_ANN_export_anotations/ANN_Documents/AGN_HospJesus_c474_leg267-2_exp024_7473-7537_05_GT_moderno.ann.json,intermediate/extracted_exports/reviewer_packet_9/01_ANNOTATOR_2026-07-29T15_35_20_792Z_data_export/data_ANN_export_anotations/ANN_Documents/AGN_HospJesus_c474_leg267-2_exp024_7473-7537_05_GT_moderno.txt,raw/evaluacion_modernizador/modernisation_reviewer_9_packet/AGN_HospJesus_c474_leg267-2_exp024_7473-7537_05/AGN_HospJesus_c474_leg267-2_exp024_7473-7537_05_GT.txt,intermediate/extracted_exports/reviewer_packet_9/01_ANNOTATOR_2026-07-29T15_35_20_792Z_data_export/data_ANN_export_anotations/annotations-legend.json,raw/evaluacion_modernizador/modernisation_reviewer_9_packet/entities-legends_Modernizador.json,True,True,True,True,True,True,Rodrigo,True,307,1679,1373,1,True,321,1727,1406,31,unicode_word_regex_with_internal_apostrophes_and_hyphens,complete,-14,-48,-4.361370716510903,-2.779386218876665,21,24,24,21,0,0,0,0,reviewed_with_annotations,68.40390879478828,78.1758957654723
AGN_Inquisicion_v1568A_exp152_fs115-116v_01,AGN_Inquisicion_v1568A_exp152_fs115-116v_01_GT.txt,agn_inquisicion,9,Llama 3.3 70B · 12 000 TPM,intermediate/extracted_exports/reviewer_packet_9/01_ANNOTATOR_2026-07-29T15_35_20_792Z_data_export/data_ANN_export_anotations/ANN_Documents/AGN_Inquisicion_v1568A_exp152_fs115-116v_01_GT_moderno.ann.json,intermediate/extracted_exports/reviewer_packet_9/01_ANNOTATOR_2026-07-29T15_35_20_792Z_data_export/data_ANN_export_anotations/ANN_Documents/AGN_Inquisicion_v1568A_exp152_fs115-116v_01_GT_moderno.txt,raw/evaluacion_modernizador/modernisation_reviewer_9_packet/AGN_Inquisicion_v1568A_exp152_fs115-116v_01/AGN_Inquisicion_v1568A_exp152_fs115-116v_01_GT.txt,intermediate/extracted_exports/reviewer_packet_9/01_ANNOTATOR_2026-07-29T15_35_20_792Z_data_export/data_ANN_export_anotations/annotations-legend.json,raw/evaluacion_modernizador/modernisation_reviewer_9_packet/entities-legends_Modernizador.json,True,True,True,True,True,True,Rodrigo,True,258,1468,1212,1,True,263,1436,1173,36,unicode_word_regex_with_internal_apostrophes_and_hyphens,complete,-5,32,-1.9011406844106464,2.2284122562674096,8,9,9,8,0,0,0,0,reviewed_with_annotations,31.007751937984494,34.883720930232556
AMP_AC_v021__doc026_1,AMP_AC_v021__doc026_1_GT.txt,amp_ac,9,GPT OSS 120B · 8 000 TPM,intermediate/extracted_exports/reviewer_packet_9/01_ANNOTATOR_2026-07-29T15_35_20_792Z_data_export/data_ANN_export_anotations/ANN_Documents/AMP_AC_v021__doc026_1_GT_moderno.ann.json,intermediate/extracted_exports/reviewer_packet_9/01_ANNOTATOR_2026-07-29T15_35_20_792Z_data_export/data_ANN_export_anotations/ANN_Documents/AMP_AC_v021__doc026_1_GT_moderno.txt,raw/evaluacion_modernizador/modernisation_reviewer_9_packet/AMP_AC_v021__doc026_1/AMP_AC_v021__doc026_1_GT.txt,intermediate/extracted_exports/reviewer_packet_9/01_ANNOTATOR_2026-07-29T15_35_20_792Z_data_export/data_ANN_export_anotations/annotations-legend.json,raw/evaluacion_modernizador/modernisation_reviewer_9_packet/entities-legends_Modernizador.json,True,True,True,True,True,True,Rodrigo,True,188,1005,816,22,True,217,1147,929,31,unicode_word_regex_with_internal_apostrophes_and_hyphens,complete,-29,-142,-13.36405529953917,-12.380122057541412,24,34,34,24,0,0,0,0,reviewed_with_annotations,127.6595744680851,180.85106382978725
BP_CM_32386_007_2,BP_CM_32386_007_2_GT.txt,bp_cm,9,Llama 3.3 70B · 12 000 TPM,intermediate/extracted_exports/reviewer_packet_9/01_ANNOTATOR_2026-07-29T15_35_20_792Z_data_export/data_ANN_export_anotations/ANN_Documents/BP_CM_32386_007_2_GT_moderno.ann.json,intermediate/extracted_exports/reviewer_packet_9/01_ANNOTATOR_2026-07-29T15_35_20_792Z_data_export/data_ANN_export_anotations/ANN_Documents/BP_CM_32386_007_2_GT_moderno.txt,raw/evaluacion_modernizador/modernisation_reviewer_9_packet/BP_CM_32386_007_2/BP_CM_32386_007_2_GT.txt,intermediate/extracted_exports/reviewer_packet_9/01_ANNOTATOR_2026-07-29T15_35_20_792Z_data_export/data_ANN_export_anotations/annotations-legend.json,raw/evaluacion_modernizador/modernisation_reviewer_9_packet/entities-legends_Modernizador.json,True,True,True,True,True,True,Rodrigo,True,358,2055,1698,1,True,362,2020,1659,34,unicode_word_regex_with_internal_apostrophes_and_hyphens,complete,-4,35,-1.1049723756906076,1.7326732673267329,13,13,13,13,0,0,0,0,reviewed_with_annotations,36.312849162011176,36.312849162011176
BnF_030_27,BnF_030_27_GT.txt,bnf_030,9,GPT OSS 120B · 8 000 TPM,intermediate/extracted_exports/reviewer_packet_9/01_ANNOTATOR_2026-07-29T15_35_20_792Z_data_export/data_ANN_export_anotations/ANN_Documents/BnF_030_27_GT_moderno.ann.json,intermediate/extracted_exports/reviewer_packet_9/01_ANNOTATOR_2026-07-29T15_35_20_792Z_data_export/data_ANN_export_anotations/ANN_Documents/BnF_030_27_GT_moderno.txt,raw/evaluacion_modernizador/modernisation_reviewer_9_packet/BnF_030_27/BnF_030_27_GT.txt,intermediate/extracted_exports/reviewer_packet_9/01_ANNOTATOR_2026-07-29T15_35_20_792Z_data_export/data_ANN_export_anotations/annotations-legend.json,raw/evaluacion_modernizador/modernisation_reviewer_9_packet/entities-legends_Modernizador.json,True,True,True,True,True,True,Rodrigo,True,278,1364,1084,23,True,283,1328,1041,32,unicode_word_regex_with_internal_apostrophes_and_hyphens,complete,-5,36,-1.76678445229682,2.710843373493976,43,53,53,43,0,0,0,0,reviewed_with_annotations,154.67625899280577,190.6474820143885
AGI_INDIFERENTE_1529_N36_07,AGI_INDIFERENTE_1529_N36_07_GT.txt,agi_indiferente,9,Llama 3.3 70B · 12 000 TPM,intermediate/extracted_exports/reviewer_packet_9/01_ANNOTATOR_2026-07-29T15_35_20_792Z_data_export/data_ANN_export_anotations/ANN_Documents/AGI_INDIFERENTE_1529_N36_07_GT_moderno.ann.json,intermediate/extracted_exports/reviewer_packet_9/01_ANNOTATOR_2026-07-29T15_35_20_792Z_data_export/data_ANN_export_anotations/ANN_Documents/AGI_INDIFERENTE_1529_N36_07_GT_moderno.txt,raw/evaluacion_modernizador/modernisation_reviewer_9_packet/AGI_INDIFERENTE_1529_N36_07/AGI_INDIFERENTE_1529_N36_07_GT.txt,intermediate/extracted_exports/reviewer_packet_9/01_ANNOTATOR_2026-07-29T15_35_20_792Z_data_export/data_ANN_export_anotations/annotations-legend.json,raw/evaluacion_modernizador/modernisation_reviewer_9_packet/entities-legends_Modernizador.json,True,True,True,True,True,True,Rodrigo,True,327,1894,1568,1,True,333,1853,1505,43,unicode_word_regex_with_internal_apostrophes_and_hyphens,complete,-6,41,-1.8018018018018016,2.212628170534269,62,75,75,62,0,0,0,0,reviewed_with_annotations,189.60244648318042,229.35779816513764
AGN_IndiferenteVirreinal_caja4071_exp024_1,AGN_IndiferenteVirreinal_caja4071_exp024_1_GT.txt,agn_indiferentevirreinal,9,Llama 3.3 70B · 12 000 TPM,intermediate/extracted_exports/reviewer_packet_9/01_ANNOTATOR_2026-07-29T15_35_20_792Z_data_export/data_ANN_export_anotations/ANN_Documents/AGN_IndiferenteVirreinal_caja4071_exp024_1_GT_moderno.ann.json,intermediate/extracted_exports/reviewer_packet_9/01_ANNOTATOR_2026-07-29T15_35_20_792Z_data_export/data_ANN_export_anotations/ANN_Documents/AGN_IndiferenteVirreinal_caja4071_exp024_1_GT_moderno.txt,raw/evaluacion_modernizador/modernisation_reviewer_9_packet/AGN_IndiferenteVirreinal_caja4071_exp024_1/AGN_IndiferenteVirreinal_caja4071_exp024_1_GT.txt,intermediate/extracted_exports/reviewer_packet_9/01_ANNOTATOR_2026-07-29T15_35_20_792Z_data_export/data_ANN_export_anotations/annotations-legend.json,raw/evaluacion_modernizador/modernisation_reviewer_9_packet/entities-legends_Modernizador.json,True,True,True,True,True,True,Rodrigo,True,276,1484,1209,1,True,285,1459,1155,32,unicode_word_regex_with_internal_apostrophes_and_hyphens,complete,-9,25,-3.1578947368421053,1.7135023989033584,14,19,19,14,0,0,0,0,reviewed_with_annotations,50.72463768115942,68.84057971014492
utblac_JGI_XXIII-09_Amula_25,utblac_JGI_XXIII-09_Amula_25_GT.txt,utblac_jgi,9,Llama 3.3 70B · 12 000 TPM,intermediate/extracted_exports/reviewer_packet_9/01_ANNOTATOR_2026-07-29T15_35_20_792Z_data_export/data_ANN_export_anotations/ANN_Documents/utblac_JGI_XXIII-09_Amula_25_GT_moderno.ann.json,intermediate/extracted_exports/reviewer_packet_9/01_ANNOTATOR_2026-07-29T15_35_20_792Z_data_export/data_ANN_export_anotations/ANN_Documents/utblac_JGI_XXIII-09_Amula_25_GT_moderno.txt,raw/evaluacion_modernizador/modernisation_reviewer_9_packet/utblac_JGI_XXIII-09_Amula_25/utblac_JGI_XXIII-09_Amula_25_GT.txt,intermediate/extracted_exports/reviewer_packet_9/01_ANNOTATOR_2026-07-29T15_35_20_792Z_data_export/data_ANN_export_anotations/annotations-legend.json,raw/evaluacion_modernizador/modernisation_reviewer_9_packet/entities-legends_Modernizador.json,True,True,True,True,True,True,Rodrigo,True,146,794,649,1,True,649,3389,2701,47,unicode_word_regex_with_internal_apostrophes_and_hyphens,complete,-503,-2595,-77.50385208012327,-76.57125995868988,5,8,8,5,0,0,0,0,reviewed_with_annotations,34.24657534246575,54.794520547945204
